# This file uses centimeters as units for non-parametric coordinates.

mtllib Cheops.mtl
g default
v 464.138000 -486.941284 -110.884903
v 428.877716 -486.941284 -211.653183
v 372.078369 -486.941284 -302.048889
v 296.588226 -486.941284 -377.539062
v 206.192551 -486.941284 -434.338409
v 105.424248 -486.941284 -469.598663
v -0.663712 -486.941284 -481.551941
v -106.751678 -486.941284 -469.598694
v -207.519958 -486.941284 -434.338409
v -297.915619 -486.941284 -377.539062
v -373.405792 -486.941284 -302.048889
v -430.205139 -486.941284 -211.653214
v -465.465485 -486.941284 -110.884964
v -477.418701 -486.941284 -4.796977
v -465.465515 -486.941284 101.291000
v -430.205170 -486.941284 202.059311
v -373.405853 -486.941284 292.454956
v -297.915680 -486.941284 367.945160
v -207.520020 -486.941284 424.744507
v -106.751740 -486.941284 460.004883
v -0.663740 -486.941284 471.958130
v 105.424248 -486.941284 460.004883
v 206.192581 -486.941284 424.744507
v 296.588257 -486.941284 367.945160
v 372.078461 -486.941284 292.454987
v 428.877838 -486.941284 202.059387
v 464.138245 -486.941284 101.291054
v 476.091431 -486.941284 -4.796956
v 464.138000 -588.666321 -110.884903
v 389.160583 -585.563293 -93.771774
v 428.877716 -588.666321 -211.653183
v 359.588135 -585.563293 -178.285034
v 372.078369 -588.666321 -302.048889
v 311.951050 -585.563293 -254.098938
v 296.588226 -588.666321 -377.539062
v 248.638275 -585.563293 -317.411743
v 206.192551 -588.666321 -434.338409
v 172.824448 -585.563293 -365.048798
v 105.424248 -588.666321 -469.598663
v 88.311150 -585.563293 -394.621216
v -0.663712 -588.666321 -481.551941
v -0.663699 -585.563293 -404.646301
v -106.751678 -588.666321 -469.598694
v -89.638565 -585.563293 -394.621246
v -207.519958 -588.666321 -434.338409
v -174.151825 -585.563293 -365.048798
v -297.915619 -588.666321 -377.539062
v -249.965698 -585.563293 -317.411743
v -373.405792 -588.666321 -302.048889
v -313.278503 -585.563293 -254.098938
v -430.205139 -588.666321 -211.653214
v -360.915527 -585.563293 -178.285095
v -465.465485 -588.666321 -110.884964
v -390.487976 -585.563293 -93.771828
v -477.418701 -588.666321 -4.796977
v -400.513031 -585.563293 -4.796965
v -465.465515 -588.666321 101.291000
v -390.488007 -585.563293 84.177895
v -430.205170 -588.666321 202.059311
v -360.915558 -585.563293 168.691208
v -373.405853 -588.666321 292.454956
v -313.278534 -585.563293 244.505081
v -297.915680 -588.666321 367.945160
v -249.965744 -585.563293 307.817902
v -207.520020 -588.666321 424.744507
v -174.151871 -585.563293 355.454956
v -106.751740 -588.666321 460.004883
v -89.638596 -585.563293 385.027405
v -0.663740 -588.666321 471.958130
v -0.663723 -585.563293 395.052490
v 105.424248 -588.666321 460.004883
v 88.311150 -585.563293 385.027435
v 206.192581 -588.666321 424.744507
v 172.824478 -585.563293 355.454956
v 296.588257 -588.666321 367.945160
v 248.638336 -585.563293 307.817932
v 372.078461 -588.666321 292.454987
v 311.951202 -585.563293 244.505112
v 428.877838 -588.666321 202.059387
v 359.588257 -585.563293 168.691269
v 464.138245 -588.666321 101.291054
v 389.160706 -585.563293 84.177940
v 476.091431 -588.666321 -4.796956
v 399.185760 -585.563293 -4.796947
vt 0.375000 0.314380
vt 0.375005 0.312500
vt 0.624996 0.312500
vt 0.616076 0.312500
vt 0.383933 0.312500
vt 0.392862 0.312500
vt 0.401790 0.312500
vt 0.410719 0.312500
vt 0.419648 0.312500
vt 0.428576 0.312500
vt 0.437505 0.312500
vt 0.446433 0.312500
vt 0.455362 0.312500
vt 0.464290 0.312500
vt 0.473219 0.312500
vt 0.482148 0.312500
vt 0.491076 0.312500
vt 0.500005 0.312500
vt 0.508933 0.312500
vt 0.517862 0.312500
vt 0.526790 0.312500
vt 0.535719 0.312500
vt 0.544648 0.312500
vt 0.553576 0.312500
vt 0.562505 0.312500
vt 0.571433 0.312500
vt 0.580362 0.312500
vt 0.589291 0.312500
vt 0.598219 0.312500
vt 0.607148 0.312500
vt 0.383929 0.314380
vt 0.375000 0.688440
vt 0.392857 0.314380
vt 0.383929 0.688440
vt 0.401786 0.314380
vt 0.392857 0.688440
vt 0.410714 0.314380
vt 0.401786 0.688440
vt 0.419643 0.314380
vt 0.410714 0.688440
vt 0.428571 0.314379
vt 0.419643 0.688440
vt 0.437500 0.314380
vt 0.428571 0.688440
vt 0.446429 0.314380
vt 0.437500 0.688440
vt 0.455357 0.314379
vt 0.446429 0.688440
vt 0.464286 0.314380
vt 0.455357 0.688440
vt 0.473214 0.314380
vt 0.464286 0.688440
vt 0.482143 0.314380
vt 0.473214 0.688440
vt 0.491071 0.314379
vt 0.482143 0.688440
vt 0.500000 0.314380
vt 0.491071 0.688440
vt 0.508929 0.314380
vt 0.500000 0.688440
vt 0.517857 0.314380
vt 0.508929 0.688440
vt 0.526786 0.314380
vt 0.517857 0.688440
vt 0.535714 0.314379
vt 0.526786 0.688440
vt 0.544643 0.314380
vt 0.535714 0.688440
vt 0.553572 0.314380
vt 0.544643 0.688440
vt 0.562500 0.314380
vt 0.553572 0.688440
vt 0.571429 0.314380
vt 0.562500 0.688440
vt 0.580357 0.314379
vt 0.571429 0.688440
vt 0.589286 0.314380
vt 0.580357 0.688440
vt 0.598215 0.314380
vt 0.589286 0.688440
vt 0.607143 0.314380
vt 0.598215 0.688440
vt 0.616072 0.314380
vt 0.607143 0.688440
vt 0.625000 0.314379
vt 0.625000 0.688440
vt 0.616072 0.688440
vn -0.039305 -0.999187 0.008971
vn -0.039305 -0.999187 0.008971
vn -0.036323 -0.999187 0.017492
vn -0.036323 -0.999187 0.017492
vn -0.040316 -0.999187 0.000000
vn -0.040316 -0.999187 0.000000
vn -0.031520 -0.999187 0.025136
vn -0.031520 -0.999187 0.025136
vn -0.025136 -0.999187 0.031519
vn -0.025136 -0.999187 0.031519
vn -0.017492 -0.999187 0.036323
vn -0.017492 -0.999187 0.036323
vn -0.008971 -0.999187 0.039305
vn -0.008971 -0.999187 0.039305
vn -0.000000 -0.999187 0.040316
vn -0.000000 -0.999187 0.040316
vn 0.008971 -0.999187 0.039305
vn 0.008971 -0.999187 0.039305
vn 0.017492 -0.999187 0.036323
vn 0.017492 -0.999187 0.036323
vn 0.025136 -0.999187 0.031520
vn 0.025136 -0.999187 0.031520
vn 0.031520 -0.999187 0.025137
vn 0.031520 -0.999187 0.025137
vn 0.036323 -0.999187 0.017492
vn 0.036323 -0.999187 0.017492
vn 0.039305 -0.999187 0.008971
vn 0.039305 -0.999187 0.008971
vn 0.040316 -0.999187 -0.000000
vn 0.040316 -0.999187 -0.000000
vn 0.039305 -0.999187 -0.008971
vn 0.039305 -0.999187 -0.008971
vn 0.036323 -0.999187 -0.017492
vn 0.036323 -0.999187 -0.017492
vn 0.031520 -0.999187 -0.025137
vn 0.031520 -0.999187 -0.025137
vn 0.025136 -0.999187 -0.031520
vn 0.025136 -0.999187 -0.031520
vn 0.017492 -0.999187 -0.036323
vn 0.017492 -0.999187 -0.036323
vn 0.008971 -0.999187 -0.039305
vn 0.008971 -0.999187 -0.039305
vn 0.000000 -0.999187 -0.040316
vn 0.000000 -0.999187 -0.040316
vn -0.008971 -0.999187 -0.039305
vn -0.008971 -0.999187 -0.039305
vn -0.017492 -0.999187 -0.036323
vn -0.017492 -0.999187 -0.036323
vn -0.025136 -0.999187 -0.031520
vn -0.025136 -0.999187 -0.031520
vn -0.031520 -0.999187 -0.025136
vn -0.031520 -0.999187 -0.025136
vn -0.036323 -0.999187 -0.017492
vn -0.036323 -0.999187 -0.017492
vn -0.039305 -0.999187 -0.008971
vn -0.039305 -0.999187 -0.008971
vn 0.974928 0.000000 -0.222521
vn 0.900969 0.000000 -0.433883
vn 0.900969 0.000000 -0.433883
vn 0.974928 0.000000 -0.222521
vn 0.781832 0.000000 -0.623490
vn 0.781832 0.000000 -0.623490
vn 0.623490 0.000000 -0.781832
vn 0.623490 0.000000 -0.781832
vn 0.433883 0.000000 -0.900969
vn 0.433883 0.000000 -0.900969
vn 0.222521 0.000000 -0.974928
vn 0.222521 0.000000 -0.974928
vn 0.000000 0.000000 -1.000000
vn 0.000000 0.000000 -1.000000
vn -0.222521 0.000000 -0.974928
vn -0.222521 0.000000 -0.974928
vn -0.433883 0.000000 -0.900969
vn -0.433883 0.000000 -0.900969
vn -0.623490 0.000000 -0.781832
vn -0.623490 0.000000 -0.781832
vn -0.781832 0.000000 -0.623490
vn -0.781832 0.000000 -0.623490
vn -0.900969 0.000000 -0.433884
vn -0.900969 0.000000 -0.433884
vn -0.974928 0.000000 -0.222521
vn -0.974928 0.000000 -0.222521
vn -1.000000 0.000000 -0.000000
vn -1.000000 0.000000 -0.000000
vn -0.974928 0.000000 0.222521
vn -0.974928 0.000000 0.222521
vn -0.900969 0.000000 0.433884
vn -0.900969 0.000000 0.433884
vn -0.781832 0.000000 0.623490
vn -0.781832 0.000000 0.623490
vn -0.623490 0.000000 0.781831
vn -0.623490 0.000000 0.781831
vn -0.433884 0.000000 0.900969
vn -0.433884 0.000000 0.900969
vn -0.222521 0.000000 0.974928
vn -0.222521 0.000000 0.974928
vn 0.000000 0.000000 1.000000
vn 0.000000 0.000000 1.000000
vn 0.222521 0.000000 0.974928
vn 0.222521 0.000000 0.974928
vn 0.433884 0.000000 0.900969
vn 0.433884 0.000000 0.900969
vn 0.623490 0.000000 0.781832
vn 0.623490 0.000000 0.781832
vn 0.781831 0.000000 0.623490
vn 0.781831 0.000000 0.623490
vn 0.900969 0.000000 0.433884
vn 0.900969 0.000000 0.433884
vn 0.974928 0.000000 0.222521
vn 0.974928 0.000000 0.222521
vn 1.000000 0.000000 -0.000001
vn 1.000000 0.000000 -0.000001
s 1
g pCylinder1 CHEOPS_LowPoly
usemtl blinn3SG
f 29/1/1 30/2/2 32/5/3 31/31/4
f 30/3/2 29/85/1 83/83/5 84/4/6
f 31/31/4 32/5/3 34/6/7 33/33/8
f 33/33/8 34/6/7 36/7/9 35/35/10
f 35/35/10 36/7/9 38/8/11 37/37/12
f 37/37/12 38/8/11 40/9/13 39/39/14
f 39/39/14 40/9/13 42/10/15 41/41/16
f 41/41/16 42/10/15 44/11/17 43/43/18
f 43/43/18 44/11/17 46/12/19 45/45/20
f 45/45/20 46/12/19 48/13/21 47/47/22
f 47/47/22 48/13/21 50/14/23 49/49/24
f 49/49/24 50/14/23 52/15/25 51/51/26
f 51/51/26 52/15/25 54/16/27 53/53/28
f 53/53/28 54/16/27 56/17/29 55/55/30
f 55/55/30 56/17/29 58/18/31 57/57/32
f 57/57/32 58/18/31 60/19/33 59/59/34
f 59/59/34 60/19/33 62/20/35 61/61/36
f 61/61/36 62/20/35 64/21/37 63/63/38
f 63/63/38 64/21/37 66/22/39 65/65/40
f 65/65/40 66/22/39 68/23/41 67/67/42
f 67/67/42 68/23/41 70/24/43 69/69/44
f 69/69/44 70/24/43 72/25/45 71/71/46
f 71/71/46 72/25/45 74/26/47 73/73/48
f 73/73/48 74/26/47 76/27/49 75/75/50
f 75/75/50 76/27/49 78/28/51 77/77/52
f 77/77/52 78/28/51 80/29/53 79/79/54
f 79/79/54 80/29/53 82/30/55 81/81/56
f 81/81/56 82/30/55 84/4/6 83/83/5
s 2
f 29/1/57 31/31/58 2/34/59 1/32/60
f 31/31/58 33/33/61 3/36/62 2/34/59
f 33/33/61 35/35/63 4/38/64 3/36/62
f 35/35/63 37/37/65 5/40/66 4/38/64
f 37/37/65 39/39/67 6/42/68 5/40/66
f 39/39/67 41/41/69 7/44/70 6/42/68
f 41/41/69 43/43/71 8/46/72 7/44/70
f 43/43/71 45/45/73 9/48/74 8/46/72
f 45/45/73 47/47/75 10/50/76 9/48/74
f 47/47/75 49/49/77 11/52/78 10/50/76
f 49/49/77 51/51/79 12/54/80 11/52/78
f 51/51/79 53/53/81 13/56/82 12/54/80
f 53/53/81 55/55/83 14/58/84 13/56/82
f 55/55/83 57/57/85 15/60/86 14/58/84
f 57/57/85 59/59/87 16/62/88 15/60/86
f 59/59/87 61/61/89 17/64/90 16/62/88
f 61/61/89 63/63/91 18/66/92 17/64/90
f 63/63/91 65/65/93 19/68/94 18/66/92
f 65/65/93 67/67/95 20/70/96 19/68/94
f 67/67/95 69/69/97 21/72/98 20/70/96
f 69/69/97 71/71/99 22/74/100 21/72/98
f 71/71/99 73/73/101 23/76/102 22/74/100
f 73/73/101 75/75/103 24/78/104 23/76/102
f 75/75/103 77/77/105 25/80/106 24/78/104
f 77/77/105 79/79/107 26/82/108 25/80/106
f 79/79/107 81/81/109 27/84/110 26/82/108
f 81/81/109 83/83/111 28/87/112 27/84/110
f 83/83/111 29/85/57 1/86/60 28/87/112
g default
v -223.108231 -666.123291 -9.355717
v -225.229568 -666.123291 -13.519062
v -228.533615 -666.123291 -16.823103
v -232.696960 -666.123291 -18.944443
v -237.312057 -666.123291 -19.675388
v -241.927155 -666.123291 -18.944443
v -246.090500 -666.123291 -16.823103
v -249.394547 -666.123291 -13.519062
v -251.515869 -666.123291 -9.355717
v -252.246841 -666.123291 -4.740614
v -251.515869 -666.123291 -0.125527
v -249.394547 -666.123291 4.037818
v -246.090500 -666.123291 7.341875
v -241.927155 -666.123291 9.463186
v -237.312057 -666.123291 10.194145
v -232.696960 -666.123291 9.463186
v -228.533615 -666.123291 7.341875
v -225.229568 -666.123291 4.037818
v -223.108246 -666.123291 -0.125527
v -222.377289 -666.123291 -4.740614
v -223.108231 -623.164978 -9.355717
v -225.229568 -623.164978 -13.519062
v -228.533615 -623.164978 -16.823103
v -232.696960 -623.164978 -18.944443
v -237.312057 -623.164978 -19.675388
v -241.927155 -623.164978 -18.944443
v -246.090500 -623.164978 -16.823103
v -249.394547 -623.164978 -13.519062
v -251.515869 -623.164978 -9.355717
v -252.246841 -623.164978 -4.740614
v -251.515869 -623.164978 -0.125527
v -249.394547 -623.164978 4.037818
v -246.090500 -623.164978 7.341875
v -241.927155 -623.164978 9.463186
v -237.312057 -623.164978 10.194145
v -232.696960 -623.164978 9.463186
v -228.533615 -623.164978 7.341875
v -225.229568 -623.164978 4.037818
v -223.108246 -623.164978 -0.125527
v -222.377289 -623.164978 -4.740614
v -230.840424 -674.173279 -6.843381
v -231.806946 -674.173279 -8.740309
v -237.312057 -674.173279 -4.740614
v -233.312363 -674.173279 -10.245728
v -235.209290 -674.173279 -11.212252
v -237.312057 -674.173279 -11.545279
v -239.414825 -674.173218 -11.212252
v -241.311752 -674.173279 -10.245613
v -242.817169 -674.173279 -8.740422
v -243.783691 -674.173279 -6.843381
v -244.116745 -674.173279 -4.740614
v -243.783691 -674.173279 -2.637877
v -242.817154 -674.173279 -0.741034
v -241.311752 -674.173279 0.764484
v -239.414825 -674.173279 1.731008
v -237.312057 -674.173279 2.064093
v -235.209290 -674.173218 1.731008
v -233.312363 -674.173218 0.764370
v -231.806961 -674.173279 -0.740920
v -230.840424 -674.173279 -2.637848
v -230.507370 -674.173279 -4.740643
v 14.332340 -666.123291 -246.925308
v 12.211011 -666.123291 -251.088654
v 8.906960 -666.123291 -254.392700
v 4.743617 -666.123291 -256.514038
v 0.128516 -666.123291 -257.244995
v -4.486585 -666.123291 -256.514038
v -8.649927 -666.123291 -254.392700
v -11.953974 -666.123291 -251.088654
v -14.075302 -666.123291 -246.925308
v -14.806263 -666.123291 -242.310211
v -14.075302 -666.123291 -237.695129
v -11.953973 -666.123291 -233.531784
v -8.649925 -666.123291 -230.227722
v -4.486584 -666.123291 -228.106415
v 0.128515 -666.123291 -227.375458
v 4.743615 -666.123291 -228.106415
v 8.906956 -666.123291 -230.227722
v 12.211001 -666.123291 -233.531784
v 14.332330 -666.123291 -237.695129
v 15.063290 -666.123291 -242.310211
v 14.332340 -627.804016 -246.925308
v 12.211011 -627.804016 -251.088654
v 8.906960 -627.804016 -254.392700
v 4.743617 -627.804016 -256.514038
v 0.128516 -627.804016 -257.244995
v -4.486585 -627.804016 -256.514038
v -8.649927 -627.804016 -254.392700
v -11.953974 -627.804016 -251.088654
v -14.075302 -627.804016 -246.925308
v -14.806263 -627.804016 -242.310211
v -14.075302 -627.804016 -237.695129
v -11.953973 -627.804016 -233.531784
v -8.649925 -627.804016 -230.227722
v -4.486584 -627.804016 -228.106415
v 0.128515 -627.804016 -227.375458
v 4.743615 -627.804016 -228.106415
v 8.906956 -627.804016 -230.227722
v 12.211001 -627.804016 -233.531784
v 14.332330 -627.804016 -237.695129
v 15.063290 -627.804016 -242.310211
v 6.600155 -674.173279 -244.412979
v 5.633626 -674.173279 -246.309906
v 0.128516 -674.173279 -242.310211
v 4.128217 -674.173279 -247.815323
v 2.231288 -674.173279 -248.781845
v 0.128516 -674.173279 -249.114868
v -1.974255 -674.173218 -248.781845
v -3.871181 -674.173279 -247.815216
v -5.376588 -674.173279 -246.310013
v -6.343123 -674.173279 -244.412979
v -6.676169 -674.173279 -242.310211
v -6.343122 -674.173279 -240.207474
v -5.376588 -674.173279 -238.310638
v -3.871181 -674.173279 -236.805115
v -1.974254 -674.173279 -235.838593
v 0.128515 -674.173279 -235.505508
v 2.231284 -674.173218 -235.838593
v 4.128210 -674.173218 -236.805222
v 5.633615 -674.173279 -238.310516
v 6.600151 -674.173279 -240.207443
v 6.933197 -674.173279 -242.310242
v 251.957199 -666.123291 -9.433528
v 249.835861 -666.123291 -13.596873
v 246.531815 -666.123291 -16.900915
v 242.368469 -666.123291 -19.022255
v 237.753372 -666.123291 -19.753201
v 233.138275 -666.123291 -19.022255
v 228.974930 -666.123291 -16.900915
v 225.670883 -666.123291 -13.596873
v 223.549561 -666.123291 -9.433528
v 222.818588 -666.123291 -4.818426
v 223.549561 -666.123291 -0.203339
v 225.670883 -666.123291 3.960007
v 228.974930 -666.123291 7.264063
v 233.138275 -666.123291 9.385374
v 237.753372 -666.123291 10.116334
v 242.368469 -666.123291 9.385374
v 246.531815 -666.123291 7.264063
v 249.835861 -666.123291 3.960007
v 251.957184 -666.123291 -0.203339
v 252.688141 -666.123291 -4.818426
v 251.957199 -623.164978 -9.433528
v 249.835861 -623.164978 -13.596873
v 246.531815 -623.164978 -16.900915
v 242.368469 -623.164978 -19.022255
v 237.753372 -623.164978 -19.753201
v 233.138275 -623.164978 -19.022255
v 228.974930 -623.164978 -16.900915
v 225.670883 -623.164978 -13.596873
v 223.549561 -623.164978 -9.433528
v 222.818588 -623.164978 -4.818426
v 223.549561 -623.164978 -0.203339
v 225.670883 -623.164978 3.960007
v 228.974930 -623.164978 7.264063
v 233.138275 -623.164978 9.385374
v 237.753372 -623.164978 10.116334
v 242.368469 -623.164978 9.385374
v 246.531815 -623.164978 7.264063
v 249.835861 -623.164978 3.960007
v 251.957184 -623.164978 -0.203339
v 252.688141 -623.164978 -4.818426
v 244.225006 -674.173279 -6.921192
v 243.258484 -674.173279 -8.818120
v 237.753372 -674.173279 -4.818426
v 241.753067 -674.173279 -10.323540
v 239.856140 -674.173279 -11.290063
v 237.753372 -674.173279 -11.623091
v 235.650604 -674.173218 -11.290063
v 233.753677 -674.173279 -10.323425
v 232.248260 -674.173279 -8.818234
v 231.281738 -674.173279 -6.921192
v 230.948685 -674.173279 -4.818426
v 231.281738 -674.173279 -2.715688
v 232.248276 -674.173279 -0.818846
v 233.753677 -674.173279 0.686673
v 235.650604 -674.173279 1.653196
v 237.753372 -674.173279 1.986281
v 239.856140 -674.173218 1.653196
v 241.753067 -674.173218 0.686559
v 243.258469 -674.173279 -0.818732
v 244.225006 -674.173279 -2.715660
v 244.558060 -674.173279 -4.818455
v 14.319833 -666.123291 228.232513
v 12.198503 -666.123291 224.069168
v 8.894453 -666.123291 220.765121
v 4.731110 -666.123291 218.643784
v 0.116008 -666.123291 217.912842
v -4.499093 -666.123291 218.643784
v -8.662435 -666.123291 220.765121
v -11.966481 -666.123291 224.069168
v -14.087810 -666.123291 228.232513
v -14.818770 -666.123291 232.847610
v -14.087810 -666.123291 237.462692
v -11.966480 -666.123291 241.626038
v -8.662433 -666.123291 244.930099
v -4.499091 -666.123291 247.051407
v 0.116008 -666.123291 247.782364
v 4.731108 -666.123291 247.051407
v 8.894448 -666.123291 244.930099
v 12.198494 -666.123291 241.626038
v 14.319822 -666.123291 237.462692
v 15.050782 -666.123291 232.847610
v 14.319833 -623.164978 228.232513
v 12.198503 -623.164978 224.069168
v 8.894453 -623.164978 220.765121
v 4.731110 -623.164978 218.643784
v 0.116008 -623.164978 217.912842
v -4.499093 -623.164978 218.643784
v -8.662435 -623.164978 220.765121
v -11.966481 -623.164978 224.069168
v -14.087810 -623.164978 228.232513
v -14.818770 -623.164978 232.847610
v -14.087810 -623.164978 237.462692
v -11.966480 -623.164978 241.626038
v -8.662433 -623.164978 244.930099
v -4.499091 -623.164978 247.051407
v 0.116008 -623.164978 247.782364
v 4.731108 -623.164978 247.051407
v 8.894448 -623.164978 244.930099
v 12.198494 -623.164978 241.626038
v 14.319822 -623.164978 237.462692
v 15.050782 -623.164978 232.847610
v 6.587648 -674.173279 230.744843
v 5.621119 -674.173279 228.847916
v 0.116008 -674.173279 232.847610
v 4.115710 -674.173279 227.342499
v 2.218781 -674.173279 226.375977
v 0.116008 -674.173279 226.042938
v -1.986762 -674.173218 226.375977
v -3.883688 -674.173279 227.342606
v -5.389096 -674.173279 228.847809
v -6.355631 -674.173279 230.744843
v -6.688676 -674.173279 232.847610
v -6.355630 -674.173279 234.950348
v -5.389095 -674.173279 236.847183
v -3.883688 -674.173279 238.352707
v -1.986761 -674.173279 239.319229
v 0.116008 -674.173279 239.652313
v 2.218777 -674.173218 239.319229
v 4.115702 -674.173218 238.352600
v 5.621108 -674.173279 236.847305
v 6.587644 -674.173279 234.950378
v 6.920690 -674.173279 232.847580
vt 0.648603 0.107966
vt 0.626409 0.064408
vt 0.591842 0.029841
vt 0.548284 0.007647
vt 0.500000 -0.000000
vt 0.451716 0.007647
vt 0.408159 0.029841
vt 0.373591 0.064409
vt 0.351397 0.107966
vt 0.343750 0.156250
vt 0.351397 0.204534
vt 0.373591 0.248091
vt 0.408159 0.282659
vt 0.451716 0.304853
vt 0.500000 0.312500
vt 0.548284 0.304853
vt 0.591841 0.282659
vt 0.626409 0.248091
vt 0.648603 0.204534
vt 0.656250 0.156250
vt 0.375000 0.312500
vt 0.387500 0.312500
vt 0.400000 0.312500
vt 0.412500 0.312500
vt 0.425000 0.312500
vt 0.437500 0.312500
vt 0.450000 0.312500
vt 0.462500 0.312500
vt 0.475000 0.312500
vt 0.487500 0.312500
vt 0.500000 0.312500
vt 0.512500 0.312500
vt 0.525000 0.312500
vt 0.537500 0.312500
vt 0.550000 0.312500
vt 0.562500 0.312500
vt 0.575000 0.312500
vt 0.587500 0.312500
vt 0.600000 0.312500
vt 0.612500 0.312500
vt 0.625000 0.312500
vt 0.375000 0.688440
vt 0.387500 0.688440
vt 0.400000 0.688440
vt 0.412500 0.688440
vt 0.425000 0.688440
vt 0.437500 0.688440
vt 0.450000 0.688440
vt 0.462500 0.688440
vt 0.475000 0.688440
vt 0.487500 0.688440
vt 0.500000 0.688440
vt 0.512500 0.688440
vt 0.525000 0.688440
vt 0.537500 0.688440
vt 0.550000 0.688440
vt 0.562500 0.688440
vt 0.575000 0.688440
vt 0.587500 0.688440
vt 0.600000 0.688440
vt 0.612500 0.688440
vt 0.625000 0.688440
vt 0.500000 0.150000
vt 0.626409 0.064408
vt 0.648603 0.107966
vt 0.591842 0.029841
vt 0.548284 0.007647
vt 0.500000 -0.000000
vt 0.451716 0.007647
vt 0.408159 0.029841
vt 0.373591 0.064409
vt 0.351397 0.107966
vt 0.343750 0.156250
vt 0.351397 0.204534
vt 0.373591 0.248091
vt 0.408159 0.282659
vt 0.451716 0.304853
vt 0.500000 0.312500
vt 0.548284 0.304853
vt 0.591841 0.282659
vt 0.626409 0.248091
vt 0.648603 0.204534
vt 0.656250 0.156250
vt 0.375000 0.312500
vt 0.387500 0.312500
vt 0.387500 0.688440
vt 0.375000 0.688440
vt 0.400000 0.312500
vt 0.400000 0.688440
vt 0.412500 0.312500
vt 0.412500 0.688440
vt 0.425000 0.312500
vt 0.425000 0.688440
vt 0.437500 0.312500
vt 0.437500 0.688440
vt 0.450000 0.312500
vt 0.450000 0.688440
vt 0.462500 0.312500
vt 0.462500 0.688440
vt 0.475000 0.312500
vt 0.475000 0.688440
vt 0.487500 0.312500
vt 0.487500 0.688440
vt 0.500000 0.312500
vt 0.500000 0.688440
vt 0.512500 0.312500
vt 0.512500 0.688440
vt 0.525000 0.312500
vt 0.525000 0.688440
vt 0.537500 0.312500
vt 0.537500 0.688440
vt 0.550000 0.312500
vt 0.550000 0.688440
vt 0.562500 0.312500
vt 0.562500 0.688440
vt 0.575000 0.312500
vt 0.575000 0.688440
vt 0.587500 0.312500
vt 0.587500 0.688440
vt 0.600000 0.312500
vt 0.600000 0.688440
vt 0.612500 0.312500
vt 0.612500 0.688440
vt 0.625000 0.312500
vt 0.625000 0.688440
vt 0.626409 0.064408
vt 0.648603 0.107966
vt 0.500000 0.150000
vt 0.591842 0.029841
vt 0.548284 0.007647
vt 0.500000 -0.000000
vt 0.451716 0.007647
vt 0.408159 0.029841
vt 0.373591 0.064409
vt 0.351397 0.107966
vt 0.343750 0.156250
vt 0.351397 0.204534
vt 0.373591 0.248091
vt 0.408159 0.282659
vt 0.451716 0.304853
vt 0.500000 0.312500
vt 0.548284 0.304853
vt 0.591841 0.282659
vt 0.626409 0.248091
vt 0.648603 0.204534
vt 0.656250 0.156250
vt 0.626409 0.064408
vt 0.648603 0.107966
vt 0.591842 0.029841
vt 0.548284 0.007647
vt 0.500000 -0.000000
vt 0.451716 0.007647
vt 0.408159 0.029841
vt 0.373591 0.064409
vt 0.351397 0.107966
vt 0.343750 0.156250
vt 0.351397 0.204534
vt 0.373591 0.248091
vt 0.408159 0.282659
vt 0.451716 0.304853
vt 0.500000 0.312500
vt 0.548284 0.304853
vt 0.591841 0.282659
vt 0.626409 0.248091
vt 0.648603 0.204534
vt 0.656250 0.156250
vt 0.375000 0.312500
vt 0.387500 0.312500
vt 0.387500 0.688440
vt 0.375000 0.688440
vt 0.400000 0.312500
vt 0.400000 0.688440
vt 0.412500 0.312500
vt 0.412500 0.688440
vt 0.425000 0.312500
vt 0.425000 0.688440
vt 0.437500 0.312500
vt 0.437500 0.688440
vt 0.450000 0.312500
vt 0.450000 0.688440
vt 0.462500 0.312500
vt 0.462500 0.688440
vt 0.475000 0.312500
vt 0.475000 0.688440
vt 0.487500 0.312500
vt 0.487500 0.688440
vt 0.500000 0.312500
vt 0.500000 0.688440
vt 0.512500 0.312500
vt 0.512500 0.688440
vt 0.525000 0.312500
vt 0.525000 0.688440
vt 0.537500 0.312500
vt 0.537500 0.688440
vt 0.550000 0.312500
vt 0.550000 0.688440
vt 0.562500 0.312500
vt 0.562500 0.688440
vt 0.575000 0.312500
vt 0.575000 0.688440
vt 0.587500 0.312500
vt 0.587500 0.688440
vt 0.600000 0.312500
vt 0.600000 0.688440
vt 0.612500 0.312500
vt 0.612500 0.688440
vt 0.625000 0.312500
vt 0.625000 0.688440
vt 0.626409 0.064408
vt 0.648603 0.107966
vt 0.500000 0.150000
vt 0.591842 0.029841
vt 0.548284 0.007647
vt 0.500000 -0.000000
vt 0.451716 0.007647
vt 0.408159 0.029841
vt 0.373591 0.064409
vt 0.351397 0.107966
vt 0.343750 0.156250
vt 0.351397 0.204534
vt 0.373591 0.248091
vt 0.408159 0.282659
vt 0.451716 0.304853
vt 0.500000 0.312500
vt 0.548284 0.304853
vt 0.591841 0.282659
vt 0.626409 0.248091
vt 0.648603 0.204534
vt 0.656250 0.156250
vt 0.626409 0.064408
vt 0.648603 0.107966
vt 0.591842 0.029841
vt 0.548284 0.007647
vt 0.500000 -0.000000
vt 0.451716 0.007647
vt 0.408159 0.029841
vt 0.373591 0.064409
vt 0.351397 0.107966
vt 0.343750 0.156250
vt 0.351397 0.204534
vt 0.373591 0.248091
vt 0.408159 0.282659
vt 0.451716 0.304853
vt 0.500000 0.312500
vt 0.548284 0.304853
vt 0.591841 0.282659
vt 0.626409 0.248091
vt 0.648603 0.204534
vt 0.656250 0.156250
vt 0.375000 0.312500
vt 0.387500 0.312500
vt 0.387500 0.688440
vt 0.375000 0.688440
vt 0.400000 0.312500
vt 0.400000 0.688440
vt 0.412500 0.312500
vt 0.412500 0.688440
vt 0.425000 0.312500
vt 0.425000 0.688440
vt 0.437500 0.312500
vt 0.437500 0.688440
vt 0.450000 0.312500
vt 0.450000 0.688440
vt 0.462500 0.312500
vt 0.462500 0.688440
vt 0.475000 0.312500
vt 0.475000 0.688440
vt 0.487500 0.312500
vt 0.487500 0.688440
vt 0.500000 0.312500
vt 0.500000 0.688440
vt 0.512500 0.312500
vt 0.512500 0.688440
vt 0.525000 0.312500
vt 0.525000 0.688440
vt 0.537500 0.312500
vt 0.537500 0.688440
vt 0.550000 0.312500
vt 0.550000 0.688440
vt 0.562500 0.312500
vt 0.562500 0.688440
vt 0.575000 0.312500
vt 0.575000 0.688440
vt 0.587500 0.312500
vt 0.587500 0.688440
vt 0.600000 0.312500
vt 0.600000 0.688440
vt 0.612500 0.312500
vt 0.612500 0.688440
vt 0.625000 0.312500
vt 0.625000 0.688440
vt 0.626409 0.064408
vt 0.648603 0.107966
vt 0.500000 0.150000
vt 0.591842 0.029841
vt 0.548284 0.007647
vt 0.500000 -0.000000
vt 0.451716 0.007647
vt 0.408159 0.029841
vt 0.373591 0.064409
vt 0.351397 0.107966
vt 0.343750 0.156250
vt 0.351397 0.204534
vt 0.373591 0.248091
vt 0.408159 0.282659
vt 0.451716 0.304853
vt 0.500000 0.312500
vt 0.548284 0.304853
vt 0.591841 0.282659
vt 0.626409 0.248091
vt 0.648603 0.204534
vt 0.656250 0.156250
vt 0.626409 0.064408
vt 0.648603 0.107966
vt 0.591842 0.029841
vt 0.548284 0.007647
vt 0.500000 -0.000000
vt 0.451716 0.007647
vt 0.408159 0.029841
vt 0.373591 0.064409
vt 0.351397 0.107966
vt 0.343750 0.156250
vt 0.351397 0.204534
vt 0.373591 0.248091
vt 0.408159 0.282659
vt 0.451716 0.304853
vt 0.500000 0.312500
vt 0.548284 0.304853
vt 0.591841 0.282659
vt 0.626409 0.248091
vt 0.648603 0.204534
vt 0.656250 0.156250
vn 0.951057 0.000000 -0.309016
vn 0.809016 0.000000 -0.587786
vn 0.809016 0.000000 -0.587786
vn 0.951057 0.000000 -0.309016
vn 0.587785 0.000000 -0.809017
vn 0.587785 0.000000 -0.809017
vn 0.309017 0.000000 -0.951057
vn 0.309017 0.000000 -0.951057
vn 0.000000 0.000000 -1.000000
vn 0.000000 0.000000 -1.000000
vn -0.309017 0.000000 -0.951057
vn -0.309017 0.000000 -0.951057
vn -0.587785 0.000000 -0.809017
vn -0.587785 0.000000 -0.809017
vn -0.809017 0.000000 -0.587785
vn -0.809017 0.000000 -0.587785
vn -0.951056 0.000000 -0.309017
vn -0.951056 0.000000 -0.309017
vn -1.000000 0.000000 -0.000000
vn -1.000000 0.000000 -0.000000
vn -0.951056 0.000000 0.309018
vn -0.951056 0.000000 0.309018
vn -0.809018 0.000000 0.587784
vn -0.809018 0.000000 0.587784
vn -0.587784 0.000000 0.809018
vn -0.587784 0.000000 0.809018
vn -0.309015 0.000000 0.951057
vn -0.309015 0.000000 0.951057
vn 0.000000 0.000000 1.000000
vn 0.000000 0.000000 1.000000
vn 0.309015 0.000000 0.951057
vn 0.309015 0.000000 0.951057
vn 0.587784 0.000000 0.809018
vn 0.587784 0.000000 0.809018
vn 0.809018 0.000000 0.587784
vn 0.809018 0.000000 0.587784
vn 0.951057 0.000000 0.309016
vn 0.951057 0.000000 0.309016
vn 1.000000 0.000000 0.000002
vn 1.000000 0.000000 0.000002
vn 0.000000 -1.000000 0.000017
vn 0.000000 -1.000000 -0.000017
vn 0.000001 -1.000000 0.000002
vn 0.000000 -1.000000 0.000009
vn 0.000000 -1.000000 0.000009
vn -0.000015 -1.000000 0.000000
vn -0.000003 -1.000000 0.000000
vn 0.000012 -1.000000 0.000000
vn 0.000000 -1.000000 0.000000
vn 0.000000 -1.000000 -0.000034
vn 0.000000 -1.000000 -0.000000
vn 0.000000 -1.000000 0.000017
vn 0.000000 -1.000000 -0.000017
vn 0.000000 -1.000000 -0.000009
vn 0.000000 -1.000000 -0.000009
vn 0.000015 -1.000000 0.000000
vn 0.000017 -1.000000 -0.000017
vn -0.000006 -1.000000 0.000017
vn -0.000009 -1.000000 0.000034
vn 0.000000 -1.000000 0.000034
vn 0.000000 -1.000000 -0.000000
vn 0.569223 -0.710597 -0.413567
vn 0.669163 -0.710598 -0.217421
vn 0.669163 -0.710598 -0.217421
vn 0.569223 -0.710597 -0.413567
vn 0.413564 -0.710596 -0.569226
vn 0.413564 -0.710596 -0.569226
vn 0.217421 -0.710597 -0.669164
vn 0.217421 -0.710597 -0.669164
vn -0.000003 -0.710600 -0.703596
vn -0.000002 -0.710600 -0.703596
vn -0.217425 -0.710599 -0.669160
vn -0.217426 -0.710599 -0.669160
vn -0.413556 -0.710599 -0.569229
vn -0.413556 -0.710599 -0.569228
vn -0.569221 -0.710599 -0.413566
vn -0.569220 -0.710599 -0.413568
vn -0.669163 -0.710597 -0.217425
vn -0.669163 -0.710597 -0.217424
vn -0.703598 -0.710599 -0.000000
vn -0.703597 -0.710599 0.000000
vn -0.669158 -0.710600 0.217427
vn -0.669158 -0.710600 0.217428
vn -0.569221 -0.710599 0.413566
vn -0.569222 -0.710599 0.413565
vn -0.413566 -0.710597 0.569223
vn -0.413567 -0.710597 0.569223
vn -0.217424 -0.710596 0.669164
vn -0.217424 -0.710596 0.669164
vn 0.000003 -0.710599 0.703597
vn 0.000002 -0.710599 0.703597
vn 0.217431 -0.710601 0.669157
vn 0.217432 -0.710601 0.669156
vn 0.413558 -0.710599 0.569227
vn 0.413559 -0.710599 0.569226
vn 0.569216 -0.710600 0.413572
vn 0.569215 -0.710600 0.413572
vn 0.669162 -0.710599 0.217419
vn 0.669162 -0.710599 0.217420
vn 0.703599 -0.710598 0.000000
vn 0.703599 -0.710598 -0.000000
vn 0.951057 0.000000 -0.309016
vn 0.809016 0.000000 -0.587786
vn 0.809016 0.000000 -0.587786
vn 0.951057 0.000000 -0.309016
vn 0.587785 0.000000 -0.809017
vn 0.587785 0.000000 -0.809017
vn 0.309017 0.000000 -0.951056
vn 0.309017 0.000000 -0.951056
vn -0.000000 0.000000 -1.000000
vn -0.000000 0.000000 -1.000000
vn -0.309018 0.000000 -0.951056
vn -0.309018 0.000000 -0.951056
vn -0.587786 0.000000 -0.809017
vn -0.587786 0.000000 -0.809017
vn -0.809017 0.000000 -0.587786
vn -0.809017 0.000000 -0.587786
vn -0.951057 0.000000 -0.309017
vn -0.951057 0.000000 -0.309017
vn -1.000000 0.000000 -0.000000
vn -1.000000 0.000000 -0.000000
vn -0.951056 0.000000 0.309018
vn -0.951056 0.000000 0.309018
vn -0.809017 0.000000 0.587785
vn -0.809017 0.000000 0.587785
vn -0.587785 0.000000 0.809017
vn -0.587785 0.000000 0.809017
vn -0.309015 0.000000 0.951057
vn -0.309015 0.000000 0.951057
vn -0.000000 0.000000 1.000000
vn -0.000000 0.000000 1.000000
vn 0.309015 0.000000 0.951057
vn 0.309015 0.000000 0.951057
vn 0.587786 0.000000 0.809017
vn 0.587786 0.000000 0.809017
vn 0.809017 0.000000 0.587785
vn 0.809017 0.000000 0.587785
vn 0.951056 0.000000 0.309018
vn 0.951056 0.000000 0.309018
vn 1.000000 0.000000 0.000001
vn 1.000000 0.000000 0.000001
vn 0.000000 -1.000000 0.000017
vn 0.000000 -1.000000 0.000000
vn 0.000001 -1.000000 0.000006
vn 0.000000 -1.000000 0.000026
vn 0.000000 -1.000000 0.000009
vn -0.000015 -1.000000 0.000000
vn -0.000003 -1.000000 -0.000017
vn 0.000012 -1.000000 -0.000017
vn 0.000000 -1.000000 0.000000
vn 0.000000 -1.000000 0.000000
vn 0.000000 -1.000000 0.000034
vn 0.000000 -1.000000 0.000017
vn 0.000000 -1.000000 -0.000017
vn 0.000000 -1.000000 0.000009
vn 0.000000 -1.000000 0.000005
vn 0.000015 -1.000000 -0.000004
vn 0.000017 -1.000000 -0.000017
vn -0.000006 -1.000000 0.000000
vn -0.000009 -1.000000 0.000017
vn 0.000000 -1.000000 0.000034
vn 0.000000 -1.000000 0.000034
vn 0.569222 -0.710600 -0.413561
vn 0.669160 -0.710599 -0.217426
vn 0.669160 -0.710599 -0.217426
vn 0.569222 -0.710600 -0.413561
vn 0.413564 -0.710597 -0.569224
vn 0.413564 -0.710597 -0.569224
vn 0.217422 -0.710598 -0.669163
vn 0.217422 -0.710598 -0.669163
vn -0.000003 -0.710600 -0.703596
vn -0.000003 -0.710600 -0.703596
vn -0.217425 -0.710599 -0.669160
vn -0.217426 -0.710599 -0.669160
vn -0.413557 -0.710598 -0.569229
vn -0.413558 -0.710598 -0.569229
vn -0.569220 -0.710600 -0.413566
vn -0.569219 -0.710600 -0.413568
vn -0.669162 -0.710598 -0.217424
vn -0.669162 -0.710598 -0.217424
vn -0.703598 -0.710599 0.000006
vn -0.703598 -0.710599 0.000006
vn -0.669158 -0.710598 0.217434
vn -0.669158 -0.710598 0.217434
vn -0.569222 -0.710600 0.413563
vn -0.569223 -0.710600 0.413561
vn -0.413566 -0.710601 0.569218
vn -0.413567 -0.710601 0.569218
vn -0.217423 -0.710598 0.669162
vn -0.217423 -0.710598 0.669162
vn 0.000003 -0.710599 0.703597
vn 0.000002 -0.710599 0.703597
vn 0.217431 -0.710602 0.669155
vn 0.217431 -0.710602 0.669155
vn 0.413557 -0.710601 0.569225
vn 0.413559 -0.710601 0.569224
vn 0.569218 -0.710601 0.413566
vn 0.569218 -0.710601 0.413566
vn 0.669162 -0.710599 0.217419
vn 0.669162 -0.710599 0.217420
vn 0.703597 -0.710599 -0.000006
vn 0.703597 -0.710599 -0.000007
vn 0.951057 0.000000 -0.309016
vn 0.809016 0.000000 -0.587786
vn 0.809016 0.000000 -0.587786
vn 0.951057 0.000000 -0.309016
vn 0.587785 0.000000 -0.809017
vn 0.587785 0.000000 -0.809017
vn 0.309017 0.000000 -0.951057
vn 0.309017 0.000000 -0.951057
vn 0.000000 0.000000 -1.000000
vn 0.000000 0.000000 -1.000000
vn -0.309017 0.000000 -0.951057
vn -0.309017 0.000000 -0.951057
vn -0.587785 0.000000 -0.809017
vn -0.587785 0.000000 -0.809017
vn -0.809017 0.000000 -0.587785
vn -0.809017 0.000000 -0.587785
vn -0.951056 0.000000 -0.309017
vn -0.951056 0.000000 -0.309017
vn -1.000000 0.000000 -0.000000
vn -1.000000 0.000000 -0.000000
vn -0.951056 0.000000 0.309018
vn -0.951056 0.000000 0.309018
vn -0.809018 0.000000 0.587784
vn -0.809018 0.000000 0.587784
vn -0.587784 0.000000 0.809018
vn -0.587784 0.000000 0.809018
vn -0.309015 0.000000 0.951057
vn -0.309015 0.000000 0.951057
vn 0.000000 0.000000 1.000000
vn 0.000000 0.000000 1.000000
vn 0.309015 0.000000 0.951057
vn 0.309015 0.000000 0.951057
vn 0.587784 0.000000 0.809018
vn 0.587784 0.000000 0.809018
vn 0.809018 0.000000 0.587784
vn 0.809018 0.000000 0.587784
vn 0.951057 0.000000 0.309016
vn 0.951057 0.000000 0.309016
vn 1.000000 0.000000 0.000002
vn 1.000000 0.000000 0.000002
vn 0.000000 -1.000000 0.000017
vn 0.000000 -1.000000 -0.000017
vn 0.000001 -1.000000 0.000002
vn 0.000000 -1.000000 0.000009
vn 0.000000 -1.000000 0.000009
vn -0.000015 -1.000000 0.000000
vn -0.000003 -1.000000 0.000000
vn 0.000012 -1.000000 0.000000
vn 0.000000 -1.000000 0.000000
vn 0.000000 -1.000000 -0.000034
vn 0.000000 -1.000000 -0.000000
vn 0.000000 -1.000000 0.000017
vn 0.000000 -1.000000 -0.000017
vn 0.000000 -1.000000 -0.000009
vn 0.000000 -1.000000 -0.000009
vn 0.000015 -1.000000 0.000000
vn 0.000017 -1.000000 -0.000017
vn -0.000006 -1.000000 0.000017
vn -0.000009 -1.000000 0.000034
vn 0.000000 -1.000000 0.000034
vn 0.000000 -1.000000 -0.000000
vn 0.569223 -0.710597 -0.413567
vn 0.669162 -0.710599 -0.217420
vn 0.669162 -0.710599 -0.217420
vn 0.569223 -0.710597 -0.413567
vn 0.413563 -0.710597 -0.569225
vn 0.413563 -0.710598 -0.569225
vn 0.217421 -0.710598 -0.669163
vn 0.217421 -0.710598 -0.669163
vn -0.000003 -0.710599 -0.703597
vn -0.000002 -0.710599 -0.703597
vn -0.217426 -0.710598 -0.669161
vn -0.217426 -0.710598 -0.669160
vn -0.413557 -0.710597 -0.569230
vn -0.413557 -0.710597 -0.569229
vn -0.569221 -0.710599 -0.413566
vn -0.569219 -0.710599 -0.413568
vn -0.669162 -0.710598 -0.217424
vn -0.669162 -0.710598 -0.217424
vn -0.703597 -0.710599 -0.000000
vn -0.703597 -0.710599 0.000000
vn -0.669159 -0.710599 0.217427
vn -0.669159 -0.710599 0.217428
vn -0.569221 -0.710600 0.413565
vn -0.569221 -0.710600 0.413564
vn -0.413565 -0.710599 0.569221
vn -0.413565 -0.710599 0.569221
vn -0.217423 -0.710597 0.669163
vn -0.217424 -0.710597 0.669163
vn 0.000003 -0.710599 0.703598
vn 0.000002 -0.710599 0.703598
vn 0.217431 -0.710600 0.669157
vn 0.217432 -0.710600 0.669157
vn 0.413557 -0.710600 0.569226
vn 0.413559 -0.710600 0.569225
vn 0.569216 -0.710600 0.413572
vn 0.569215 -0.710600 0.413572
vn 0.669162 -0.710599 0.217420
vn 0.669162 -0.710599 0.217420
vn 0.703598 -0.710599 0.000000
vn 0.703598 -0.710599 -0.000000
vn 0.951057 0.000000 -0.309017
vn 0.809016 0.000000 -0.587786
vn 0.809016 0.000000 -0.587786
vn 0.951057 0.000000 -0.309017
vn 0.587785 0.000000 -0.809017
vn 0.587785 0.000000 -0.809017
vn 0.309016 0.000000 -0.951057
vn 0.309016 0.000000 -0.951057
vn -0.000000 0.000000 -1.000000
vn -0.000000 0.000000 -1.000000
vn -0.309017 0.000000 -0.951057
vn -0.309017 0.000000 -0.951057
vn -0.587786 0.000000 -0.809017
vn -0.587786 0.000000 -0.809017
vn -0.809017 0.000000 -0.587786
vn -0.809017 0.000000 -0.587786
vn -0.951056 0.000000 -0.309018
vn -0.951056 0.000000 -0.309018
vn -1.000000 0.000000 0.000000
vn -1.000000 0.000000 0.000000
vn -0.951056 0.000000 0.309018
vn -0.951056 0.000000 0.309018
vn -0.809017 0.000000 0.587785
vn -0.809017 0.000000 0.587785
vn -0.587786 0.000000 0.809016
vn -0.587786 0.000000 0.809016
vn -0.309014 0.000000 0.951057
vn -0.309014 0.000000 0.951057
vn 0.000000 0.000000 1.000000
vn 0.000000 0.000000 1.000000
vn 0.309014 0.000000 0.951057
vn 0.309014 0.000000 0.951057
vn 0.587786 0.000000 0.809016
vn 0.587786 0.000000 0.809016
vn 0.809017 0.000000 0.587785
vn 0.809017 0.000000 0.587785
vn 0.951056 0.000000 0.309018
vn 0.951056 0.000000 0.309018
vn 1.000000 0.000000 0.000001
vn 1.000000 0.000000 0.000001
vn 0.000000 -1.000000 0.000017
vn 0.000000 -1.000000 0.000000
vn 0.000001 -1.000000 0.000006
vn 0.000000 -1.000000 0.000026
vn 0.000000 -1.000000 0.000009
vn -0.000015 -1.000000 0.000000
vn -0.000003 -1.000000 -0.000017
vn 0.000012 -1.000000 -0.000017
vn 0.000000 -1.000000 0.000000
vn 0.000000 -1.000000 0.000000
vn 0.000000 -1.000000 0.000034
vn 0.000000 -1.000000 0.000017
vn 0.000000 -1.000000 -0.000017
vn 0.000000 -1.000000 0.000000
vn 0.000000 -1.000000 -0.000004
vn 0.000015 -1.000000 0.000005
vn 0.000017 -1.000000 -0.000009
vn -0.000006 -1.000000 0.000000
vn -0.000009 -1.000000 0.000017
vn 0.000000 -1.000000 0.000034
vn 0.000000 -1.000000 0.000034
vn 0.569224 -0.710599 -0.413560
vn 0.669160 -0.710599 -0.217426
vn 0.669160 -0.710599 -0.217426
vn 0.569224 -0.710599 -0.413560
vn 0.413563 -0.710598 -0.569225
vn 0.413563 -0.710598 -0.569225
vn 0.217421 -0.710598 -0.669163
vn 0.217420 -0.710598 -0.669163
vn -0.000003 -0.710599 -0.703598
vn -0.000002 -0.710599 -0.703598
vn -0.217427 -0.710601 -0.669158
vn -0.217428 -0.710601 -0.669157
vn -0.413558 -0.710600 -0.569225
vn -0.413559 -0.710600 -0.569224
vn -0.569221 -0.710599 -0.413566
vn -0.569220 -0.710599 -0.413567
vn -0.669161 -0.710598 -0.217424
vn -0.669161 -0.710598 -0.217424
vn -0.703597 -0.710599 0.000006
vn -0.703597 -0.710599 0.000006
vn -0.669157 -0.710599 0.217434
vn -0.669157 -0.710599 0.217434
vn -0.569222 -0.710600 0.413563
vn -0.569223 -0.710600 0.413561
vn -0.413567 -0.710600 0.569219
vn -0.413568 -0.710600 0.569218
vn -0.217424 -0.710597 0.669163
vn -0.217424 -0.710597 0.669163
vn 0.000002 -0.710600 0.703596
vn 0.000001 -0.710600 0.703596
vn 0.217431 -0.710603 0.669155
vn 0.217432 -0.710603 0.669154
vn 0.413560 -0.710600 0.569224
vn 0.413561 -0.710600 0.569223
vn 0.569217 -0.710602 0.413567
vn 0.569217 -0.710601 0.413567
vn 0.669161 -0.710600 0.217420
vn 0.669161 -0.710600 0.217420
vn 0.703598 -0.710598 -0.000006
vn 0.703598 -0.710598 -0.000007
s 1
g CHEOPS_LowPoly pCylinder6
usemtl blinn3SG
f 85/108/113 86/109/114 106/130/115 105/129/116
f 86/109/114 87/110/117 107/131/118 106/130/115
f 87/110/117 88/111/119 108/132/120 107/131/118
f 88/111/119 89/112/121 109/133/122 108/132/120
f 89/112/121 90/113/123 110/134/124 109/133/122
f 90/113/123 91/114/125 111/135/126 110/134/124
f 91/114/125 92/115/127 112/136/128 111/135/126
f 92/115/127 93/116/129 113/137/130 112/136/128
f 93/116/129 94/117/131 114/138/132 113/137/130
f 94/117/131 95/118/133 115/139/134 114/138/132
f 95/118/133 96/119/135 116/140/136 115/139/134
f 96/119/135 97/120/137 117/141/138 116/140/136
f 97/120/137 98/121/139 118/142/140 117/141/138
f 98/121/139 99/122/141 119/143/142 118/142/140
f 99/122/141 100/123/143 120/144/144 119/143/142
f 100/123/143 101/124/145 121/145/146 120/144/144
f 101/124/145 102/125/147 122/146/148 121/145/146
f 102/125/147 103/126/149 123/147/150 122/146/148
f 103/126/149 104/127/151 124/148/152 123/147/150
f 104/127/151 85/128/113 105/149/116 124/148/152
s 2
f 126/151/153 125/152/154 127/150/155
f 128/153/156 126/151/153 127/150/155
f 129/154/157 128/153/156 127/150/155
f 130/155/158 129/154/157 127/150/155
f 131/156/159 130/155/158 127/150/155
f 132/157/160 131/156/159 127/150/155
f 133/158/161 132/157/160 127/150/155
f 134/159/162 133/158/161 127/150/155
f 135/160/163 134/159/162 127/150/155
f 136/161/164 135/160/163 127/150/155
f 137/162/165 136/161/164 127/150/155
f 138/163/166 137/162/165 127/150/155
f 139/164/167 138/163/166 127/150/155
f 140/165/168 139/164/167 127/150/155
f 141/166/169 140/165/168 127/150/155
f 142/167/170 141/166/169 127/150/155
f 143/168/171 142/167/170 127/150/155
f 144/169/172 143/168/171 127/150/155
f 145/170/173 144/169/172 127/150/155
f 125/152/154 145/170/173 127/150/155
s 3
f 86/89/174 85/88/175 125/152/176 126/151/177
f 87/90/178 86/89/174 126/151/177 128/153/179
f 88/91/180 87/90/178 128/153/179 129/154/181
f 89/92/182 88/91/180 129/154/181 130/155/183
f 90/93/184 89/92/182 130/155/183 131/156/185
f 91/94/186 90/93/184 131/156/185 132/157/187
f 92/95/188 91/94/186 132/157/187 133/158/189
f 93/96/190 92/95/188 133/158/189 134/159/191
f 94/97/192 93/96/190 134/159/191 135/160/193
f 95/98/194 94/97/192 135/160/193 136/161/195
f 96/99/196 95/98/194 136/161/195 137/162/197
f 97/100/198 96/99/196 137/162/197 138/163/199
f 98/101/200 97/100/198 138/163/199 139/164/201
f 99/102/202 98/101/200 139/164/201 140/165/203
f 100/103/204 99/102/202 140/165/203 141/166/205
f 101/104/206 100/103/204 141/166/205 142/167/207
f 102/105/208 101/104/206 142/167/207 143/168/209
f 103/106/210 102/105/208 143/168/209 144/169/211
f 104/107/212 103/106/210 144/169/211 145/170/213
f 85/88/175 104/107/212 145/170/213 125/152/176
s 4
f 146/171/214 147/172/215 167/173/216 166/174/217
f 147/172/215 148/175/218 168/176/219 167/173/216
f 148/175/218 149/177/220 169/178/221 168/176/219
f 149/177/220 150/179/222 170/180/223 169/178/221
f 150/179/222 151/181/224 171/182/225 170/180/223
f 151/181/224 152/183/226 172/184/227 171/182/225
f 152/183/226 153/185/228 173/186/229 172/184/227
f 153/185/228 154/187/230 174/188/231 173/186/229
f 154/187/230 155/189/232 175/190/233 174/188/231
f 155/189/232 156/191/234 176/192/235 175/190/233
f 156/191/234 157/193/236 177/194/237 176/192/235
f 157/193/236 158/195/238 178/196/239 177/194/237
f 158/195/238 159/197/240 179/198/241 178/196/239
f 159/197/240 160/199/242 180/200/243 179/198/241
f 160/199/242 161/201/244 181/202/245 180/200/243
f 161/201/244 162/203/246 182/204/247 181/202/245
f 162/203/246 163/205/248 183/206/249 182/204/247
f 163/205/248 164/207/250 184/208/251 183/206/249
f 164/207/250 165/209/252 185/210/253 184/208/251
f 165/209/252 146/211/214 166/212/217 185/210/253
s 5
f 187/213/254 186/214/255 188/215/256
f 189/216/257 187/213/254 188/215/256
f 190/217/258 189/216/257 188/215/256
f 191/218/259 190/217/258 188/215/256
f 192/219/260 191/218/259 188/215/256
f 193/220/261 192/219/260 188/215/256
f 194/221/262 193/220/261 188/215/256
f 195/222/263 194/221/262 188/215/256
f 196/223/264 195/222/263 188/215/256
f 197/224/265 196/223/264 188/215/256
f 198/225/266 197/224/265 188/215/256
f 199/226/267 198/225/266 188/215/256
f 200/227/268 199/226/267 188/215/256
f 201/228/269 200/227/268 188/215/256
f 202/229/270 201/228/269 188/215/256
f 203/230/271 202/229/270 188/215/256
f 204/231/272 203/230/271 188/215/256
f 205/232/273 204/231/272 188/215/256
f 206/233/274 205/232/273 188/215/256
f 186/214/255 206/233/274 188/215/256
s 6
f 147/234/275 146/235/276 186/214/277 187/213/278
f 148/236/279 147/234/275 187/213/278 189/216/280
f 149/237/281 148/236/279 189/216/280 190/217/282
f 150/238/283 149/237/281 190/217/282 191/218/284
f 151/239/285 150/238/283 191/218/284 192/219/286
f 152/240/287 151/239/285 192/219/286 193/220/288
f 153/241/289 152/240/287 193/220/288 194/221/290
f 154/242/291 153/241/289 194/221/290 195/222/292
f 155/243/293 154/242/291 195/222/292 196/223/294
f 156/244/295 155/243/293 196/223/294 197/224/296
f 157/245/297 156/244/295 197/224/296 198/225/298
f 158/246/299 157/245/297 198/225/298 199/226/300
f 159/247/301 158/246/299 199/226/300 200/227/302
f 160/248/303 159/247/301 200/227/302 201/228/304
f 161/249/305 160/248/303 201/228/304 202/229/306
f 162/250/307 161/249/305 202/229/306 203/230/308
f 163/251/309 162/250/307 203/230/308 204/231/310
f 164/252/311 163/251/309 204/231/310 205/232/312
f 165/253/313 164/252/311 205/232/312 206/233/314
f 146/235/276 165/253/313 206/233/314 186/214/277
s 7
f 207/254/315 208/255/316 228/256/317 227/257/318
f 208/255/316 209/258/319 229/259/320 228/256/317
f 209/258/319 210/260/321 230/261/322 229/259/320
f 210/260/321 211/262/323 231/263/324 230/261/322
f 211/262/323 212/264/325 232/265/326 231/263/324
f 212/264/325 213/266/327 233/267/328 232/265/326
f 213/266/327 214/268/329 234/269/330 233/267/328
f 214/268/329 215/270/331 235/271/332 234/269/330
f 215/270/331 216/272/333 236/273/334 235/271/332
f 216/272/333 217/274/335 237/275/336 236/273/334
f 217/274/335 218/276/337 238/277/338 237/275/336
f 218/276/337 219/278/339 239/279/340 238/277/338
f 219/278/339 220/280/341 240/281/342 239/279/340
f 220/280/341 221/282/343 241/283/344 240/281/342
f 221/282/343 222/284/345 242/285/346 241/283/344
f 222/284/345 223/286/347 243/287/348 242/285/346
f 223/286/347 224/288/349 244/289/350 243/287/348
f 224/288/349 225/290/351 245/291/352 244/289/350
f 225/290/351 226/292/353 246/293/354 245/291/352
f 226/292/353 207/294/315 227/295/318 246/293/354
s 8
f 248/296/355 247/297/356 249/298/357
f 250/299/358 248/296/355 249/298/357
f 251/300/359 250/299/358 249/298/357
f 252/301/360 251/300/359 249/298/357
f 253/302/361 252/301/360 249/298/357
f 254/303/362 253/302/361 249/298/357
f 255/304/363 254/303/362 249/298/357
f 256/305/364 255/304/363 249/298/357
f 257/306/365 256/305/364 249/298/357
f 258/307/366 257/306/365 249/298/357
f 259/308/367 258/307/366 249/298/357
f 260/309/368 259/308/367 249/298/357
f 261/310/369 260/309/368 249/298/357
f 262/311/370 261/310/369 249/298/357
f 263/312/371 262/311/370 249/298/357
f 264/313/372 263/312/371 249/298/357
f 265/314/373 264/313/372 249/298/357
f 266/315/374 265/314/373 249/298/357
f 267/316/375 266/315/374 249/298/357
f 247/297/356 267/316/375 249/298/357
s 9
f 208/317/376 207/318/377 247/297/378 248/296/379
f 209/319/380 208/317/376 248/296/379 250/299/381
f 210/320/382 209/319/380 250/299/381 251/300/383
f 211/321/384 210/320/382 251/300/383 252/301/385
f 212/322/386 211/321/384 252/301/385 253/302/387
f 213/323/388 212/322/386 253/302/387 254/303/389
f 214/324/390 213/323/388 254/303/389 255/304/391
f 215/325/392 214/324/390 255/304/391 256/305/393
f 216/326/394 215/325/392 256/305/393 257/306/395
f 217/327/396 216/326/394 257/306/395 258/307/397
f 218/328/398 217/327/396 258/307/397 259/308/399
f 219/329/400 218/328/398 259/308/399 260/309/401
f 220/330/402 219/329/400 260/309/401 261/310/403
f 221/331/404 220/330/402 261/310/403 262/311/405
f 222/332/406 221/331/404 262/311/405 263/312/407
f 223/333/408 222/332/406 263/312/407 264/313/409
f 224/334/410 223/333/408 264/313/409 265/314/411
f 225/335/412 224/334/410 265/314/411 266/315/413
f 226/336/414 225/335/412 266/315/413 267/316/415
f 207/318/377 226/336/414 267/316/415 247/297/378
s 10
f 268/337/416 269/338/417 289/339/418 288/340/419
f 269/338/417 270/341/420 290/342/421 289/339/418
f 270/341/420 271/343/422 291/344/423 290/342/421
f 271/343/422 272/345/424 292/346/425 291/344/423
f 272/345/424 273/347/426 293/348/427 292/346/425
f 273/347/426 274/349/428 294/350/429 293/348/427
f 274/349/428 275/351/430 295/352/431 294/350/429
f 275/351/430 276/353/432 296/354/433 295/352/431
f 276/353/432 277/355/434 297/356/435 296/354/433
f 277/355/434 278/357/436 298/358/437 297/356/435
f 278/357/436 279/359/438 299/360/439 298/358/437
f 279/359/438 280/361/440 300/362/441 299/360/439
f 280/361/440 281/363/442 301/364/443 300/362/441
f 281/363/442 282/365/444 302/366/445 301/364/443
f 282/365/444 283/367/446 303/368/447 302/366/445
f 283/367/446 284/369/448 304/370/449 303/368/447
f 284/369/448 285/371/450 305/372/451 304/370/449
f 285/371/450 286/373/452 306/374/453 305/372/451
f 286/373/452 287/375/454 307/376/455 306/374/453
f 287/375/454 268/377/416 288/378/419 307/376/455
s 11
f 309/379/456 308/380/457 310/381/458
f 311/382/459 309/379/456 310/381/458
f 312/383/460 311/382/459 310/381/458
f 313/384/461 312/383/460 310/381/458
f 314/385/462 313/384/461 310/381/458
f 315/386/463 314/385/462 310/381/458
f 316/387/464 315/386/463 310/381/458
f 317/388/465 316/387/464 310/381/458
f 318/389/466 317/388/465 310/381/458
f 319/390/467 318/389/466 310/381/458
f 320/391/468 319/390/467 310/381/458
f 321/392/469 320/391/468 310/381/458
f 322/393/470 321/392/469 310/381/458
f 323/394/471 322/393/470 310/381/458
f 324/395/472 323/394/471 310/381/458
f 325/396/473 324/395/472 310/381/458
f 326/397/474 325/396/473 310/381/458
f 327/398/475 326/397/474 310/381/458
f 328/399/476 327/398/475 310/381/458
f 308/380/457 328/399/476 310/381/458
s 12
f 269/400/477 268/401/478 308/380/479 309/379/480
f 270/402/481 269/400/477 309/379/480 311/382/482
f 271/403/483 270/402/481 311/382/482 312/383/484
f 272/404/485 271/403/483 312/383/484 313/384/486
f 273/405/487 272/404/485 313/384/486 314/385/488
f 274/406/489 273/405/487 314/385/488 315/386/490
f 275/407/491 274/406/489 315/386/490 316/387/492
f 276/408/493 275/407/491 316/387/492 317/388/494
f 277/409/495 276/408/493 317/388/494 318/389/496
f 278/410/497 277/409/495 318/389/496 319/390/498
f 279/411/499 278/410/497 319/390/498 320/391/500
f 280/412/501 279/411/499 320/391/500 321/392/502
f 281/413/503 280/412/501 321/392/502 322/393/504
f 282/414/505 281/413/503 322/393/504 323/394/506
f 283/415/507 282/414/505 323/394/506 324/395/508
f 284/416/509 283/415/507 324/395/508 325/396/510
f 285/417/511 284/416/509 325/396/510 326/397/512
f 286/418/513 285/417/511 326/397/512 327/398/514
f 287/419/515 286/418/513 327/398/514 328/399/516
f 268/401/478 287/419/515 328/399/516 308/380/479
g default
v 712.931274 63.298237 -91.442688
v 712.770569 76.872368 -87.032204
v 712.931335 103.710075 -170.755386
v 712.770569 115.256882 -162.366089
v 712.931274 166.653000 -233.698303
v 712.770569 175.042267 -222.151459
v 712.931335 245.965683 -274.110107
v 712.770569 250.376221 -260.535980
v 712.931274 333.884521 -288.035065
v 712.770569 333.884521 -273.762360
v 712.931274 421.803284 -274.110107
v 712.770508 417.392792 -260.535980
v 712.931335 501.116028 -233.698257
v 712.770569 492.726715 -222.151413
v 712.931274 564.058899 -170.755325
v 712.770569 552.512024 -162.366043
v 712.931335 604.470642 -91.442642
v 712.770508 590.896484 -87.032173
v 712.931274 618.395630 -3.523876
v 712.770569 604.122864 -3.523874
v 712.931335 604.470642 84.394859
v 712.770508 590.896484 79.984367
v 712.931274 564.058899 163.707565
v 712.770569 552.512024 155.318298
v 712.931335 501.115936 226.650452
v 712.770569 492.726654 215.103638
v 712.931274 421.803284 267.062256
v 712.770508 417.392792 253.488113
v 712.931274 333.884521 280.987213
v 712.770569 333.884521 266.714508
v 712.931335 245.965759 267.062225
v 712.770569 250.376297 253.488113
v 712.931274 166.653107 226.650436
v 712.770569 175.042374 215.103622
v 712.931335 103.710243 163.707550
v 712.770569 115.257057 155.318283
v 712.931274 63.298412 84.394844
v 712.770569 76.872498 79.984360
v 712.931274 49.373455 -3.523876
v 712.770569 63.646141 -3.523877
v 745.937439 63.298237 -91.442688
v 746.098267 76.872368 -87.032204
v 745.937500 103.710075 -170.755386
v 746.098206 115.256874 -162.366089
v 745.937439 166.653015 -233.698303
v 746.098206 175.042267 -222.151459
v 745.937500 245.965698 -274.110107
v 746.098267 250.376221 -260.535980
v 745.937500 333.884521 -288.035065
v 746.098206 333.884521 -273.762360
v 745.937439 421.803284 -274.110107
v 746.098206 417.392792 -260.535980
v 745.937500 501.116028 -233.698257
v 746.098267 492.726715 -222.151413
v 745.937439 564.058899 -170.755325
v 746.098206 552.512024 -162.366043
v 745.937500 604.470642 -91.442642
v 746.098206 590.896484 -87.032173
v 745.937500 618.395630 -3.523876
v 746.098206 604.122864 -3.523874
v 745.937500 604.470642 84.394859
v 746.098206 590.896484 79.984367
v 745.937439 564.058899 163.707565
v 746.098206 552.512024 155.318298
v 745.937500 501.115967 226.650452
v 746.098267 492.726654 215.103638
v 745.937439 421.803284 267.062256
v 746.098206 417.392792 253.488113
v 745.937500 333.884521 280.987213
v 746.098206 333.884521 266.714508
v 745.937500 245.965759 267.062225
v 746.098267 250.376297 253.488113
v 745.937439 166.653107 226.650436
v 746.098206 175.042374 215.103622
v 745.937500 103.710243 163.707550
v 746.098267 115.257057 155.318283
v 745.937439 63.298405 84.394844
v 746.098267 76.872498 79.984360
v 745.937500 49.373451 -3.523876
v 746.098206 63.646133 -3.523877
vt 0.358533 0.031282
vt 0.355656 0.047336
vt 0.431948 0.039748
vt 0.437824 0.022405
vt 0.279542 0.082533
vt 0.279331 0.096110
vt 0.499713 0.081855
vt 0.508612 0.065092
vt 0.548610 0.177225
vt 0.560009 0.163503
vt 0.568563 0.320197
vt 0.581258 0.312086
vt 0.553274 0.493427
vt 0.565525 0.492742
vt 0.503493 0.670318
vt 0.513514 0.677326
vt 0.427646 0.822700
vt 0.434187 0.835958
vt 0.338944 0.929610
vt 0.341611 0.946598
vt 0.250871 0.981953
vt 0.250030 1.000000
vt 0.173785 0.981467
vt 0.170227 0.998425
vt 0.113829 0.936503
vt 0.108446 0.950965
vt 0.073582 0.857791
vt 0.067179 0.868992
vt 0.053321 0.755767
vt 0.046550 0.763372
vt 0.052142 0.639498
vt 0.045518 0.643411
vt 0.068681 0.516660
vt 0.062626 0.516885
vt 0.101454 0.394030
vt 0.096352 0.390606
vt 0.148879 0.278177
vt 0.145117 0.271172
vt 0.209058 0.176166
vt 0.207054 0.165718
vt 0.310678 0.010354
vt 0.307261 0.026438
vt 0.232415 0.077035
vt 0.233196 0.063494
vt 0.388195 0.000000
vt 0.381816 0.017440
vt 0.457073 0.042008
vt 0.447713 0.058923
vt 0.506577 0.140935
vt 0.494763 0.154817
vt 0.526129 0.291423
vt 0.513067 0.299638
vt 0.509101 0.475160
vt 0.496525 0.475830
vt 0.456415 0.663351
vt 0.446099 0.656185
vt 0.377207 0.825304
vt 0.370374 0.811768
vt 0.285573 0.938379
vt 0.282589 0.921050
vt 0.195616 0.993132
vt 0.196090 0.974734
vt 0.117846 0.991946
vt 0.120976 0.974661
vt 0.058210 0.944165
vt 0.063106 0.929411
vt 0.018945 0.861395
vt 0.024813 0.849937
vt 0.000000 0.754667
vt 0.006199 0.746834
vt 0.000222 0.633377
vt 0.006251 0.629262
vt 0.018103 0.505342
vt 0.023549 0.504937
vt 0.052096 0.377386
vt 0.056587 0.380652
vt 0.100627 0.256114
vt 0.103785 0.262991
vt 0.161854 0.148692
vt 0.163266 0.159052
vn -0.999937 -0.010707 -0.003480
vn -0.999937 -0.010707 -0.003480
vn -0.999937 -0.009108 -0.006619
vn -0.999937 -0.009108 -0.006619
vn -0.999937 -0.011258 0.000000
vn -0.999937 -0.011258 0.000000
vn -0.999937 -0.006617 -0.009110
vn -0.999937 -0.006617 -0.009110
vn -0.999937 -0.003479 -0.010710
vn -0.999937 -0.003479 -0.010710
vn -0.999937 0.000001 -0.011261
vn -0.999937 0.000001 -0.011261
vn -0.999937 0.003481 -0.010711
vn -0.999937 0.003481 -0.010711
vn -0.999937 0.006619 -0.009111
vn -0.999937 0.006619 -0.009111
vn -0.999937 0.009109 -0.006620
vn -0.999937 0.009109 -0.006620
vn -0.999937 0.010709 -0.003481
vn -0.999937 0.010709 -0.003481
vn -0.999937 0.011263 0.000000
vn -0.999937 0.011263 -0.000000
vn -0.999937 0.010714 0.003481
vn -0.999937 0.010714 0.003481
vn -0.999937 0.009111 0.006620
vn -0.999937 0.009111 0.006620
vn -0.999937 0.006620 0.009111
vn -0.999937 0.006620 0.009111
vn -0.999937 0.003481 0.010711
vn -0.999937 0.003481 0.010711
vn -0.999937 -0.000000 0.011261
vn -0.999937 -0.000000 0.011261
vn -0.999937 -0.003478 0.010710
vn -0.999937 -0.003478 0.010710
vn -0.999937 -0.006617 0.009110
vn -0.999937 -0.006617 0.009110
vn -0.999937 -0.009109 0.006619
vn -0.999937 -0.009109 0.006619
vn -0.999937 -0.010707 0.003480
vn -0.999937 -0.010707 0.003480
vn 0.999937 -0.010709 -0.003481
vn 0.999937 -0.010709 -0.003481
vn 0.999937 -0.011260 0.000000
vn 0.999937 -0.011260 0.000000
vn 0.999937 -0.009111 -0.006620
vn 0.999937 -0.009111 -0.006620
vn 0.999937 -0.006620 -0.009111
vn 0.999937 -0.006620 -0.009111
vn 0.999937 -0.003481 -0.010711
vn 0.999937 -0.003481 -0.010711
vn 0.999937 -0.000000 -0.011261
vn 0.999937 -0.000000 -0.011261
vn 0.999937 0.003479 -0.010711
vn 0.999937 0.003479 -0.010711
vn 0.999937 0.006620 -0.009112
vn 0.999937 0.006620 -0.009112
vn 0.999937 0.009111 -0.006620
vn 0.999937 0.009111 -0.006620
vn 0.999937 0.010710 -0.003480
vn 0.999937 0.010710 -0.003480
vn 0.999937 0.011260 -0.000000
vn 0.999937 0.011260 0.000000
vn 0.999937 0.010707 0.003480
vn 0.999937 0.010707 0.003480
vn 0.999937 0.009111 0.006620
vn 0.999937 0.009111 0.006620
vn 0.999937 0.006619 0.009112
vn 0.999937 0.006619 0.009112
vn 0.999937 0.003480 0.010711
vn 0.999937 0.003480 0.010711
vn 0.999937 0.000000 0.011261
vn 0.999937 0.000000 0.011261
vn 0.999937 -0.003481 0.010711
vn 0.999937 -0.003481 0.010711
vn 0.999937 -0.006620 0.009112
vn 0.999937 -0.006620 0.009112
vn 0.999937 -0.009111 0.006621
vn 0.999937 -0.009111 0.006621
vn 0.999937 -0.010710 0.003481
vn 0.999937 -0.010710 0.003481
vn -0.000000 -0.951057 -0.309015
vn 0.000000 -0.809017 -0.587785
vn 0.000000 -0.809017 -0.587785
vn -0.000000 -0.951057 -0.309015
vn 0.000000 -0.587786 -0.809017
vn 0.000000 -0.587786 -0.809017
vn 0.000000 -0.309017 -0.951057
vn 0.000000 -0.309017 -0.951057
vn -0.000000 0.000000 -1.000000
vn -0.000000 -0.000000 -1.000000
vn 0.000000 0.309017 -0.951056
vn 0.000000 0.309018 -0.951056
vn 0.000000 0.587786 -0.809016
vn 0.000000 0.587786 -0.809016
vn 0.000000 0.809018 -0.587784
vn 0.000000 0.809018 -0.587784
vn 0.000000 0.951057 -0.309017
vn 0.000000 0.951057 -0.309017
vn 0.000000 1.000000 0.000000
vn 0.000000 1.000000 0.000000
vn 0.000000 0.951057 0.309017
vn 0.000000 0.951057 0.309017
vn -0.000000 0.809018 0.587784
vn -0.000000 0.809018 0.587784
vn -0.000000 0.587786 0.809017
vn -0.000000 0.587786 0.809017
vn -0.000000 0.309017 0.951057
vn -0.000000 0.309017 0.951057
vn 0.000000 -0.000000 1.000000
vn 0.000000 -0.000000 1.000000
vn 0.000000 -0.309017 0.951056
vn 0.000000 -0.309017 0.951056
vn 0.000000 -0.587786 0.809017
vn 0.000000 -0.587786 0.809016
vn -0.000000 -0.809018 0.587784
vn -0.000000 -0.809018 0.587784
vn -0.000000 -0.951057 0.309017
vn -0.000000 -0.951057 0.309017
vn -0.000000 -1.000000 0.000001
vn -0.000000 -1.000000 0.000001
vn 0.000000 0.809017 0.587785
vn 0.000000 0.951057 0.309016
vn 0.000000 0.951057 0.309016
vn 0.000000 0.809017 0.587785
vn 0.000000 1.000000 -0.000001
vn 0.000000 1.000000 -0.000001
vn 0.000000 0.587785 0.809017
vn 0.000000 0.587785 0.809017
vn 0.000000 0.309017 0.951057
vn 0.000000 0.309017 0.951057
vn 0.000000 -0.000000 1.000000
vn 0.000000 0.000000 1.000000
vn 0.000000 -0.309017 0.951056
vn 0.000000 -0.309017 0.951056
vn 0.000000 -0.587786 0.809017
vn 0.000000 -0.587786 0.809017
vn 0.000000 -0.809018 0.587784
vn 0.000000 -0.809018 0.587785
vn 0.000000 -0.951057 0.309016
vn 0.000000 -0.951057 0.309016
vn 0.000000 -1.000000 0.000000
vn 0.000000 -1.000000 0.000000
vn 0.000000 -0.951057 -0.309016
vn 0.000000 -0.951057 -0.309016
vn 0.000000 -0.809018 -0.587784
vn 0.000000 -0.809018 -0.587784
vn 0.000000 -0.587785 -0.809017
vn 0.000000 -0.587786 -0.809017
vn 0.000000 -0.309017 -0.951057
vn 0.000000 -0.309017 -0.951057
vn 0.000000 -0.000000 -1.000000
vn 0.000000 0.000000 -1.000000
vn 0.000000 0.309017 -0.951057
vn 0.000000 0.309017 -0.951057
vn 0.000000 0.587785 -0.809017
vn 0.000000 0.587785 -0.809017
vn 0.000000 0.809017 -0.587785
vn 0.000000 0.809017 -0.587785
vn 0.000000 0.951057 -0.309017
vn 0.000000 0.951057 -0.309017
s 1
g CHEOPS_LowPoly pCylinder19
usemtl blinn3SG
f 329/420/517 330/421/518 332/422/519 331/423/520
f 330/421/518 329/420/517 367/424/521 368/425/522
f 331/423/520 332/422/519 334/426/523 333/427/524
f 333/427/524 334/426/523 336/428/525 335/429/526
f 335/429/526 336/428/525 338/430/527 337/431/528
f 337/431/528 338/430/527 340/432/529 339/433/530
f 339/433/530 340/432/529 342/434/531 341/435/532
f 341/435/532 342/434/531 344/436/533 343/437/534
f 343/437/534 344/436/533 346/438/535 345/439/536
f 345/439/536 346/438/535 348/440/537 347/441/538
f 347/441/538 348/440/537 350/442/539 349/443/540
f 349/443/540 350/442/539 352/444/541 351/445/542
f 351/445/542 352/444/541 354/446/543 353/447/544
f 353/447/544 354/446/543 356/448/545 355/449/546
f 355/449/546 356/448/545 358/450/547 357/451/548
f 357/451/548 358/450/547 360/452/549 359/453/550
f 359/453/550 360/452/549 362/454/551 361/455/552
f 361/455/552 362/454/551 364/456/553 363/457/554
f 363/457/554 364/456/553 366/458/555 365/459/556
f 365/459/556 366/458/555 368/425/522 367/424/521
s 2
f 369/460/557 370/461/558 408/462/559 407/463/560
f 370/461/558 369/460/557 371/464/561 372/465/562
f 372/465/562 371/464/561 373/466/563 374/467/564
f 374/467/564 373/466/563 375/468/565 376/469/566
f 376/469/566 375/468/565 377/470/567 378/471/568
f 378/471/568 377/470/567 379/472/569 380/473/570
f 380/473/570 379/472/569 381/474/571 382/475/572
f 382/475/572 381/474/571 383/476/573 384/477/574
f 384/477/574 383/476/573 385/478/575 386/479/576
f 386/479/576 385/478/575 387/480/577 388/481/578
f 388/481/578 387/480/577 389/482/579 390/483/580
f 390/483/580 389/482/579 391/484/581 392/485/582
f 392/485/582 391/484/581 393/486/583 394/487/584
f 394/487/584 393/486/583 395/488/585 396/489/586
f 396/489/586 395/488/585 397/490/587 398/491/588
f 398/491/588 397/490/587 399/492/589 400/493/590
f 400/493/590 399/492/589 401/494/591 402/495/592
f 402/495/592 401/494/591 403/496/593 404/497/594
f 404/497/594 403/496/593 405/498/595 406/499/596
f 406/499/596 405/498/595 407/463/560 408/462/559
s 3
f 329/420/597 331/423/598 371/464/599 369/460/600
f 331/423/598 333/427/601 373/466/602 371/464/599
f 333/427/601 335/429/603 375/468/604 373/466/602
f 335/429/603 337/431/605 377/470/606 375/468/604
f 337/431/605 339/433/607 379/472/608 377/470/606
f 339/433/607 341/435/609 381/474/610 379/472/608
f 341/435/609 343/437/611 383/476/612 381/474/610
f 343/437/611 345/439/613 385/478/614 383/476/612
f 345/439/613 347/441/615 387/480/616 385/478/614
f 347/441/615 349/443/617 389/482/618 387/480/616
f 349/443/617 351/445/619 391/484/620 389/482/618
f 351/445/619 353/447/621 393/486/622 391/484/620
f 353/447/621 355/449/623 395/488/624 393/486/622
f 355/449/623 357/451/625 397/490/626 395/488/624
f 357/451/625 359/453/627 399/492/628 397/490/626
f 359/453/627 361/455/629 401/494/630 399/492/628
f 361/455/629 363/457/631 403/496/632 401/494/630
f 363/457/631 365/459/633 405/498/634 403/496/632
f 365/459/633 367/424/635 407/463/636 405/498/634
f 367/424/635 329/420/597 369/460/600 407/463/636
s 4
f 332/422/637 330/421/638 370/461/639 372/465/640
f 330/421/638 368/425/641 408/462/642 370/461/639
f 334/426/643 332/422/637 372/465/640 374/467/644
f 336/428/645 334/426/643 374/467/644 376/469/646
f 338/430/647 336/428/645 376/469/646 378/471/648
f 340/432/649 338/430/647 378/471/648 380/473/650
f 342/434/651 340/432/649 380/473/650 382/475/652
f 344/436/653 342/434/651 382/475/652 384/477/654
f 346/438/655 344/436/653 384/477/654 386/479/656
f 348/440/657 346/438/655 386/479/656 388/481/658
f 350/442/659 348/440/657 388/481/658 390/483/660
f 352/444/661 350/442/659 390/483/660 392/485/662
f 354/446/663 352/444/661 392/485/662 394/487/664
f 356/448/665 354/446/663 394/487/664 396/489/666
f 358/450/667 356/448/665 396/489/666 398/491/668
f 360/452/669 358/450/667 398/491/668 400/493/670
f 362/454/671 360/452/669 400/493/670 402/495/672
f 364/456/673 362/454/671 402/495/672 404/497/674
f 366/458/675 364/456/673 404/497/674 406/499/676
f 368/425/641 366/458/675 406/499/676 408/462/642
g default
v 132.561172 96.574562 -81.097412
v 132.561081 171.820221 -56.648632
v 132.561188 131.957077 -150.539581
v 132.561081 195.964890 -104.035263
v 132.561188 187.066986 -205.649277
v 132.561066 233.571289 -141.641479
v 132.561188 256.508972 -241.031815
v 132.561081 280.957977 -165.786148
v 132.561188 333.486511 -253.223846
v 132.561081 333.486542 -174.105942
v 132.561188 410.463806 -241.031815
v 132.561066 386.014923 -165.786118
v 132.561188 479.905823 -205.649200
v 132.561081 433.401489 -141.641434
v 132.561188 535.015564 -150.539566
v 132.561081 471.007812 -104.035156
v 132.561188 570.398071 -81.097366
v 132.561081 495.152435 -56.648548
v 132.561188 582.589966 -4.120108
v 132.561081 503.472015 -4.120096
v 132.561188 570.398071 72.857147
v 132.561081 495.152435 48.408360
v 132.561188 535.015564 142.299362
v 132.561081 471.007812 95.794968
v 132.561188 479.905823 197.408997
v 132.561081 433.401459 133.401154
v 132.561188 410.463806 232.791534
v 132.561066 386.014954 157.545990
v 132.561188 333.486511 244.983521
v 132.561081 333.486542 165.865616
v 132.561188 256.509094 232.791534
v 132.561081 280.958008 157.545822
v 132.561188 187.067093 197.408981
v 132.561066 233.571396 133.401184
v 132.561188 131.957428 142.299347
v 132.561081 195.965012 95.794983
v 132.561172 96.574684 72.857132
v 132.561081 171.820404 48.408375
v 132.561188 84.382912 -4.120108
v 132.561081 163.500900 -4.120098
vt 0.625000 0.684727
vt 0.624875 0.688440
vt 0.612625 0.688440
vt 0.375125 0.688440
vt 0.387375 0.688440
vt 0.387625 0.688440
vt 0.399875 0.688440
vt 0.400125 0.688440
vt 0.412375 0.688440
vt 0.412625 0.688440
vt 0.424875 0.688440
vt 0.425125 0.688440
vt 0.437375 0.688440
vt 0.437625 0.688440
vt 0.449875 0.688440
vt 0.450125 0.688440
vt 0.462375 0.688440
vt 0.462625 0.688440
vt 0.474875 0.688440
vt 0.475125 0.688440
vt 0.487375 0.688440
vt 0.487625 0.688440
vt 0.499875 0.688440
vt 0.500125 0.688440
vt 0.512375 0.688440
vt 0.512625 0.688440
vt 0.524875 0.688440
vt 0.525125 0.688440
vt 0.537375 0.688440
vt 0.537625 0.688440
vt 0.549875 0.688440
vt 0.550125 0.688440
vt 0.562375 0.688440
vt 0.562625 0.688440
vt 0.574875 0.688440
vt 0.575125 0.688440
vt 0.587375 0.688440
vt 0.587625 0.688440
vt 0.599875 0.688440
vt 0.600125 0.688440
vt 0.612375 0.688440
vt 0.375000 0.684727
vt 0.387500 0.684727
vt 0.400000 0.684727
vt 0.412500 0.684727
vt 0.425000 0.684727
vt 0.437500 0.684727
vt 0.450000 0.684727
vt 0.462500 0.684727
vt 0.475000 0.684727
vt 0.487500 0.684727
vt 0.500000 0.684727
vt 0.512500 0.684727
vt 0.525000 0.684727
vt 0.537500 0.684726
vt 0.550000 0.684727
vt 0.562500 0.684727
vt 0.575000 0.684727
vt 0.587500 0.684727
vt 0.600000 0.684727
vt 0.612500 0.684727
vn 1.000000 0.000001 0.000000
vn 1.000000 0.000001 0.000000
vn 1.000000 0.000001 -0.000000
vn 1.000000 0.000001 -0.000000
vn 1.000000 0.000001 0.000001
vn 1.000000 0.000001 0.000001
vn 1.000000 0.000001 0.000001
vn 1.000000 0.000001 0.000001
vn 1.000000 0.000000 0.000001
vn 1.000000 0.000000 0.000001
vn 1.000000 0.000000 0.000001
vn 1.000000 -0.000000 0.000001
vn 1.000000 -0.000000 0.000001
vn 1.000000 -0.000000 0.000001
vn 1.000000 -0.000001 0.000001
vn 1.000000 -0.000001 0.000001
vn 1.000000 -0.000001 0.000001
vn 1.000000 -0.000001 0.000001
vn 1.000000 -0.000001 0.000000
vn 1.000000 -0.000001 0.000000
vn 1.000000 -0.000001 0.000000
vn 1.000000 -0.000001 -0.000000
vn 1.000000 -0.000001 -0.000000
vn 1.000000 -0.000001 -0.000000
vn 1.000000 -0.000001 -0.000001
vn 1.000000 -0.000001 -0.000001
vn 1.000000 -0.000001 -0.000001
vn 1.000000 -0.000001 -0.000001
vn 1.000000 -0.000000 -0.000001
vn 1.000000 -0.000000 -0.000001
vn 1.000000 0.000000 -0.000001
vn 1.000000 0.000000 -0.000001
vn 1.000000 0.000000 -0.000001
vn 1.000000 0.000000 -0.000001
vn 1.000000 0.000001 -0.000001
vn 1.000000 0.000001 -0.000001
vn 1.000000 0.000001 -0.000001
vn 1.000000 0.000001 -0.000001
vn 1.000000 0.000001 -0.000000
vn 1.000000 0.000001 -0.000000
s 1
g CHEOPS_LowPoly pCylinder26
usemtl initialShadingGroup
f 409/500/677 410/501/678 448/502/679 447/560/680
f 410/503/678 409/541/677 411/542/681 412/504/682
f 412/505/682 411/542/681 413/543/683 414/506/684
f 414/507/684 413/543/683 415/544/685 416/508/686
f 416/509/686 415/544/685 417/545/687 418/510/688
f 418/511/688 417/545/687 419/546/689 420/512/690
f 420/513/690 419/546/689 421/547/691 422/514/692
f 422/515/692 421/547/691 423/548/693 424/516/694
f 424/517/694 423/548/693 425/549/695 426/518/696
f 426/519/696 425/549/695 427/550/697 428/520/698
f 428/521/698 427/550/697 429/551/699 430/522/700
f 430/523/700 429/551/699 431/552/701 432/524/702
f 432/525/702 431/552/701 433/553/703 434/526/704
f 434/527/704 433/553/703 435/554/705 436/528/706
f 436/529/706 435/554/705 437/555/707 438/530/708
f 438/531/708 437/555/707 439/556/709 440/532/710
f 440/533/710 439/556/709 441/557/711 442/534/712
f 442/535/712 441/557/711 443/558/713 444/536/714
f 444/537/714 443/558/713 445/559/715 446/538/716
f 446/539/716 445/559/715 447/560/680 448/540/679
g default
v 87.745163 96.574570 -81.097404
v 87.745056 171.820206 -56.648636
v 87.745163 131.957062 -150.539581
v 87.745056 195.964874 -104.035255
v 87.745163 187.066971 -205.649261
v 87.745056 233.571289 -141.641479
v 87.745163 256.508972 -241.031799
v 87.745056 280.957947 -165.786148
v 87.745163 333.486511 -253.223846
v 87.745056 333.486511 -174.105942
v 87.745163 410.463806 -241.031799
v 87.745056 386.014893 -165.786118
v 87.745163 479.905823 -205.649185
v 87.745056 433.401459 -141.641418
v 87.745163 535.015625 -150.539566
v 87.745056 471.007812 -104.035156
v 87.745163 570.398071 -81.097366
v 87.745056 495.152435 -56.648544
v 87.745163 582.589966 -4.120108
v 87.745056 503.471985 -4.120096
v 87.745163 570.398071 72.857147
v 87.745056 495.152435 48.408356
v 87.745163 535.015625 142.299377
v 87.745056 471.007812 95.794968
v 87.745163 479.905823 197.408997
v 87.745056 433.401459 133.401154
v 87.745163 410.463806 232.791550
v 87.745056 386.014923 157.546005
v 87.745163 333.486511 244.983521
v 87.745056 333.486511 165.865616
v 87.745163 256.509094 232.791550
v 87.745056 280.958008 157.545822
v 87.745163 187.067093 197.408981
v 87.745056 233.571381 133.401184
v 87.745163 131.957413 142.299362
v 87.745056 195.964996 95.794983
v 87.745163 96.574677 72.857132
v 87.745056 171.820404 48.408371
v 87.745163 84.382919 -4.120108
v 87.745056 163.500885 -4.120098
v 169.575928 96.574570 -81.097404
v 169.575836 171.820206 -56.648636
v 169.575928 131.957062 -150.539581
v 169.575836 195.964874 -104.035255
v 169.575928 187.066971 -205.649261
v 169.575836 233.571289 -141.641479
v 169.575928 256.508972 -241.031799
v 169.575836 280.957947 -165.786148
v 169.575928 333.486511 -253.223846
v 169.575836 333.486511 -174.105942
v 169.575928 410.463806 -241.031799
v 169.575836 386.014893 -165.786118
v 169.575928 479.905823 -205.649185
v 169.575836 433.401459 -141.641418
v 169.575928 535.015625 -150.539566
v 169.575836 471.007812 -104.035156
v 169.575928 570.398071 -81.097366
v 169.575836 495.152435 -56.648544
v 169.575928 582.589966 -4.120108
v 169.575836 503.471985 -4.120096
v 169.575928 570.398071 72.857147
v 169.575836 495.152435 48.408356
v 169.575928 535.015625 142.299377
v 169.575836 471.007812 95.794968
v 169.575928 479.905823 197.408997
v 169.575836 433.401459 133.401154
v 169.575928 410.463806 232.791550
v 169.575836 386.014923 157.546005
v 169.575928 333.486511 244.983521
v 169.575836 333.486511 165.865616
v 169.575928 256.509094 232.791550
v 169.575836 280.958008 157.545822
v 169.575928 187.067093 197.408981
v 169.575836 233.571381 133.401184
v 169.575928 131.957413 142.299362
v 169.575836 195.964996 95.794983
v 169.575928 96.574677 72.857132
v 169.575836 171.820404 48.408371
v 169.575928 84.382919 -4.120108
v 169.575836 163.500885 -4.120098
v 225.029526 96.574570 -81.097404
v 225.029419 171.820206 -56.648636
v 225.029526 131.957062 -150.539581
v 225.029419 195.964874 -104.035255
v 225.029526 187.066971 -205.649261
v 225.029419 233.571289 -141.641479
v 225.029526 256.508972 -241.031799
v 225.029419 280.957947 -165.786148
v 225.029526 333.486511 -253.223846
v 225.029419 333.486511 -174.105942
v 225.029526 410.463806 -241.031799
v 225.029419 386.014893 -165.786118
v 225.029526 479.905823 -205.649185
v 225.029419 433.401459 -141.641418
v 225.029526 535.015625 -150.539566
v 225.029419 471.007812 -104.035156
v 225.029526 570.398071 -81.097366
v 225.029419 495.152435 -56.648544
v 225.029526 582.589966 -4.120108
v 225.029419 503.471985 -4.120096
v 225.029526 570.398071 72.857147
v 225.029419 495.152435 48.408356
v 225.029526 535.015625 142.299377
v 225.029419 471.007812 95.794968
v 225.029526 479.905823 197.408997
v 225.029419 433.401459 133.401154
v 225.029526 410.463806 232.791550
v 225.029419 386.014923 157.546005
v 225.029526 333.486511 244.983521
v 225.029419 333.486511 165.865616
v 225.029526 256.509094 232.791550
v 225.029419 280.958008 157.545822
v 225.029526 187.067093 197.408981
v 225.029419 233.571381 133.401184
v 225.029526 131.957413 142.299362
v 225.029419 195.964996 95.794983
v 225.029526 96.574677 72.857132
v 225.029419 171.820404 48.408371
v 225.029526 84.382919 -4.120108
v 225.029419 163.500885 -4.120098
v 275.375519 96.574570 -81.097404
v 275.375397 171.820206 -56.648636
v 275.375519 131.957062 -150.539581
v 275.375397 195.964874 -104.035255
v 275.375519 187.066971 -205.649261
v 275.375397 233.571289 -141.641479
v 275.375519 256.508972 -241.031799
v 275.375397 280.957947 -165.786148
v 275.375519 333.486511 -253.223846
v 275.375397 333.486511 -174.105942
v 275.375519 410.463806 -241.031799
v 275.375397 386.014893 -165.786118
v 275.375519 479.905823 -205.649185
v 275.375397 433.401459 -141.641418
v 275.375519 535.015625 -150.539566
v 275.375397 471.007812 -104.035156
v 275.375519 570.398071 -81.097366
v 275.375397 495.152435 -56.648544
v 275.375519 582.589966 -4.120108
v 275.375397 503.471985 -4.120096
v 275.375519 570.398071 72.857147
v 275.375397 495.152435 48.408356
v 275.375519 535.015625 142.299377
v 275.375397 471.007812 95.794968
v 275.375519 479.905823 197.408997
v 275.375397 433.401459 133.401154
v 275.375519 410.463806 232.791550
v 275.375397 386.014923 157.546005
v 275.375519 333.486511 244.983521
v 275.375397 333.486511 165.865616
v 275.375519 256.509094 232.791550
v 275.375397 280.958008 157.545822
v 275.375519 187.067093 197.408981
v 275.375397 233.571381 133.401184
v 275.375519 131.957413 142.299362
v 275.375397 195.964996 95.794983
v 275.375519 96.574677 72.857132
v 275.375397 171.820404 48.408371
v 275.375519 84.382919 -4.120108
v 275.375397 163.500885 -4.120098
v 328.542297 96.574570 -81.097404
v 328.542206 171.820206 -56.648636
v 328.542297 131.957062 -150.539581
v 328.542206 195.964874 -104.035255
v 328.542297 187.066971 -205.649261
v 328.542206 233.571289 -141.641479
v 328.542297 256.508972 -241.031799
v 328.542206 280.957947 -165.786148
v 328.542297 333.486511 -253.223846
v 328.542206 333.486511 -174.105942
v 328.542297 410.463806 -241.031799
v 328.542206 386.014893 -165.786118
v 328.542297 479.905823 -205.649185
v 328.542206 433.401459 -141.641418
v 328.542297 535.015625 -150.539566
v 328.542206 471.007812 -104.035156
v 328.542297 570.398071 -81.097366
v 328.542206 495.152435 -56.648544
v 328.542297 582.589966 -4.120108
v 328.542206 503.471985 -4.120096
v 328.542297 570.398071 72.857147
v 328.542206 495.152435 48.408356
v 328.542297 535.015625 142.299377
v 328.542206 471.007812 95.794968
v 328.542297 479.905823 197.408997
v 328.542206 433.401459 133.401154
v 328.542297 410.463806 232.791550
v 328.542206 386.014923 157.546005
v 328.542297 333.486511 244.983521
v 328.542206 333.486511 165.865616
v 328.542297 256.509094 232.791550
v 328.542206 280.958008 157.545822
v 328.542297 187.067093 197.408981
v 328.542206 233.571381 133.401184
v 328.542297 131.957413 142.299362
v 328.542206 195.964996 95.794983
v 328.542297 96.574677 72.857132
v 328.542206 171.820404 48.408371
v 328.542297 84.382919 -4.120108
v 328.542206 163.500885 -4.120098
v 381.731049 96.574570 -81.097404
v 381.730957 171.820206 -56.648636
v 381.731049 131.957062 -150.539581
v 381.730957 195.964874 -104.035255
v 381.731049 187.066971 -205.649261
v 381.730957 233.571289 -141.641479
v 381.731049 256.508972 -241.031799
v 381.730957 280.957947 -165.786148
v 381.731049 333.486511 -253.223846
v 381.730957 333.486511 -174.105942
v 381.731049 410.463806 -241.031799
v 381.730957 386.014893 -165.786118
v 381.731049 479.905823 -205.649185
v 381.730957 433.401459 -141.641418
v 381.731049 535.015625 -150.539566
v 381.730957 471.007812 -104.035156
v 381.731049 570.398071 -81.097366
v 381.730957 495.152435 -56.648544
v 381.731049 582.589966 -4.120108
v 381.730957 503.471985 -4.120096
v 381.731049 570.398071 72.857147
v 381.730957 495.152435 48.408356
v 381.731049 535.015625 142.299377
v 381.730957 471.007812 95.794968
v 381.731049 479.905823 197.408997
v 381.730957 433.401459 133.401154
v 381.731049 410.463806 232.791550
v 381.730957 386.014923 157.546005
v 381.731049 333.486511 244.983521
v 381.730957 333.486511 165.865616
v 381.731049 256.509094 232.791550
v 381.730957 280.958008 157.545822
v 381.731049 187.067093 197.408981
v 381.730957 233.571381 133.401184
v 381.731049 131.957413 142.299362
v 381.730957 195.964996 95.794983
v 381.731049 96.574677 72.857132
v 381.730957 171.820404 48.408371
v 381.731049 84.382919 -4.120108
v 381.730957 163.500885 -4.120098
v 435.918701 96.574570 -81.097404
v 435.918610 171.820206 -56.648636
v 435.918701 131.957062 -150.539581
v 435.918610 195.964874 -104.035255
v 435.918701 187.066971 -205.649261
v 435.918610 233.571289 -141.641479
v 435.918701 256.508972 -241.031799
v 435.918610 280.957947 -165.786148
v 435.918701 333.486511 -253.223846
v 435.918610 333.486511 -174.105942
v 435.918701 410.463806 -241.031799
v 435.918610 386.014893 -165.786118
v 435.918701 479.905823 -205.649185
v 435.918610 433.401459 -141.641418
v 435.918701 535.015625 -150.539566
v 435.918610 471.007812 -104.035156
v 435.918701 570.398071 -81.097366
v 435.918610 495.152435 -56.648544
v 435.918701 582.589966 -4.120108
v 435.918610 503.471985 -4.120096
v 435.918701 570.398071 72.857147
v 435.918610 495.152435 48.408356
v 435.918701 535.015625 142.299377
v 435.918610 471.007812 95.794968
v 435.918701 479.905823 197.408997
v 435.918610 433.401459 133.401154
v 435.918701 410.463806 232.791550
v 435.918610 386.014923 157.546005
v 435.918701 333.486511 244.983521
v 435.918610 333.486511 165.865616
v 435.918701 256.509094 232.791550
v 435.918610 280.958008 157.545822
v 435.918701 187.067093 197.408981
v 435.918610 233.571381 133.401184
v 435.918701 131.957413 142.299362
v 435.918610 195.964996 95.794983
v 435.918701 96.574677 72.857132
v 435.918610 171.820404 48.408371
v 435.918701 84.382919 -4.120108
v 435.918610 163.500885 -4.120098
v 490.647644 96.574570 -81.097404
v 490.647522 171.820206 -56.648636
v 490.647644 131.957062 -150.539581
v 490.647522 195.964874 -104.035255
v 490.647644 187.066971 -205.649261
v 490.647522 233.571289 -141.641479
v 490.647644 256.508972 -241.031799
v 490.647522 280.957947 -165.786148
v 490.647644 333.486511 -253.223846
v 490.647522 333.486511 -174.105942
v 490.647644 410.463806 -241.031799
v 490.647522 386.014893 -165.786118
v 490.647644 479.905823 -205.649185
v 490.647522 433.401459 -141.641418
v 490.647644 535.015625 -150.539566
v 490.647522 471.007812 -104.035156
v 490.647644 570.398071 -81.097366
v 490.647522 495.152435 -56.648544
v 490.647644 582.589966 -4.120108
v 490.647522 503.471985 -4.120096
v 490.647644 570.398071 72.857147
v 490.647522 495.152435 48.408356
v 490.647644 535.015625 142.299377
v 490.647522 471.007812 95.794968
v 490.647644 479.905823 197.408997
v 490.647522 433.401459 133.401154
v 490.647644 410.463806 232.791550
v 490.647522 386.014923 157.546005
v 490.647644 333.486511 244.983521
v 490.647522 333.486511 165.865616
v 490.647644 256.509094 232.791550
v 490.647522 280.958008 157.545822
v 490.647644 187.067093 197.408981
v 490.647522 233.571381 133.401184
v 490.647644 131.957413 142.299362
v 490.647522 195.964996 95.794983
v 490.647644 96.574677 72.857132
v 490.647522 171.820404 48.408371
v 490.647644 84.382919 -4.120108
v 490.647522 163.500885 -4.120098
v 581.664001 64.736572 -91.442184
v 581.663879 172.227615 -56.516258
v 581.664001 104.874039 -170.216522
v 581.663879 196.311432 -103.783470
v 581.664001 167.390030 -232.732254
v 581.663879 233.823059 -141.294922
v 581.664001 246.164169 -272.869751
v 581.663879 281.090332 -165.378769
v 581.664001 333.486511 -286.700256
v 581.663879 333.486511 -173.677567
v 581.664001 420.808594 -272.869751
v 581.663879 385.882507 -165.378708
v 581.664001 499.582703 -232.732162
v 581.663879 433.149658 -141.294861
v 581.664001 562.098572 -170.216492
v 581.663879 470.661194 -103.783356
v 581.664001 602.236023 -91.442139
v 581.663879 494.745026 -56.516174
v 581.664001 616.066345 -4.120100
v 581.663879 503.043640 -4.120096
v 581.664001 602.236023 83.201935
v 581.663879 494.745026 48.275986
v 581.664001 562.098572 161.976318
v 581.663879 470.661194 95.543175
v 581.664001 499.582703 224.491974
v 581.663879 433.149658 133.054596
v 581.664001 420.808594 264.629517
v 581.663879 385.882538 157.138580
v 581.664001 333.486511 278.459930
v 581.663879 333.486511 165.437225
v 581.664001 246.164307 264.629517
v 581.663879 281.090363 157.138428
v 581.664001 167.390167 224.491959
v 581.663879 233.823181 133.054611
v 581.664001 104.874435 161.976288
v 581.663879 196.311554 95.543190
v 581.664001 64.736694 83.201920
v 581.663879 172.227798 48.275997
v 581.664001 50.906525 -4.120100
v 581.663879 163.929245 -4.120098
v 532.218262 64.736572 -91.442184
v 532.218140 150.094284 -63.707798
v 532.218262 104.874039 -170.216522
v 532.218140 177.483688 -117.462593
v 532.218262 167.390030 -232.732254
v 532.218140 220.143921 -160.122620
v 532.218262 246.164169 -272.869751
v 532.218140 273.898773 -187.512039
v 532.218262 333.486511 -286.700256
v 532.218140 333.486511 -196.949905
v 532.218262 420.808594 -272.869751
v 532.218140 393.074036 -187.511993
v 532.218262 499.582703 -232.732162
v 532.218140 446.828796 -160.122559
v 532.218262 562.098572 -170.216492
v 532.218140 489.488922 -117.462471
v 532.218262 602.236023 -91.442139
v 532.218140 516.878296 -63.707703
v 532.218262 616.066345 -4.120100
v 532.218140 526.315918 -4.120086
v 532.218262 602.236023 83.201935
v 532.218140 516.878296 55.467533
v 532.218262 562.098572 161.976318
v 532.218140 489.488922 109.222305
v 532.218262 499.582703 224.491974
v 532.218140 446.828766 151.882294
v 532.218262 420.808594 264.629517
v 532.218140 393.074097 179.271896
v 532.218262 333.486511 278.459930
v 532.218140 333.486511 188.709564
v 532.218262 246.164307 264.629517
v 532.218140 273.898834 179.271698
v 532.218262 167.390167 224.491959
v 532.218140 220.144043 151.882324
v 532.218262 104.874435 161.976288
v 532.218140 177.483826 109.222321
v 532.218262 64.736694 83.201920
v 532.218140 150.094513 55.467552
v 532.218262 50.906525 -4.120100
v 532.218140 140.656952 -4.120089
v 698.004761 64.736572 -91.442184
v 698.004639 128.278275 -70.796257
v 698.004761 104.874039 -170.216522
v 698.004639 158.925873 -130.945602
v 698.004761 167.390030 -232.732254
v 698.004639 206.660889 -178.680420
v 698.004761 246.164169 -272.869751
v 698.004639 266.810333 -209.328033
v 698.004761 333.486511 -286.700256
v 698.004639 333.486542 -219.888611
v 698.004761 420.808594 -272.869751
v 698.004639 400.162476 -209.327988
v 698.004761 499.582703 -232.732162
v 698.004639 460.311798 -178.680328
v 698.004761 562.098572 -170.216492
v 698.004639 508.046722 -130.945480
v 698.004761 602.236023 -91.442139
v 698.004639 538.694336 -70.796143
v 698.004761 616.066345 -4.120100
v 698.004639 549.254578 -4.120076
v 698.004761 602.236023 83.201935
v 698.004639 538.694336 62.555988
v 698.004761 562.098572 161.976318
v 698.004639 508.046722 122.705338
v 698.004761 499.582703 224.491974
v 698.004639 460.311798 170.440094
v 698.004761 420.808594 264.629517
v 698.004639 400.162537 201.087891
v 698.004761 333.486511 278.459930
v 698.004639 333.486542 211.648270
v 698.004761 246.164307 264.629517
v 698.004639 266.810394 201.087692
v 698.004761 167.390167 224.491959
v 698.004639 206.661026 170.440125
v 698.004761 104.874435 161.976288
v 698.004639 158.926025 122.705360
v 698.004761 64.736694 83.201920
v 698.004639 128.278503 62.556004
v 698.004761 50.906525 -4.120100
v 698.004639 117.718277 -4.120080
vt 0.625000 0.684727
vt 0.624875 0.688440
vt 0.612625 0.688440
vt 0.375125 0.688440
vt 0.387375 0.688440
vt 0.387625 0.688440
vt 0.399875 0.688440
vt 0.400125 0.688440
vt 0.412375 0.688440
vt 0.412625 0.688440
vt 0.424875 0.688440
vt 0.425125 0.688440
vt 0.437375 0.688440
vt 0.437625 0.688440
vt 0.449875 0.688440
vt 0.450125 0.688440
vt 0.462375 0.688440
vt 0.462625 0.688440
vt 0.474875 0.688440
vt 0.475125 0.688440
vt 0.487375 0.688440
vt 0.487625 0.688440
vt 0.499875 0.688440
vt 0.500125 0.688440
vt 0.512375 0.688440
vt 0.512625 0.688440
vt 0.524875 0.688440
vt 0.525125 0.688440
vt 0.537375 0.688440
vt 0.537625 0.688440
vt 0.549875 0.688440
vt 0.550125 0.688440
vt 0.562375 0.688440
vt 0.562625 0.688440
vt 0.574875 0.688440
vt 0.575125 0.688440
vt 0.587375 0.688440
vt 0.587625 0.688440
vt 0.599875 0.688440
vt 0.600125 0.688440
vt 0.612375 0.688440
vt 0.375000 0.684727
vt 0.387500 0.684727
vt 0.400000 0.684727
vt 0.412500 0.684727
vt 0.425000 0.684727
vt 0.437500 0.684727
vt 0.450000 0.684727
vt 0.462500 0.684727
vt 0.475000 0.684727
vt 0.487500 0.684727
vt 0.500000 0.684727
vt 0.512500 0.684727
vt 0.525000 0.684727
vt 0.537500 0.684726
vt 0.550000 0.684727
vt 0.562500 0.684727
vt 0.575000 0.684727
vt 0.587500 0.684727
vt 0.600000 0.684727
vt 0.612500 0.684727
vt 0.625000 0.684727
vt 0.624875 0.688440
vt 0.612625 0.688440
vt 0.612500 0.684727
vt 0.375125 0.688440
vt 0.375000 0.684727
vt 0.387500 0.684727
vt 0.387375 0.688440
vt 0.387625 0.688440
vt 0.400000 0.684727
vt 0.399875 0.688440
vt 0.400125 0.688440
vt 0.412500 0.684727
vt 0.412375 0.688440
vt 0.412625 0.688440
vt 0.425000 0.684727
vt 0.424875 0.688440
vt 0.425125 0.688440
vt 0.437500 0.684727
vt 0.437375 0.688440
vt 0.437625 0.688440
vt 0.450000 0.684727
vt 0.449875 0.688440
vt 0.450125 0.688440
vt 0.462500 0.684727
vt 0.462375 0.688440
vt 0.462625 0.688440
vt 0.475000 0.684727
vt 0.474875 0.688440
vt 0.475125 0.688440
vt 0.487500 0.684727
vt 0.487375 0.688440
vt 0.487625 0.688440
vt 0.500000 0.684727
vt 0.499875 0.688440
vt 0.500125 0.688440
vt 0.512500 0.684727
vt 0.512375 0.688440
vt 0.512625 0.688440
vt 0.525000 0.684727
vt 0.524875 0.688440
vt 0.525125 0.688440
vt 0.537500 0.684726
vt 0.537375 0.688440
vt 0.537625 0.688440
vt 0.550000 0.684727
vt 0.549875 0.688440
vt 0.550125 0.688440
vt 0.562500 0.684727
vt 0.562375 0.688440
vt 0.562625 0.688440
vt 0.575000 0.684727
vt 0.574875 0.688440
vt 0.575125 0.688440
vt 0.587500 0.684727
vt 0.587375 0.688440
vt 0.587625 0.688440
vt 0.600000 0.684727
vt 0.599875 0.688440
vt 0.600125 0.688440
vt 0.612375 0.688440
vt 0.625000 0.684727
vt 0.624875 0.688440
vt 0.612625 0.688440
vt 0.612500 0.684727
vt 0.375125 0.688440
vt 0.375000 0.684727
vt 0.387500 0.684727
vt 0.387375 0.688440
vt 0.387625 0.688440
vt 0.400000 0.684727
vt 0.399875 0.688440
vt 0.400125 0.688440
vt 0.412500 0.684727
vt 0.412375 0.688440
vt 0.412625 0.688440
vt 0.425000 0.684727
vt 0.424875 0.688440
vt 0.425125 0.688440
vt 0.437500 0.684727
vt 0.437375 0.688440
vt 0.437625 0.688440
vt 0.450000 0.684727
vt 0.449875 0.688440
vt 0.450125 0.688440
vt 0.462500 0.684727
vt 0.462375 0.688440
vt 0.462625 0.688440
vt 0.475000 0.684727
vt 0.474875 0.688440
vt 0.475125 0.688440
vt 0.487500 0.684727
vt 0.487375 0.688440
vt 0.487625 0.688440
vt 0.500000 0.684727
vt 0.499875 0.688440
vt 0.500125 0.688440
vt 0.512500 0.684727
vt 0.512375 0.688440
vt 0.512625 0.688440
vt 0.525000 0.684727
vt 0.524875 0.688440
vt 0.525125 0.688440
vt 0.537500 0.684726
vt 0.537375 0.688440
vt 0.537625 0.688440
vt 0.550000 0.684727
vt 0.549875 0.688440
vt 0.550125 0.688440
vt 0.562500 0.684727
vt 0.562375 0.688440
vt 0.562625 0.688440
vt 0.575000 0.684727
vt 0.574875 0.688440
vt 0.575125 0.688440
vt 0.587500 0.684727
vt 0.587375 0.688440
vt 0.587625 0.688440
vt 0.600000 0.684727
vt 0.599875 0.688440
vt 0.600125 0.688440
vt 0.612375 0.688440
vt 0.625000 0.684727
vt 0.624875 0.688440
vt 0.612625 0.688440
vt 0.612500 0.684727
vt 0.375125 0.688440
vt 0.375000 0.684727
vt 0.387500 0.684727
vt 0.387375 0.688440
vt 0.387625 0.688440
vt 0.400000 0.684727
vt 0.399875 0.688440
vt 0.400125 0.688440
vt 0.412500 0.684727
vt 0.412375 0.688440
vt 0.412625 0.688440
vt 0.425000 0.684727
vt 0.424875 0.688440
vt 0.425125 0.688440
vt 0.437500 0.684727
vt 0.437375 0.688440
vt 0.437625 0.688440
vt 0.450000 0.684727
vt 0.449875 0.688440
vt 0.450125 0.688440
vt 0.462500 0.684727
vt 0.462375 0.688440
vt 0.462625 0.688440
vt 0.475000 0.684727
vt 0.474875 0.688440
vt 0.475125 0.688440
vt 0.487500 0.684727
vt 0.487375 0.688440
vt 0.487625 0.688440
vt 0.500000 0.684727
vt 0.499875 0.688440
vt 0.500125 0.688440
vt 0.512500 0.684727
vt 0.512375 0.688440
vt 0.512625 0.688440
vt 0.525000 0.684727
vt 0.524875 0.688440
vt 0.525125 0.688440
vt 0.537500 0.684726
vt 0.537375 0.688440
vt 0.537625 0.688440
vt 0.550000 0.684727
vt 0.549875 0.688440
vt 0.550125 0.688440
vt 0.562500 0.684727
vt 0.562375 0.688440
vt 0.562625 0.688440
vt 0.575000 0.684727
vt 0.574875 0.688440
vt 0.575125 0.688440
vt 0.587500 0.684727
vt 0.587375 0.688440
vt 0.587625 0.688440
vt 0.600000 0.684727
vt 0.599875 0.688440
vt 0.600125 0.688440
vt 0.612375 0.688440
vt 0.625000 0.684727
vt 0.624875 0.688440
vt 0.612625 0.688440
vt 0.612500 0.684727
vt 0.375125 0.688440
vt 0.375000 0.684727
vt 0.387500 0.684727
vt 0.387375 0.688440
vt 0.387625 0.688440
vt 0.400000 0.684727
vt 0.399875 0.688440
vt 0.400125 0.688440
vt 0.412500 0.684727
vt 0.412375 0.688440
vt 0.412625 0.688440
vt 0.425000 0.684727
vt 0.424875 0.688440
vt 0.425125 0.688440
vt 0.437500 0.684727
vt 0.437375 0.688440
vt 0.437625 0.688440
vt 0.450000 0.684727
vt 0.449875 0.688440
vt 0.450125 0.688440
vt 0.462500 0.684727
vt 0.462375 0.688440
vt 0.462625 0.688440
vt 0.475000 0.684727
vt 0.474875 0.688440
vt 0.475125 0.688440
vt 0.487500 0.684727
vt 0.487375 0.688440
vt 0.487625 0.688440
vt 0.500000 0.684727
vt 0.499875 0.688440
vt 0.500125 0.688440
vt 0.512500 0.684727
vt 0.512375 0.688440
vt 0.512625 0.688440
vt 0.525000 0.684727
vt 0.524875 0.688440
vt 0.525125 0.688440
vt 0.537500 0.684726
vt 0.537375 0.688440
vt 0.537625 0.688440
vt 0.550000 0.684727
vt 0.549875 0.688440
vt 0.550125 0.688440
vt 0.562500 0.684727
vt 0.562375 0.688440
vt 0.562625 0.688440
vt 0.575000 0.684727
vt 0.574875 0.688440
vt 0.575125 0.688440
vt 0.587500 0.684727
vt 0.587375 0.688440
vt 0.587625 0.688440
vt 0.600000 0.684727
vt 0.599875 0.688440
vt 0.600125 0.688440
vt 0.612375 0.688440
vt 0.625000 0.684727
vt 0.624875 0.688440
vt 0.612625 0.688440
vt 0.612500 0.684727
vt 0.375125 0.688440
vt 0.375000 0.684727
vt 0.387500 0.684727
vt 0.387375 0.688440
vt 0.387625 0.688440
vt 0.400000 0.684727
vt 0.399875 0.688440
vt 0.400125 0.688440
vt 0.412500 0.684727
vt 0.412375 0.688440
vt 0.412625 0.688440
vt 0.425000 0.684727
vt 0.424875 0.688440
vt 0.425125 0.688440
vt 0.437500 0.684727
vt 0.437375 0.688440
vt 0.437625 0.688440
vt 0.450000 0.684727
vt 0.449875 0.688440
vt 0.450125 0.688440
vt 0.462500 0.684727
vt 0.462375 0.688440
vt 0.462625 0.688440
vt 0.475000 0.684727
vt 0.474875 0.688440
vt 0.475125 0.688440
vt 0.487500 0.684727
vt 0.487375 0.688440
vt 0.487625 0.688440
vt 0.500000 0.684727
vt 0.499875 0.688440
vt 0.500125 0.688440
vt 0.512500 0.684727
vt 0.512375 0.688440
vt 0.512625 0.688440
vt 0.525000 0.684727
vt 0.524875 0.688440
vt 0.525125 0.688440
vt 0.537500 0.684726
vt 0.537375 0.688440
vt 0.537625 0.688440
vt 0.550000 0.684727
vt 0.549875 0.688440
vt 0.550125 0.688440
vt 0.562500 0.684727
vt 0.562375 0.688440
vt 0.562625 0.688440
vt 0.575000 0.684727
vt 0.574875 0.688440
vt 0.575125 0.688440
vt 0.587500 0.684727
vt 0.587375 0.688440
vt 0.587625 0.688440
vt 0.600000 0.684727
vt 0.599875 0.688440
vt 0.600125 0.688440
vt 0.612375 0.688440
vt 0.625000 0.684727
vt 0.624875 0.688440
vt 0.612625 0.688440
vt 0.612500 0.684727
vt 0.375125 0.688440
vt 0.375000 0.684727
vt 0.387500 0.684727
vt 0.387375 0.688440
vt 0.387625 0.688440
vt 0.400000 0.684727
vt 0.399875 0.688440
vt 0.400125 0.688440
vt 0.412500 0.684727
vt 0.412375 0.688440
vt 0.412625 0.688440
vt 0.425000 0.684727
vt 0.424875 0.688440
vt 0.425125 0.688440
vt 0.437500 0.684727
vt 0.437375 0.688440
vt 0.437625 0.688440
vt 0.450000 0.684727
vt 0.449875 0.688440
vt 0.450125 0.688440
vt 0.462500 0.684727
vt 0.462375 0.688440
vt 0.462625 0.688440
vt 0.475000 0.684727
vt 0.474875 0.688440
vt 0.475125 0.688440
vt 0.487500 0.684727
vt 0.487375 0.688440
vt 0.487625 0.688440
vt 0.500000 0.684727
vt 0.499875 0.688440
vt 0.500125 0.688440
vt 0.512500 0.684727
vt 0.512375 0.688440
vt 0.512625 0.688440
vt 0.525000 0.684727
vt 0.524875 0.688440
vt 0.525125 0.688440
vt 0.537500 0.684726
vt 0.537375 0.688440
vt 0.537625 0.688440
vt 0.550000 0.684727
vt 0.549875 0.688440
vt 0.550125 0.688440
vt 0.562500 0.684727
vt 0.562375 0.688440
vt 0.562625 0.688440
vt 0.575000 0.684727
vt 0.574875 0.688440
vt 0.575125 0.688440
vt 0.587500 0.684727
vt 0.587375 0.688440
vt 0.587625 0.688440
vt 0.600000 0.684727
vt 0.599875 0.688440
vt 0.600125 0.688440
vt 0.612375 0.688440
vt 0.625000 0.684727
vt 0.624875 0.688440
vt 0.612625 0.688440
vt 0.612500 0.684727
vt 0.375125 0.688440
vt 0.375000 0.684727
vt 0.387500 0.684727
vt 0.387375 0.688440
vt 0.387625 0.688440
vt 0.400000 0.684727
vt 0.399875 0.688440
vt 0.400125 0.688440
vt 0.412500 0.684727
vt 0.412375 0.688440
vt 0.412625 0.688440
vt 0.425000 0.684727
vt 0.424875 0.688440
vt 0.425125 0.688440
vt 0.437500 0.684727
vt 0.437375 0.688440
vt 0.437625 0.688440
vt 0.450000 0.684727
vt 0.449875 0.688440
vt 0.450125 0.688440
vt 0.462500 0.684727
vt 0.462375 0.688440
vt 0.462625 0.688440
vt 0.475000 0.684727
vt 0.474875 0.688440
vt 0.475125 0.688440
vt 0.487500 0.684727
vt 0.487375 0.688440
vt 0.487625 0.688440
vt 0.500000 0.684727
vt 0.499875 0.688440
vt 0.500125 0.688440
vt 0.512500 0.684727
vt 0.512375 0.688440
vt 0.512625 0.688440
vt 0.525000 0.684727
vt 0.524875 0.688440
vt 0.525125 0.688440
vt 0.537500 0.684726
vt 0.537375 0.688440
vt 0.537625 0.688440
vt 0.550000 0.684727
vt 0.549875 0.688440
vt 0.550125 0.688440
vt 0.562500 0.684727
vt 0.562375 0.688440
vt 0.562625 0.688440
vt 0.575000 0.684727
vt 0.574875 0.688440
vt 0.575125 0.688440
vt 0.587500 0.684727
vt 0.587375 0.688440
vt 0.587625 0.688440
vt 0.600000 0.684727
vt 0.599875 0.688440
vt 0.600125 0.688440
vt 0.612375 0.688440
vt 0.625000 0.684727
vt 0.624875 0.688440
vt 0.612625 0.688440
vt 0.612500 0.684727
vt 0.375125 0.688440
vt 0.375000 0.684727
vt 0.387500 0.684727
vt 0.387375 0.688440
vt 0.387625 0.688440
vt 0.400000 0.684727
vt 0.399875 0.688440
vt 0.400125 0.688440
vt 0.412500 0.684727
vt 0.412375 0.688440
vt 0.412625 0.688440
vt 0.425000 0.684727
vt 0.424875 0.688440
vt 0.425125 0.688440
vt 0.437500 0.684727
vt 0.437375 0.688440
vt 0.437625 0.688440
vt 0.450000 0.684727
vt 0.449875 0.688440
vt 0.450125 0.688440
vt 0.462500 0.684727
vt 0.462375 0.688440
vt 0.462625 0.688440
vt 0.475000 0.684727
vt 0.474875 0.688440
vt 0.475125 0.688440
vt 0.487500 0.684727
vt 0.487375 0.688440
vt 0.487625 0.688440
vt 0.500000 0.684727
vt 0.499875 0.688440
vt 0.500125 0.688440
vt 0.512500 0.684727
vt 0.512375 0.688440
vt 0.512625 0.688440
vt 0.525000 0.684727
vt 0.524875 0.688440
vt 0.525125 0.688440
vt 0.537500 0.684726
vt 0.537375 0.688440
vt 0.537625 0.688440
vt 0.550000 0.684727
vt 0.549875 0.688440
vt 0.550125 0.688440
vt 0.562500 0.684727
vt 0.562375 0.688440
vt 0.562625 0.688440
vt 0.575000 0.684727
vt 0.574875 0.688440
vt 0.575125 0.688440
vt 0.587500 0.684727
vt 0.587375 0.688440
vt 0.587625 0.688440
vt 0.600000 0.684727
vt 0.599875 0.688440
vt 0.600125 0.688440
vt 0.612375 0.688440
vt 0.625000 0.684727
vt 0.624875 0.688440
vt 0.612625 0.688440
vt 0.612500 0.684727
vt 0.375125 0.688440
vt 0.375000 0.684727
vt 0.387500 0.684727
vt 0.387375 0.688440
vt 0.387625 0.688440
vt 0.400000 0.684727
vt 0.399875 0.688440
vt 0.400125 0.688440
vt 0.412500 0.684727
vt 0.412375 0.688440
vt 0.412625 0.688440
vt 0.425000 0.684727
vt 0.424875 0.688440
vt 0.425125 0.688440
vt 0.437500 0.684727
vt 0.437375 0.688440
vt 0.437625 0.688440
vt 0.450000 0.684727
vt 0.449875 0.688440
vt 0.450125 0.688440
vt 0.462500 0.684727
vt 0.462375 0.688440
vt 0.462625 0.688440
vt 0.475000 0.684727
vt 0.474875 0.688440
vt 0.475125 0.688440
vt 0.487500 0.684727
vt 0.487375 0.688440
vt 0.487625 0.688440
vt 0.500000 0.684727
vt 0.499875 0.688440
vt 0.500125 0.688440
vt 0.512500 0.684727
vt 0.512375 0.688440
vt 0.512625 0.688440
vt 0.525000 0.684727
vt 0.524875 0.688440
vt 0.525125 0.688440
vt 0.537500 0.684726
vt 0.537375 0.688440
vt 0.537625 0.688440
vt 0.550000 0.684727
vt 0.549875 0.688440
vt 0.550125 0.688440
vt 0.562500 0.684727
vt 0.562375 0.688440
vt 0.562625 0.688440
vt 0.575000 0.684727
vt 0.574875 0.688440
vt 0.575125 0.688440
vt 0.587500 0.684727
vt 0.587375 0.688440
vt 0.587625 0.688440
vt 0.600000 0.684727
vt 0.599875 0.688440
vt 0.600125 0.688440
vt 0.612375 0.688440
vt 0.625000 0.684727
vt 0.624875 0.688440
vt 0.612625 0.688440
vt 0.612500 0.684727
vt 0.375125 0.688440
vt 0.375000 0.684727
vt 0.387500 0.684727
vt 0.387375 0.688440
vt 0.387625 0.688440
vt 0.400000 0.684727
vt 0.399875 0.688440
vt 0.400125 0.688440
vt 0.412500 0.684727
vt 0.412375 0.688440
vt 0.412625 0.688440
vt 0.425000 0.684727
vt 0.424875 0.688440
vt 0.425125 0.688440
vt 0.437500 0.684727
vt 0.437375 0.688440
vt 0.437625 0.688440
vt 0.450000 0.684727
vt 0.449875 0.688440
vt 0.450125 0.688440
vt 0.462500 0.684727
vt 0.462375 0.688440
vt 0.462625 0.688440
vt 0.475000 0.684727
vt 0.474875 0.688440
vt 0.475125 0.688440
vt 0.487500 0.684727
vt 0.487375 0.688440
vt 0.487625 0.688440
vt 0.500000 0.684727
vt 0.499875 0.688440
vt 0.500125 0.688440
vt 0.512500 0.684727
vt 0.512375 0.688440
vt 0.512625 0.688440
vt 0.525000 0.684727
vt 0.524875 0.688440
vt 0.525125 0.688440
vt 0.537500 0.684726
vt 0.537375 0.688440
vt 0.537625 0.688440
vt 0.550000 0.684727
vt 0.549875 0.688440
vt 0.550125 0.688440
vt 0.562500 0.684727
vt 0.562375 0.688440
vt 0.562625 0.688440
vt 0.575000 0.684727
vt 0.574875 0.688440
vt 0.575125 0.688440
vt 0.587500 0.684727
vt 0.587375 0.688440
vt 0.587625 0.688440
vt 0.600000 0.684727
vt 0.599875 0.688440
vt 0.600125 0.688440
vt 0.612375 0.688440
vn 1.000000 0.000001 0.000000
vn 1.000000 0.000001 0.000000
vn 1.000000 0.000001 -0.000000
vn 1.000000 0.000001 -0.000000
vn 1.000000 0.000001 0.000001
vn 1.000000 0.000001 0.000001
vn 1.000000 0.000001 0.000001
vn 1.000000 0.000001 0.000001
vn 1.000000 0.000000 0.000001
vn 1.000000 0.000000 0.000001
vn 1.000000 0.000000 0.000001
vn 1.000000 0.000000 0.000001
vn 1.000000 -0.000000 0.000001
vn 1.000000 -0.000000 0.000001
vn 1.000000 -0.000001 0.000001
vn 1.000000 -0.000001 0.000001
vn 1.000000 -0.000001 0.000001
vn 1.000000 -0.000001 0.000001
vn 1.000000 -0.000001 0.000000
vn 1.000000 -0.000001 0.000000
vn 1.000000 -0.000001 0.000000
vn 1.000000 -0.000001 -0.000000
vn 1.000000 -0.000001 -0.000000
vn 1.000000 -0.000001 -0.000000
vn 1.000000 -0.000001 -0.000001
vn 1.000000 -0.000001 -0.000001
vn 1.000000 -0.000001 -0.000001
vn 1.000000 -0.000001 -0.000001
vn 1.000000 -0.000000 -0.000001
vn 1.000000 -0.000000 -0.000001
vn 1.000000 0.000000 -0.000001
vn 1.000000 0.000000 -0.000001
vn 1.000000 0.000000 -0.000001
vn 1.000000 0.000000 -0.000001
vn 1.000000 0.000001 -0.000001
vn 1.000000 0.000001 -0.000001
vn 1.000000 0.000001 -0.000001
vn 1.000000 0.000001 -0.000001
vn 1.000000 0.000001 -0.000000
vn 1.000000 0.000001 -0.000000
vn 1.000000 0.000001 0.000000
vn 1.000000 0.000001 0.000000
vn 1.000000 0.000001 -0.000000
vn 1.000000 0.000001 -0.000000
vn 1.000000 0.000001 0.000001
vn 1.000000 0.000001 0.000001
vn 1.000000 0.000001 0.000001
vn 1.000000 0.000001 0.000001
vn 1.000000 0.000000 0.000001
vn 1.000000 0.000000 0.000001
vn 1.000000 0.000000 0.000001
vn 1.000000 0.000000 0.000001
vn 1.000000 -0.000000 0.000001
vn 1.000000 -0.000000 0.000001
vn 1.000000 -0.000001 0.000001
vn 1.000000 -0.000001 0.000001
vn 1.000000 -0.000001 0.000001
vn 1.000000 -0.000001 0.000001
vn 1.000000 -0.000001 0.000000
vn 1.000000 -0.000001 0.000000
vn 1.000000 -0.000001 0.000000
vn 1.000000 -0.000001 -0.000000
vn 1.000000 -0.000001 -0.000000
vn 1.000000 -0.000001 -0.000000
vn 1.000000 -0.000001 -0.000001
vn 1.000000 -0.000001 -0.000001
vn 1.000000 -0.000001 -0.000001
vn 1.000000 -0.000001 -0.000001
vn 1.000000 -0.000000 -0.000001
vn 1.000000 -0.000000 -0.000001
vn 1.000000 0.000000 -0.000001
vn 1.000000 0.000000 -0.000001
vn 1.000000 0.000000 -0.000001
vn 1.000000 0.000000 -0.000001
vn 1.000000 0.000001 -0.000001
vn 1.000000 0.000001 -0.000001
vn 1.000000 0.000001 -0.000001
vn 1.000000 0.000001 -0.000001
vn 1.000000 0.000001 -0.000000
vn 1.000000 0.000001 -0.000000
vn 1.000000 0.000001 0.000000
vn 1.000000 0.000001 0.000000
vn 1.000000 0.000001 -0.000000
vn 1.000000 0.000001 -0.000000
vn 1.000000 0.000001 0.000001
vn 1.000000 0.000001 0.000001
vn 1.000000 0.000001 0.000001
vn 1.000000 0.000001 0.000001
vn 1.000000 0.000000 0.000001
vn 1.000000 0.000000 0.000001
vn 1.000000 0.000000 0.000001
vn 1.000000 0.000000 0.000001
vn 1.000000 -0.000000 0.000001
vn 1.000000 -0.000000 0.000001
vn 1.000000 -0.000001 0.000001
vn 1.000000 -0.000001 0.000001
vn 1.000000 -0.000001 0.000001
vn 1.000000 -0.000001 0.000001
vn 1.000000 -0.000001 0.000000
vn 1.000000 -0.000001 0.000000
vn 1.000000 -0.000002 0.000000
vn 1.000000 -0.000002 -0.000000
vn 1.000000 -0.000001 -0.000000
vn 1.000000 -0.000001 -0.000000
vn 1.000000 -0.000001 -0.000001
vn 1.000000 -0.000001 -0.000001
vn 1.000000 -0.000001 -0.000001
vn 1.000000 -0.000001 -0.000001
vn 1.000000 -0.000000 -0.000001
vn 1.000000 -0.000000 -0.000001
vn 1.000000 0.000000 -0.000001
vn 1.000000 0.000000 -0.000001
vn 1.000000 0.000000 -0.000001
vn 1.000000 0.000000 -0.000001
vn 1.000000 0.000001 -0.000001
vn 1.000000 0.000001 -0.000001
vn 1.000000 0.000001 -0.000001
vn 1.000000 0.000001 -0.000001
vn 1.000000 0.000001 -0.000000
vn 1.000000 0.000001 -0.000000
vn 1.000000 0.000001 0.000000
vn 1.000000 0.000001 0.000000
vn 1.000000 0.000001 -0.000000
vn 1.000000 0.000001 -0.000000
vn 1.000000 0.000001 0.000001
vn 1.000000 0.000001 0.000001
vn 1.000000 0.000001 0.000001
vn 1.000000 0.000001 0.000001
vn 1.000000 0.000000 0.000001
vn 1.000000 0.000000 0.000001
vn 1.000000 -0.000000 0.000002
vn 1.000000 -0.000000 0.000002
vn 1.000000 -0.000000 0.000001
vn 1.000000 -0.000000 0.000001
vn 1.000000 -0.000001 0.000001
vn 1.000000 -0.000001 0.000001
vn 1.000000 -0.000001 0.000001
vn 1.000000 -0.000001 0.000001
vn 1.000000 -0.000001 0.000000
vn 1.000000 -0.000001 0.000000
vn 1.000000 -0.000001 0.000000
vn 1.000000 -0.000001 -0.000000
vn 1.000000 -0.000001 -0.000000
vn 1.000000 -0.000001 -0.000000
vn 1.000000 -0.000001 -0.000001
vn 1.000000 -0.000001 -0.000001
vn 1.000000 -0.000001 -0.000001
vn 1.000000 -0.000001 -0.000001
vn 1.000000 -0.000001 -0.000001
vn 1.000000 -0.000001 -0.000001
vn 1.000000 0.000000 -0.000002
vn 1.000000 0.000000 -0.000002
vn 1.000000 0.000001 -0.000001
vn 1.000000 0.000001 -0.000001
vn 1.000000 0.000001 -0.000001
vn 1.000000 0.000001 -0.000001
vn 1.000000 0.000001 -0.000001
vn 1.000000 0.000001 -0.000001
vn 1.000000 0.000001 -0.000000
vn 1.000000 0.000001 -0.000000
vn 1.000000 0.000001 0.000000
vn 1.000000 0.000001 0.000000
vn 1.000000 0.000001 -0.000000
vn 1.000000 0.000001 -0.000000
vn 1.000000 0.000001 0.000001
vn 1.000000 0.000001 0.000001
vn 1.000000 0.000001 0.000001
vn 1.000000 0.000001 0.000001
vn 1.000000 0.000000 0.000001
vn 1.000000 0.000000 0.000001
vn 1.000000 0.000000 0.000001
vn 1.000000 0.000000 0.000001
vn 1.000000 -0.000000 0.000001
vn 1.000000 -0.000000 0.000001
vn 1.000000 -0.000001 0.000001
vn 1.000000 -0.000001 0.000001
vn 1.000000 -0.000001 0.000001
vn 1.000000 -0.000001 0.000001
vn 1.000000 -0.000001 0.000000
vn 1.000000 -0.000001 0.000000
vn 1.000000 -0.000001 0.000000
vn 1.000000 -0.000001 -0.000000
vn 1.000000 -0.000001 -0.000000
vn 1.000000 -0.000001 -0.000000
vn 1.000000 -0.000001 -0.000001
vn 1.000000 -0.000001 -0.000001
vn 1.000000 -0.000001 -0.000001
vn 1.000000 -0.000001 -0.000001
vn 1.000000 -0.000000 -0.000001
vn 1.000000 -0.000000 -0.000001
vn 1.000000 0.000000 -0.000001
vn 1.000000 0.000000 -0.000001
vn 1.000000 0.000000 -0.000001
vn 1.000000 0.000000 -0.000001
vn 1.000000 0.000001 -0.000001
vn 1.000000 0.000001 -0.000001
vn 1.000000 0.000001 -0.000001
vn 1.000000 0.000001 -0.000001
vn 1.000000 0.000001 -0.000000
vn 1.000000 0.000001 -0.000000
vn 1.000000 0.000001 0.000000
vn 1.000000 0.000001 0.000000
vn 1.000000 0.000001 -0.000000
vn 1.000000 0.000001 -0.000000
vn 1.000000 0.000000 0.000001
vn 1.000000 0.000000 0.000001
vn 1.000000 0.000000 0.000001
vn 1.000000 0.000000 0.000001
vn 1.000000 0.000000 0.000001
vn 1.000000 0.000000 0.000001
vn 1.000000 0.000000 0.000001
vn 1.000000 0.000000 0.000001
vn 1.000000 -0.000000 0.000001
vn 1.000000 -0.000000 0.000001
vn 1.000000 -0.000001 0.000001
vn 1.000000 -0.000001 0.000001
vn 1.000000 -0.000001 0.000001
vn 1.000000 -0.000001 0.000001
vn 1.000000 -0.000001 0.000000
vn 1.000000 -0.000001 0.000000
vn 1.000000 -0.000001 0.000000
vn 1.000000 -0.000001 -0.000000
vn 1.000000 -0.000001 -0.000000
vn 1.000000 -0.000001 -0.000000
vn 1.000000 -0.000001 -0.000001
vn 1.000000 -0.000001 -0.000001
vn 1.000000 -0.000000 -0.000001
vn 1.000000 -0.000000 -0.000001
vn 1.000000 -0.000001 -0.000001
vn 1.000000 -0.000001 -0.000001
vn 1.000000 0.000000 -0.000001
vn 1.000000 0.000000 -0.000001
vn 1.000000 0.000000 -0.000001
vn 1.000000 0.000000 -0.000001
vn 1.000000 0.000001 -0.000001
vn 1.000000 0.000001 -0.000001
vn 1.000000 0.000001 -0.000001
vn 1.000000 0.000001 -0.000001
vn 1.000000 0.000001 -0.000000
vn 1.000000 0.000001 -0.000000
vn 1.000000 0.000001 0.000000
vn 1.000000 0.000001 0.000000
vn 1.000000 0.000001 -0.000000
vn 1.000000 0.000001 -0.000000
vn 1.000000 0.000001 0.000001
vn 1.000000 0.000001 0.000001
vn 1.000000 0.000001 0.000001
vn 1.000000 0.000001 0.000001
vn 1.000000 0.000000 0.000001
vn 1.000000 0.000000 0.000001
vn 1.000000 -0.000000 0.000001
vn 1.000000 -0.000000 0.000001
vn 1.000000 -0.000000 0.000001
vn 1.000000 -0.000000 0.000001
vn 1.000000 -0.000001 0.000001
vn 1.000000 -0.000001 0.000001
vn 1.000000 -0.000001 0.000001
vn 1.000000 -0.000001 0.000001
vn 1.000000 -0.000001 0.000000
vn 1.000000 -0.000001 0.000000
vn 1.000000 -0.000001 0.000000
vn 1.000000 -0.000001 -0.000000
vn 1.000000 -0.000002 -0.000000
vn 1.000000 -0.000002 -0.000000
vn 1.000000 -0.000001 -0.000001
vn 1.000000 -0.000001 -0.000001
vn 1.000000 -0.000001 -0.000001
vn 1.000000 -0.000001 -0.000001
vn 1.000000 -0.000000 -0.000001
vn 1.000000 -0.000000 -0.000001
vn 1.000000 0.000000 -0.000001
vn 1.000000 0.000000 -0.000001
vn 1.000000 0.000000 -0.000001
vn 1.000000 0.000000 -0.000001
vn 1.000000 0.000001 -0.000001
vn 1.000000 0.000001 -0.000001
vn 1.000000 0.000001 -0.000001
vn 1.000000 0.000001 -0.000001
vn 1.000000 0.000001 -0.000000
vn 1.000000 0.000001 -0.000000
vn 1.000000 0.000001 0.000000
vn 1.000000 0.000001 0.000000
vn 1.000000 0.000001 -0.000000
vn 1.000000 0.000001 -0.000000
vn 1.000000 0.000002 0.000001
vn 1.000000 0.000002 0.000001
vn 1.000000 0.000001 0.000001
vn 1.000000 0.000001 0.000001
vn 1.000000 0.000001 0.000001
vn 1.000000 0.000001 0.000001
vn 1.000000 -0.000000 0.000002
vn 1.000000 -0.000000 0.000002
vn 1.000000 -0.000001 0.000001
vn 1.000000 -0.000001 0.000001
vn 1.000000 -0.000001 0.000001
vn 1.000000 -0.000001 0.000001
vn 1.000000 -0.000001 0.000001
vn 1.000000 -0.000001 0.000001
vn 1.000000 -0.000002 0.000000
vn 1.000000 -0.000002 0.000000
vn 1.000000 -0.000002 0.000000
vn 1.000000 -0.000002 -0.000000
vn 1.000000 -0.000002 -0.000000
vn 1.000000 -0.000002 -0.000000
vn 1.000000 -0.000001 -0.000001
vn 1.000000 -0.000001 -0.000001
vn 1.000000 -0.000001 -0.000001
vn 1.000000 -0.000001 -0.000001
vn 1.000000 -0.000001 -0.000001
vn 1.000000 -0.000001 -0.000001
vn 1.000000 -0.000000 -0.000002
vn 1.000000 -0.000000 -0.000002
vn 1.000000 0.000000 -0.000001
vn 1.000000 0.000000 -0.000001
vn 1.000000 0.000001 -0.000001
vn 1.000000 0.000001 -0.000001
vn 1.000000 0.000002 -0.000001
vn 1.000000 0.000002 -0.000001
vn 1.000000 0.000002 -0.000000
vn 1.000000 0.000002 -0.000000
vn 1.000000 0.000001 0.000000
vn 1.000000 0.000001 0.000000
vn 1.000000 0.000001 -0.000000
vn 1.000000 0.000001 -0.000000
vn 1.000000 0.000000 0.000001
vn 1.000000 0.000000 0.000001
vn 1.000000 0.000000 0.000001
vn 1.000000 0.000000 0.000001
vn 1.000000 0.000000 0.000001
vn 1.000000 0.000000 0.000001
vn 1.000000 0.000000 0.000001
vn 1.000000 0.000000 0.000001
vn 1.000000 -0.000000 0.000001
vn 1.000000 -0.000000 0.000001
vn 1.000000 -0.000000 0.000001
vn 1.000000 -0.000000 0.000001
vn 1.000000 -0.000001 0.000001
vn 1.000000 -0.000001 0.000001
vn 1.000000 -0.000001 0.000000
vn 1.000000 -0.000001 0.000000
vn 1.000000 -0.000001 0.000000
vn 1.000000 -0.000001 0.000000
vn 1.000000 -0.000001 -0.000000
vn 1.000000 -0.000001 -0.000000
vn 1.000000 -0.000001 -0.000001
vn 1.000000 -0.000001 -0.000001
vn 1.000000 -0.000001 -0.000001
vn 1.000000 -0.000001 -0.000001
vn 1.000000 -0.000000 -0.000001
vn 1.000000 -0.000000 -0.000001
vn 1.000000 -0.000000 -0.000001
vn 1.000000 -0.000000 -0.000001
vn 1.000000 0.000000 -0.000001
vn 1.000000 0.000000 -0.000001
vn 1.000000 0.000001 -0.000001
vn 1.000000 0.000001 -0.000001
vn 1.000000 0.000001 -0.000001
vn 1.000000 0.000001 -0.000001
vn 1.000000 0.000001 -0.000000
vn 1.000000 0.000001 -0.000000
vn 1.000000 0.000001 0.000000
vn 1.000000 0.000001 0.000000
vn 1.000000 0.000001 -0.000000
vn 1.000000 0.000001 -0.000000
vn 1.000000 0.000001 0.000001
vn 1.000000 0.000001 0.000001
vn 1.000000 0.000001 0.000001
vn 1.000000 0.000001 0.000001
vn 1.000000 0.000001 0.000001
vn 1.000000 0.000001 0.000001
vn 1.000000 0.000000 0.000001
vn 1.000000 0.000000 0.000001
vn 1.000000 -0.000000 0.000001
vn 1.000000 -0.000000 0.000001
vn 1.000000 -0.000001 0.000001
vn 1.000000 -0.000001 0.000001
vn 1.000000 -0.000001 0.000001
vn 1.000000 -0.000001 0.000001
vn 1.000000 -0.000001 0.000000
vn 1.000000 -0.000001 0.000000
vn 1.000000 -0.000001 0.000000
vn 1.000000 -0.000001 -0.000000
vn 1.000000 -0.000001 -0.000000
vn 1.000000 -0.000001 -0.000000
vn 1.000000 -0.000001 -0.000001
vn 1.000000 -0.000001 -0.000001
vn 1.000000 -0.000001 -0.000001
vn 1.000000 -0.000001 -0.000001
vn 1.000000 -0.000001 -0.000001
vn 1.000000 -0.000001 -0.000001
vn 1.000000 0.000000 -0.000001
vn 1.000000 0.000000 -0.000001
vn 1.000000 0.000001 -0.000001
vn 1.000000 0.000001 -0.000001
vn 1.000000 0.000001 -0.000001
vn 1.000000 0.000001 -0.000001
vn 1.000000 0.000001 -0.000001
vn 1.000000 0.000001 -0.000001
vn 1.000000 0.000001 -0.000000
vn 1.000000 0.000001 -0.000000
vn 1.000000 0.000002 0.000001
vn 1.000000 0.000002 0.000001
vn 1.000000 0.000002 -0.000000
vn 1.000000 0.000002 -0.000000
vn 1.000000 0.000001 0.000001
vn 1.000000 0.000001 0.000001
vn 1.000000 0.000000 0.000001
vn 1.000000 0.000000 0.000001
vn 1.000000 0.000000 0.000002
vn 1.000000 0.000000 0.000002
vn 1.000000 0.000000 0.000002
vn 1.000000 0.000000 0.000002
vn 1.000000 -0.000000 0.000002
vn 1.000000 -0.000000 0.000002
vn 1.000000 -0.000001 0.000001
vn 1.000000 -0.000001 0.000001
vn 1.000000 -0.000002 0.000001
vn 1.000000 -0.000002 0.000001
vn 1.000000 -0.000002 0.000001
vn 1.000000 -0.000002 0.000001
vn 1.000000 -0.000002 0.000000
vn 1.000000 -0.000002 -0.000000
vn 1.000000 -0.000002 -0.000001
vn 1.000000 -0.000002 -0.000001
vn 1.000000 -0.000002 -0.000001
vn 1.000000 -0.000002 -0.000001
vn 1.000000 -0.000000 -0.000001
vn 1.000000 -0.000000 -0.000001
vn 1.000000 -0.000000 -0.000002
vn 1.000000 -0.000000 -0.000002
vn 1.000000 -0.000000 -0.000002
vn 1.000000 -0.000000 -0.000002
vn 1.000000 0.000001 -0.000002
vn 1.000000 0.000001 -0.000002
vn 1.000000 0.000001 -0.000001
vn 1.000000 0.000001 -0.000001
vn 1.000000 0.000002 -0.000001
vn 1.000000 0.000002 -0.000001
vn 1.000000 0.000002 -0.000001
vn 1.000000 0.000002 -0.000001
s 1
g CHEOPS_LowPoly pCylinder33
usemtl blinn1SG1
f 449/561/717 450/562/718 488/563/719 487/621/720
f 450/564/718 449/602/717 451/603/721 452/565/722
f 452/566/722 451/603/721 453/604/723 454/567/724
f 454/568/724 453/604/723 455/605/725 456/569/726
f 456/570/726 455/605/725 457/606/727 458/571/728
f 458/572/728 457/606/727 459/607/729 460/573/730
f 460/574/730 459/607/729 461/608/731 462/575/732
f 462/576/732 461/608/731 463/609/733 464/577/734
f 464/578/734 463/609/733 465/610/735 466/579/736
f 466/580/736 465/610/735 467/611/737 468/581/738
f 468/582/738 467/611/737 469/612/739 470/583/740
f 470/584/740 469/612/739 471/613/741 472/585/742
f 472/586/742 471/613/741 473/614/743 474/587/744
f 474/588/744 473/614/743 475/615/745 476/589/746
f 476/590/746 475/615/745 477/616/747 478/591/748
f 478/592/748 477/616/747 479/617/749 480/593/750
f 480/594/750 479/617/749 481/618/751 482/595/752
f 482/596/752 481/618/751 483/619/753 484/597/754
f 484/598/754 483/619/753 485/620/755 486/599/756
f 486/600/756 485/620/755 487/621/720 488/601/719
s 2
f 489/622/757 490/623/758 528/624/759 527/625/760
f 490/626/758 489/627/757 491/628/761 492/629/762
f 492/630/762 491/628/761 493/631/763 494/632/764
f 494/633/764 493/631/763 495/634/765 496/635/766
f 496/636/766 495/634/765 497/637/767 498/638/768
f 498/639/768 497/637/767 499/640/769 500/641/770
f 500/642/770 499/640/769 501/643/771 502/644/772
f 502/645/772 501/643/771 503/646/773 504/647/774
f 504/648/774 503/646/773 505/649/775 506/650/776
f 506/651/776 505/649/775 507/652/777 508/653/778
f 508/654/778 507/652/777 509/655/779 510/656/780
f 510/657/780 509/655/779 511/658/781 512/659/782
f 512/660/782 511/658/781 513/661/783 514/662/784
f 514/663/784 513/661/783 515/664/785 516/665/786
f 516/666/786 515/664/785 517/667/787 518/668/788
f 518/669/788 517/667/787 519/670/789 520/671/790
f 520/672/790 519/670/789 521/673/791 522/674/792
f 522/675/792 521/673/791 523/676/793 524/677/794
f 524/678/794 523/676/793 525/679/795 526/680/796
f 526/681/796 525/679/795 527/625/760 528/682/759
s 3
f 529/683/797 530/684/798 568/685/799 567/686/800
f 530/687/798 529/688/797 531/689/801 532/690/802
f 532/691/802 531/689/801 533/692/803 534/693/804
f 534/694/804 533/692/803 535/695/805 536/696/806
f 536/697/806 535/695/805 537/698/807 538/699/808
f 538/700/808 537/698/807 539/701/809 540/702/810
f 540/703/810 539/701/809 541/704/811 542/705/812
f 542/706/812 541/704/811 543/707/813 544/708/814
f 544/709/814 543/707/813 545/710/815 546/711/816
f 546/712/816 545/710/815 547/713/817 548/714/818
f 548/715/818 547/713/817 549/716/819 550/717/820
f 550/718/820 549/716/819 551/719/821 552/720/822
f 552/721/822 551/719/821 553/722/823 554/723/824
f 554/724/824 553/722/823 555/725/825 556/726/826
f 556/727/826 555/725/825 557/728/827 558/729/828
f 558/730/828 557/728/827 559/731/829 560/732/830
f 560/733/830 559/731/829 561/734/831 562/735/832
f 562/736/832 561/734/831 563/737/833 564/738/834
f 564/739/834 563/737/833 565/740/835 566/741/836
f 566/742/836 565/740/835 567/686/800 568/743/799
s 4
f 569/744/837 570/745/838 608/746/839 607/747/840
f 570/748/838 569/749/837 571/750/841 572/751/842
f 572/752/842 571/750/841 573/753/843 574/754/844
f 574/755/844 573/753/843 575/756/845 576/757/846
f 576/758/846 575/756/845 577/759/847 578/760/848
f 578/761/848 577/759/847 579/762/849 580/763/850
f 580/764/850 579/762/849 581/765/851 582/766/852
f 582/767/852 581/765/851 583/768/853 584/769/854
f 584/770/854 583/768/853 585/771/855 586/772/856
f 586/773/856 585/771/855 587/774/857 588/775/858
f 588/776/858 587/774/857 589/777/859 590/778/860
f 590/779/860 589/777/859 591/780/861 592/781/862
f 592/782/862 591/780/861 593/783/863 594/784/864
f 594/785/864 593/783/863 595/786/865 596/787/866
f 596/788/866 595/786/865 597/789/867 598/790/868
f 598/791/868 597/789/867 599/792/869 600/793/870
f 600/794/870 599/792/869 601/795/871 602/796/872
f 602/797/872 601/795/871 603/798/873 604/799/874
f 604/800/874 603/798/873 605/801/875 606/802/876
f 606/803/876 605/801/875 607/747/840 608/804/839
s 5
f 609/805/877 610/806/878 648/807/879 647/808/880
f 610/809/878 609/810/877 611/811/881 612/812/882
f 612/813/882 611/811/881 613/814/883 614/815/884
f 614/816/884 613/814/883 615/817/885 616/818/886
f 616/819/886 615/817/885 617/820/887 618/821/888
f 618/822/888 617/820/887 619/823/889 620/824/890
f 620/825/890 619/823/889 621/826/891 622/827/892
f 622/828/892 621/826/891 623/829/893 624/830/894
f 624/831/894 623/829/893 625/832/895 626/833/896
f 626/834/896 625/832/895 627/835/897 628/836/898
f 628/837/898 627/835/897 629/838/899 630/839/900
f 630/840/900 629/838/899 631/841/901 632/842/902
f 632/843/902 631/841/901 633/844/903 634/845/904
f 634/846/904 633/844/903 635/847/905 636/848/906
f 636/849/906 635/847/905 637/850/907 638/851/908
f 638/852/908 637/850/907 639/853/909 640/854/910
f 640/855/910 639/853/909 641/856/911 642/857/912
f 642/858/912 641/856/911 643/859/913 644/860/914
f 644/861/914 643/859/913 645/862/915 646/863/916
f 646/864/916 645/862/915 647/808/880 648/865/879
s 6
f 649/866/917 650/867/918 688/868/919 687/869/920
f 650/870/918 649/871/917 651/872/921 652/873/922
f 652/874/922 651/872/921 653/875/923 654/876/924
f 654/877/924 653/875/923 655/878/925 656/879/926
f 656/880/926 655/878/925 657/881/927 658/882/928
f 658/883/928 657/881/927 659/884/929 660/885/930
f 660/886/930 659/884/929 661/887/931 662/888/932
f 662/889/932 661/887/931 663/890/933 664/891/934
f 664/892/934 663/890/933 665/893/935 666/894/936
f 666/895/936 665/893/935 667/896/937 668/897/938
f 668/898/938 667/896/937 669/899/939 670/900/940
f 670/901/940 669/899/939 671/902/941 672/903/942
f 672/904/942 671/902/941 673/905/943 674/906/944
f 674/907/944 673/905/943 675/908/945 676/909/946
f 676/910/946 675/908/945 677/911/947 678/912/948
f 678/913/948 677/911/947 679/914/949 680/915/950
f 680/916/950 679/914/949 681/917/951 682/918/952
f 682/919/952 681/917/951 683/920/953 684/921/954
f 684/922/954 683/920/953 685/923/955 686/924/956
f 686/925/956 685/923/955 687/869/920 688/926/919
s 7
f 689/927/957 690/928/958 728/929/959 727/930/960
f 690/931/958 689/932/957 691/933/961 692/934/962
f 692/935/962 691/933/961 693/936/963 694/937/964
f 694/938/964 693/936/963 695/939/965 696/940/966
f 696/941/966 695/939/965 697/942/967 698/943/968
f 698/944/968 697/942/967 699/945/969 700/946/970
f 700/947/970 699/945/969 701/948/971 702/949/972
f 702/950/972 701/948/971 703/951/973 704/952/974
f 704/953/974 703/951/973 705/954/975 706/955/976
f 706/956/976 705/954/975 707/957/977 708/958/978
f 708/959/978 707/957/977 709/960/979 710/961/980
f 710/962/980 709/960/979 711/963/981 712/964/982
f 712/965/982 711/963/981 713/966/983 714/967/984
f 714/968/984 713/966/983 715/969/985 716/970/986
f 716/971/986 715/969/985 717/972/987 718/973/988
f 718/974/988 717/972/987 719/975/989 720/976/990
f 720/977/990 719/975/989 721/978/991 722/979/992
f 722/980/992 721/978/991 723/981/993 724/982/994
f 724/983/994 723/981/993 725/984/995 726/985/996
f 726/986/996 725/984/995 727/930/960 728/987/959
s 8
f 729/988/997 730/989/998 768/990/999 767/991/1000
f 730/992/998 729/993/997 731/994/1001 732/995/1002
f 732/996/1002 731/994/1001 733/997/1003 734/998/1004
f 734/999/1004 733/997/1003 735/1000/1005 736/1001/1006
f 736/1002/1006 735/1000/1005 737/1003/1007 738/1004/1008
f 738/1005/1008 737/1003/1007 739/1006/1009 740/1007/1010
f 740/1008/1010 739/1006/1009 741/1009/1011 742/1010/1012
f 742/1011/1012 741/1009/1011 743/1012/1013 744/1013/1014
f 744/1014/1014 743/1012/1013 745/1015/1015 746/1016/1016
f 746/1017/1016 745/1015/1015 747/1018/1017 748/1019/1018
f 748/1020/1018 747/1018/1017 749/1021/1019 750/1022/1020
f 750/1023/1020 749/1021/1019 751/1024/1021 752/1025/1022
f 752/1026/1022 751/1024/1021 753/1027/1023 754/1028/1024
f 754/1029/1024 753/1027/1023 755/1030/1025 756/1031/1026
f 756/1032/1026 755/1030/1025 757/1033/1027 758/1034/1028
f 758/1035/1028 757/1033/1027 759/1036/1029 760/1037/1030
f 760/1038/1030 759/1036/1029 761/1039/1031 762/1040/1032
f 762/1041/1032 761/1039/1031 763/1042/1033 764/1043/1034
f 764/1044/1034 763/1042/1033 765/1045/1035 766/1046/1036
f 766/1047/1036 765/1045/1035 767/991/1000 768/1048/999
s 9
f 769/1049/1037 770/1050/1038 808/1051/1039 807/1052/1040
f 770/1053/1038 769/1054/1037 771/1055/1041 772/1056/1042
f 772/1057/1042 771/1055/1041 773/1058/1043 774/1059/1044
f 774/1060/1044 773/1058/1043 775/1061/1045 776/1062/1046
f 776/1063/1046 775/1061/1045 777/1064/1047 778/1065/1048
f 778/1066/1048 777/1064/1047 779/1067/1049 780/1068/1050
f 780/1069/1050 779/1067/1049 781/1070/1051 782/1071/1052
f 782/1072/1052 781/1070/1051 783/1073/1053 784/1074/1054
f 784/1075/1054 783/1073/1053 785/1076/1055 786/1077/1056
f 786/1078/1056 785/1076/1055 787/1079/1057 788/1080/1058
f 788/1081/1058 787/1079/1057 789/1082/1059 790/1083/1060
f 790/1084/1060 789/1082/1059 791/1085/1061 792/1086/1062
f 792/1087/1062 791/1085/1061 793/1088/1063 794/1089/1064
f 794/1090/1064 793/1088/1063 795/1091/1065 796/1092/1066
f 796/1093/1066 795/1091/1065 797/1094/1067 798/1095/1068
f 798/1096/1068 797/1094/1067 799/1097/1069 800/1098/1070
f 800/1099/1070 799/1097/1069 801/1100/1071 802/1101/1072
f 802/1102/1072 801/1100/1071 803/1103/1073 804/1104/1074
f 804/1105/1074 803/1103/1073 805/1106/1075 806/1107/1076
f 806/1108/1076 805/1106/1075 807/1052/1040 808/1109/1039
s 10
f 809/1110/1077 810/1111/1078 848/1112/1079 847/1113/1080
f 810/1114/1078 809/1115/1077 811/1116/1081 812/1117/1082
f 812/1118/1082 811/1116/1081 813/1119/1083 814/1120/1084
f 814/1121/1084 813/1119/1083 815/1122/1085 816/1123/1086
f 816/1124/1086 815/1122/1085 817/1125/1087 818/1126/1088
f 818/1127/1088 817/1125/1087 819/1128/1089 820/1129/1090
f 820/1130/1090 819/1128/1089 821/1131/1091 822/1132/1092
f 822/1133/1092 821/1131/1091 823/1134/1093 824/1135/1094
f 824/1136/1094 823/1134/1093 825/1137/1095 826/1138/1096
f 826/1139/1096 825/1137/1095 827/1140/1097 828/1141/1098
f 828/1142/1098 827/1140/1097 829/1143/1099 830/1144/1100
f 830/1145/1100 829/1143/1099 831/1146/1101 832/1147/1102
f 832/1148/1102 831/1146/1101 833/1149/1103 834/1150/1104
f 834/1151/1104 833/1149/1103 835/1152/1105 836/1153/1106
f 836/1154/1106 835/1152/1105 837/1155/1107 838/1156/1108
f 838/1157/1108 837/1155/1107 839/1158/1109 840/1159/1110
f 840/1160/1110 839/1158/1109 841/1161/1111 842/1162/1112
f 842/1163/1112 841/1161/1111 843/1164/1113 844/1165/1114
f 844/1166/1114 843/1164/1113 845/1167/1115 846/1168/1116
f 846/1169/1116 845/1167/1115 847/1113/1080 848/1170/1079
s 11
f 849/1171/1117 850/1172/1118 888/1173/1119 887/1174/1120
f 850/1175/1118 849/1176/1117 851/1177/1121 852/1178/1122
f 852/1179/1122 851/1177/1121 853/1180/1123 854/1181/1124
f 854/1182/1124 853/1180/1123 855/1183/1125 856/1184/1126
f 856/1185/1126 855/1183/1125 857/1186/1127 858/1187/1128
f 858/1188/1128 857/1186/1127 859/1189/1129 860/1190/1130
f 860/1191/1130 859/1189/1129 861/1192/1131 862/1193/1132
f 862/1194/1132 861/1192/1131 863/1195/1133 864/1196/1134
f 864/1197/1134 863/1195/1133 865/1198/1135 866/1199/1136
f 866/1200/1136 865/1198/1135 867/1201/1137 868/1202/1138
f 868/1203/1138 867/1201/1137 869/1204/1139 870/1205/1140
f 870/1206/1140 869/1204/1139 871/1207/1141 872/1208/1142
f 872/1209/1142 871/1207/1141 873/1210/1143 874/1211/1144
f 874/1212/1144 873/1210/1143 875/1213/1145 876/1214/1146
f 876/1215/1146 875/1213/1145 877/1216/1147 878/1217/1148
f 878/1218/1148 877/1216/1147 879/1219/1149 880/1220/1150
f 880/1221/1150 879/1219/1149 881/1222/1151 882/1223/1152
f 882/1224/1152 881/1222/1151 883/1225/1153 884/1226/1154
f 884/1227/1154 883/1225/1153 885/1228/1155 886/1229/1156
f 886/1230/1156 885/1228/1155 887/1174/1120 888/1231/1119
g default
v -412.564362 765.891541 -27.899139
v -411.564362 765.891541 -27.899139
v -412.564362 766.891541 -27.899139
v -411.564362 766.891541 -27.899139
v -412.564362 766.891541 -28.899139
v -411.564362 766.891541 -28.899139
v -412.564362 765.891541 -28.899139
v -411.564362 765.891541 -28.899139
vt 0.375000 0.000000
vt 0.625000 0.000000
vt 0.375000 0.250000
vt 0.625000 0.250000
vt 0.375000 0.500000
vt 0.625000 0.500000
vt 0.375000 0.750000
vt 0.625000 0.750000
vt 0.375000 1.000000
vt 0.625000 1.000000
vt 0.875000 0.000000
vt 0.875000 0.250000
vt 0.125000 0.000000
vt 0.125000 0.250000
vn 0.000000 0.000000 1.000000
vn 0.000000 0.000000 1.000000
vn 0.000000 0.000000 1.000000
vn 0.000000 0.000000 1.000000
vn 0.000000 1.000000 0.000000
vn 0.000000 1.000000 0.000000
vn 0.000000 1.000000 0.000000
vn 0.000000 1.000000 0.000000
vn 0.000000 0.000000 -1.000000
vn 0.000000 0.000000 -1.000000
vn 0.000000 0.000000 -1.000000
vn 0.000000 0.000000 -1.000000
vn 0.000000 -1.000000 0.000000
vn 0.000000 -1.000000 0.000000
vn 0.000000 -1.000000 0.000000
vn 0.000000 -1.000000 0.000000
vn 1.000000 0.000000 0.000000
vn 1.000000 0.000000 0.000000
vn 1.000000 0.000000 0.000000
vn 1.000000 0.000000 0.000000
vn -1.000000 0.000000 0.000000
vn -1.000000 0.000000 0.000000
vn -1.000000 0.000000 0.000000
vn -1.000000 0.000000 0.000000
s off
g CHEOPS_LowPoly pCube18
usemtl initialShadingGroup
f 889/1232/1157 890/1233/1158 892/1235/1159 891/1234/1160
f 891/1234/1161 892/1235/1162 894/1237/1163 893/1236/1164
f 893/1236/1165 894/1237/1166 896/1239/1167 895/1238/1168
f 895/1238/1169 896/1239/1170 890/1241/1171 889/1240/1172
f 890/1233/1173 896/1242/1174 894/1243/1175 892/1235/1176
f 895/1244/1177 889/1232/1178 891/1234/1179 893/1245/1180
g default
v 92.419388 253.213211 -397.800293
v 116.426643 305.573395 -345.666443
v 70.762131 260.914154 -389.895172
v 53.574814 272.986694 -377.660553
v 42.539894 288.248962 -362.294250
v 38.737503 305.207184 -345.300201
v 44.237297 321.715271 -328.843964
v 55.203285 333.745514 -316.917114
v 72.578873 341.835449 -308.990997
v 96.980072 346.864441 -304.192078
v 122.640022 346.647522 -304.650940
v 143.148148 347.245270 -304.246552
v 160.729126 344.143524 -307.514069
v 179.123001 336.541260 -315.289764
v 190.313416 322.897858 -329.038696
v 194.115784 305.939697 -346.032684
v 190.313416 288.945648 -362.990875
v 179.278488 273.579346 -378.253143
v 162.091187 261.344788 -390.325653
v 140.433914 253.439590 -398.026642
v 116.426666 250.637726 -400.602173
v 91.932014 272.807343 -416.708038
v 99.654106 288.643433 -400.944702
v 69.998848 280.133362 -409.175171
v 84.687141 293.642639 -395.804352
v 52.592575 291.623016 -397.521423
v 72.809296 301.483063 -387.851959
v 41.417076 306.151428 -382.887634
v 65.183250 311.397125 -377.865997
v 37.566238 322.296631 -366.706116
v 62.555462 322.414429 -366.823914
v 41.417076 338.478088 -350.560974
v 65.183258 333.456451 -355.806641
v 52.592598 353.111877 -336.032562
v 72.809311 343.442413 -345.892609
v 69.998856 364.765625 -324.542938
v 84.687172 351.394806 -338.052216
v 91.932030 370.598511 -318.916840
v 99.654137 356.535126 -333.052979
v 116.245132 371.420898 -318.323700
v 116.245140 358.360229 -331.384308
v 140.558243 370.827759 -319.146088
v 132.836136 356.691559 -333.209412
v 162.491425 365.201660 -324.978973
v 147.803101 351.692352 -338.349762
v 179.897675 353.712036 -336.632721
v 159.680939 343.851959 -346.302155
v 191.073181 339.183624 -351.266479
v 167.307037 333.937897 -356.288086
v 194.923996 323.038452 -367.447968
v 169.934769 322.920654 -367.330139
v 191.073181 306.856964 -383.593140
v 167.306976 311.878571 -378.347412
v 179.897675 292.223206 -398.121552
v 159.680939 301.892609 -388.261475
v 162.491409 280.569489 -409.611145
v 147.803101 293.940216 -396.101898
v 140.558228 273.036591 -416.937256
v 132.836151 288.799896 -401.101074
v 116.245132 270.362000 -419.382599
v 116.245140 286.974792 -402.769775
v 91.774734 289.488586 -433.389282
v 99.496826 305.324677 -417.625977
v 69.841568 296.814636 -425.856445
v 84.529861 310.323914 -412.485626
v 52.435287 308.304291 -414.202698
v 72.652016 318.164307 -404.533234
v 41.259789 322.832703 -399.568909
v 65.025970 328.078369 -394.547241
v 37.408951 338.977905 -383.387390
v 62.398182 339.095673 -383.505188
v 41.259789 355.159363 -367.242249
v 65.025986 350.137726 -372.487915
v 52.435310 369.793152 -352.713837
v 72.652039 360.123657 -362.573853
v 69.841568 381.446899 -341.224213
v 84.529892 368.076050 -354.733459
v 91.774750 388.603516 -334.274384
v 99.496857 373.216400 -349.734253
v 116.087852 389.802124 -333.305023
v 116.087852 375.041504 -348.065582
v 140.400955 389.208984 -334.127411
v 132.678864 373.372833 -349.890686
v 162.334137 381.882935 -341.660248
v 147.645813 368.373596 -355.031006
v 179.740402 370.393311 -353.313995
v 159.523651 360.533203 -362.983398
v 190.915894 355.864899 -367.947754
v 167.149750 350.619171 -372.969360
v 194.766708 339.719727 -384.129242
v 169.777481 339.601898 -384.011414
v 190.915894 323.538239 -400.274414
v 167.149689 328.559845 -395.028687
v 179.740387 308.904480 -414.802826
v 159.523666 318.573883 -404.942749
v 162.334137 297.250732 -426.292419
v 147.645828 310.621490 -412.783142
v 140.400955 289.717865 -433.618500
v 132.678864 305.481171 -417.782349
v 116.087852 287.043274 -436.063843
v 116.087852 303.656067 -419.451050
v 91.497513 318.890900 -462.791595
v 99.219604 334.726990 -447.028290
v 69.564346 326.216949 -455.258759
v 84.252640 339.726227 -441.887939
v 52.158066 337.706604 -443.604980
v 72.374786 347.566650 -433.935547
v 40.982567 352.234985 -428.971222
v 64.748749 357.480713 -423.949554
v 37.131729 368.380188 -412.789703
v 62.120956 368.497986 -412.907501
v 40.982567 384.561676 -396.644531
v 64.748756 379.540039 -401.890228
v 52.158089 399.195435 -382.116150
v 72.374809 389.526001 -391.976196
v 69.564346 410.849182 -370.626526
v 84.252670 397.478394 -384.135773
v 91.497520 418.382019 -363.300476
v 99.219635 402.618713 -379.136566
v 115.810631 421.056641 -360.855103
v 115.810631 404.443817 -377.467896
v 140.123734 418.611267 -363.529724
v 132.401627 402.775146 -379.292999
v 162.056915 411.285217 -371.062561
v 147.368591 397.775940 -384.433350
v 179.463165 399.795593 -382.716309
v 159.246429 389.935547 -392.385712
v 190.638672 385.267212 -397.350067
v 166.872528 380.021484 -402.371674
v 194.489487 369.122040 -413.531525
v 169.500259 369.004211 -413.413727
v 190.638672 352.940552 -429.676727
v 166.872467 357.962158 -424.431000
v 179.463165 338.306763 -444.205109
v 159.246429 347.976196 -434.345062
v 162.056915 326.653046 -455.694733
v 147.368591 340.023804 -442.185455
v 140.123718 319.120178 -463.020813
v 132.401642 334.883484 -447.184662
v 115.810631 316.445587 -465.466156
v 115.810631 333.058350 -448.853333
v 91.173622 353.242310 -497.143005
v 98.895714 369.078400 -481.379700
v 69.240456 360.568359 -489.610168
v 83.928749 374.077637 -476.239349
v 51.834183 372.057983 -477.956390
v 72.050903 381.918030 -468.286957
v 40.658676 386.586395 -463.322632
v 64.424858 391.832092 -458.300964
v 36.807846 402.731598 -447.141113
v 61.797070 402.849426 -447.258911
v 40.658676 418.913086 -430.995941
v 64.424866 413.891449 -436.241638
v 51.834198 433.546875 -416.467529
v 72.050919 423.877380 -426.327606
v 69.240463 445.200623 -404.977905
v 83.928780 431.829773 -418.487183
v 91.173630 452.733429 -397.651886
v 98.895744 436.970093 -413.487976
v 115.486740 455.408051 -395.206512
v 115.486740 438.795227 -411.819305
v 139.799850 452.962677 -397.881134
v 132.077744 437.126526 -413.644409
v 161.733032 445.636658 -405.413971
v 147.044708 432.127319 -418.784729
v 179.139282 434.147034 -417.067688
v 158.922546 424.286926 -426.737122
v 190.314789 419.618622 -431.701477
v 166.548645 414.372894 -436.723083
v 194.165604 403.473450 -447.882935
v 169.176376 403.355652 -447.765137
v 190.314789 387.291962 -464.028137
v 166.548584 392.313568 -458.782410
v 179.139282 372.658203 -478.556519
v 158.922546 382.327606 -468.696472
v 161.733017 361.004456 -490.046143
v 147.044708 374.375183 -476.536865
v 139.799835 353.471558 -497.372223
v 132.077744 369.234863 -481.536072
v 115.486740 350.796997 -499.817566
v 115.486740 367.409790 -483.204773
vt 0.625000 0.684727
vt 0.618750 0.688440
vt 0.381250 0.688440
vt 0.393750 0.688440
vt 0.406250 0.688440
vt 0.418750 0.688440
vt 0.431250 0.688440
vt 0.443750 0.688440
vt 0.456250 0.688440
vt 0.468750 0.688440
vt 0.481250 0.688440
vt 0.493750 0.688440
vt 0.506250 0.688440
vt 0.518750 0.688440
vt 0.531250 0.688440
vt 0.543750 0.688440
vt 0.556250 0.688440
vt 0.568750 0.688440
vt 0.581250 0.688440
vt 0.593750 0.688440
vt 0.606250 0.688440
vt 0.375000 0.684727
vt 0.387500 0.684727
vt 0.400000 0.684727
vt 0.412500 0.684727
vt 0.425000 0.684727
vt 0.437500 0.684727
vt 0.450000 0.684727
vt 0.462500 0.684727
vt 0.475000 0.684727
vt 0.487500 0.684727
vt 0.500000 0.684727
vt 0.512500 0.684727
vt 0.525000 0.684727
vt 0.537500 0.684726
vt 0.550000 0.684727
vt 0.562500 0.684727
vt 0.575000 0.684727
vt 0.587500 0.684727
vt 0.600000 0.684727
vt 0.612500 0.684727
vt 0.625000 0.684727
vt 0.624875 0.688440
vt 0.612625 0.688440
vt 0.612500 0.684727
vt 0.375125 0.688440
vt 0.375000 0.684727
vt 0.387500 0.684727
vt 0.387375 0.688440
vt 0.387625 0.688440
vt 0.400000 0.684727
vt 0.399875 0.688440
vt 0.400125 0.688440
vt 0.412500 0.684727
vt 0.412375 0.688440
vt 0.412625 0.688440
vt 0.425000 0.684727
vt 0.424875 0.688440
vt 0.425125 0.688440
vt 0.437500 0.684727
vt 0.437375 0.688440
vt 0.437625 0.688440
vt 0.450000 0.684727
vt 0.449875 0.688440
vt 0.450125 0.688440
vt 0.462500 0.684727
vt 0.462375 0.688440
vt 0.462625 0.688440
vt 0.475000 0.684727
vt 0.474875 0.688440
vt 0.475125 0.688440
vt 0.487500 0.684727
vt 0.487375 0.688440
vt 0.487625 0.688440
vt 0.500000 0.684727
vt 0.499875 0.688440
vt 0.500125 0.688440
vt 0.512500 0.684727
vt 0.512375 0.688440
vt 0.512625 0.688440
vt 0.525000 0.684727
vt 0.524875 0.688440
vt 0.525125 0.688440
vt 0.537500 0.684726
vt 0.537375 0.688440
vt 0.537625 0.688440
vt 0.550000 0.684727
vt 0.549875 0.688440
vt 0.550125 0.688440
vt 0.562500 0.684727
vt 0.562375 0.688440
vt 0.562625 0.688440
vt 0.575000 0.684727
vt 0.574875 0.688440
vt 0.575125 0.688440
vt 0.587500 0.684727
vt 0.587375 0.688440
vt 0.587625 0.688440
vt 0.600000 0.684727
vt 0.599875 0.688440
vt 0.600125 0.688440
vt 0.612375 0.688440
vt 0.625000 0.684727
vt 0.624875 0.688440
vt 0.612625 0.688440
vt 0.612500 0.684727
vt 0.375125 0.688440
vt 0.375000 0.684727
vt 0.387500 0.684727
vt 0.387375 0.688440
vt 0.387625 0.688440
vt 0.400000 0.684727
vt 0.399875 0.688440
vt 0.400125 0.688440
vt 0.412500 0.684727
vt 0.412375 0.688440
vt 0.412625 0.688440
vt 0.425000 0.684727
vt 0.424875 0.688440
vt 0.425125 0.688440
vt 0.437500 0.684727
vt 0.437375 0.688440
vt 0.437625 0.688440
vt 0.450000 0.684727
vt 0.449875 0.688440
vt 0.450125 0.688440
vt 0.462500 0.684727
vt 0.462375 0.688440
vt 0.462625 0.688440
vt 0.475000 0.684727
vt 0.474875 0.688440
vt 0.475125 0.688440
vt 0.487500 0.684727
vt 0.487375 0.688440
vt 0.487625 0.688440
vt 0.500000 0.684727
vt 0.499875 0.688440
vt 0.500125 0.688440
vt 0.512500 0.684727
vt 0.512375 0.688440
vt 0.512625 0.688440
vt 0.525000 0.684727
vt 0.524875 0.688440
vt 0.525125 0.688440
vt 0.537500 0.684726
vt 0.537375 0.688440
vt 0.537625 0.688440
vt 0.550000 0.684727
vt 0.549875 0.688440
vt 0.550125 0.688440
vt 0.562500 0.684727
vt 0.562375 0.688440
vt 0.562625 0.688440
vt 0.575000 0.684727
vt 0.574875 0.688440
vt 0.575125 0.688440
vt 0.587500 0.684727
vt 0.587375 0.688440
vt 0.587625 0.688440
vt 0.600000 0.684727
vt 0.599875 0.688440
vt 0.600125 0.688440
vt 0.612375 0.688440
vt 0.625000 0.684727
vt 0.624875 0.688440
vt 0.612625 0.688440
vt 0.612500 0.684727
vt 0.375125 0.688440
vt 0.375000 0.684727
vt 0.387500 0.684727
vt 0.387375 0.688440
vt 0.387625 0.688440
vt 0.400000 0.684727
vt 0.399875 0.688440
vt 0.400125 0.688440
vt 0.412500 0.684727
vt 0.412375 0.688440
vt 0.412625 0.688440
vt 0.425000 0.684727
vt 0.424875 0.688440
vt 0.425125 0.688440
vt 0.437500 0.684727
vt 0.437375 0.688440
vt 0.437625 0.688440
vt 0.450000 0.684727
vt 0.449875 0.688440
vt 0.450125 0.688440
vt 0.462500 0.684727
vt 0.462375 0.688440
vt 0.462625 0.688440
vt 0.475000 0.684727
vt 0.474875 0.688440
vt 0.475125 0.688440
vt 0.487500 0.684727
vt 0.487375 0.688440
vt 0.487625 0.688440
vt 0.500000 0.684727
vt 0.499875 0.688440
vt 0.500125 0.688440
vt 0.512500 0.684727
vt 0.512375 0.688440
vt 0.512625 0.688440
vt 0.525000 0.684727
vt 0.524875 0.688440
vt 0.525125 0.688440
vt 0.537500 0.684726
vt 0.537375 0.688440
vt 0.537625 0.688440
vt 0.550000 0.684727
vt 0.549875 0.688440
vt 0.550125 0.688440
vt 0.562500 0.684727
vt 0.562375 0.688440
vt 0.562625 0.688440
vt 0.575000 0.684727
vt 0.574875 0.688440
vt 0.575125 0.688440
vt 0.587500 0.684727
vt 0.587375 0.688440
vt 0.587625 0.688440
vt 0.600000 0.684727
vt 0.599875 0.688440
vt 0.600125 0.688440
vt 0.612375 0.688440
vt 0.625000 0.684727
vt 0.624875 0.688440
vt 0.612625 0.688440
vt 0.612500 0.684727
vt 0.375125 0.688440
vt 0.375000 0.684727
vt 0.387500 0.684727
vt 0.387375 0.688440
vt 0.387625 0.688440
vt 0.400000 0.684727
vt 0.399875 0.688440
vt 0.400125 0.688440
vt 0.412500 0.684727
vt 0.412375 0.688440
vt 0.412625 0.688440
vt 0.425000 0.684727
vt 0.424875 0.688440
vt 0.425125 0.688440
vt 0.437500 0.684727
vt 0.437375 0.688440
vt 0.437625 0.688440
vt 0.450000 0.684727
vt 0.449875 0.688440
vt 0.450125 0.688440
vt 0.462500 0.684727
vt 0.462375 0.688440
vt 0.462625 0.688440
vt 0.475000 0.684727
vt 0.474875 0.688440
vt 0.475125 0.688440
vt 0.487500 0.684727
vt 0.487375 0.688440
vt 0.487625 0.688440
vt 0.500000 0.684727
vt 0.499875 0.688440
vt 0.500125 0.688440
vt 0.512500 0.684727
vt 0.512375 0.688440
vt 0.512625 0.688440
vt 0.525000 0.684727
vt 0.524875 0.688440
vt 0.525125 0.688440
vt 0.537500 0.684726
vt 0.537375 0.688440
vt 0.537625 0.688440
vt 0.550000 0.684727
vt 0.549875 0.688440
vt 0.550125 0.688440
vt 0.562500 0.684727
vt 0.562375 0.688440
vt 0.562625 0.688440
vt 0.575000 0.684727
vt 0.574875 0.688440
vt 0.575125 0.688440
vt 0.587500 0.684727
vt 0.587375 0.688440
vt 0.587625 0.688440
vt 0.600000 0.684727
vt 0.599875 0.688440
vt 0.600125 0.688440
vt 0.612375 0.688440
vn -0.006667 0.707091 -0.707091
vn -0.006667 0.707091 -0.707091
vn -0.006667 0.707091 -0.707091
vn -0.006667 0.707092 -0.707090
vn -0.006667 0.707091 -0.707091
vn -0.006667 0.707090 -0.707092
vn -0.006666 0.707090 -0.707092
vn -0.006666 0.707091 -0.707091
vn -0.006667 0.707092 -0.707090
vn -0.006667 0.707091 -0.707091
vn -0.006666 0.707091 -0.707092
vn -0.006667 0.707091 -0.707092
vn -0.006668 0.707090 -0.707092
vn -0.006667 0.707091 -0.707091
vn -0.006667 0.707091 -0.707092
vn -0.006668 0.707091 -0.707091
vn -0.006667 0.707091 -0.707091
vn -0.006668 0.707091 -0.707091
vn -0.006668 0.707091 -0.707091
vn -0.006667 0.707092 -0.707091
vn -0.006666 0.707091 -0.707091
vn -0.006667 0.707092 -0.707090
vn -0.006667 0.707092 -0.707090
vn -0.006667 0.707092 -0.707090
vn -0.006667 0.707092 -0.707090
vn -0.006666 0.707092 -0.707091
vn -0.006666 0.707092 -0.707091
vn -0.006666 0.707091 -0.707091
vn -0.006666 0.707091 -0.707091
vn -0.006666 0.707091 -0.707091
vn -0.006666 0.707091 -0.707091
vn -0.006666 0.707091 -0.707091
vn -0.006666 0.707091 -0.707091
vn -0.006666 0.707091 -0.707092
vn -0.006666 0.707091 -0.707092
vn -0.006666 0.707091 -0.707092
vn -0.006666 0.707091 -0.707091
vn -0.006666 0.707091 -0.707092
vn -0.006666 0.707091 -0.707092
vn -0.006667 0.707090 -0.707092
vn -0.006667 0.707090 -0.707093
vn -0.006666 0.707090 -0.707092
vn -0.006666 0.707090 -0.707092
vn -0.006668 0.707090 -0.707092
vn -0.006667 0.707090 -0.707092
vn -0.006668 0.707091 -0.707091
vn -0.006668 0.707091 -0.707091
vn -0.006667 0.707091 -0.707091
vn -0.006667 0.707091 -0.707091
vn -0.006667 0.707091 -0.707091
vn -0.006667 0.707091 -0.707091
vn -0.006668 0.707091 -0.707091
vn -0.006668 0.707091 -0.707091
vn -0.006668 0.707092 -0.707091
vn -0.006668 0.707092 -0.707091
vn -0.006668 0.707092 -0.707090
vn -0.006668 0.707092 -0.707090
vn -0.006668 0.707092 -0.707090
vn -0.006668 0.707092 -0.707090
vn -0.006667 0.707092 -0.707090
vn -0.006667 0.707092 -0.707090
vn -0.006667 0.707091 -0.707091
vn -0.006667 0.707091 -0.707091
vn -0.006668 0.707092 -0.707090
vn -0.006668 0.707092 -0.707090
vn -0.006666 0.707091 -0.707091
vn -0.006666 0.707091 -0.707091
vn -0.006666 0.707092 -0.707090
vn -0.006666 0.707092 -0.707090
vn -0.006665 0.707091 -0.707091
vn -0.006665 0.707091 -0.707091
vn -0.006665 0.707090 -0.707092
vn -0.006665 0.707090 -0.707092
vn -0.006666 0.707091 -0.707091
vn -0.006666 0.707091 -0.707091
vn -0.006666 0.707090 -0.707092
vn -0.006666 0.707090 -0.707092
vn -0.006666 0.707089 -0.707093
vn -0.006666 0.707089 -0.707093
vn -0.006667 0.707090 -0.707092
vn -0.006667 0.707090 -0.707092
vn -0.006667 0.707090 -0.707093
vn -0.006667 0.707090 -0.707092
vn -0.006667 0.707089 -0.707093
vn -0.006667 0.707089 -0.707093
vn -0.006668 0.707089 -0.707093
vn -0.006668 0.707089 -0.707093
vn -0.006668 0.707090 -0.707092
vn -0.006668 0.707090 -0.707092
vn -0.006668 0.707091 -0.707091
vn -0.006668 0.707092 -0.707091
vn -0.006669 0.707091 -0.707091
vn -0.006669 0.707091 -0.707091
vn -0.006668 0.707092 -0.707090
vn -0.006668 0.707092 -0.707090
vn -0.006668 0.707092 -0.707090
vn -0.006668 0.707092 -0.707091
vn -0.006667 0.707092 -0.707091
vn -0.006667 0.707092 -0.707090
vn -0.006667 0.707092 -0.707090
vn -0.006667 0.707092 -0.707090
vn -0.006666 0.707092 -0.707090
vn -0.006666 0.707092 -0.707090
vn -0.006667 0.707092 -0.707090
vn -0.006667 0.707092 -0.707090
vn -0.006667 0.707091 -0.707091
vn -0.006667 0.707091 -0.707091
vn -0.006668 0.707091 -0.707091
vn -0.006668 0.707091 -0.707091
vn -0.006667 0.707091 -0.707091
vn -0.006667 0.707091 -0.707091
vn -0.006667 0.707092 -0.707091
vn -0.006667 0.707092 -0.707091
vn -0.006668 0.707091 -0.707092
vn -0.006668 0.707091 -0.707092
vn -0.006666 0.707090 -0.707092
vn -0.006666 0.707090 -0.707092
vn -0.006665 0.707091 -0.707091
vn -0.006665 0.707091 -0.707091
vn -0.006666 0.707090 -0.707092
vn -0.006667 0.707090 -0.707092
vn -0.006668 0.707091 -0.707092
vn -0.006668 0.707090 -0.707092
vn -0.006667 0.707091 -0.707091
vn -0.006667 0.707091 -0.707091
vn -0.006667 0.707091 -0.707091
vn -0.006667 0.707091 -0.707091
vn -0.006668 0.707090 -0.707092
vn -0.006668 0.707091 -0.707092
vn -0.006668 0.707090 -0.707092
vn -0.006668 0.707090 -0.707092
vn -0.006668 0.707091 -0.707091
vn -0.006668 0.707091 -0.707091
vn -0.006667 0.707092 -0.707091
vn -0.006667 0.707092 -0.707091
vn -0.006668 0.707092 -0.707090
vn -0.006668 0.707092 -0.707090
vn -0.006668 0.707092 -0.707091
vn -0.006668 0.707092 -0.707091
vn -0.006668 0.707092 -0.707090
vn -0.006668 0.707092 -0.707090
vn -0.006667 0.707091 -0.707091
vn -0.006667 0.707091 -0.707091
vn -0.006666 0.707092 -0.707090
vn -0.006666 0.707092 -0.707090
vn -0.006667 0.707092 -0.707090
vn -0.006667 0.707092 -0.707090
vn -0.006666 0.707092 -0.707090
vn -0.006666 0.707092 -0.707090
vn -0.006665 0.707091 -0.707092
vn -0.006665 0.707091 -0.707091
vn -0.006666 0.707090 -0.707092
vn -0.006666 0.707091 -0.707092
vn -0.006666 0.707092 -0.707091
vn -0.006666 0.707092 -0.707091
vn -0.006666 0.707091 -0.707091
vn -0.006666 0.707091 -0.707091
vn -0.006666 0.707090 -0.707092
vn -0.006666 0.707090 -0.707092
vn -0.006666 0.707090 -0.707092
vn -0.006666 0.707090 -0.707092
vn -0.006666 0.707090 -0.707092
vn -0.006666 0.707090 -0.707092
vn -0.006668 0.707090 -0.707093
vn -0.006668 0.707090 -0.707093
vn -0.006669 0.707089 -0.707093
vn -0.006669 0.707089 -0.707093
vn -0.006668 0.707090 -0.707092
vn -0.006668 0.707090 -0.707092
vn -0.006668 0.707091 -0.707091
vn -0.006668 0.707091 -0.707091
vn -0.006668 0.707092 -0.707090
vn -0.006668 0.707092 -0.707090
vn -0.006667 0.707092 -0.707090
vn -0.006667 0.707092 -0.707090
vn -0.006668 0.707091 -0.707091
vn -0.006668 0.707091 -0.707091
vn -0.006668 0.707092 -0.707090
vn -0.006668 0.707092 -0.707090
vn -0.006666 0.707092 -0.707090
vn -0.006666 0.707092 -0.707090
s 1
g CHEOPS_LowPoly pCylinder35
usemtl blinn1SG1
f 897/1246/1181 898/1247/1182 917/1286/1183
f 898/1248/1182 897/1267/1181 899/1268/1184
f 898/1249/1182 899/1268/1184 900/1269/1185
f 898/1250/1182 900/1269/1185 901/1270/1186
f 898/1251/1182 901/1270/1186 902/1271/1187
f 898/1252/1182 902/1271/1187 903/1272/1188
f 898/1253/1182 903/1272/1188 904/1273/1189
f 898/1254/1182 904/1273/1189 905/1274/1190
f 898/1255/1182 905/1274/1190 906/1275/1191
f 898/1256/1182 906/1275/1191 907/1276/1192
f 898/1257/1182 907/1276/1192 908/1277/1193
f 898/1258/1182 908/1277/1193 909/1278/1194
f 898/1259/1182 909/1278/1194 910/1279/1195
f 898/1260/1182 910/1279/1195 911/1280/1196
f 898/1261/1182 911/1280/1196 912/1281/1197
f 898/1262/1182 912/1281/1197 913/1282/1198
f 898/1263/1182 913/1282/1198 914/1283/1199
f 898/1264/1182 914/1283/1199 915/1284/1200
f 898/1265/1182 915/1284/1200 916/1285/1201
f 898/1266/1182 916/1285/1201 917/1286/1183
s 2
f 918/1287/1202 919/1288/1203 957/1289/1204 956/1290/1205
f 919/1291/1203 918/1292/1202 920/1293/1206 921/1294/1207
f 921/1295/1207 920/1293/1206 922/1296/1208 923/1297/1209
f 923/1298/1209 922/1296/1208 924/1299/1210 925/1300/1211
f 925/1301/1211 924/1299/1210 926/1302/1212 927/1303/1213
f 927/1304/1213 926/1302/1212 928/1305/1214 929/1306/1215
f 929/1307/1215 928/1305/1214 930/1308/1216 931/1309/1217
f 931/1310/1217 930/1308/1216 932/1311/1218 933/1312/1219
f 933/1313/1219 932/1311/1218 934/1314/1220 935/1315/1221
f 935/1316/1221 934/1314/1220 936/1317/1222 937/1318/1223
f 937/1319/1223 936/1317/1222 938/1320/1224 939/1321/1225
f 939/1322/1225 938/1320/1224 940/1323/1226 941/1324/1227
f 941/1325/1227 940/1323/1226 942/1326/1228 943/1327/1229
f 943/1328/1229 942/1326/1228 944/1329/1230 945/1330/1231
f 945/1331/1231 944/1329/1230 946/1332/1232 947/1333/1233
f 947/1334/1233 946/1332/1232 948/1335/1234 949/1336/1235
f 949/1337/1235 948/1335/1234 950/1338/1236 951/1339/1237
f 951/1340/1237 950/1338/1236 952/1341/1238 953/1342/1239
f 953/1343/1239 952/1341/1238 954/1344/1240 955/1345/1241
f 955/1346/1241 954/1344/1240 956/1290/1205 957/1347/1204
s 3
f 958/1348/1242 959/1349/1243 997/1350/1244 996/1351/1245
f 959/1352/1243 958/1353/1242 960/1354/1246 961/1355/1247
f 961/1356/1247 960/1354/1246 962/1357/1248 963/1358/1249
f 963/1359/1249 962/1357/1248 964/1360/1250 965/1361/1251
f 965/1362/1251 964/1360/1250 966/1363/1252 967/1364/1253
f 967/1365/1253 966/1363/1252 968/1366/1254 969/1367/1255
f 969/1368/1255 968/1366/1254 970/1369/1256 971/1370/1257
f 971/1371/1257 970/1369/1256 972/1372/1258 973/1373/1259
f 973/1374/1259 972/1372/1258 974/1375/1260 975/1376/1261
f 975/1377/1261 974/1375/1260 976/1378/1262 977/1379/1263
f 977/1380/1263 976/1378/1262 978/1381/1264 979/1382/1265
f 979/1383/1265 978/1381/1264 980/1384/1266 981/1385/1267
f 981/1386/1267 980/1384/1266 982/1387/1268 983/1388/1269
f 983/1389/1269 982/1387/1268 984/1390/1270 985/1391/1271
f 985/1392/1271 984/1390/1270 986/1393/1272 987/1394/1273
f 987/1395/1273 986/1393/1272 988/1396/1274 989/1397/1275
f 989/1398/1275 988/1396/1274 990/1399/1276 991/1400/1277
f 991/1401/1277 990/1399/1276 992/1402/1278 993/1403/1279
f 993/1404/1279 992/1402/1278 994/1405/1280 995/1406/1281
f 995/1407/1281 994/1405/1280 996/1351/1245 997/1408/1244
s 4
f 998/1409/1282 999/1410/1283 1037/1411/1284 1036/1412/1285
f 999/1413/1283 998/1414/1282 1000/1415/1286 1001/1416/1287
f 1001/1417/1287 1000/1415/1286 1002/1418/1288 1003/1419/1289
f 1003/1420/1289 1002/1418/1288 1004/1421/1290 1005/1422/1291
f 1005/1423/1291 1004/1421/1290 1006/1424/1292 1007/1425/1293
f 1007/1426/1293 1006/1424/1292 1008/1427/1294 1009/1428/1295
f 1009/1429/1295 1008/1427/1294 1010/1430/1296 1011/1431/1297
f 1011/1432/1297 1010/1430/1296 1012/1433/1298 1013/1434/1299
f 1013/1435/1299 1012/1433/1298 1014/1436/1300 1015/1437/1301
f 1015/1438/1301 1014/1436/1300 1016/1439/1302 1017/1440/1303
f 1017/1441/1303 1016/1439/1302 1018/1442/1304 1019/1443/1305
f 1019/1444/1305 1018/1442/1304 1020/1445/1306 1021/1446/1307
f 1021/1447/1307 1020/1445/1306 1022/1448/1308 1023/1449/1309
f 1023/1450/1309 1022/1448/1308 1024/1451/1310 1025/1452/1311
f 1025/1453/1311 1024/1451/1310 1026/1454/1312 1027/1455/1313
f 1027/1456/1313 1026/1454/1312 1028/1457/1314 1029/1458/1315
f 1029/1459/1315 1028/1457/1314 1030/1460/1316 1031/1461/1317
f 1031/1462/1317 1030/1460/1316 1032/1463/1318 1033/1464/1319
f 1033/1465/1319 1032/1463/1318 1034/1466/1320 1035/1467/1321
f 1035/1468/1321 1034/1466/1320 1036/1412/1285 1037/1469/1284
s 5
f 1038/1470/1322 1039/1471/1323 1077/1472/1324 1076/1473/1325
f 1039/1474/1323 1038/1475/1322 1040/1476/1326 1041/1477/1327
f 1041/1478/1327 1040/1476/1326 1042/1479/1328 1043/1480/1329
f 1043/1481/1329 1042/1479/1328 1044/1482/1330 1045/1483/1331
f 1045/1484/1331 1044/1482/1330 1046/1485/1332 1047/1486/1333
f 1047/1487/1333 1046/1485/1332 1048/1488/1334 1049/1489/1335
f 1049/1490/1335 1048/1488/1334 1050/1491/1336 1051/1492/1337
f 1051/1493/1337 1050/1491/1336 1052/1494/1338 1053/1495/1339
f 1053/1496/1339 1052/1494/1338 1054/1497/1340 1055/1498/1341
f 1055/1499/1341 1054/1497/1340 1056/1500/1342 1057/1501/1343
f 1057/1502/1343 1056/1500/1342 1058/1503/1344 1059/1504/1345
f 1059/1505/1345 1058/1503/1344 1060/1506/1346 1061/1507/1347
f 1061/1508/1347 1060/1506/1346 1062/1509/1348 1063/1510/1349
f 1063/1511/1349 1062/1509/1348 1064/1512/1350 1065/1513/1351
f 1065/1514/1351 1064/1512/1350 1066/1515/1352 1067/1516/1353
f 1067/1517/1353 1066/1515/1352 1068/1518/1354 1069/1519/1355
f 1069/1520/1355 1068/1518/1354 1070/1521/1356 1071/1522/1357
f 1071/1523/1357 1070/1521/1356 1072/1524/1358 1073/1525/1359
f 1073/1526/1359 1072/1524/1358 1074/1527/1360 1075/1528/1361
f 1075/1529/1361 1074/1527/1360 1076/1473/1325 1077/1530/1324
g default
v 140.581909 253.213211 388.926758
v 116.574661 305.573395 336.792908
v 162.239166 260.914154 381.021637
v 179.426483 272.986694 368.787018
v 190.461395 288.248962 353.420715
v 194.263794 305.207184 336.426666
v 188.764008 321.715271 319.970428
v 177.798019 333.745514 308.043579
v 160.422424 341.835449 300.117462
v 136.021240 346.864441 295.318542
v 110.361282 346.647522 295.777405
v 89.853157 347.245270 295.373016
v 72.272179 344.143524 298.640533
v 53.878304 336.541260 306.416229
v 42.687881 322.897858 320.165161
v 38.885513 305.939697 337.159149
v 42.687881 288.945648 354.117340
v 53.722816 273.579346 369.379608
v 70.910118 261.344788 381.452118
v 92.567390 253.439590 389.153107
v 116.574638 250.637726 391.728638
v 141.069290 272.807343 407.834503
v 133.347198 288.643433 392.071167
v 163.002457 280.133362 400.301636
v 148.314163 293.642639 386.930817
v 180.408722 291.623016 388.647888
v 160.192017 301.483063 378.978424
v 191.584229 306.151428 374.014099
v 167.818054 311.397125 368.992462
v 195.435059 322.296631 357.832581
v 170.445847 322.414429 357.950378
v 191.584229 338.478088 341.687439
v 167.818054 333.456451 346.933105
v 180.408707 353.111877 327.159027
v 160.191986 343.442413 337.019073
v 163.002441 364.765625 315.669403
v 148.314133 351.394806 329.178680
v 141.069275 370.598511 310.043304
v 133.347168 356.535126 324.179443
v 116.756172 371.420898 309.450165
v 116.756165 358.360229 322.510773
v 92.443062 370.827759 310.272552
v 100.165169 356.691559 324.335876
v 70.509880 365.201660 316.105438
v 85.198204 351.692352 329.476227
v 53.103630 353.712036 327.759186
v 73.320366 343.851959 337.428619
v 41.928116 339.183624 342.392944
v 65.694267 333.937897 347.414551
v 38.077301 323.038452 358.574432
v 63.066536 322.920654 358.456604
v 41.928116 306.856964 374.719604
v 65.694328 311.878571 369.473877
v 53.103630 292.223206 389.248016
v 73.320366 301.892609 379.387939
v 70.509895 280.569489 400.737610
v 85.198204 293.940216 387.228363
v 92.443077 273.036591 408.063721
v 100.165154 288.799896 392.227539
v 116.756172 270.362000 410.509064
v 116.756165 286.974792 393.896240
v 141.226562 289.488586 424.515747
v 133.504486 305.324677 408.752441
v 163.159729 296.814636 416.982910
v 148.471436 310.323914 403.612091
v 180.566010 308.304291 405.329163
v 160.349289 318.164307 395.659698
v 191.741516 322.832703 390.695374
v 167.975342 328.078369 385.673706
v 195.592346 338.977905 374.513855
v 170.603119 339.095673 374.631653
v 191.741516 355.159363 358.368713
v 167.975311 350.137726 363.614380
v 180.565979 369.793152 343.840302
v 160.349274 360.123657 353.700317
v 163.159729 381.446899 332.350677
v 148.471405 368.076050 345.859924
v 141.226562 388.603516 325.400848
v 133.504456 373.216400 340.860718
v 116.913452 389.802124 324.431488
v 116.913452 375.041504 339.192047
v 92.600349 389.208984 325.253876
v 100.322441 373.372833 341.017151
v 70.667168 381.882935 332.786713
v 85.355492 368.373596 346.157471
v 53.260902 370.393311 344.440460
v 73.477654 360.533203 354.109863
v 42.085403 355.864899 359.074219
v 65.851555 350.619171 364.095825
v 38.234589 339.719727 375.255707
v 63.223824 339.601898 375.137878
v 42.085403 323.538239 391.400879
v 65.851616 328.559845 386.155151
v 53.260918 308.904480 405.929291
v 73.477638 318.573883 396.069214
v 70.667168 297.250732 417.418884
v 85.355476 310.621490 403.909607
v 92.600349 289.717865 424.744965
v 100.322441 305.481171 408.908813
v 116.913452 287.043274 427.190308
v 116.913452 303.656067 410.577515
v 141.503784 318.890900 453.918060
v 133.781708 334.726990 438.154755
v 163.436951 326.216949 446.385223
v 148.748657 339.726227 433.014404
v 180.843231 337.706604 434.731445
v 160.626526 347.566650 425.062012
v 192.018738 352.234985 420.097687
v 168.252563 357.480713 415.076019
v 195.869568 368.380188 403.916168
v 170.880341 368.497986 404.033966
v 192.018738 384.561676 387.770996
v 168.252548 379.540039 393.016693
v 180.843201 399.195435 373.242615
v 160.626495 389.526001 383.102661
v 163.436951 410.849182 361.752991
v 148.748627 397.478394 375.262238
v 141.503784 418.382019 354.426941
v 133.781677 402.618713 370.263031
v 117.190674 421.056641 351.981567
v 117.190674 404.443817 368.594360
v 92.877571 418.611267 354.656189
v 100.599678 402.775146 370.419464
v 70.944389 411.285217 362.189026
v 85.632713 397.775940 375.559814
v 53.538139 399.795593 373.842773
v 73.754875 389.935547 383.512177
v 42.362625 385.267212 388.476532
v 66.128777 380.021484 393.498138
v 38.511810 369.122040 404.657990
v 63.501045 369.004211 404.540192
v 42.362625 352.940552 420.803192
v 66.128838 357.962158 415.557465
v 53.538139 338.306763 435.331573
v 73.754875 347.976196 425.471527
v 70.944389 326.653046 446.821198
v 85.632713 340.023804 433.311920
v 92.877586 319.120178 454.147278
v 100.599663 334.883484 438.311127
v 117.190674 316.445587 456.592621
v 117.190674 333.058350 439.979797
v 141.827682 353.242310 488.269470
v 134.105591 369.078400 472.506165
v 163.760849 360.568359 480.736633
v 149.072556 374.077637 467.365814
v 181.167114 372.057983 469.082855
v 160.950409 381.918030 459.413422
v 192.342621 386.586395 454.449097
v 168.576447 391.832092 449.427429
v 196.193451 402.731598 438.267578
v 171.204239 402.849426 438.385376
v 192.342621 418.913086 422.122406
v 168.576447 413.891449 427.368103
v 181.167099 433.546875 407.593994
v 160.950378 423.877380 417.454071
v 163.760834 445.200623 396.104370
v 149.072525 431.829773 409.613647
v 141.827667 452.733429 388.778351
v 134.105560 436.970093 404.614441
v 117.514565 455.408051 386.332977
v 117.514565 438.795227 402.945770
v 93.201454 452.962677 389.007599
v 100.923561 437.126526 404.770874
v 71.268272 445.636658 396.540436
v 85.956596 432.127319 409.911194
v 53.862022 434.147034 408.194153
v 74.078758 424.286926 417.863586
v 42.686508 419.618622 422.827942
v 66.452660 414.372894 427.849548
v 38.835693 403.473450 439.009399
v 63.824928 403.355652 438.891602
v 42.686508 387.291962 455.154602
v 66.452721 392.313568 449.908875
v 53.862022 372.658203 469.682983
v 74.078758 382.327606 459.822937
v 71.268288 361.004456 481.172607
v 85.956596 374.375183 467.663330
v 93.201469 353.471558 488.498688
v 100.923561 369.234863 472.662537
v 117.514565 350.796997 490.944031
v 117.514565 367.409790 474.331238
vt 0.625000 0.684727
vt 0.618750 0.688440
vt 0.381250 0.688440
vt 0.393750 0.688440
vt 0.406250 0.688440
vt 0.418750 0.688440
vt 0.431250 0.688440
vt 0.443750 0.688440
vt 0.456250 0.688440
vt 0.468750 0.688440
vt 0.481250 0.688440
vt 0.493750 0.688440
vt 0.506250 0.688440
vt 0.518750 0.688440
vt 0.531250 0.688440
vt 0.543750 0.688440
vt 0.556250 0.688440
vt 0.568750 0.688440
vt 0.581250 0.688440
vt 0.593750 0.688440
vt 0.606250 0.688440
vt 0.375000 0.684727
vt 0.387500 0.684727
vt 0.400000 0.684727
vt 0.412500 0.684727
vt 0.425000 0.684727
vt 0.437500 0.684727
vt 0.450000 0.684727
vt 0.462500 0.684727
vt 0.475000 0.684727
vt 0.487500 0.684727
vt 0.500000 0.684727
vt 0.512500 0.684727
vt 0.525000 0.684727
vt 0.537500 0.684726
vt 0.550000 0.684727
vt 0.562500 0.684727
vt 0.575000 0.684727
vt 0.587500 0.684727
vt 0.600000 0.684727
vt 0.612500 0.684727
vt 0.625000 0.684727
vt 0.624875 0.688440
vt 0.612625 0.688440
vt 0.612500 0.684727
vt 0.375125 0.688440
vt 0.375000 0.684727
vt 0.387500 0.684727
vt 0.387375 0.688440
vt 0.387625 0.688440
vt 0.400000 0.684727
vt 0.399875 0.688440
vt 0.400125 0.688440
vt 0.412500 0.684727
vt 0.412375 0.688440
vt 0.412625 0.688440
vt 0.425000 0.684727
vt 0.424875 0.688440
vt 0.425125 0.688440
vt 0.437500 0.684727
vt 0.437375 0.688440
vt 0.437625 0.688440
vt 0.450000 0.684727
vt 0.449875 0.688440
vt 0.450125 0.688440
vt 0.462500 0.684727
vt 0.462375 0.688440
vt 0.462625 0.688440
vt 0.475000 0.684727
vt 0.474875 0.688440
vt 0.475125 0.688440
vt 0.487500 0.684727
vt 0.487375 0.688440
vt 0.487625 0.688440
vt 0.500000 0.684727
vt 0.499875 0.688440
vt 0.500125 0.688440
vt 0.512500 0.684727
vt 0.512375 0.688440
vt 0.512625 0.688440
vt 0.525000 0.684727
vt 0.524875 0.688440
vt 0.525125 0.688440
vt 0.537500 0.684726
vt 0.537375 0.688440
vt 0.537625 0.688440
vt 0.550000 0.684727
vt 0.549875 0.688440
vt 0.550125 0.688440
vt 0.562500 0.684727
vt 0.562375 0.688440
vt 0.562625 0.688440
vt 0.575000 0.684727
vt 0.574875 0.688440
vt 0.575125 0.688440
vt 0.587500 0.684727
vt 0.587375 0.688440
vt 0.587625 0.688440
vt 0.600000 0.684727
vt 0.599875 0.688440
vt 0.600125 0.688440
vt 0.612375 0.688440
vt 0.625000 0.684727
vt 0.624875 0.688440
vt 0.612625 0.688440
vt 0.612500 0.684727
vt 0.375125 0.688440
vt 0.375000 0.684727
vt 0.387500 0.684727
vt 0.387375 0.688440
vt 0.387625 0.688440
vt 0.400000 0.684727
vt 0.399875 0.688440
vt 0.400125 0.688440
vt 0.412500 0.684727
vt 0.412375 0.688440
vt 0.412625 0.688440
vt 0.425000 0.684727
vt 0.424875 0.688440
vt 0.425125 0.688440
vt 0.437500 0.684727
vt 0.437375 0.688440
vt 0.437625 0.688440
vt 0.450000 0.684727
vt 0.449875 0.688440
vt 0.450125 0.688440
vt 0.462500 0.684727
vt 0.462375 0.688440
vt 0.462625 0.688440
vt 0.475000 0.684727
vt 0.474875 0.688440
vt 0.475125 0.688440
vt 0.487500 0.684727
vt 0.487375 0.688440
vt 0.487625 0.688440
vt 0.500000 0.684727
vt 0.499875 0.688440
vt 0.500125 0.688440
vt 0.512500 0.684727
vt 0.512375 0.688440
vt 0.512625 0.688440
vt 0.525000 0.684727
vt 0.524875 0.688440
vt 0.525125 0.688440
vt 0.537500 0.684726
vt 0.537375 0.688440
vt 0.537625 0.688440
vt 0.550000 0.684727
vt 0.549875 0.688440
vt 0.550125 0.688440
vt 0.562500 0.684727
vt 0.562375 0.688440
vt 0.562625 0.688440
vt 0.575000 0.684727
vt 0.574875 0.688440
vt 0.575125 0.688440
vt 0.587500 0.684727
vt 0.587375 0.688440
vt 0.587625 0.688440
vt 0.600000 0.684727
vt 0.599875 0.688440
vt 0.600125 0.688440
vt 0.612375 0.688440
vt 0.625000 0.684727
vt 0.624875 0.688440
vt 0.612625 0.688440
vt 0.612500 0.684727
vt 0.375125 0.688440
vt 0.375000 0.684727
vt 0.387500 0.684727
vt 0.387375 0.688440
vt 0.387625 0.688440
vt 0.400000 0.684727
vt 0.399875 0.688440
vt 0.400125 0.688440
vt 0.412500 0.684727
vt 0.412375 0.688440
vt 0.412625 0.688440
vt 0.425000 0.684727
vt 0.424875 0.688440
vt 0.425125 0.688440
vt 0.437500 0.684727
vt 0.437375 0.688440
vt 0.437625 0.688440
vt 0.450000 0.684727
vt 0.449875 0.688440
vt 0.450125 0.688440
vt 0.462500 0.684727
vt 0.462375 0.688440
vt 0.462625 0.688440
vt 0.475000 0.684727
vt 0.474875 0.688440
vt 0.475125 0.688440
vt 0.487500 0.684727
vt 0.487375 0.688440
vt 0.487625 0.688440
vt 0.500000 0.684727
vt 0.499875 0.688440
vt 0.500125 0.688440
vt 0.512500 0.684727
vt 0.512375 0.688440
vt 0.512625 0.688440
vt 0.525000 0.684727
vt 0.524875 0.688440
vt 0.525125 0.688440
vt 0.537500 0.684726
vt 0.537375 0.688440
vt 0.537625 0.688440
vt 0.550000 0.684727
vt 0.549875 0.688440
vt 0.550125 0.688440
vt 0.562500 0.684727
vt 0.562375 0.688440
vt 0.562625 0.688440
vt 0.575000 0.684727
vt 0.574875 0.688440
vt 0.575125 0.688440
vt 0.587500 0.684727
vt 0.587375 0.688440
vt 0.587625 0.688440
vt 0.600000 0.684727
vt 0.599875 0.688440
vt 0.600125 0.688440
vt 0.612375 0.688440
vt 0.625000 0.684727
vt 0.624875 0.688440
vt 0.612625 0.688440
vt 0.612500 0.684727
vt 0.375125 0.688440
vt 0.375000 0.684727
vt 0.387500 0.684727
vt 0.387375 0.688440
vt 0.387625 0.688440
vt 0.400000 0.684727
vt 0.399875 0.688440
vt 0.400125 0.688440
vt 0.412500 0.684727
vt 0.412375 0.688440
vt 0.412625 0.688440
vt 0.425000 0.684727
vt 0.424875 0.688440
vt 0.425125 0.688440
vt 0.437500 0.684727
vt 0.437375 0.688440
vt 0.437625 0.688440
vt 0.450000 0.684727
vt 0.449875 0.688440
vt 0.450125 0.688440
vt 0.462500 0.684727
vt 0.462375 0.688440
vt 0.462625 0.688440
vt 0.475000 0.684727
vt 0.474875 0.688440
vt 0.475125 0.688440
vt 0.487500 0.684727
vt 0.487375 0.688440
vt 0.487625 0.688440
vt 0.500000 0.684727
vt 0.499875 0.688440
vt 0.500125 0.688440
vt 0.512500 0.684727
vt 0.512375 0.688440
vt 0.512625 0.688440
vt 0.525000 0.684727
vt 0.524875 0.688440
vt 0.525125 0.688440
vt 0.537500 0.684726
vt 0.537375 0.688440
vt 0.537625 0.688440
vt 0.550000 0.684727
vt 0.549875 0.688440
vt 0.550125 0.688440
vt 0.562500 0.684727
vt 0.562375 0.688440
vt 0.562625 0.688440
vt 0.575000 0.684727
vt 0.574875 0.688440
vt 0.575125 0.688440
vt 0.587500 0.684727
vt 0.587375 0.688440
vt 0.587625 0.688440
vt 0.600000 0.684727
vt 0.599875 0.688440
vt 0.600125 0.688440
vt 0.612375 0.688440
vn 0.006667 0.707092 0.707091
vn 0.006667 0.707091 0.707091
vn 0.006667 0.707091 0.707091
vn 0.006667 0.707092 0.707091
vn 0.006668 0.707091 0.707091
vn 0.006667 0.707091 0.707091
vn 0.006666 0.707091 0.707091
vn 0.006666 0.707091 0.707091
vn 0.006667 0.707092 0.707090
vn 0.006666 0.707091 0.707092
vn 0.006666 0.707090 0.707092
vn 0.006667 0.707091 0.707092
vn 0.006668 0.707091 0.707091
vn 0.006666 0.707091 0.707091
vn 0.006667 0.707091 0.707091
vn 0.006668 0.707091 0.707091
vn 0.006667 0.707091 0.707092
vn 0.006668 0.707091 0.707091
vn 0.006667 0.707091 0.707091
vn 0.006666 0.707092 0.707091
vn 0.006666 0.707091 0.707091
vn 0.006667 0.707092 0.707090
vn 0.006667 0.707092 0.707090
vn 0.006667 0.707092 0.707090
vn 0.006667 0.707092 0.707090
vn 0.006666 0.707092 0.707090
vn 0.006666 0.707092 0.707090
vn 0.006666 0.707091 0.707091
vn 0.006666 0.707091 0.707091
vn 0.006667 0.707091 0.707091
vn 0.006667 0.707091 0.707091
vn 0.006666 0.707091 0.707091
vn 0.006666 0.707091 0.707091
vn 0.006666 0.707090 0.707092
vn 0.006666 0.707090 0.707092
vn 0.006667 0.707091 0.707091
vn 0.006667 0.707091 0.707091
vn 0.006667 0.707091 0.707092
vn 0.006667 0.707091 0.707092
vn 0.006666 0.707090 0.707092
vn 0.006666 0.707090 0.707093
vn 0.006666 0.707090 0.707092
vn 0.006666 0.707090 0.707092
vn 0.006667 0.707090 0.707092
vn 0.006667 0.707090 0.707092
vn 0.006668 0.707091 0.707092
vn 0.006668 0.707091 0.707092
vn 0.006668 0.707091 0.707092
vn 0.006668 0.707090 0.707092
vn 0.006668 0.707091 0.707091
vn 0.006668 0.707091 0.707091
vn 0.006668 0.707091 0.707091
vn 0.006668 0.707091 0.707091
vn 0.006668 0.707092 0.707091
vn 0.006668 0.707092 0.707091
vn 0.006668 0.707092 0.707090
vn 0.006668 0.707092 0.707090
vn 0.006667 0.707092 0.707090
vn 0.006667 0.707092 0.707090
vn 0.006667 0.707092 0.707090
vn 0.006667 0.707092 0.707090
vn 0.006667 0.707092 0.707090
vn 0.006667 0.707092 0.707090
vn 0.006668 0.707092 0.707090
vn 0.006668 0.707092 0.707090
vn 0.006666 0.707091 0.707091
vn 0.006666 0.707091 0.707091
vn 0.006665 0.707092 0.707090
vn 0.006665 0.707092 0.707090
vn 0.006665 0.707092 0.707090
vn 0.006665 0.707092 0.707090
vn 0.006665 0.707090 0.707092
vn 0.006665 0.707090 0.707092
vn 0.006665 0.707091 0.707092
vn 0.006665 0.707091 0.707091
vn 0.006665 0.707090 0.707092
vn 0.006665 0.707090 0.707092
vn 0.006665 0.707089 0.707093
vn 0.006665 0.707089 0.707093
vn 0.006666 0.707089 0.707093
vn 0.006666 0.707089 0.707093
vn 0.006667 0.707089 0.707093
vn 0.006667 0.707089 0.707093
vn 0.006667 0.707089 0.707093
vn 0.006667 0.707089 0.707093
vn 0.006668 0.707089 0.707093
vn 0.006668 0.707089 0.707093
vn 0.006668 0.707090 0.707092
vn 0.006668 0.707090 0.707092
vn 0.006669 0.707091 0.707091
vn 0.006669 0.707091 0.707091
vn 0.006669 0.707091 0.707091
vn 0.006669 0.707091 0.707091
vn 0.006668 0.707092 0.707090
vn 0.006668 0.707092 0.707090
vn 0.006669 0.707092 0.707090
vn 0.006669 0.707092 0.707090
vn 0.006667 0.707092 0.707090
vn 0.006667 0.707092 0.707090
vn 0.006666 0.707092 0.707090
vn 0.006667 0.707092 0.707090
vn 0.006666 0.707091 0.707091
vn 0.006666 0.707091 0.707091
vn 0.006667 0.707092 0.707090
vn 0.006667 0.707092 0.707090
vn 0.006666 0.707091 0.707091
vn 0.006666 0.707091 0.707091
vn 0.006667 0.707091 0.707091
vn 0.006667 0.707091 0.707091
vn 0.006667 0.707092 0.707090
vn 0.006667 0.707092 0.707090
vn 0.006667 0.707091 0.707091
vn 0.006667 0.707091 0.707091
vn 0.006667 0.707091 0.707091
vn 0.006667 0.707091 0.707091
vn 0.006667 0.707091 0.707091
vn 0.006667 0.707091 0.707091
vn 0.006666 0.707091 0.707091
vn 0.006666 0.707091 0.707091
vn 0.006666 0.707090 0.707092
vn 0.006666 0.707090 0.707092
vn 0.006667 0.707091 0.707092
vn 0.006667 0.707091 0.707092
vn 0.006667 0.707091 0.707091
vn 0.006667 0.707091 0.707091
vn 0.006667 0.707091 0.707091
vn 0.006667 0.707091 0.707091
vn 0.006667 0.707091 0.707091
vn 0.006667 0.707091 0.707091
vn 0.006668 0.707090 0.707092
vn 0.006668 0.707090 0.707092
vn 0.006668 0.707091 0.707091
vn 0.006668 0.707091 0.707091
vn 0.006668 0.707092 0.707090
vn 0.006668 0.707092 0.707090
vn 0.006666 0.707092 0.707090
vn 0.006666 0.707092 0.707090
vn 0.006667 0.707092 0.707091
vn 0.006667 0.707092 0.707091
vn 0.006668 0.707092 0.707090
vn 0.006668 0.707092 0.707090
vn 0.006667 0.707091 0.707091
vn 0.006667 0.707091 0.707091
vn 0.006667 0.707092 0.707090
vn 0.006667 0.707092 0.707090
vn 0.006667 0.707092 0.707091
vn 0.006667 0.707092 0.707091
vn 0.006667 0.707092 0.707090
vn 0.006667 0.707092 0.707090
vn 0.006666 0.707091 0.707092
vn 0.006666 0.707091 0.707092
vn 0.006667 0.707091 0.707091
vn 0.006667 0.707091 0.707091
vn 0.006667 0.707091 0.707091
vn 0.006667 0.707091 0.707091
vn 0.006666 0.707091 0.707092
vn 0.006666 0.707091 0.707092
vn 0.006666 0.707090 0.707092
vn 0.006666 0.707090 0.707092
vn 0.006667 0.707090 0.707092
vn 0.006667 0.707090 0.707092
vn 0.006667 0.707090 0.707092
vn 0.006667 0.707090 0.707092
vn 0.006667 0.707089 0.707093
vn 0.006667 0.707090 0.707093
vn 0.006669 0.707089 0.707093
vn 0.006669 0.707089 0.707093
vn 0.006669 0.707091 0.707092
vn 0.006669 0.707090 0.707092
vn 0.006668 0.707091 0.707091
vn 0.006668 0.707091 0.707091
vn 0.006668 0.707091 0.707091
vn 0.006668 0.707091 0.707091
vn 0.006668 0.707092 0.707090
vn 0.006668 0.707092 0.707090
vn 0.006668 0.707091 0.707091
vn 0.006668 0.707091 0.707091
vn 0.006668 0.707092 0.707090
vn 0.006668 0.707092 0.707090
vn 0.006667 0.707092 0.707090
vn 0.006667 0.707092 0.707090
s 1
g CHEOPS_LowPoly pCylinder42
usemtl blinn1SG1
f 1078/1531/1362 1079/1532/1363 1098/1571/1364
f 1079/1533/1363 1078/1552/1362 1080/1553/1365
f 1079/1534/1363 1080/1553/1365 1081/1554/1366
f 1079/1535/1363 1081/1554/1366 1082/1555/1367
f 1079/1536/1363 1082/1555/1367 1083/1556/1368
f 1079/1537/1363 1083/1556/1368 1084/1557/1369
f 1079/1538/1363 1084/1557/1369 1085/1558/1370
f 1079/1539/1363 1085/1558/1370 1086/1559/1371
f 1079/1540/1363 1086/1559/1371 1087/1560/1372
f 1079/1541/1363 1087/1560/1372 1088/1561/1373
f 1079/1542/1363 1088/1561/1373 1089/1562/1374
f 1079/1543/1363 1089/1562/1374 1090/1563/1375
f 1079/1544/1363 1090/1563/1375 1091/1564/1376
f 1079/1545/1363 1091/1564/1376 1092/1565/1377
f 1079/1546/1363 1092/1565/1377 1093/1566/1378
f 1079/1547/1363 1093/1566/1378 1094/1567/1379
f 1079/1548/1363 1094/1567/1379 1095/1568/1380
f 1079/1549/1363 1095/1568/1380 1096/1569/1381
f 1079/1550/1363 1096/1569/1381 1097/1570/1382
f 1079/1551/1363 1097/1570/1382 1098/1571/1364
s 2
f 1099/1572/1383 1100/1573/1384 1138/1574/1385 1137/1575/1386
f 1100/1576/1384 1099/1577/1383 1101/1578/1387 1102/1579/1388
f 1102/1580/1388 1101/1578/1387 1103/1581/1389 1104/1582/1390
f 1104/1583/1390 1103/1581/1389 1105/1584/1391 1106/1585/1392
f 1106/1586/1392 1105/1584/1391 1107/1587/1393 1108/1588/1394
f 1108/1589/1394 1107/1587/1393 1109/1590/1395 1110/1591/1396
f 1110/1592/1396 1109/1590/1395 1111/1593/1397 1112/1594/1398
f 1112/1595/1398 1111/1593/1397 1113/1596/1399 1114/1597/1400
f 1114/1598/1400 1113/1596/1399 1115/1599/1401 1116/1600/1402
f 1116/1601/1402 1115/1599/1401 1117/1602/1403 1118/1603/1404
f 1118/1604/1404 1117/1602/1403 1119/1605/1405 1120/1606/1406
f 1120/1607/1406 1119/1605/1405 1121/1608/1407 1122/1609/1408
f 1122/1610/1408 1121/1608/1407 1123/1611/1409 1124/1612/1410
f 1124/1613/1410 1123/1611/1409 1125/1614/1411 1126/1615/1412
f 1126/1616/1412 1125/1614/1411 1127/1617/1413 1128/1618/1414
f 1128/1619/1414 1127/1617/1413 1129/1620/1415 1130/1621/1416
f 1130/1622/1416 1129/1620/1415 1131/1623/1417 1132/1624/1418
f 1132/1625/1418 1131/1623/1417 1133/1626/1419 1134/1627/1420
f 1134/1628/1420 1133/1626/1419 1135/1629/1421 1136/1630/1422
f 1136/1631/1422 1135/1629/1421 1137/1575/1386 1138/1632/1385
s 3
f 1139/1633/1423 1140/1634/1424 1178/1635/1425 1177/1636/1426
f 1140/1637/1424 1139/1638/1423 1141/1639/1427 1142/1640/1428
f 1142/1641/1428 1141/1639/1427 1143/1642/1429 1144/1643/1430
f 1144/1644/1430 1143/1642/1429 1145/1645/1431 1146/1646/1432
f 1146/1647/1432 1145/1645/1431 1147/1648/1433 1148/1649/1434
f 1148/1650/1434 1147/1648/1433 1149/1651/1435 1150/1652/1436
f 1150/1653/1436 1149/1651/1435 1151/1654/1437 1152/1655/1438
f 1152/1656/1438 1151/1654/1437 1153/1657/1439 1154/1658/1440
f 1154/1659/1440 1153/1657/1439 1155/1660/1441 1156/1661/1442
f 1156/1662/1442 1155/1660/1441 1157/1663/1443 1158/1664/1444
f 1158/1665/1444 1157/1663/1443 1159/1666/1445 1160/1667/1446
f 1160/1668/1446 1159/1666/1445 1161/1669/1447 1162/1670/1448
f 1162/1671/1448 1161/1669/1447 1163/1672/1449 1164/1673/1450
f 1164/1674/1450 1163/1672/1449 1165/1675/1451 1166/1676/1452
f 1166/1677/1452 1165/1675/1451 1167/1678/1453 1168/1679/1454
f 1168/1680/1454 1167/1678/1453 1169/1681/1455 1170/1682/1456
f 1170/1683/1456 1169/1681/1455 1171/1684/1457 1172/1685/1458
f 1172/1686/1458 1171/1684/1457 1173/1687/1459 1174/1688/1460
f 1174/1689/1460 1173/1687/1459 1175/1690/1461 1176/1691/1462
f 1176/1692/1462 1175/1690/1461 1177/1636/1426 1178/1693/1425
s 4
f 1179/1694/1463 1180/1695/1464 1218/1696/1465 1217/1697/1466
f 1180/1698/1464 1179/1699/1463 1181/1700/1467 1182/1701/1468
f 1182/1702/1468 1181/1700/1467 1183/1703/1469 1184/1704/1470
f 1184/1705/1470 1183/1703/1469 1185/1706/1471 1186/1707/1472
f 1186/1708/1472 1185/1706/1471 1187/1709/1473 1188/1710/1474
f 1188/1711/1474 1187/1709/1473 1189/1712/1475 1190/1713/1476
f 1190/1714/1476 1189/1712/1475 1191/1715/1477 1192/1716/1478
f 1192/1717/1478 1191/1715/1477 1193/1718/1479 1194/1719/1480
f 1194/1720/1480 1193/1718/1479 1195/1721/1481 1196/1722/1482
f 1196/1723/1482 1195/1721/1481 1197/1724/1483 1198/1725/1484
f 1198/1726/1484 1197/1724/1483 1199/1727/1485 1200/1728/1486
f 1200/1729/1486 1199/1727/1485 1201/1730/1487 1202/1731/1488
f 1202/1732/1488 1201/1730/1487 1203/1733/1489 1204/1734/1490
f 1204/1735/1490 1203/1733/1489 1205/1736/1491 1206/1737/1492
f 1206/1738/1492 1205/1736/1491 1207/1739/1493 1208/1740/1494
f 1208/1741/1494 1207/1739/1493 1209/1742/1495 1210/1743/1496
f 1210/1744/1496 1209/1742/1495 1211/1745/1497 1212/1746/1498
f 1212/1747/1498 1211/1745/1497 1213/1748/1499 1214/1749/1500
f 1214/1750/1500 1213/1748/1499 1215/1751/1501 1216/1752/1502
f 1216/1753/1502 1215/1751/1501 1217/1697/1466 1218/1754/1465
s 5
f 1219/1755/1503 1220/1756/1504 1258/1757/1505 1257/1758/1506
f 1220/1759/1504 1219/1760/1503 1221/1761/1507 1222/1762/1508
f 1222/1763/1508 1221/1761/1507 1223/1764/1509 1224/1765/1510
f 1224/1766/1510 1223/1764/1509 1225/1767/1511 1226/1768/1512
f 1226/1769/1512 1225/1767/1511 1227/1770/1513 1228/1771/1514
f 1228/1772/1514 1227/1770/1513 1229/1773/1515 1230/1774/1516
f 1230/1775/1516 1229/1773/1515 1231/1776/1517 1232/1777/1518
f 1232/1778/1518 1231/1776/1517 1233/1779/1519 1234/1780/1520
f 1234/1781/1520 1233/1779/1519 1235/1782/1521 1236/1783/1522
f 1236/1784/1522 1235/1782/1521 1237/1785/1523 1238/1786/1524
f 1238/1787/1524 1237/1785/1523 1239/1788/1525 1240/1789/1526
f 1240/1790/1526 1239/1788/1525 1241/1791/1527 1242/1792/1528
f 1242/1793/1528 1241/1791/1527 1243/1794/1529 1244/1795/1530
f 1244/1796/1530 1243/1794/1529 1245/1797/1531 1246/1798/1532
f 1246/1799/1532 1245/1797/1531 1247/1800/1533 1248/1801/1534
f 1248/1802/1534 1247/1800/1533 1249/1803/1535 1250/1804/1536
f 1250/1805/1536 1249/1803/1535 1251/1806/1537 1252/1807/1538
f 1252/1808/1538 1251/1806/1537 1253/1809/1539 1254/1810/1540
f 1254/1811/1540 1253/1809/1539 1255/1812/1541 1256/1813/1542
f 1256/1814/1542 1255/1812/1541 1257/1758/1506 1258/1815/1505
g default
v 559.133301 -592.991394 275.036072
v 556.505188 -592.991394 272.568024
v 553.048889 -592.991394 271.813110
v 544.121094 -592.991394 273.831726
v 544.365845 -592.991394 275.964600
v 543.417297 -592.991394 279.504639
v 544.365845 -592.991394 283.044678
v 546.957336 -592.991394 285.636139
v 547.599915 -592.991394 287.447784
v 556.769714 -592.991394 284.651581
v 559.316101 -592.991394 281.920624
v 560.183655 -592.991394 278.873199
v 559.133301 -588.608093 275.036072
v 556.505188 -588.608093 272.568024
v 553.048889 -588.608093 271.813110
v 544.121094 -588.608093 273.831726
v 547.599915 -588.608093 287.447784
v 556.769714 -588.608093 284.651581
v 559.316101 -588.608093 281.920624
v 560.183655 -588.608093 278.873199
v 550.497375 -592.991394 279.504639
v 525.329712 -592.991394 339.151398
v 527.848511 -592.991394 336.571869
v 528.670593 -592.991394 333.130951
v 526.826233 -592.991394 324.165497
v 524.689026 -592.991394 324.368683
v 521.168152 -592.991394 323.351379
v 517.610291 -592.991394 324.230774
v 514.968811 -592.991394 326.771301
v 513.145020 -592.991394 327.378448
v 515.762085 -592.991394 336.601013
v 518.442871 -592.991394 339.200073
v 521.472839 -592.991394 340.126862
v 525.329712 -588.608093 339.151398
v 527.848511 -588.608093 336.571869
v 528.670593 -588.608093 333.130951
v 526.826233 -588.608093 324.165497
v 513.145020 -588.608093 327.378448
v 515.762085 -588.608093 336.601013
v 518.442871 -588.608093 339.200073
v 521.472839 -588.608093 340.126862
v 521.030212 -592.991394 330.430084
v 495.247192 -592.991394 241.387512
v 492.738556 -592.991394 243.976868
v 491.929932 -592.991394 247.420990
v 493.809357 -592.991394 256.379150
v 495.945770 -592.991394 256.167603
v 499.470612 -592.991394 257.171112
v 503.024994 -592.991394 256.277802
v 505.656494 -592.991394 253.726959
v 507.477905 -592.991394 253.112656
v 504.824738 -592.991394 243.900421
v 502.133759 -592.991394 241.311874
v 499.100189 -592.991394 240.396957
v 495.247192 -588.608093 241.387512
v 492.738556 -588.608093 243.976868
v 491.929932 -588.608093 247.420990
v 493.809357 -588.608093 256.379150
v 507.477905 -588.608093 253.112656
v 504.824738 -588.608093 243.900421
v 502.133759 -588.608093 241.311874
v 499.100189 -588.608093 240.396957
v 499.580811 -592.991394 250.091919
v 461.475830 -592.991394 305.339844
v 464.107605 -592.991394 307.803955
v 467.565033 -592.991394 308.553680
v 476.489807 -592.991394 306.521667
v 476.241821 -592.991394 304.389160
v 477.185059 -592.991394 300.847717
v 476.231201 -592.991394 297.309113
v 473.635834 -592.991394 294.721527
v 472.990570 -592.991394 292.910858
v 463.824921 -592.991394 295.720795
v 461.282684 -592.991394 298.455566
v 460.419647 -592.991394 301.504303
v 461.475830 -588.608093 305.339844
v 464.107605 -588.608093 307.803955
v 467.565033 -588.608093 308.553680
v 476.489807 -588.608093 306.521667
v 472.990570 -588.608093 292.910858
v 463.824921 -588.608093 295.720795
v 461.282684 -588.608093 298.455566
v 460.419647 -588.608093 301.504303
v 470.105011 -592.991394 300.858337
vt 0.635316 0.078125
vt 0.578125 0.020934
vt 0.500000 0.000000
vt 0.421875 0.020934
vt 0.364684 0.078125
vt 0.343750 0.156250
vt 0.364684 0.234375
vt 0.421875 0.291566
vt 0.500000 0.312500
vt 0.578125 0.291566
vt 0.635316 0.234375
vt 0.656250 0.156250
vt 0.375000 0.312500
vt 0.395833 0.312500
vt 0.416667 0.312500
vt 0.437500 0.312500
vt 0.541667 0.312500
vt 0.562500 0.312500
vt 0.583333 0.312500
vt 0.604167 0.312500
vt 0.625000 0.312500
vt 0.375000 0.688440
vt 0.395833 0.688440
vt 0.416667 0.688440
vt 0.437500 0.688440
vt 0.541667 0.688440
vt 0.562500 0.688440
vt 0.583333 0.688440
vt 0.604167 0.688440
vt 0.625000 0.688440
vt 0.500000 0.150000
vt 0.375000 0.312500
vt 0.395833 0.312500
vt 0.395833 0.688440
vt 0.375000 0.688440
vt 0.416667 0.312500
vt 0.416667 0.688440
vt 0.437500 0.312500
vt 0.437500 0.688440
vt 0.541667 0.312500
vt 0.562500 0.312500
vt 0.562500 0.688440
vt 0.541667 0.688440
vt 0.583333 0.312500
vt 0.583333 0.688440
vt 0.604167 0.312500
vt 0.604167 0.688440
vt 0.625000 0.312500
vt 0.625000 0.688440
vt 0.578125 0.020934
vt 0.635316 0.078125
vt 0.500000 0.150000
vt 0.500000 0.000000
vt 0.421875 0.020934
vt 0.364684 0.078125
vt 0.343750 0.156250
vt 0.364684 0.234375
vt 0.421875 0.291566
vt 0.500000 0.312500
vt 0.578125 0.291566
vt 0.635316 0.234375
vt 0.656250 0.156250
vt 0.375000 0.312500
vt 0.395833 0.312500
vt 0.395833 0.688440
vt 0.375000 0.688440
vt 0.416667 0.312500
vt 0.416667 0.688440
vt 0.437500 0.312500
vt 0.437500 0.688440
vt 0.541667 0.312500
vt 0.562500 0.312500
vt 0.562500 0.688440
vt 0.541667 0.688440
vt 0.583333 0.312500
vt 0.583333 0.688440
vt 0.604167 0.312500
vt 0.604167 0.688440
vt 0.625000 0.312500
vt 0.625000 0.688440
vt 0.578125 0.020934
vt 0.635316 0.078125
vt 0.500000 0.150000
vt 0.500000 0.000000
vt 0.421875 0.020934
vt 0.364684 0.078125
vt 0.343750 0.156250
vt 0.364684 0.234375
vt 0.421875 0.291566
vt 0.500000 0.312500
vt 0.578125 0.291566
vt 0.635316 0.234375
vt 0.656250 0.156250
vt 0.375000 0.312500
vt 0.395833 0.312500
vt 0.395833 0.688440
vt 0.375000 0.688440
vt 0.416667 0.312500
vt 0.416667 0.688440
vt 0.437500 0.312500
vt 0.437500 0.688440
vt 0.541667 0.312500
vt 0.562500 0.312500
vt 0.562500 0.688440
vt 0.541667 0.688440
vt 0.583333 0.312500
vt 0.583333 0.688440
vt 0.604167 0.312500
vt 0.604167 0.688440
vt 0.625000 0.312500
vt 0.625000 0.688440
vt 0.578125 0.020934
vt 0.635316 0.078125
vt 0.500000 0.150000
vt 0.500000 0.000000
vt 0.421875 0.020934
vt 0.364684 0.078125
vt 0.343750 0.156250
vt 0.364684 0.234375
vt 0.421875 0.291566
vt 0.500000 0.312500
vt 0.578125 0.291566
vt 0.635316 0.234375
vt 0.656250 0.156250
vn 0.863753 0.000000 -0.503916
vn 0.468094 0.000000 -0.883679
vn 0.468094 0.000000 -0.883679
vn 0.863753 0.000000 -0.503916
vn -0.101515 0.000000 -0.994834
vn -0.101515 0.000000 -0.994834
vn -0.220539 0.000000 -0.975378
vn -0.220539 0.000000 -0.975378
vn 0.291677 0.000000 0.956517
vn 0.426661 0.000000 0.904412
vn 0.426661 0.000000 0.904412
vn 0.291677 0.000000 0.956517
vn 0.860964 0.000000 0.508666
vn 0.860964 0.000000 0.508666
vn 0.999648 0.000000 -0.026542
vn 0.999648 0.000000 -0.026542
vn 0.000000 -1.000000 0.000000
vn 0.000000 -1.000000 0.000000
vn 0.000000 -1.000000 0.000003
vn 0.000000 -1.000000 0.000004
vn 0.000000 -1.000000 0.000002
vn 0.000000 -1.000000 -0.000018
vn 0.000000 -1.000000 -0.000010
vn 0.000000 -1.000000 -0.000000
vn 0.000000 -1.000000 0.000001
vn 0.000000 -1.000000 -0.000003
vn 0.000000 -1.000000 0.000000
vn 0.000000 -1.000000 0.000020
vn 0.000000 -1.000000 0.000014
vn 0.486997 0.000000 0.873403
vn 0.874392 0.000000 0.485220
vn 0.874392 0.000000 0.485220
vn 0.486997 0.000000 0.873403
vn 0.996623 0.000000 -0.082121
vn 0.996623 0.000000 -0.082121
vn 0.979489 0.000000 -0.201498
vn 0.979489 0.000000 -0.201498
vn -0.962018 0.000000 0.272988
vn -0.912553 0.000000 0.408959
vn -0.912553 0.000000 0.408959
vn -0.962018 0.000000 0.272988
vn -0.525343 0.000000 0.850891
vn -0.525343 0.000000 0.850891
vn 0.007068 0.000000 0.999975
vn 0.007068 0.000000 0.999975
vn 0.000000 -1.000000 0.000000
vn 0.000000 -1.000000 0.000000
vn 0.000000 -1.000000 -0.000000
vn 0.000000 -1.000000 0.000000
vn 0.000000 -1.000000 0.000000
vn 0.000000 -1.000000 -0.000009
vn 0.000000 -1.000000 -0.000004
vn 0.000000 -1.000000 0.000005
vn 0.000000 -1.000000 0.000000
vn 0.000000 -1.000000 0.000000
vn 0.000000 -1.000000 0.000004
vn 0.000000 -1.000000 0.000002
vn 0.000000 -1.000000 -0.000001
vn -0.490414 0.000000 -0.871489
vn -0.876287 0.000000 -0.481790
vn -0.876287 0.000000 -0.481790
vn -0.490414 0.000000 -0.871489
vn -0.996293 0.000000 0.086020
vn -0.996293 0.000000 0.086020
vn -0.978693 0.000000 0.205332
vn -0.978693 0.000000 0.205332
vn 0.960940 0.000000 -0.276756
vn 0.910942 0.000000 -0.412534
vn 0.910942 0.000000 -0.412534
vn 0.960940 0.000000 -0.276756
vn 0.522005 0.000000 -0.852942
vn 0.522005 0.000000 -0.852942
vn -0.010983 0.000000 -0.999940
vn -0.010983 0.000000 -0.999940
vn 0.000000 -1.000000 0.000000
vn 0.000000 -1.000000 0.000000
vn 0.000000 -1.000000 0.000001
vn 0.000000 -1.000000 0.000000
vn 0.000000 -1.000000 -0.000005
vn 0.000000 -1.000000 -0.000013
vn 0.000000 -1.000000 0.000010
vn 0.000000 -1.000000 0.000005
vn 0.000000 -1.000000 0.000000
vn 0.000000 -1.000000 0.000000
vn 0.000000 -1.000000 0.000004
vn 0.000000 -1.000000 0.000002
vn 0.000000 -1.000000 -0.000001
vn -0.862992 0.000000 0.505218
vn -0.466769 0.000000 0.884379
vn -0.466769 0.000000 0.884379
vn -0.862992 0.000000 0.505218
vn 0.103007 0.000000 0.994681
vn 0.103007 0.000000 0.994681
vn 0.222001 0.000000 0.975046
vn 0.222001 0.000000 0.975046
vn -0.293107 0.000000 -0.956080
vn -0.428014 0.000000 -0.903772
vn -0.428014 0.000000 -0.903772
vn -0.293107 0.000000 -0.956080
vn -0.861725 0.000000 -0.507375
vn -0.861725 0.000000 -0.507375
vn -0.999607 0.000000 0.028045
vn -0.999607 0.000000 0.028045
vn 0.000000 -1.000000 -0.000009
vn 0.000000 -1.000000 0.000008
vn 0.000000 -1.000000 -0.000001
vn 0.000000 -1.000000 -0.000004
vn 0.000000 -1.000000 -0.000007
vn 0.000000 -1.000000 0.000000
vn 0.000000 -1.000000 0.000010
vn 0.000000 -1.000000 0.000010
vn 0.000000 -1.000000 -0.000010
vn 0.000000 -1.000000 -0.000003
vn 0.000000 -1.000000 0.000000
vn 0.000000 -1.000000 0.000000
vn 0.000000 -1.000000 0.000015
s 1
g CHEOPS_LowPoly pCylinder14
usemtl blinn1SG1
f 1259/1828/1543 1260/1829/1544 1272/1838/1545 1271/1837/1546
f 1260/1829/1544 1261/1830/1547 1273/1839/1548 1272/1838/1545
f 1261/1830/1547 1262/1831/1549 1274/1840/1550 1273/1839/1548
f 1267/1832/1551 1268/1833/1552 1276/1842/1553 1275/1841/1554
f 1268/1833/1552 1269/1834/1555 1277/1843/1556 1276/1842/1553
f 1269/1834/1555 1270/1835/1557 1278/1844/1558 1277/1843/1556
f 1270/1835/1557 1259/1836/1543 1271/1845/1546 1278/1844/1558
s 3
f 1260/1817/1559 1259/1816/1560 1279/1846/1561
f 1261/1818/1562 1260/1817/1559 1279/1846/1561
f 1262/1819/1563 1261/1818/1562 1279/1846/1561
f 1263/1820/1564 1262/1819/1563 1279/1846/1561
f 1264/1821/1565 1263/1820/1564 1279/1846/1561
f 1265/1822/1566 1264/1821/1565 1279/1846/1561
f 1266/1823/1567 1265/1822/1566 1279/1846/1561
f 1267/1824/1568 1266/1823/1567 1279/1846/1561
f 1268/1825/1569 1267/1824/1568 1279/1846/1561
f 1269/1826/1570 1268/1825/1569 1279/1846/1561
f 1270/1827/1571 1269/1826/1570 1279/1846/1561
f 1259/1816/1560 1270/1827/1571 1279/1846/1561
s 4
f 1280/1847/1572 1281/1848/1573 1293/1849/1574 1292/1850/1575
f 1281/1848/1573 1282/1851/1576 1294/1852/1577 1293/1849/1574
f 1282/1851/1576 1283/1853/1578 1295/1854/1579 1294/1852/1577
f 1288/1855/1580 1289/1856/1581 1297/1857/1582 1296/1858/1583
f 1289/1856/1581 1290/1859/1584 1298/1860/1585 1297/1857/1582
f 1290/1859/1584 1291/1861/1586 1299/1862/1587 1298/1860/1585
f 1291/1861/1586 1280/1863/1572 1292/1864/1575 1299/1862/1587
s 6
f 1281/1865/1588 1280/1866/1589 1300/1867/1590
f 1282/1868/1591 1281/1865/1588 1300/1867/1590
f 1283/1869/1592 1282/1868/1591 1300/1867/1590
f 1284/1870/1593 1283/1869/1592 1300/1867/1590
f 1285/1871/1594 1284/1870/1593 1300/1867/1590
f 1286/1872/1595 1285/1871/1594 1300/1867/1590
f 1287/1873/1596 1286/1872/1595 1300/1867/1590
f 1288/1874/1597 1287/1873/1596 1300/1867/1590
f 1289/1875/1598 1288/1874/1597 1300/1867/1590
f 1290/1876/1599 1289/1875/1598 1300/1867/1590
f 1291/1877/1600 1290/1876/1599 1300/1867/1590
f 1280/1866/1589 1291/1877/1600 1300/1867/1590
s 7
f 1301/1878/1601 1302/1879/1602 1314/1880/1603 1313/1881/1604
f 1302/1879/1602 1303/1882/1605 1315/1883/1606 1314/1880/1603
f 1303/1882/1605 1304/1884/1607 1316/1885/1608 1315/1883/1606
f 1309/1886/1609 1310/1887/1610 1318/1888/1611 1317/1889/1612
f 1310/1887/1610 1311/1890/1613 1319/1891/1614 1318/1888/1611
f 1311/1890/1613 1312/1892/1615 1320/1893/1616 1319/1891/1614
f 1312/1892/1615 1301/1894/1601 1313/1895/1604 1320/1893/1616
s 9
f 1302/1896/1617 1301/1897/1618 1321/1898/1619
f 1303/1899/1620 1302/1896/1617 1321/1898/1619
f 1304/1900/1621 1303/1899/1620 1321/1898/1619
f 1305/1901/1622 1304/1900/1621 1321/1898/1619
f 1306/1902/1623 1305/1901/1622 1321/1898/1619
f 1307/1903/1624 1306/1902/1623 1321/1898/1619
f 1308/1904/1625 1307/1903/1624 1321/1898/1619
f 1309/1905/1626 1308/1904/1625 1321/1898/1619
f 1310/1906/1627 1309/1905/1626 1321/1898/1619
f 1311/1907/1628 1310/1906/1627 1321/1898/1619
f 1312/1908/1629 1311/1907/1628 1321/1898/1619
f 1301/1897/1618 1312/1908/1629 1321/1898/1619
s 10
f 1322/1909/1630 1323/1910/1631 1335/1911/1632 1334/1912/1633
f 1323/1910/1631 1324/1913/1634 1336/1914/1635 1335/1911/1632
f 1324/1913/1634 1325/1915/1636 1337/1916/1637 1336/1914/1635
f 1330/1917/1638 1331/1918/1639 1339/1919/1640 1338/1920/1641
f 1331/1918/1639 1332/1921/1642 1340/1922/1643 1339/1919/1640
f 1332/1921/1642 1333/1923/1644 1341/1924/1645 1340/1922/1643
f 1333/1923/1644 1322/1925/1630 1334/1926/1633 1341/1924/1645
s 12
f 1323/1927/1646 1322/1928/1647 1342/1929/1648
f 1324/1930/1649 1323/1927/1646 1342/1929/1648
f 1325/1931/1650 1324/1930/1649 1342/1929/1648
f 1326/1932/1651 1325/1931/1650 1342/1929/1648
f 1327/1933/1652 1326/1932/1651 1342/1929/1648
f 1328/1934/1653 1327/1933/1652 1342/1929/1648
f 1329/1935/1654 1328/1934/1653 1342/1929/1648
f 1330/1936/1655 1329/1935/1654 1342/1929/1648
f 1331/1937/1656 1330/1936/1655 1342/1929/1648
f 1332/1938/1657 1331/1937/1656 1342/1929/1648
f 1333/1939/1658 1332/1938/1657 1342/1929/1648
f 1322/1928/1647 1333/1939/1658 1342/1929/1648
g default
v 547.612488 -580.749084 278.076691
v 542.038635 -580.749084 267.137268
v 533.357056 -580.749084 258.455719
v 522.417664 -580.749084 252.881882
v 510.291260 -580.749084 250.961227
v 498.164856 -580.749084 252.881882
v 487.225433 -580.749084 258.455719
v 478.543915 -580.749084 267.137268
v 472.970032 -580.749084 278.076691
v 471.049408 -580.749084 290.203094
v 472.970032 -580.749084 302.329468
v 478.543915 -580.749084 313.268860
v 487.225433 -580.749084 321.950439
v 498.164856 -580.749084 327.524292
v 510.291260 -580.749084 329.444916
v 522.417664 -580.749084 327.524292
v 533.357056 -580.749084 321.950439
v 542.038574 -580.749084 313.268860
v 547.612488 -580.749084 302.329468
v 549.533081 -580.749084 290.203094
v 510.291260 -616.759705 290.203094
v 547.612488 -598.903992 278.076691
v 542.038635 -598.903992 267.137268
v 533.357056 -598.903992 258.455719
v 522.417664 -598.903992 252.881882
v 510.291260 -598.903992 250.961227
v 498.164856 -598.903992 252.881882
v 487.225433 -598.903992 258.455719
v 478.543915 -598.903992 267.137268
v 472.970032 -598.903992 278.076691
v 471.049408 -598.903992 290.203094
v 472.970032 -598.903992 302.329468
v 478.543915 -598.903992 313.268860
v 487.225433 -598.903992 321.950439
v 498.164856 -598.903992 327.524292
v 510.291260 -598.903992 329.444916
v 522.417664 -598.903992 327.524292
v 533.357056 -598.903992 321.950439
v 542.038574 -598.903992 313.268860
v 547.612488 -598.903992 302.329468
v 549.533081 -598.903992 290.203094
v 525.956055 -615.060730 285.113281
v 523.616699 -615.060730 280.521729
v 526.762268 -615.060730 290.203125
v 519.972717 -615.060730 276.877777
v 515.381042 -615.060730 274.538208
v 510.291260 -615.060730 273.732086
v 505.201447 -615.060730 274.538208
v 500.609833 -615.060730 276.877777
v 496.965912 -615.060730 280.521729
v 494.626373 -615.060730 285.113281
v 493.820221 -615.060730 290.203125
v 494.626373 -615.060730 295.292938
v 496.965942 -615.060730 299.884552
v 500.609833 -615.060730 303.528473
v 505.201447 -615.060730 305.868011
v 510.291260 -615.060730 306.674133
v 515.381042 -615.060730 305.868011
v 519.972717 -615.060730 303.528473
v 523.616577 -615.060730 299.884552
v 525.956055 -615.060730 295.292938
v 536.140564 -611.398682 281.804138
v 543.226501 -606.605408 279.501770
v 532.280090 -611.398682 274.227356
v 538.307678 -606.605408 269.847992
v 537.470825 -611.398682 290.203125
v 544.921387 -606.605408 290.203094
v 526.267090 -611.398682 268.214355
v 530.646423 -606.605408 262.186707
v 536.140564 -611.398682 298.602051
v 543.226501 -606.605408 300.904419
v 518.690247 -611.398682 264.353760
v 520.992615 -606.605408 257.267822
v 510.291260 -611.398682 263.023499
v 510.291260 -606.605408 255.572906
v 501.892334 -611.398682 264.353760
v 499.589935 -606.605408 257.267853
v 494.315491 -611.398682 268.214355
v 489.936127 -606.605408 262.186707
v 488.302490 -611.398682 274.227356
v 482.274872 -606.605469 269.847992
v 484.441925 -611.398682 281.804138
v 477.355988 -606.605408 279.501770
v 483.111603 -611.398682 290.203125
v 475.661041 -606.605408 290.203094
v 484.441925 -611.398682 298.602051
v 477.355988 -606.605408 300.904419
v 488.302490 -611.398682 306.178894
v 482.274841 -606.605408 310.558228
v 494.315491 -611.398682 312.191833
v 489.936127 -606.605408 318.219482
v 501.892334 -611.398682 316.052460
v 499.589935 -606.605408 323.138397
v 510.291260 -611.398682 317.382721
v 510.291260 -606.605408 324.833313
v 518.690247 -611.398682 316.052460
v 520.992554 -606.605408 323.138397
v 526.267090 -611.398682 312.191833
v 530.646423 -606.605408 318.219482
v 532.280029 -611.398682 306.178894
v 538.307678 -606.605408 310.558228
vt 0.375000 0.688439
vt 0.387500 0.688439
vt 0.400000 0.688439
vt 0.412500 0.688439
vt 0.425000 0.688439
vt 0.437500 0.688439
vt 0.450000 0.688439
vt 0.462500 0.688439
vt 0.475000 0.688439
vt 0.487500 0.688439
vt 0.500000 0.688439
vt 0.512500 0.688439
vt 0.525000 0.688439
vt 0.537500 0.688439
vt 0.550000 0.688439
vt 0.562500 0.688439
vt 0.575000 0.688439
vt 0.587500 0.688439
vt 0.600000 0.688439
vt 0.625000 0.313252
vt 0.625000 0.688439
vt 0.612500 0.688439
vt 0.629208 0.113452
vt 0.609911 0.075579
vt 0.579855 0.045523
vt 0.541982 0.026226
vt 0.500000 0.019577
vt 0.458018 0.026226
vt 0.420145 0.045523
vt 0.390089 0.075579
vt 0.370792 0.113452
vt 0.364143 0.155434
vt 0.370792 0.197417
vt 0.390089 0.235289
vt 0.420145 0.265345
vt 0.458018 0.284642
vt 0.500000 0.291292
vt 0.541982 0.284643
vt 0.579855 0.265345
vt 0.609911 0.235289
vt 0.629208 0.197417
vt 0.500000 0.150000
vt 0.635858 0.155435
vt 0.624832 0.312729
vt 0.375002 0.313096
vt 0.387333 0.312729
vt 0.399832 0.312729
vt 0.612332 0.312729
vt 0.412333 0.312729
vt 0.599832 0.312729
vt 0.424833 0.312729
vt 0.437333 0.312729
vt 0.449833 0.312729
vt 0.462333 0.312729
vt 0.474833 0.312729
vt 0.487333 0.312729
vt 0.499833 0.312729
vt 0.512332 0.312729
vt 0.524832 0.312729
vt 0.537332 0.312729
vt 0.549832 0.312729
vt 0.562332 0.312729
vt 0.574832 0.312729
vt 0.587332 0.312729
vt 0.375139 0.312737
vt 0.375372 0.312522
vt 0.387061 0.312500
vt 0.624561 0.312500
vt 0.612639 0.312737
vt 0.612872 0.312522
vt 0.387639 0.312737
vt 0.387872 0.312522
vt 0.399561 0.312500
vt 0.612061 0.312500
vt 0.600139 0.312737
vt 0.600372 0.312522
vt 0.400139 0.312737
vt 0.400372 0.312522
vt 0.412061 0.312500
vt 0.412639 0.312737
vt 0.412872 0.312522
vt 0.424561 0.312500
vt 0.425139 0.312737
vt 0.425372 0.312522
vt 0.437061 0.312500
vt 0.437639 0.312737
vt 0.437872 0.312522
vt 0.449561 0.312500
vt 0.450139 0.312737
vt 0.450372 0.312522
vt 0.462061 0.312500
vt 0.462639 0.312737
vt 0.462872 0.312522
vt 0.474561 0.312500
vt 0.475139 0.312737
vt 0.475372 0.312522
vt 0.487061 0.312500
vt 0.487639 0.312737
vt 0.487872 0.312522
vt 0.499561 0.312500
vt 0.500139 0.312737
vt 0.500372 0.312522
vt 0.512061 0.312500
vt 0.512639 0.312737
vt 0.512872 0.312522
vt 0.524561 0.312500
vt 0.525139 0.312737
vt 0.525372 0.312522
vt 0.537061 0.312500
vt 0.537639 0.312737
vt 0.537872 0.312522
vt 0.549561 0.312500
vt 0.550139 0.312737
vt 0.550372 0.312522
vt 0.562061 0.312500
vt 0.562639 0.312737
vt 0.562872 0.312522
vt 0.574561 0.312500
vt 0.575139 0.312737
vt 0.575372 0.312522
vt 0.587061 0.312500
vt 0.587639 0.312737
vt 0.587872 0.312522
vt 0.599561 0.312500
vt 0.375000 0.313252
vt 0.387495 0.313095
vt 0.624995 0.313095
vt 0.612500 0.313252
vt 0.387500 0.313252
vt 0.399995 0.313096
vt 0.400000 0.313252
vt 0.412495 0.313096
vt 0.412500 0.313252
vt 0.424995 0.313095
vt 0.425000 0.313252
vt 0.437495 0.313096
vt 0.437500 0.313252
vt 0.449995 0.313095
vt 0.450000 0.313252
vt 0.462495 0.313096
vt 0.462500 0.313252
vt 0.474995 0.313095
vt 0.475000 0.313252
vt 0.487495 0.313095
vt 0.487500 0.313252
vt 0.499995 0.313095
vt 0.500000 0.313252
vt 0.512495 0.313096
vt 0.512500 0.313252
vt 0.524995 0.313095
vt 0.525000 0.313252
vt 0.537495 0.313096
vt 0.537500 0.313252
vt 0.549995 0.313095
vt 0.550000 0.313252
vt 0.562495 0.313095
vt 0.562500 0.313252
vt 0.574995 0.313096
vt 0.575000 0.313252
vt 0.587495 0.313095
vt 0.587500 0.313252
vt 0.599995 0.313095
vt 0.600000 0.313252
vt 0.612495 0.313095
vn 0.951058 0.000000 -0.309014
vn 0.809018 0.000000 -0.587785
vn 0.809018 0.000000 -0.587785
vn 0.951058 0.000000 -0.309014
vn 0.587784 0.000000 -0.809018
vn 0.587784 0.000000 -0.809018
vn 0.309016 0.000000 -0.951057
vn 0.309016 0.000000 -0.951057
vn 0.000000 0.000000 -1.000000
vn 0.000000 0.000000 -1.000000
vn -0.309015 0.000000 -0.951057
vn -0.309015 0.000000 -0.951057
vn -0.587784 0.000000 -0.809018
vn -0.587784 0.000000 -0.809018
vn -0.809019 0.000000 -0.587783
vn -0.809019 0.000000 -0.587783
vn -0.951057 0.000000 -0.309015
vn -0.951057 0.000000 -0.309015
vn -1.000000 0.000000 0.000000
vn -1.000000 0.000000 0.000000
vn -0.951057 0.000000 0.309016
vn -0.951057 0.000000 0.309016
vn -0.809019 0.000000 0.587783
vn -0.809019 0.000000 0.587783
vn -0.587785 0.000000 0.809017
vn -0.587785 0.000000 0.809017
vn -0.309014 0.000000 0.951057
vn -0.309014 0.000000 0.951057
vn 0.000000 0.000000 1.000000
vn 0.000000 0.000000 1.000000
vn 0.309015 0.000000 0.951057
vn 0.309015 0.000000 0.951057
vn 0.587786 0.000000 0.809016
vn 0.587786 0.000000 0.809016
vn 0.809018 0.000000 0.587784
vn 0.809018 0.000000 0.587784
vn 0.951057 0.000000 0.309016
vn 0.951057 0.000000 0.309016
vn 1.000000 0.000000 0.000000
vn 1.000000 0.000000 0.000000
vn 0.207084 -0.966686 -0.150451
vn 0.243442 -0.966685 -0.079097
vn -0.000000 -1.000000 0.000001
vn 0.150454 -0.966685 -0.207083
vn 0.079098 -0.966684 -0.243444
vn 0.000000 -0.966685 -0.255968
vn -0.079099 -0.966685 -0.243441
vn -0.150455 -0.966684 -0.207085
vn -0.207083 -0.966684 -0.150460
vn -0.243440 -0.966685 -0.079097
vn -0.255969 -0.966685 0.000000
vn -0.243441 -0.966685 0.079098
vn -0.207082 -0.966684 0.150460
vn -0.150455 -0.966685 0.207085
vn -0.079099 -0.966685 0.243441
vn 0.000000 -0.966685 0.255969
vn 0.079099 -0.966685 0.243443
vn 0.150455 -0.966684 0.207086
vn 0.207083 -0.966685 0.150453
vn 0.243440 -0.966685 0.079098
vn 0.255971 -0.966685 -0.000000
vn 0.428765 -0.892610 -0.139313
vn 0.707943 -0.667763 -0.230022
vn 0.744374 -0.667763 -0.000000
vn 0.450829 -0.892611 0.000000
vn 0.364730 -0.892610 -0.264990
vn 0.602212 -0.667764 -0.437530
vn 0.264990 -0.892610 -0.364729
vn 0.437532 -0.667764 -0.602210
vn 0.707943 -0.667762 0.230023
vn 0.428763 -0.892611 0.139314
vn 0.139314 -0.892611 -0.428763
vn 0.230024 -0.667763 -0.707941
vn 0.602213 -0.667761 0.437532
vn 0.364729 -0.892610 0.264991
vn -0.000000 -0.892610 -0.450829
vn -0.000000 -0.667762 -0.744375
vn -0.139314 -0.892609 -0.428766
vn -0.230024 -0.667762 -0.707943
vn -0.264990 -0.892610 -0.364730
vn -0.437531 -0.667763 -0.602212
vn -0.364728 -0.892610 -0.264991
vn -0.602211 -0.667764 -0.437532
vn -0.428764 -0.892610 -0.139314
vn -0.707943 -0.667762 -0.230025
vn -0.450830 -0.892610 0.000000
vn -0.744375 -0.667762 -0.000000
vn -0.428764 -0.892610 0.139316
vn -0.707943 -0.667761 0.230027
vn -0.364729 -0.892609 0.264994
vn -0.602212 -0.667762 0.437533
vn -0.264991 -0.892610 0.364729
vn -0.437532 -0.667764 0.602211
vn -0.139315 -0.892610 0.428764
vn -0.230025 -0.667762 0.707943
vn 0.000000 -0.892610 0.450829
vn -0.000000 -0.667761 0.744376
vn 0.139315 -0.892610 0.428765
vn 0.230024 -0.667762 0.707943
vn 0.264991 -0.892609 0.364732
vn 0.437533 -0.667761 0.602213
vn 0.815953 -0.513746 -0.265116
vn 0.694090 -0.513750 -0.504282
vn 0.857945 -0.513741 0.000000
vn 0.504285 -0.513747 -0.694090
vn 0.265119 -0.513743 -0.815954
vn -0.000000 -0.513743 -0.857944
vn -0.265118 -0.513745 -0.815952
vn -0.504284 -0.513745 -0.694092
vn -0.694090 -0.513745 -0.504286
vn -0.815952 -0.513746 -0.265119
vn -0.857943 -0.513744 0.000000
vn -0.815953 -0.513744 0.265120
vn -0.694091 -0.513745 0.504285
vn -0.504286 -0.513745 0.694090
vn -0.265119 -0.513741 0.815955
vn -0.000000 -0.513739 0.857947
vn 0.265120 -0.513742 0.815954
vn 0.504287 -0.513744 0.694090
vn 0.694092 -0.513744 0.504284
vn 0.815954 -0.513742 0.265117
s 1
g CHEOPS_LowPoly pCylinder9
usemtl blinn1SG
f 1364/2064/1659 1365/2068/1660 1344/1941/1661 1343/1940/1662
f 1365/2068/1660 1366/2070/1663 1345/1942/1664 1344/1941/1661
f 1366/2070/1663 1367/2072/1665 1346/1943/1666 1345/1942/1664
f 1367/2072/1665 1368/2074/1667 1347/1944/1668 1346/1943/1666
f 1368/2074/1667 1369/2076/1669 1348/1945/1670 1347/1944/1668
f 1369/2076/1669 1370/2078/1671 1349/1946/1672 1348/1945/1670
f 1370/2078/1671 1371/2080/1673 1350/1947/1674 1349/1946/1672
f 1371/2080/1673 1372/2082/1675 1351/1948/1676 1350/1947/1674
f 1372/2082/1675 1373/2084/1677 1352/1949/1678 1351/1948/1676
f 1373/2084/1677 1374/2086/1679 1353/1950/1680 1352/1949/1678
f 1374/2086/1679 1375/2088/1681 1354/1951/1682 1353/1950/1680
f 1375/2088/1681 1376/2090/1683 1355/1952/1684 1354/1951/1682
f 1376/2090/1683 1377/2092/1685 1356/1953/1686 1355/1952/1684
f 1377/2092/1685 1378/2094/1687 1357/1954/1688 1356/1953/1686
f 1378/2094/1687 1379/2096/1689 1358/1955/1690 1357/1954/1688
f 1379/2096/1689 1380/2098/1691 1359/1956/1692 1358/1955/1690
f 1380/2098/1691 1381/2100/1693 1360/1957/1694 1359/1956/1692
f 1381/2100/1693 1382/2102/1695 1361/1958/1696 1360/1957/1694
f 1382/2102/1695 1383/2067/1697 1362/1961/1698 1361/1958/1696
f 1383/2067/1697 1364/1959/1659 1343/1960/1662 1362/1961/1698
s 2
f 1385/1963/1699 1384/1962/1700 1363/1981/1701
f 1387/1964/1702 1385/1963/1699 1363/1981/1701
f 1388/1965/1703 1387/1964/1702 1363/1981/1701
f 1389/1966/1704 1388/1965/1703 1363/1981/1701
f 1390/1967/1705 1389/1966/1704 1363/1981/1701
f 1391/1968/1706 1390/1967/1705 1363/1981/1701
f 1392/1969/1707 1391/1968/1706 1363/1981/1701
f 1393/1970/1708 1392/1969/1707 1363/1981/1701
f 1394/1971/1709 1393/1970/1708 1363/1981/1701
f 1395/1972/1710 1394/1971/1709 1363/1981/1701
f 1396/1973/1711 1395/1972/1710 1363/1981/1701
f 1397/1974/1712 1396/1973/1711 1363/1981/1701
f 1398/1975/1713 1397/1974/1712 1363/1981/1701
f 1399/1976/1714 1398/1975/1713 1363/1981/1701
f 1400/1977/1715 1399/1976/1714 1363/1981/1701
f 1401/1978/1716 1400/1977/1715 1363/1981/1701
f 1402/1979/1717 1401/1978/1716 1363/1981/1701
f 1403/1980/1718 1402/1979/1717 1363/1981/1701
f 1386/1982/1719 1403/1980/1718 1363/1981/1701
f 1384/1962/1700 1386/1982/1719 1363/1981/1701
f 1404/1983/1720 1405/2066/1721 1409/2103/1722 1408/2008/1723
f 1405/1984/1721 1404/2004/1720 1406/1985/1724 1407/2065/1725
f 1407/2065/1725 1406/2010/1724 1410/1986/1726 1411/2069/1727
f 1408/1987/1723 1409/2103/1722 1413/2101/1728 1412/2014/1729
f 1411/2069/1727 1410/2016/1726 1414/1988/1730 1415/2071/1731
f 1412/1989/1729 1413/2101/1728 1443/2099/1732 1442/2061/1733
f 1415/2071/1731 1414/2019/1730 1416/1990/1734 1417/2073/1735
f 1417/2073/1735 1416/2022/1734 1418/1991/1736 1419/2075/1737
f 1419/2075/1737 1418/2025/1736 1420/1992/1738 1421/2077/1739
f 1421/2077/1739 1420/2028/1738 1422/1993/1740 1423/2079/1741
f 1423/2079/1741 1422/2031/1740 1424/1994/1742 1425/2081/1743
f 1425/2081/1743 1424/2034/1742 1426/1995/1744 1427/2083/1745
f 1427/2083/1745 1426/2037/1744 1428/1996/1746 1429/2085/1747
f 1429/2085/1747 1428/2040/1746 1430/1997/1748 1431/2087/1749
f 1431/2087/1749 1430/2043/1748 1432/1998/1750 1433/2089/1751
f 1433/2089/1751 1432/2046/1750 1434/1999/1752 1435/2091/1753
f 1435/2091/1753 1434/2049/1752 1436/2000/1754 1437/2093/1755
f 1437/2093/1755 1436/2052/1754 1438/2001/1756 1439/2095/1757
f 1439/2095/1757 1438/2055/1756 1440/2002/1758 1441/2097/1759
f 1441/2097/1759 1440/2058/1758 1442/2003/1733 1443/2099/1732
f 1404/2004/1720 1384/2005/1700 1385/2006/1699 1406/1985/1724
f 1384/2007/1700 1404/1983/1720 1408/2008/1723 1386/2009/1719
f 1406/2010/1724 1385/2011/1699 1387/2012/1702 1410/1986/1726
f 1386/2013/1719 1408/1987/1723 1412/2014/1729 1403/2015/1718
f 1410/2016/1726 1387/2017/1702 1388/2018/1703 1414/1988/1730
f 1414/2019/1730 1388/2020/1703 1389/2021/1704 1416/1990/1734
f 1416/2022/1734 1389/2023/1704 1390/2024/1705 1418/1991/1736
f 1418/2025/1736 1390/2026/1705 1391/2027/1706 1420/1992/1738
f 1420/2028/1738 1391/2029/1706 1392/2030/1707 1422/1993/1740
f 1422/2031/1740 1392/2032/1707 1393/2033/1708 1424/1994/1742
f 1424/2034/1742 1393/2035/1708 1394/2036/1709 1426/1995/1744
f 1426/2037/1744 1394/2038/1709 1395/2039/1710 1428/1996/1746
f 1428/2040/1746 1395/2041/1710 1396/2042/1711 1430/1997/1748
f 1430/2043/1748 1396/2044/1711 1397/2045/1712 1432/1998/1750
f 1432/2046/1750 1397/2047/1712 1398/2048/1713 1434/1999/1752
f 1434/2049/1752 1398/2050/1713 1399/2051/1714 1436/2000/1754
f 1436/2052/1754 1399/2053/1714 1400/2054/1715 1438/2001/1756
f 1438/2055/1756 1400/2056/1715 1401/2057/1716 1440/2002/1758
f 1440/2058/1758 1401/2059/1716 1402/2060/1717 1442/2003/1733
f 1442/2061/1733 1402/2062/1717 1403/2063/1718 1412/1989/1729
f 1364/2064/1760 1405/1984/1721 1407/2065/1725 1365/2068/1761
f 1405/2066/1721 1364/1959/1760 1383/2067/1762 1409/2103/1722
f 1365/2068/1761 1407/2065/1725 1411/2069/1727 1366/2070/1763
f 1366/2070/1763 1411/2069/1727 1415/2071/1731 1367/2072/1764
f 1367/2072/1764 1415/2071/1731 1417/2073/1735 1368/2074/1765
f 1368/2074/1765 1417/2073/1735 1419/2075/1737 1369/2076/1766
f 1369/2076/1766 1419/2075/1737 1421/2077/1739 1370/2078/1767
f 1370/2078/1767 1421/2077/1739 1423/2079/1741 1371/2080/1768
f 1371/2080/1768 1423/2079/1741 1425/2081/1743 1372/2082/1769
f 1372/2082/1769 1425/2081/1743 1427/2083/1745 1373/2084/1770
f 1373/2084/1770 1427/2083/1745 1429/2085/1747 1374/2086/1771
f 1374/2086/1771 1429/2085/1747 1431/2087/1749 1375/2088/1772
f 1375/2088/1772 1431/2087/1749 1433/2089/1751 1376/2090/1773
f 1376/2090/1773 1433/2089/1751 1435/2091/1753 1377/2092/1774
f 1377/2092/1774 1435/2091/1753 1437/2093/1755 1378/2094/1775
f 1378/2094/1775 1437/2093/1755 1439/2095/1757 1379/2096/1776
f 1379/2096/1776 1439/2095/1757 1441/2097/1759 1380/2098/1777
f 1380/2098/1777 1441/2097/1759 1443/2099/1732 1381/2100/1778
f 1381/2100/1778 1443/2099/1732 1413/2101/1728 1382/2102/1779
f 1382/2102/1779 1413/2101/1728 1409/2103/1722 1383/2067/1762
g default
v -425.557281 821.278748 -363.810486
v -429.031647 821.278748 -362.847687
v -432.442596 821.278748 -363.786682
v -439.407562 821.278748 -369.725464
v -438.199066 821.278748 -371.499817
v -437.392548 821.278748 -375.074951
v -434.906586 821.278748 -377.767761
v -431.407257 821.278748 -378.856842
v -429.995880 821.278748 -380.161896
v -423.178253 821.278748 -373.422150
v -422.193939 821.278748 -369.820343
v -422.843048 821.278748 -366.719025
v -425.557281 816.895447 -363.810486
v -429.031647 816.895447 -362.847687
v -432.442596 816.895447 -363.786682
v -439.407562 816.895447 -369.725464
v -429.995880 816.895447 -380.161896
v -423.178253 816.895447 -373.422150
v -422.193939 816.895447 -369.820343
v -422.843048 816.895447 -366.719025
v -431.124603 821.278748 -371.782471
v -425.667755 821.278748 -436.291107
v -424.637421 821.278748 -432.836151
v -425.509796 821.278748 -429.407684
v -431.311798 821.278748 -422.328278
v -433.109344 821.278748 -423.502045
v -436.699432 821.278748 -424.238708
v -439.440277 821.278748 -426.671753
v -440.597321 821.278748 -430.149292
v -441.929535 821.278748 -431.534882
v -435.323883 821.278748 -438.482544
v -431.741974 821.278748 -439.536804
v -428.628571 821.278748 -438.948273
v -425.667755 816.895447 -436.291107
v -424.637421 816.895447 -432.836151
v -425.509796 816.895447 -429.407684
v -431.311798 816.895447 -422.328278
v -441.929535 816.895447 -431.534882
v -435.323883 816.895447 -438.482544
v -431.741974 816.895447 -439.536804
v -428.628571 816.895447 -438.948273
v -433.529755 821.278748 -430.569611
v -497.762970 821.278748 -363.730713
v -498.779663 821.278748 -367.189636
v -497.893951 821.278748 -370.614716
v -492.064270 821.278748 -377.671326
v -490.271301 821.278748 -376.490540
v -486.684082 821.278748 -375.739777
v -483.952820 821.278748 -373.296051
v -482.809418 821.278748 -369.814056
v -481.482574 821.278748 -368.423218
v -488.115417 821.278748 -361.501495
v -491.701477 821.278748 -360.461243
v -494.812561 821.278748 -361.062012
v -497.762970 816.895447 -363.730713
v -498.779663 816.895447 -367.189636
v -497.893951 816.895447 -370.614716
v -492.064270 816.895447 -377.671326
v -481.482574 816.895447 -368.423218
v -488.115417 816.895447 -361.501495
v -491.701477 816.895447 -360.461243
v -494.812561 816.895447 -361.062012
v -489.878571 821.278748 -369.421387
v -497.920624 821.278748 -436.052063
v -494.444855 821.278748 -437.009705
v -491.035339 821.278748 -436.065582
v -484.079254 821.278748 -430.116333
v -485.290497 821.278748 -428.343811
v -486.102325 821.278748 -424.769958
v -488.592316 821.278748 -422.080780
v -492.093323 821.278748 -420.996979
v -493.506592 821.278748 -419.694061
v -500.314148 821.278748 -426.444000
v -501.293030 821.278748 -430.047302
v -500.639343 821.278748 -433.147675
v -497.920624 816.895447 -436.052063
v -494.444855 816.895447 -437.009705
v -491.035339 816.895447 -436.065582
v -484.079254 816.895447 -430.116333
v -493.506592 816.895447 -419.694061
v -500.314148 816.895447 -426.444000
v -501.293030 816.895447 -430.047302
v -500.639343 816.895447 -433.147675
v -492.365295 821.278748 -428.071777
vt 0.180411 0.809021
vt 0.180411 0.879841
vt 0.094226 0.879841
vt 0.094226 0.809021
vt 0.180411 0.940819
vt 0.094226 0.940819
vt 0.180411 0.676504
vt 0.094226 0.676504
vt 0.180411 0.998008
vt 0.094226 0.998008
vt 0.220389 0.398332
vt 0.220389 0.466264
vt 0.134205 0.466264
vt 0.134205 0.398332
vt 0.220389 0.533674
vt 0.134205 0.533674
vt 0.220389 0.346086
vt 0.134205 0.346086
vt 0.220389 0.672870
vt 0.134205 0.672870
vt 0.128621 0.398557
vt 0.128621 0.466567
vt 0.042436 0.466567
vt 0.042436 0.398557
vt 0.128621 0.533912
vt 0.042436 0.533912
vt 0.128621 0.346086
vt 0.042436 0.346086
vt 0.128621 0.672660
vt 0.042436 0.672660
vt 0.087998 0.809012
vt 0.087998 0.879860
vt 0.001813 0.879860
vt 0.001813 0.809012
vt 0.087998 0.940820
vt 0.001813 0.940820
vt 0.087998 0.676295
vt 0.001813 0.676295
vt 0.087998 0.997927
vt 0.001813 0.997927
vt 0.550113 0.001992
vt 0.618426 0.020922
vt 0.508961 0.177668
vt 0.671794 0.078110
vt 0.483046 0.020454
vt 0.684557 0.139089
vt 0.346100 0.137223
vt 0.665203 0.209908
vt 0.369862 0.172110
vt 0.531154 0.342425
vt 0.385720 0.242406
vt 0.503403 0.316765
vt 0.434600 0.295351
vt 0.432580 0.346086
vt 0.500511 0.366345
vt 0.388014 0.520928
vt 0.552757 0.424561
vt 0.365169 0.363239
vt 0.564328 0.485776
vt 0.225973 0.477319
vt 0.543600 0.556204
vt 0.249051 0.512662
vt 0.406994 0.686086
vt 0.263536 0.583251
vt 0.379750 0.659891
vt 0.311375 0.637141
vt 0.702206 0.686155
vt 0.634196 0.666165
vt 0.746087 0.511141
vt 0.581724 0.608154
vt 0.769550 0.668740
vt 0.569912 0.546983
vt 0.908298 0.554117
vt 0.590365 0.476474
vt 0.885081 0.518863
vt 0.726461 0.346058
vt 0.870319 0.448331
vt 0.753808 0.372147
vt 0.822271 0.394628
vt 0.136462 0.342454
vt 0.068121 0.323624
vt 0.177350 0.166715
vt 0.014666 0.266518
vt 0.203500 0.323891
vt 0.001813 0.205558
vt 0.340272 0.206916
vt 0.021060 0.134710
vt 0.316456 0.172064
vt 0.154910 0.001992
vt 0.300493 0.101795
vt 0.182698 0.027610
vt 0.251535 0.048920
vt 0.272646 0.689719
vt 0.272646 0.758031
vt 0.186462 0.758031
vt 0.186462 0.689719
vt 0.272646 0.825099
vt 0.186462 0.825099
vt 0.272646 0.962045
vt 0.186462 0.962045
vt 0.463168 0.821361
vt 0.463168 0.750934
vt 0.549353 0.750934
vt 0.549353 0.821361
vt 0.463168 0.689718
vt 0.549353 0.689718
vt 0.463168 0.951243
vt 0.549353 0.951243
vt 0.457118 0.820133
vt 0.457118 0.890642
vt 0.370933 0.890642
vt 0.370933 0.820133
vt 0.457118 0.951812
vt 0.370933 0.951812
vt 0.457118 0.689718
vt 0.370933 0.689718
vt 0.278698 0.961868
vt 0.278698 0.893527
vt 0.364882 0.893527
vt 0.364882 0.961868
vt 0.278698 0.826490
vt 0.364882 0.826490
vt 0.278698 0.689718
vt 0.364882 0.689718
vn 0.530340 0.000000 0.847785
vn 0.003458 0.000000 0.999994
vn 0.003458 0.000000 0.999994
vn 0.530340 0.000000 0.847785
vn -0.552504 0.000000 0.833511
vn -0.552504 0.000000 0.833511
vn -0.648828 0.000000 0.760935
vn -0.648828 0.000000 0.760935
vn 0.703031 0.000000 -0.711159
vn 0.798300 0.000000 -0.602260
vn 0.798300 0.000000 -0.602260
vn 0.703031 0.000000 -0.711159
vn 0.998752 0.000000 -0.049945
vn 0.998752 0.000000 -0.049945
vn 0.872642 0.000000 0.488360
vn 0.872642 0.000000 0.488360
vn 0.000000 1.000000 0.000005
vn 0.000000 1.000000 0.000003
vn 0.000000 1.000000 0.000005
vn 0.000000 1.000000 0.000000
vn 0.000000 1.000000 0.000000
vn 0.000000 1.000000 0.000000
vn 0.000000 1.000000 0.000000
vn 0.000000 1.000000 0.000005
vn 0.000000 1.000000 0.000006
vn 0.000000 1.000000 0.000013
vn 0.000000 1.000000 0.000008
vn 0.000000 1.000000 0.000000
vn 0.000000 1.000000 0.000000
vn 0.837299 0.000000 -0.546745
vn 0.999737 0.000000 -0.022944
vn 0.999737 0.000000 -0.022944
vn 0.837299 0.000000 -0.546745
vn 0.844113 0.000000 0.536165
vn 0.844113 0.000000 0.536165
vn 0.773432 0.000000 0.633880
vn 0.773432 0.000000 0.633880
vn -0.724718 0.000000 -0.689045
vn -0.617699 0.000000 -0.786415
vn -0.617699 0.000000 -0.786415
vn -0.724718 0.000000 -0.689045
vn -0.069396 0.000000 -0.997589
vn -0.069396 0.000000 -0.997589
vn 0.471283 0.000000 -0.881982
vn 0.471283 0.000000 -0.881982
vn 0.000000 1.000000 0.000000
vn 0.000000 1.000000 0.000000
vn 0.000000 1.000000 -0.000001
vn 0.000000 1.000000 0.000000
vn 0.000000 1.000000 0.000000
vn 0.000000 1.000000 0.000000
vn 0.000000 1.000000 0.000000
vn 0.000000 1.000000 0.000000
vn 0.000000 1.000000 -0.000039
vn 0.000000 1.000000 -0.000010
vn 0.000000 1.000000 0.000000
vn 0.000000 1.000000 0.000000
vn 0.000000 1.000000 0.000000
vn -0.839432 0.000000 0.543464
vn -0.999819 0.000000 0.019022
vn -0.999819 0.000000 0.019022
vn -0.839432 0.000000 0.543464
vn -0.842012 0.000000 -0.539459
vn -0.842012 0.000000 -0.539459
vn -0.770946 0.000000 -0.636901
vn -0.770946 0.000000 -0.636901
vn 0.722013 0.000000 0.691880
vn 0.614612 0.000000 0.788830
vn 0.614612 0.000000 0.788830
vn 0.722013 0.000000 0.691880
vn 0.065482 0.000000 0.997854
vn 0.065482 0.000000 0.997854
vn -0.474729 0.000000 0.880132
vn -0.474729 0.000000 0.880132
vn 0.000000 1.000000 0.000006
vn 0.000000 1.000000 -0.000001
vn 0.000000 1.000000 -0.000002
vn 0.000000 1.000000 -0.000012
vn 0.000000 1.000000 0.000003
vn 0.000000 1.000000 0.000000
vn 0.000000 1.000000 0.000000
vn 0.000000 1.000000 0.000000
vn 0.000000 1.000000 0.000000
vn 0.000000 1.000000 -0.000003
vn 0.000000 1.000000 -0.000002
vn 0.000000 1.000000 0.000000
vn 0.000000 1.000000 -0.000015
vn -0.529061 0.000000 -0.848584
vn -0.001966 0.000000 -0.999998
vn -0.001966 0.000000 -0.999998
vn -0.529061 0.000000 -0.848584
vn 0.553755 0.000000 -0.832680
vn 0.553755 0.000000 -0.832680
vn 0.649971 0.000000 -0.759959
vn 0.649971 0.000000 -0.759959
vn -0.704092 0.000000 0.710108
vn -0.799200 0.000000 0.601065
vn -0.799200 0.000000 0.601065
vn -0.704092 0.000000 0.710108
vn -0.998825 0.000000 0.048455
vn -0.998825 0.000000 0.048455
vn -0.871905 0.000000 -0.489676
vn -0.871905 0.000000 -0.489676
vn 0.000000 1.000000 -0.000001
vn 0.000000 1.000000 -0.000018
vn 0.000000 1.000000 -0.000003
vn 0.000000 1.000000 0.000004
vn 0.000000 1.000000 -0.000010
vn 0.000000 1.000000 -0.000036
vn 0.000000 1.000000 0.000000
vn 0.000000 1.000000 -0.000005
vn 0.000000 1.000000 -0.000011
vn 0.000000 1.000000 -0.000001
vn 0.000000 1.000000 0.000000
vn 0.000000 1.000000 0.000000
vn 0.000000 1.000000 -0.000015
s 1
g CHEOPS_LowPoly pCylinder43
usemtl blinn1SG1
f 1444/2196/1780 1445/2197/1781 1457/2198/1782 1456/2199/1783
f 1445/2197/1781 1446/2200/1784 1458/2201/1785 1457/2198/1782
f 1446/2200/1784 1447/2202/1786 1459/2203/1787 1458/2201/1785
f 1452/2110/1788 1453/2104/1789 1461/2107/1790 1460/2111/1791
f 1453/2104/1789 1454/2105/1792 1462/2106/1793 1461/2107/1790
f 1454/2105/1792 1455/2108/1794 1463/2109/1795 1462/2106/1793
f 1455/2108/1794 1444/2112/1780 1456/2113/1783 1463/2109/1795
s 3
f 1445/2144/1796 1444/2145/1797 1464/2146/1798
f 1446/2148/1799 1445/2144/1796 1464/2146/1798
f 1447/2150/1800 1446/2148/1799 1464/2146/1798
f 1448/2152/1801 1447/2150/1800 1464/2146/1798
f 1449/2154/1802 1448/2152/1801 1464/2146/1798
f 1450/2156/1803 1449/2154/1802 1464/2146/1798
f 1451/2155/1804 1450/2156/1803 1464/2146/1798
f 1452/2153/1805 1451/2155/1804 1464/2146/1798
f 1453/2151/1806 1452/2153/1805 1464/2146/1798
f 1454/2149/1807 1453/2151/1806 1464/2146/1798
f 1455/2147/1808 1454/2149/1807 1464/2146/1798
f 1444/2145/1797 1455/2147/1808 1464/2146/1798
s 4
f 1465/2114/1809 1466/2115/1810 1478/2116/1811 1477/2117/1812
f 1466/2115/1810 1467/2118/1813 1479/2119/1814 1478/2116/1811
f 1467/2118/1813 1468/2122/1815 1480/2123/1816 1479/2119/1814
f 1473/2210/1817 1474/2204/1818 1482/2207/1819 1481/2211/1820
f 1474/2204/1818 1475/2205/1821 1483/2206/1822 1482/2207/1819
f 1475/2205/1821 1476/2208/1823 1484/2209/1824 1483/2206/1822
f 1476/2120/1823 1465/2114/1809 1477/2117/1812 1484/2121/1824
s 6
f 1466/2157/1825 1465/2158/1826 1485/2159/1827
f 1467/2161/1828 1466/2157/1825 1485/2159/1827
f 1468/2163/1829 1467/2161/1828 1485/2159/1827
f 1469/2165/1830 1468/2163/1829 1485/2159/1827
f 1470/2167/1831 1469/2165/1830 1485/2159/1827
f 1471/2169/1832 1470/2167/1831 1485/2159/1827
f 1472/2168/1833 1471/2169/1832 1485/2159/1827
f 1473/2166/1834 1472/2168/1833 1485/2159/1827
f 1474/2164/1835 1473/2166/1834 1485/2159/1827
f 1475/2162/1836 1474/2164/1835 1485/2159/1827
f 1476/2160/1837 1475/2162/1836 1485/2159/1827
f 1465/2158/1826 1476/2160/1837 1485/2159/1827
s 7
f 1486/2124/1838 1487/2125/1839 1499/2126/1840 1498/2127/1841
f 1487/2125/1839 1488/2128/1842 1500/2129/1843 1499/2126/1840
f 1488/2128/1842 1489/2132/1844 1501/2133/1845 1500/2129/1843
f 1494/2218/1846 1495/2212/1847 1503/2215/1848 1502/2219/1849
f 1495/2212/1847 1496/2213/1850 1504/2214/1851 1503/2215/1848
f 1496/2213/1850 1497/2216/1852 1505/2217/1853 1504/2214/1851
f 1497/2130/1852 1486/2124/1838 1498/2127/1841 1505/2131/1853
s 9
f 1487/2170/1854 1486/2171/1855 1506/2172/1856
f 1488/2174/1857 1487/2170/1854 1506/2172/1856
f 1489/2176/1858 1488/2174/1857 1506/2172/1856
f 1490/2178/1859 1489/2176/1858 1506/2172/1856
f 1491/2180/1860 1490/2178/1859 1506/2172/1856
f 1492/2182/1861 1491/2180/1860 1506/2172/1856
f 1493/2181/1862 1492/2182/1861 1506/2172/1856
f 1494/2179/1863 1493/2181/1862 1506/2172/1856
f 1495/2177/1864 1494/2179/1863 1506/2172/1856
f 1496/2175/1865 1495/2177/1864 1506/2172/1856
f 1497/2173/1866 1496/2175/1865 1506/2172/1856
f 1486/2171/1855 1497/2173/1866 1506/2172/1856
s 10
f 1507/2220/1867 1508/2221/1868 1520/2222/1869 1519/2223/1870
f 1508/2221/1868 1509/2224/1871 1521/2225/1872 1520/2222/1869
f 1509/2224/1871 1510/2226/1873 1522/2227/1874 1521/2225/1872
f 1515/2140/1875 1516/2134/1876 1524/2137/1877 1523/2141/1878
f 1516/2134/1876 1517/2135/1879 1525/2136/1880 1524/2137/1877
f 1517/2135/1879 1518/2138/1881 1526/2139/1882 1525/2136/1880
f 1518/2138/1881 1507/2142/1867 1519/2143/1870 1526/2139/1882
s 12
f 1508/2183/1883 1507/2184/1884 1527/2185/1885
f 1509/2187/1886 1508/2183/1883 1527/2185/1885
f 1510/2189/1887 1509/2187/1886 1527/2185/1885
f 1511/2191/1888 1510/2189/1887 1527/2185/1885
f 1512/2193/1889 1511/2191/1888 1527/2185/1885
f 1513/2195/1890 1512/2193/1889 1527/2185/1885
f 1514/2194/1891 1513/2195/1890 1527/2185/1885
f 1515/2192/1892 1514/2194/1891 1527/2185/1885
f 1516/2190/1893 1515/2192/1892 1527/2185/1885
f 1517/2188/1894 1516/2190/1893 1527/2185/1885
f 1518/2186/1895 1517/2188/1894 1527/2185/1885
f 1507/2184/1884 1518/2186/1895 1527/2185/1885
g default
v -434.342651 809.036499 -371.859894
v -444.364319 809.036499 -364.767303
v -456.087250 809.036499 -361.118774
v -468.363831 809.036499 -361.271454
v -479.992432 809.036499 -365.210297
v -489.834717 809.036499 -372.549805
v -496.927277 809.036499 -382.571472
v -500.575775 809.036499 -394.294373
v -500.423126 809.036499 -406.571014
v -496.484283 809.036499 -418.199585
v -489.144806 809.036499 -428.041840
v -479.123108 809.036499 -435.134369
v -467.400208 809.036499 -438.782928
v -455.123596 809.036499 -438.630280
v -443.495026 809.036499 -434.691406
v -433.652710 809.036499 -427.351959
v -426.560150 809.036499 -417.330261
v -422.911682 809.036499 -405.607300
v -423.064331 809.036499 -393.330719
v -427.003174 809.036499 -381.702179
v -461.743713 845.047119 -399.950867
v -434.342651 827.191406 -371.859894
v -444.364319 827.191406 -364.767303
v -456.087250 827.191406 -361.118774
v -468.363831 827.191406 -361.271454
v -479.992432 827.191406 -365.210297
v -489.834717 827.191406 -372.549805
v -496.927277 827.191406 -382.571472
v -500.575775 827.191406 -394.294373
v -500.423126 827.191406 -406.571014
v -496.484283 827.191406 -418.199585
v -489.144806 827.191406 -428.041840
v -479.123108 827.191406 -435.134369
v -467.400208 827.191406 -438.782928
v -455.123596 827.191406 -438.630280
v -443.495026 827.191406 -434.691406
v -433.652710 827.191406 -427.351959
v -426.560150 827.191406 -417.330261
v -422.911682 827.191406 -405.607300
v -423.064331 827.191406 -393.330719
v -427.003174 827.191406 -381.702179
v -450.242645 843.348083 -388.160248
v -454.448975 843.348083 -385.183289
v -447.162018 843.348083 -392.291382
v -459.369476 843.348083 -383.651855
v -464.522430 843.348083 -383.715973
v -469.403259 843.348083 -385.369202
v -473.534332 843.348083 -388.449799
v -476.511322 843.348083 -392.656219
v -478.042725 843.348083 -397.576721
v -477.978668 843.348083 -402.729553
v -476.325409 843.348083 -407.610474
v -473.244812 843.348083 -411.741547
v -469.038361 843.348083 -414.718536
v -464.117889 843.348083 -416.249908
v -458.964996 843.348083 -416.185852
v -454.084137 843.348083 -414.532593
v -449.953094 843.348083 -411.451996
v -446.976044 843.348083 -407.245544
v -445.444702 843.348083 -402.325134
v -445.508759 843.348083 -397.172241
v -442.765259 839.686035 -380.494537
v -437.562805 834.892822 -375.161133
v -449.706390 839.686035 -375.582153
v -446.406708 834.892822 -368.902069
v -437.681793 839.686035 -387.311554
v -431.085876 834.892822 -383.846771
v -457.825897 839.686035 -373.055084
v -456.751953 834.892822 -365.682312
v -434.953674 839.686035 -395.365692
v -427.609894 834.892822 -394.108734
v -466.328918 839.686035 -373.160828
v -467.585846 834.892822 -365.817017
v -474.383087 839.686035 -375.888947
v -477.847870 834.892822 -369.292969
v -481.200012 839.686035 -380.972382
v -486.533478 834.892822 -375.769958
v -486.112427 839.686035 -387.913605
v -492.792511 834.892822 -384.613892
v -488.639465 839.686035 -396.033142
v -496.012238 834.892944 -394.959137
v -488.533752 839.686035 -404.536072
v -495.877563 834.892822 -405.793030
v -485.805664 839.686035 -412.590302
v -492.401611 834.892822 -416.055054
v -480.722168 839.686035 -419.407227
v -485.924652 834.892822 -424.740631
v -473.780975 839.686035 -424.319641
v -477.080688 834.892822 -430.999695
v -465.661469 839.686035 -426.846619
v -466.735443 834.892822 -434.219421
v -457.158447 839.686035 -426.740936
v -455.901550 834.892822 -434.084747
v -449.104309 839.686035 -424.012817
v -445.639557 834.892822 -430.608795
v -442.287415 839.686035 -418.929352
v -436.953949 834.892822 -424.131836
v -437.374939 839.686035 -411.988098
v -430.694916 834.892822 -415.287842
v -434.847931 839.686035 -403.868652
v -427.475159 834.892822 -404.942596
vt 0.872068 0.755096
vt 0.901827 0.632736
vt 1.121017 0.131136
vt 1.228036 0.098869
vt 0.892318 0.507168
vt 1.013998 0.163403
vt 0.844472 0.390686
vt 0.906979 0.195670
vt 0.762973 0.294689
vt 0.799960 0.227937
vt 0.655798 0.228575
vt 0.692941 0.260204
vt 0.533438 0.198815
vt 0.585922 0.292471
vt 0.407871 0.208324
vt 0.478904 0.324738
vt 0.291388 0.256169
vt 0.371885 0.357005
vt 0.195390 0.337668
vt 0.264866 0.389272
vt 0.129276 0.444843
vt 0.157847 0.421539
vt 0.099516 0.567203
vt 0.050828 0.453806
vt 0.109024 0.692771
vt -0.056190 0.486074
vt 0.156869 0.809255
vt -0.163209 0.518341
vt 0.238369 0.905253
vt -0.270228 0.550608
vt 0.345545 0.971367
vt -0.377247 0.582875
vt 0.467906 1.001127
vt -0.484266 0.615142
vt 0.593474 0.991617
vt 1.549092 0.002068
vt 0.709957 0.943771
vt 1.442073 0.034335
vt 0.805954 0.862271
vt 1.335055 0.066602
vt 0.644892 0.611131
vt 0.634385 0.655150
vt 0.500671 0.599971
vt 0.641282 0.566017
vt 0.623907 0.524228
vt 0.594470 0.489853
vt 0.555851 0.466257
vt 0.511830 0.455750
vt 0.466717 0.459361
vt 0.424928 0.476735
vt 0.390553 0.506172
vt 0.366957 0.544791
vt 0.356450 0.588812
vt 0.360060 0.633925
vt 0.377435 0.675714
vt 0.406872 0.710089
vt 0.445491 0.733685
vt 0.489512 0.744192
vt 0.534624 0.740582
vt 0.576414 0.723207
vt 0.610789 0.693770
vt 0.725988 0.693294
vt 0.798180 0.723621
vt 0.745409 0.809504
vt 0.686121 0.758353
vt 0.743798 0.619101
vt 0.821829 0.625634
vt 0.737810 0.543034
vt 0.814041 0.525135
vt 0.668681 0.874877
vt 0.628102 0.807909
vt 0.708609 0.472540
vt 0.775578 0.431961
vt 0.575507 0.913341
vt 0.557609 0.837110
vt 0.659054 0.414521
vt 0.710205 0.355233
vt 0.593995 0.374655
vt 0.624322 0.302462
vt 0.519801 0.356844
vt 0.526335 0.278813
vt 0.443734 0.362832
vt 0.425837 0.286602
vt 0.373242 0.392032
vt 0.332663 0.325063
vt 0.315221 0.441588
vt 0.255934 0.390436
vt 0.275355 0.506647
vt 0.203163 0.476319
vt 0.257544 0.580841
vt 0.179513 0.574306
vt 0.263532 0.656908
vt 0.187301 0.674806
vt 0.292733 0.727402
vt 0.225763 0.767980
vt 0.342288 0.785421
vt 0.291136 0.844708
vt 0.407347 0.825287
vt 0.377020 0.897480
vt 0.481542 0.843099
vt 0.475008 0.921129
vt 1.382768 0.224851
vt 1.489787 0.192585
vt -0.543572 0.805658
vt -0.436553 0.773391
vt -0.329534 0.741124
vt -0.222515 0.708857
vt -0.115496 0.676590
vt -0.008477 0.644323
vt 0.098542 0.612056
vt 0.205561 0.579789
vt 0.312579 0.547522
vt 0.419598 0.515255
vt 0.526617 0.482988
vt 0.633636 0.450721
vt 0.740655 0.418454
vt 0.847674 0.386187
vt 0.954693 0.353920
vt 1.061711 0.321653
vt 1.168730 0.289386
vt 1.275749 0.257119
vt 1.596805 0.160318
vt -0.591285 0.647409
vt 0.633636 0.450721
vt 0.585922 0.292471
vn 0.698264 0.000000 0.715840
vn 0.442883 0.000000 0.896580
vn 0.442883 0.000000 0.896580
vn 0.698264 0.000000 0.715840
vn 0.144142 0.000000 0.989557
vn 0.144142 0.000000 0.989557
vn -0.168703 0.000000 0.985667
vn -0.168703 0.000000 0.985667
vn -0.465032 0.000000 0.885294
vn -0.465032 0.000000 0.885294
vn -0.715842 0.000000 0.698262
vn -0.715842 0.000000 0.698262
vn -0.896581 0.000000 0.442879
vn -0.896581 0.000000 0.442879
vn -0.989557 0.000000 0.144142
vn -0.989557 0.000000 0.144142
vn -0.985667 0.000000 -0.168702
vn -0.985667 0.000000 -0.168702
vn -0.885293 0.000000 -0.465033
vn -0.885293 0.000000 -0.465033
vn -0.698262 0.000000 -0.715842
vn -0.698262 0.000000 -0.715842
vn -0.442880 0.000000 -0.896581
vn -0.442880 0.000000 -0.896581
vn -0.144144 0.000000 -0.989557
vn -0.144144 0.000000 -0.989557
vn 0.168703 0.000000 -0.985667
vn 0.168703 0.000000 -0.985667
vn 0.465031 0.000000 -0.885294
vn 0.465031 0.000000 -0.885294
vn 0.715840 0.000000 -0.698264
vn 0.715840 0.000000 -0.698264
vn 0.896583 0.000000 -0.442877
vn 0.896583 0.000000 -0.442877
vn 0.989557 0.000000 -0.144141
vn 0.989557 0.000000 -0.144141
vn 0.985667 0.000000 0.168703
vn 0.985667 0.000000 0.168703
vn 0.885293 0.000000 0.465033
vn 0.885293 0.000000 0.465033
vn 0.113365 0.966685 0.229498
vn 0.178735 0.966684 0.183236
vn -0.000000 1.000000 -0.000000
vn 0.036896 0.966685 0.253297
vn -0.043183 0.966685 0.252300
vn -0.119033 0.966685 0.226606
vn -0.183233 0.966685 0.178734
vn -0.229499 0.966684 0.113367
vn -0.253298 0.966685 0.036899
vn -0.252301 0.966685 -0.043184
vn -0.226608 0.966684 -0.119039
vn -0.178734 0.966684 -0.183237
vn -0.113363 0.966685 -0.229497
vn -0.036896 0.966684 -0.253301
vn 0.043183 0.966683 -0.252307
vn 0.119035 0.966685 -0.226607
vn 0.183234 0.966685 -0.178731
vn 0.229499 0.966684 -0.113367
vn 0.253297 0.966685 -0.036899
vn 0.252301 0.966685 0.043183
vn 0.226609 0.966684 0.119039
vn 0.314797 0.892612 0.322718
vn 0.519770 0.667763 0.532853
vn 0.658989 0.667764 0.346156
vn 0.399115 0.892611 0.209650
vn 0.199662 0.892613 0.404199
vn 0.329668 0.667763 0.667391
vn 0.064983 0.892613 0.446117
vn 0.107296 0.667764 0.736600
vn 0.733705 0.667763 0.125577
vn 0.444365 0.892612 0.076055
vn -0.076055 0.892612 0.444364
vn -0.125578 0.667764 0.733704
vn 0.736601 0.667763 -0.107295
vn 0.446119 0.892612 -0.064985
vn -0.209648 0.892612 0.399114
vn -0.346158 0.667765 0.658988
vn -0.322720 0.892612 0.314795
vn -0.532854 0.667764 0.519767
vn -0.404201 0.892612 0.199663
vn -0.667392 0.667763 0.329668
vn -0.446114 0.892613 0.064986
vn -0.736597 0.667767 0.107296
vn -0.444362 0.892613 -0.076055
vn -0.733704 0.667765 -0.125576
vn -0.399113 0.892611 -0.209652
vn -0.658990 0.667763 -0.346157
vn -0.314794 0.892612 -0.322723
vn -0.519767 0.667762 -0.532856
vn -0.199662 0.892612 -0.404202
vn -0.329667 0.667762 -0.667393
vn -0.064983 0.892612 -0.446118
vn -0.107297 0.667762 -0.736601
vn 0.076055 0.892612 -0.444364
vn 0.125577 0.667764 -0.733705
vn 0.209649 0.892613 -0.399111
vn 0.346160 0.667763 -0.658988
vn 0.322720 0.892613 -0.314792
vn 0.532854 0.667764 -0.519767
vn 0.404202 0.892612 -0.199661
vn 0.667391 0.667765 -0.329666
vn 0.599070 0.513742 0.614153
vn 0.379965 0.513743 0.769217
vn 0.759531 0.513746 0.398970
vn 0.123665 0.513743 0.848985
vn -0.144738 0.513743 0.845647
vn -0.398972 0.513745 0.759531
vn -0.614153 0.513743 0.599069
vn -0.769217 0.513742 0.379966
vn -0.848984 0.513745 0.123666
vn -0.845646 0.513746 -0.144736
vn -0.759534 0.513742 -0.398971
vn -0.599070 0.513739 -0.614156
vn -0.379965 0.513739 -0.769220
vn -0.123668 0.513739 -0.848986
vn 0.144737 0.513740 -0.845649
vn 0.398974 0.513740 -0.759534
vn 0.614153 0.513742 -0.599070
vn 0.769217 0.513744 -0.379965
vn 0.848985 0.513742 -0.123665
vn 0.845647 0.513744 0.144736
s 1
g CHEOPS_LowPoly pCylinder44
usemtl blinn1SG
f 1549/2348/1896 1550/2347/1897 1529/2230/1898 1528/2231/1899
f 1550/2347/1897 1551/2346/1900 1530/2233/1901 1529/2230/1898
f 1551/2346/1900 1552/2345/1902 1531/2235/1903 1530/2233/1901
f 1552/2345/1902 1553/2344/1904 1532/2237/1905 1531/2235/1903
f 1553/2344/1904 1554/2343/1906 1533/2239/1907 1532/2237/1905
f 1554/2343/1906 1555/2342/1908 1534/2352/1909 1533/2239/1907
f 1555/2351/1908 1556/2341/1910 1535/2243/1911 1534/2241/1909
f 1556/2341/1910 1557/2340/1912 1536/2245/1913 1535/2243/1911
f 1557/2340/1912 1558/2339/1914 1537/2247/1915 1536/2245/1913
f 1558/2339/1914 1559/2338/1916 1538/2249/1917 1537/2247/1915
f 1559/2338/1916 1560/2337/1918 1539/2251/1919 1538/2249/1917
f 1560/2337/1918 1561/2336/1920 1540/2253/1921 1539/2251/1919
f 1561/2336/1920 1562/2335/1922 1541/2255/1923 1540/2253/1921
f 1562/2335/1922 1563/2334/1924 1542/2257/1925 1541/2255/1923
f 1563/2334/1924 1564/2333/1926 1543/2259/1927 1542/2257/1925
f 1564/2333/1926 1565/2332/1928 1544/2261/1929 1543/2259/1927
f 1565/2332/1928 1566/2331/1930 1545/2350/1931 1544/2261/1929
f 1566/2349/1930 1567/2330/1932 1546/2265/1933 1545/2263/1931
f 1567/2330/1932 1568/2329/1934 1547/2267/1935 1546/2265/1933
f 1568/2329/1934 1549/2348/1896 1528/2231/1899 1547/2267/1935
s 2
f 1570/2268/1936 1569/2269/1937 1548/2270/1938
f 1572/2271/1939 1570/2268/1936 1548/2270/1938
f 1573/2272/1940 1572/2271/1939 1548/2270/1938
f 1574/2273/1941 1573/2272/1940 1548/2270/1938
f 1575/2274/1942 1574/2273/1941 1548/2270/1938
f 1576/2275/1943 1575/2274/1942 1548/2270/1938
f 1577/2276/1944 1576/2275/1943 1548/2270/1938
f 1578/2277/1945 1577/2276/1944 1548/2270/1938
f 1579/2278/1946 1578/2277/1945 1548/2270/1938
f 1580/2279/1947 1579/2278/1946 1548/2270/1938
f 1581/2280/1948 1580/2279/1947 1548/2270/1938
f 1582/2281/1949 1581/2280/1948 1548/2270/1938
f 1583/2282/1950 1582/2281/1949 1548/2270/1938
f 1584/2283/1951 1583/2282/1950 1548/2270/1938
f 1585/2284/1952 1584/2283/1951 1548/2270/1938
f 1586/2285/1953 1585/2284/1952 1548/2270/1938
f 1587/2286/1954 1586/2285/1953 1548/2270/1938
f 1588/2287/1955 1587/2286/1954 1548/2270/1938
f 1571/2288/1956 1588/2287/1955 1548/2270/1938
f 1569/2269/1937 1571/2288/1956 1548/2270/1938
f 1589/2289/1957 1590/2290/1958 1594/2291/1959 1593/2292/1960
f 1590/2290/1958 1589/2289/1957 1591/2293/1961 1592/2294/1962
f 1592/2294/1962 1591/2293/1961 1595/2295/1963 1596/2296/1964
f 1593/2292/1960 1594/2291/1959 1598/2297/1965 1597/2298/1966
f 1596/2296/1964 1595/2295/1963 1599/2299/1967 1600/2300/1968
f 1597/2298/1966 1598/2297/1965 1628/2301/1969 1627/2302/1970
f 1600/2300/1968 1599/2299/1967 1601/2303/1971 1602/2304/1972
f 1602/2304/1972 1601/2303/1971 1603/2305/1973 1604/2306/1974
f 1604/2306/1974 1603/2305/1973 1605/2307/1975 1606/2308/1976
f 1606/2308/1976 1605/2307/1975 1607/2309/1977 1608/2310/1978
f 1608/2310/1978 1607/2309/1977 1609/2311/1979 1610/2312/1980
f 1610/2312/1980 1609/2311/1979 1611/2313/1981 1612/2314/1982
f 1612/2314/1982 1611/2313/1981 1613/2315/1983 1614/2316/1984
f 1614/2316/1984 1613/2315/1983 1615/2317/1985 1616/2318/1986
f 1616/2318/1986 1615/2317/1985 1617/2319/1987 1618/2320/1988
f 1618/2320/1988 1617/2319/1987 1619/2321/1989 1620/2322/1990
f 1620/2322/1990 1619/2321/1989 1621/2323/1991 1622/2324/1992
f 1622/2324/1992 1621/2323/1991 1623/2325/1993 1624/2326/1994
f 1624/2326/1994 1623/2325/1993 1625/2327/1995 1626/2328/1996
f 1626/2328/1996 1625/2327/1995 1627/2302/1970 1628/2301/1969
f 1589/2289/1957 1569/2269/1937 1570/2268/1936 1591/2293/1961
f 1569/2269/1937 1589/2289/1957 1593/2292/1960 1571/2288/1956
f 1591/2293/1961 1570/2268/1936 1572/2271/1939 1595/2295/1963
f 1571/2288/1956 1593/2292/1960 1597/2298/1966 1588/2287/1955
f 1595/2295/1963 1572/2271/1939 1573/2272/1940 1599/2299/1967
f 1599/2299/1967 1573/2272/1940 1574/2273/1941 1601/2303/1971
f 1601/2303/1971 1574/2273/1941 1575/2274/1942 1603/2305/1973
f 1603/2305/1973 1575/2274/1942 1576/2275/1943 1605/2307/1975
f 1605/2307/1975 1576/2275/1943 1577/2276/1944 1607/2309/1977
f 1607/2309/1977 1577/2276/1944 1578/2277/1945 1609/2311/1979
f 1609/2311/1979 1578/2277/1945 1579/2278/1946 1611/2313/1981
f 1611/2313/1981 1579/2278/1946 1580/2279/1947 1613/2315/1983
f 1613/2315/1983 1580/2279/1947 1581/2280/1948 1615/2317/1985
f 1615/2317/1985 1581/2280/1948 1582/2281/1949 1617/2319/1987
f 1617/2319/1987 1582/2281/1949 1583/2282/1950 1619/2321/1989
f 1619/2321/1989 1583/2282/1950 1584/2283/1951 1621/2323/1991
f 1621/2323/1991 1584/2283/1951 1585/2284/1952 1623/2325/1993
f 1623/2325/1993 1585/2284/1952 1586/2285/1953 1625/2327/1995
f 1625/2327/1995 1586/2285/1953 1587/2286/1954 1627/2302/1970
f 1627/2302/1970 1587/2286/1954 1588/2287/1955 1597/2298/1966
f 1549/2228/1997 1590/2290/1958 1592/2294/1962 1550/2229/1998
f 1590/2290/1958 1549/2228/1997 1568/2266/1999 1594/2291/1959
f 1550/2229/1998 1592/2294/1962 1596/2296/1964 1551/2232/2000
f 1551/2232/2000 1596/2296/1964 1600/2300/1968 1552/2234/2001
f 1552/2234/2001 1600/2300/1968 1602/2304/1972 1553/2236/2002
f 1553/2236/2002 1602/2304/1972 1604/2306/1974 1554/2238/2003
f 1554/2238/2003 1604/2306/1974 1606/2308/1976 1555/2240/2004
f 1555/2240/2004 1606/2308/1976 1608/2310/1978 1556/2242/2005
f 1556/2242/2005 1608/2310/1978 1610/2312/1980 1557/2244/2006
f 1557/2244/2006 1610/2312/1980 1612/2314/1982 1558/2246/2007
f 1558/2246/2007 1612/2314/1982 1614/2316/1984 1559/2248/2008
f 1559/2248/2008 1614/2316/1984 1616/2318/1986 1560/2250/2009
f 1560/2250/2009 1616/2318/1986 1618/2320/1988 1561/2252/2010
f 1561/2252/2010 1618/2320/1988 1620/2322/1990 1562/2254/2011
f 1562/2254/2011 1620/2322/1990 1622/2324/1992 1563/2256/2012
f 1563/2256/2012 1622/2324/1992 1624/2326/1994 1564/2258/2013
f 1564/2258/2013 1624/2326/1994 1626/2328/1996 1565/2260/2014
f 1565/2260/2014 1626/2328/1996 1628/2301/1969 1566/2262/2015
f 1566/2262/2015 1628/2301/1969 1598/2297/1965 1567/2264/2016
f 1567/2264/2016 1598/2297/1965 1594/2291/1959 1568/2266/1999
g default
v 502.920166 -635.596375 -319.377380
v 506.838745 -635.596375 -326.247040
v 502.920166 -624.561096 -319.377380
v 506.838745 -624.561096 -326.247040
v 499.817871 -624.561096 -321.248444
v 503.736450 -624.561096 -328.118103
v 499.817871 -635.596375 -321.248444
v 503.736450 -635.596375 -328.118103
v 537.151245 -635.571777 -334.497803
v 543.998047 -635.571777 -330.539398
v 537.151245 -624.536499 -334.497803
v 543.998047 -624.536499 -330.539398
v 539.040283 -624.536499 -337.589172
v 545.887085 -624.536499 -333.630768
v 539.040283 -635.571777 -337.589172
v 545.887085 -635.571777 -333.630768
v 552.224426 -635.571777 -300.218018
v 548.340210 -635.571777 -293.328857
v 552.224426 -624.536499 -300.218018
v 548.340210 -624.536499 -293.328857
v 555.336060 -624.536499 -298.362457
v 551.451843 -624.536499 -291.473328
v 555.336060 -635.571777 -298.362457
v 551.451843 -635.571777 -291.473328
v 518.000122 -635.571777 -285.165161
v 511.142029 -635.571777 -289.104004
v 518.000122 -624.536499 -285.165161
v 511.142029 -624.536499 -289.104004
v 516.119934 -624.536499 -282.068390
v 509.261810 -624.536499 -286.007202
v 516.119934 -635.571777 -282.068390
v 509.261810 -635.571777 -286.007202
vt 0.375000 0.000000
vt 0.625000 0.000000
vt 0.375000 0.250000
vt 0.625000 0.250000
vt 0.375000 0.500000
vt 0.625000 0.500000
vt 0.375000 0.750000
vt 0.625000 0.750000
vt 0.375000 1.000000
vt 0.625000 1.000000
vt 0.875000 0.000000
vt 0.875000 0.250000
vt 0.125000 0.000000
vt 0.125000 0.250000
vt 0.375000 0.250000
vt 0.625000 0.250000
vt 0.625000 0.500000
vt 0.375000 0.500000
vt 0.625000 0.750000
vt 0.375000 0.750000
vt 0.625000 1.000000
vt 0.375000 1.000000
vt 0.625000 0.000000
vt 0.875000 0.000000
vt 0.875000 0.250000
vt 0.125000 0.000000
vt 0.375000 0.000000
vt 0.125000 0.250000
vt 0.375000 0.250000
vt 0.625000 0.250000
vt 0.625000 0.500000
vt 0.375000 0.500000
vt 0.625000 0.750000
vt 0.375000 0.750000
vt 0.625000 1.000000
vt 0.375000 1.000000
vt 0.625000 0.000000
vt 0.875000 0.000000
vt 0.875000 0.250000
vt 0.125000 0.000000
vt 0.375000 0.000000
vt 0.125000 0.250000
vt 0.375000 0.250000
vt 0.625000 0.250000
vt 0.625000 0.500000
vt 0.375000 0.500000
vt 0.625000 0.750000
vt 0.375000 0.750000
vt 0.625000 1.000000
vt 0.375000 1.000000
vt 0.625000 0.000000
vt 0.875000 0.000000
vt 0.875000 0.250000
vt 0.125000 0.000000
vt 0.375000 0.000000
vt 0.125000 0.250000
vn 0.000000 1.000000 0.000000
vn 0.000000 1.000000 0.000000
vn 0.000000 1.000000 0.000000
vn 0.000000 1.000000 0.000000
vn -0.868621 0.000000 -0.495478
vn -0.868621 0.000000 -0.495478
vn -0.868621 0.000000 -0.495478
vn -0.868621 0.000000 -0.495478
vn 0.000000 -1.000000 0.000009
vn 0.000000 -1.000000 0.000009
vn 0.000000 -1.000000 0.000009
vn 0.000000 -1.000000 0.000009
vn 0.516461 0.000000 -0.856311
vn 0.516461 0.000000 -0.856311
vn 0.516461 0.000000 -0.856311
vn 0.516461 0.000000 -0.856311
vn -0.516461 0.000000 0.856311
vn -0.516461 0.000000 0.856311
vn -0.516461 0.000000 0.856311
vn -0.516461 0.000000 0.856311
vn 0.000000 1.000000 -0.000009
vn 0.000000 1.000000 -0.000009
vn 0.000000 1.000000 -0.000009
vn 0.000000 1.000000 -0.000009
vn 0.500511 0.000000 -0.865730
vn 0.500511 0.000000 -0.865730
vn 0.500511 0.000000 -0.865730
vn 0.500511 0.000000 -0.865730
vn 0.000000 -1.000000 0.000004
vn 0.000000 -1.000000 0.000004
vn 0.000000 -1.000000 0.000004
vn 0.000000 -1.000000 0.000004
vn 0.853299 0.000000 0.521422
vn 0.853299 0.000000 0.521422
vn 0.853299 0.000000 0.521422
vn 0.853299 0.000000 0.521422
vn -0.853297 0.000000 -0.521425
vn -0.853297 0.000000 -0.521425
vn -0.853297 0.000000 -0.521425
vn -0.853297 0.000000 -0.521425
vn 0.000000 1.000000 0.000000
vn 0.000000 1.000000 0.000000
vn 0.000000 1.000000 0.000000
vn 0.000000 1.000000 0.000000
vn 0.871085 0.000000 0.491132
vn 0.871085 0.000000 0.491132
vn 0.871085 0.000000 0.491132
vn 0.871085 0.000000 0.491132
vn 0.000000 -1.000000 0.000009
vn 0.000000 -1.000000 0.000009
vn 0.000000 -1.000000 0.000009
vn 0.000000 -1.000000 0.000009
vn -0.512171 0.000000 0.858883
vn -0.512171 0.000000 0.858883
vn -0.512171 0.000000 0.858883
vn -0.512171 0.000000 0.858883
vn 0.512181 0.000000 -0.858878
vn 0.512181 0.000000 -0.858878
vn 0.512181 0.000000 -0.858878
vn 0.512181 0.000000 -0.858878
vn 0.000000 1.000000 -0.000004
vn 0.000000 1.000000 -0.000004
vn 0.000000 1.000000 -0.000004
vn 0.000000 1.000000 -0.000004
vn -0.498033 0.000000 0.867158
vn -0.498033 0.000000 0.867158
vn -0.498033 0.000000 0.867158
vn -0.498033 0.000000 0.867158
vn 0.000000 -1.000000 -0.000009
vn 0.000000 -1.000000 -0.000009
vn 0.000000 -1.000000 -0.000009
vn 0.000000 -1.000000 -0.000009
vn -0.854786 0.000000 -0.518980
vn -0.854786 0.000000 -0.518980
vn -0.854786 0.000000 -0.518980
vn -0.854786 0.000000 -0.518980
vn 0.854787 0.000000 0.518978
vn 0.854787 0.000000 0.518978
vn 0.854787 0.000000 0.518978
vn 0.854787 0.000000 0.518978
s off
g CHEOPS_LowPoly pCube11
usemtl blinn1SG1
f 1631/2355/2017 1632/2356/2018 1634/2358/2019 1633/2357/2020
f 1633/2357/2021 1634/2358/2022 1636/2360/2023 1635/2359/2024
f 1635/2359/2025 1636/2360/2026 1630/2362/2027 1629/2361/2028
f 1630/2354/2029 1636/2363/2030 1634/2364/2031 1632/2356/2032
f 1635/2365/2033 1629/2353/2034 1631/2355/2035 1633/2366/2036
f 1639/2367/2037 1640/2368/2038 1642/2369/2039 1641/2370/2040
f 1641/2370/2041 1642/2369/2042 1644/2371/2043 1643/2372/2044
f 1643/2372/2045 1644/2371/2046 1638/2373/2047 1637/2374/2048
f 1638/2375/2049 1644/2376/2050 1642/2377/2051 1640/2368/2052
f 1643/2378/2053 1637/2379/2054 1639/2367/2055 1641/2380/2056
f 1647/2381/2057 1648/2382/2058 1650/2383/2059 1649/2384/2060
f 1649/2384/2061 1650/2383/2062 1652/2385/2063 1651/2386/2064
f 1651/2386/2065 1652/2385/2066 1646/2387/2067 1645/2388/2068
f 1646/2389/2069 1652/2390/2070 1650/2391/2071 1648/2382/2072
f 1651/2392/2073 1645/2393/2074 1647/2381/2075 1649/2394/2076
f 1655/2395/2077 1656/2396/2078 1658/2397/2079 1657/2398/2080
f 1657/2398/2081 1658/2397/2082 1660/2399/2083 1659/2400/2084
f 1659/2400/2085 1660/2399/2086 1654/2401/2087 1653/2402/2088
f 1654/2403/2089 1660/2404/2090 1658/2405/2091 1656/2396/2092
f 1659/2406/2093 1653/2407/2094 1655/2395/2095 1657/2408/2096
g default
v 554.911560 -651.140137 -318.810089
v 550.834167 -651.140137 -326.812042
v 544.483765 -651.140137 -333.162476
v 536.481995 -651.140137 -337.239655
v 527.611511 -651.140137 -338.644592
v 518.741516 -651.140137 -337.239655
v 510.739227 -651.140137 -333.162476
v 504.388855 -651.140137 -326.812042
v 500.311646 -651.140137 -318.810089
v 498.906738 -651.140137 -309.939819
v 500.311646 -651.140137 -301.069550
v 504.388855 -651.140137 -293.067566
v 510.739227 -651.140137 -286.717163
v 518.741516 -651.140137 -282.639984
v 527.611511 -651.140137 -281.235046
v 536.481995 -651.140137 -282.639984
v 544.483765 -651.140137 -286.717163
v 550.834167 -651.140137 -293.067566
v 554.911560 -651.140137 -301.069550
v 556.316284 -651.140137 -309.939819
v 554.911560 -620.350708 -318.810089
v 550.834167 -620.350708 -326.812042
v 544.483765 -620.350708 -333.162476
v 536.481995 -620.350769 -337.239655
v 527.611511 -620.350769 -338.644592
v 518.741516 -620.350769 -337.239655
v 510.739227 -620.350769 -333.162476
v 504.388855 -620.350769 -326.812042
v 500.311646 -620.350769 -318.810089
v 498.906738 -620.350769 -309.939819
v 500.311646 -620.350769 -301.069550
v 504.388855 -620.350769 -293.067566
v 510.739227 -620.350769 -286.717163
v 518.741516 -620.350769 -282.639984
v 527.611511 -620.350769 -281.235046
v 536.481995 -620.350769 -282.639984
v 544.483765 -620.350769 -286.717163
v 550.834167 -620.350769 -293.067566
v 554.911560 -620.350708 -301.069550
v 556.316284 -620.350708 -309.939819
v 527.611511 -651.140137 -309.939819
v 571.993347 -602.980713 -324.360718
v 565.365051 -602.980713 -337.369293
v 555.040894 -602.980713 -347.693481
v 542.032227 -602.980835 -354.321747
v 527.611511 -602.980774 -356.605682
v 513.190918 -602.980713 -354.321655
v 500.181946 -602.980774 -347.693481
v 489.857971 -602.980835 -337.369354
v 483.229584 -602.980774 -324.360443
v 480.945587 -602.980774 -309.939819
v 483.229584 -602.980774 -295.519287
v 489.857971 -602.980835 -282.510193
v 500.181946 -602.980774 -272.186401
v 513.190918 -602.980713 -265.557953
v 527.611511 -602.980774 -263.273926
v 542.032227 -602.980713 -265.557983
v 555.041260 -602.980774 -272.186157
v 565.364990 -602.980835 -282.510010
v 571.993347 -602.980713 -295.519287
v 574.277405 -602.980713 -309.939819
v 545.426575 -602.980774 -315.728577
v 542.766052 -602.980713 -320.950104
v 538.621887 -602.980713 -325.094482
v 533.400085 -602.980774 -327.755005
v 527.611572 -602.980774 -328.671814
v 521.823059 -602.980774 -327.755005
v 516.601013 -602.980835 -325.094421
v 512.457092 -602.980835 -320.950317
v 509.796326 -602.980774 -315.728394
v 508.879486 -602.980774 -309.939819
v 509.796326 -602.980713 -304.151276
v 512.457092 -602.980835 -298.929413
v 516.600952 -602.980835 -294.785431
v 521.823120 -602.980774 -292.124603
v 527.611511 -602.980835 -291.207886
v 533.400330 -602.980774 -292.124725
v 538.622070 -602.980835 -294.785370
v 542.765930 -602.980835 -298.929077
v 545.426514 -602.980713 -304.151184
v 546.343567 -602.980713 -309.939850
v 545.426575 -596.900696 -315.728394
v 542.766052 -596.900635 -320.950104
v 538.621704 -596.900635 -325.094513
v 533.400085 -596.900696 -327.754974
v 527.611572 -596.900696 -328.671814
v 521.822815 -596.900696 -327.754883
v 516.601013 -596.900879 -325.094421
v 512.457092 -596.900879 -320.950348
v 509.796326 -596.900696 -315.728394
v 508.879486 -596.900696 -309.939941
v 509.796387 -596.900635 -304.151093
v 512.457092 -596.900879 -298.929413
v 516.600891 -596.900879 -294.785522
v 521.823181 -596.900696 -292.124573
v 527.611511 -596.900879 -291.207825
v 533.400391 -596.900696 -292.124786
v 538.622070 -596.900879 -294.785370
v 542.765930 -596.900879 -298.928894
v 545.426514 -596.900635 -304.151031
v 546.343567 -596.900635 -309.940063
v 577.741821 -596.900696 -326.228485
v 570.255249 -596.900635 -340.921783
v 558.593689 -596.900574 -352.583649
v 543.899780 -596.900635 -360.070190
v 527.611511 -596.900635 -362.650177
v 511.323151 -596.900940 -360.070129
v 496.629456 -596.900940 -352.583740
v 484.967865 -596.900879 -340.922272
v 477.481049 -596.900879 -326.228180
v 474.901123 -596.900696 -309.940002
v 477.481110 -596.900574 -293.650970
v 484.968140 -596.900635 -278.957336
v 496.628784 -596.901001 -267.296631
v 511.323090 -596.900879 -259.809204
v 527.611694 -596.900696 -257.229492
v 543.900269 -596.900940 -259.809479
v 558.593628 -596.900940 -267.296051
v 570.254883 -596.900574 -278.956726
v 577.741882 -596.900513 -293.651367
v 580.321838 -596.900574 -309.940216
v 580.360901 -594.210754 -327.079498
v 572.483215 -594.210693 -342.540436
v 560.212463 -594.210571 -354.811615
v 544.750854 -594.210693 -362.689301
v 527.611511 -594.210693 -365.404083
v 510.472168 -594.210876 -362.689240
v 495.010742 -594.210876 -354.811707
v 482.739899 -594.210815 -342.541016
v 474.861969 -594.210815 -327.079163
v 472.147247 -594.210754 -309.940002
v 474.862030 -594.210571 -292.799927
v 482.740204 -594.210693 -277.338593
v 495.010040 -594.210938 -265.068726
v 510.472046 -594.210815 -257.190094
v 527.611694 -594.210754 -254.475601
v 544.751343 -594.210876 -257.190399
v 560.212219 -594.210876 -265.068054
v 572.482788 -594.210571 -277.338013
v 580.360962 -594.210510 -292.800354
v 583.075806 -594.210571 -309.940277
vt 0.648603 0.107966
vt 0.626409 0.064408
vt 0.591842 0.029841
vt 0.548284 0.007647
vt 0.500000 -0.000000
vt 0.451716 0.007647
vt 0.408159 0.029841
vt 0.373591 0.064409
vt 0.351397 0.107966
vt 0.343750 0.156250
vt 0.351397 0.204534
vt 0.373591 0.248091
vt 0.408159 0.282659
vt 0.451716 0.304853
vt 0.500000 0.312500
vt 0.548284 0.304853
vt 0.591841 0.282659
vt 0.626409 0.248091
vt 0.648603 0.204534
vt 0.656250 0.156250
vt 0.375000 0.312500
vt 0.387500 0.312500
vt 0.400000 0.312500
vt 0.412500 0.312500
vt 0.425000 0.312500
vt 0.437500 0.312500
vt 0.450000 0.312500
vt 0.462500 0.312500
vt 0.475000 0.312500
vt 0.487500 0.312500
vt 0.500000 0.312500
vt 0.512500 0.312500
vt 0.525000 0.312500
vt 0.537500 0.312500
vt 0.550000 0.312500
vt 0.562500 0.312500
vt 0.575000 0.312500
vt 0.587500 0.312500
vt 0.600000 0.312500
vt 0.612500 0.312500
vt 0.625000 0.312500
vt 0.375000 0.688440
vt 0.387500 0.688440
vt 0.400000 0.688440
vt 0.412500 0.688440
vt 0.425000 0.688440
vt 0.437500 0.688440
vt 0.450000 0.688440
vt 0.462500 0.688440
vt 0.475000 0.688440
vt 0.487500 0.688440
vt 0.500000 0.688440
vt 0.512500 0.688440
vt 0.525000 0.688440
vt 0.537500 0.688440
vt 0.550000 0.688440
vt 0.562500 0.688440
vt 0.575000 0.688440
vt 0.587500 0.688440
vt 0.600000 0.688440
vt 0.612500 0.688440
vt 0.625000 0.688440
vt 0.648603 0.795466
vt 0.626409 0.751908
vt 0.591842 0.717341
vt 0.548284 0.695147
vt 0.500000 0.687500
vt 0.451716 0.695147
vt 0.408159 0.717341
vt 0.373591 0.751909
vt 0.351397 0.795466
vt 0.343750 0.843750
vt 0.351397 0.892034
vt 0.373591 0.935591
vt 0.408159 0.970159
vt 0.451716 0.992353
vt 0.500000 1.000000
vt 0.548284 0.992353
vt 0.591841 0.970159
vt 0.626409 0.935591
vt 0.648603 0.892034
vt 0.656250 0.843750
vt 0.500000 0.150000
vt 0.648603 0.892034
vt 0.626409 0.935591
vt 0.591841 0.970159
vt 0.548284 0.992353
vt 0.500000 1.000000
vt 0.451716 0.992353
vt 0.408159 0.970159
vt 0.373591 0.935591
vt 0.351397 0.892034
vt 0.343750 0.843750
vt 0.351397 0.795466
vt 0.373591 0.751909
vt 0.408159 0.717341
vt 0.451716 0.695147
vt 0.500000 0.687500
vt 0.548284 0.695147
vt 0.591842 0.717341
vt 0.626409 0.751908
vt 0.648603 0.795466
vt 0.656250 0.843750
vt 0.648603 0.892034
vt 0.626409 0.935591
vt 0.591841 0.970159
vt 0.548284 0.992353
vt 0.500000 1.000000
vt 0.451716 0.992353
vt 0.408159 0.970159
vt 0.373591 0.935591
vt 0.351397 0.892034
vt 0.343750 0.843750
vt 0.351397 0.795466
vt 0.373591 0.751909
vt 0.408159 0.717341
vt 0.451716 0.695147
vt 0.500000 0.687500
vt 0.548284 0.695147
vt 0.591842 0.717341
vt 0.626409 0.751908
vt 0.648603 0.795466
vt 0.656250 0.843750
vt 0.648603 0.892034
vt 0.626409 0.935591
vt 0.591841 0.970159
vt 0.548284 0.992353
vt 0.500000 1.000000
vt 0.451716 0.992353
vt 0.408159 0.970159
vt 0.373591 0.935591
vt 0.351397 0.892034
vt 0.343750 0.843750
vt 0.351397 0.795466
vt 0.373591 0.751909
vt 0.408159 0.717341
vt 0.451716 0.695147
vt 0.500000 0.687500
vt 0.548284 0.695147
vt 0.591842 0.717341
vt 0.626409 0.751908
vt 0.648603 0.795466
vt 0.656250 0.843750
vt 0.648603 0.892034
vt 0.626409 0.935591
vt 0.591841 0.970159
vt 0.548284 0.992353
vt 0.500000 1.000000
vt 0.451716 0.992353
vt 0.408159 0.970159
vt 0.373591 0.935591
vt 0.351397 0.892034
vt 0.343750 0.843750
vt 0.351397 0.795466
vt 0.373591 0.751909
vt 0.408159 0.717341
vt 0.451716 0.695147
vt 0.500000 0.687500
vt 0.548284 0.695147
vt 0.591842 0.717341
vt 0.626409 0.751908
vt 0.648603 0.795466
vt 0.656250 0.843750
vt 0.648603 0.892034
vt 0.626409 0.935591
vt 0.591841 0.970159
vt 0.548284 0.992353
vt 0.500000 1.000000
vt 0.451716 0.992353
vt 0.408159 0.970159
vt 0.373591 0.935591
vt 0.351397 0.892034
vt 0.343750 0.843750
vt 0.351397 0.795466
vt 0.373591 0.751909
vt 0.408159 0.717341
vt 0.451716 0.695147
vt 0.500000 0.687500
vt 0.548284 0.695147
vt 0.591842 0.717341
vt 0.626409 0.751908
vt 0.648603 0.795466
vt 0.656250 0.843750
vn 0.951057 0.000000 -0.309017
vn 0.809012 0.000000 -0.587792
vn 0.809012 0.000000 -0.587792
vn 0.951057 0.000000 -0.309017
vn 0.587790 0.000000 -0.809013
vn 0.587791 0.000000 -0.809013
vn 0.309018 0.000000 -0.951056
vn 0.309018 0.000000 -0.951056
vn 0.000000 0.000000 -1.000000
vn 0.000000 0.000000 -1.000000
vn -0.309016 0.000000 -0.951057
vn -0.309016 0.000000 -0.951057
vn -0.587778 0.000000 -0.809023
vn -0.587778 0.000000 -0.809023
vn -0.809018 0.000000 -0.587784
vn -0.809018 0.000000 -0.587784
vn -0.951057 0.000000 -0.309017
vn -0.951057 0.000000 -0.309017
vn -1.000000 0.000000 0.000000
vn -1.000000 0.000000 0.000000
vn -0.951057 0.000000 0.309017
vn -0.951057 0.000000 0.309017
vn -0.809018 0.000000 0.587784
vn -0.809018 0.000000 0.587784
vn -0.587776 0.000000 0.809023
vn -0.587776 0.000000 0.809023
vn -0.309016 0.000000 0.951057
vn -0.309016 0.000000 0.951057
vn 0.000000 0.000000 1.000000
vn 0.000000 0.000000 1.000000
vn 0.309017 0.000000 0.951057
vn 0.309017 0.000000 0.951057
vn 0.587790 0.000000 0.809014
vn 0.587790 0.000000 0.809014
vn 0.809013 0.000000 0.587791
vn 0.809013 0.000000 0.587791
vn 0.951057 0.000000 0.309017
vn 0.951057 0.000000 0.309016
vn 1.000000 0.000000 0.000000
vn 1.000000 0.000000 0.000000
vn 0.000000 -1.000000 -0.000004
vn 0.000000 -1.000000 -0.000004
vn 0.000000 -1.000000 -0.000000
vn 0.000000 -1.000000 0.000000
vn 0.000000 -1.000000 0.000000
vn 0.000000 -1.000000 0.000000
vn 0.000000 -1.000000 -0.000004
vn 0.000000 -1.000000 0.000000
vn 0.000000 -1.000000 -0.000004
vn 0.000000 -1.000000 -0.000008
vn 0.000000 -1.000000 0.000000
vn 0.000000 -1.000000 0.000004
vn 0.000000 -1.000000 -0.000000
vn 0.000000 -1.000000 -0.000002
vn 0.000000 -1.000000 0.000002
vn 0.000000 -1.000000 0.000000
vn 0.000000 -1.000000 0.000000
vn 0.000000 -1.000000 0.000000
vn 0.000000 -1.000000 0.000008
vn 0.000000 -1.000000 0.000008
vn 0.000000 -1.000000 0.000000
vn 0.661156 -0.718836 -0.214822
vn 0.562409 -0.718836 -0.408621
vn 0.562410 -0.718836 -0.408620
vn 0.661155 -0.718836 -0.214824
vn 0.408622 -0.718838 -0.562406
vn 0.408621 -0.718838 -0.562407
vn 0.214821 -0.718840 -0.661152
vn 0.214821 -0.718840 -0.661152
vn -0.000004 -0.718838 -0.695177
vn -0.000003 -0.718839 -0.695177
vn -0.214817 -0.718835 -0.661158
vn -0.214819 -0.718835 -0.661157
vn -0.408610 -0.718839 -0.562413
vn -0.408610 -0.718839 -0.562413
vn -0.562411 -0.718839 -0.408612
vn -0.562411 -0.718839 -0.408612
vn -0.661153 -0.718838 -0.214821
vn -0.661153 -0.718838 -0.214821
vn -0.695178 -0.718838 0.000000
vn -0.695178 -0.718838 -0.000000
vn -0.661154 -0.718838 0.214820
vn -0.661154 -0.718838 0.214820
vn -0.562412 -0.718838 0.408613
vn -0.562412 -0.718838 0.408613
vn -0.408612 -0.718837 0.562415
vn -0.408612 -0.718837 0.562414
vn -0.214822 -0.718836 0.661156
vn -0.214824 -0.718836 0.661155
vn 0.000001 -0.718836 0.695180
vn 0.000002 -0.718836 0.695180
vn 0.214819 -0.718836 0.661156
vn 0.214819 -0.718837 0.661156
vn 0.408610 -0.718842 0.562409
vn 0.408611 -0.718842 0.562409
vn 0.562413 -0.718839 0.408610
vn 0.562412 -0.718839 0.408611
vn 0.661158 -0.718835 0.214820
vn 0.661157 -0.718835 0.214820
vn 0.695181 -0.718835 0.000000
vn 0.695181 -0.718835 -0.000000
vn -0.000001 1.000000 -0.000002
vn 0.000000 1.000000 0.000000
vn 0.000000 1.000000 -0.000000
vn -0.000001 1.000000 -0.000002
vn -0.000004 1.000000 -0.000003
vn -0.000004 1.000000 -0.000003
vn -0.000002 1.000000 -0.000005
vn -0.000002 1.000000 -0.000005
vn 0.000003 1.000000 0.000000
vn 0.000003 1.000000 0.000000
vn -0.000001 1.000000 0.000005
vn -0.000001 1.000000 0.000005
vn -0.000003 1.000000 0.000005
vn -0.000003 1.000000 0.000005
vn 0.000001 1.000000 -0.000003
vn 0.000001 1.000000 -0.000003
vn 0.000001 1.000000 -0.000003
vn 0.000001 1.000000 -0.000003
vn -0.000001 1.000000 0.000000
vn -0.000001 1.000000 0.000000
vn 0.000001 1.000000 0.000005
vn 0.000001 1.000000 0.000005
vn 0.000001 1.000000 0.000003
vn 0.000001 1.000000 0.000003
vn -0.000003 1.000000 -0.000005
vn -0.000003 1.000000 -0.000005
vn 0.000001 1.000000 -0.000004
vn 0.000001 1.000000 -0.000004
vn -0.000000 1.000000 -0.000002
vn -0.000000 1.000000 -0.000002
vn -0.000001 1.000000 -0.000006
vn -0.000001 1.000000 -0.000006
vn 0.000003 1.000000 -0.000003
vn 0.000003 1.000000 -0.000003
vn -0.000002 1.000000 0.000007
vn -0.000002 1.000000 0.000007
vn -0.000003 1.000000 0.000002
vn -0.000003 1.000000 0.000002
vn -0.000001 1.000000 -0.000003
vn -0.000001 1.000000 -0.000003
vn 0.951053 0.000004 -0.309028
vn 0.809019 0.000011 -0.587783
vn 0.809018 0.000011 -0.587784
vn 0.951055 0.000004 -0.309023
vn 0.587795 0.000011 -0.809010
vn 0.587792 0.000011 -0.809012
vn 0.309009 0.000005 -0.951059
vn 0.309010 0.000005 -0.951059
vn -0.000005 0.000005 -1.000000
vn -0.000005 0.000005 -1.000000
vn -0.308998 0.000003 -0.951063
vn -0.309005 0.000003 -0.951061
vn -0.587779 -0.000004 -0.809022
vn -0.587777 -0.000004 -0.809023
vn -0.809023 -0.000004 -0.587778
vn -0.809023 -0.000004 -0.587777
vn -0.951054 -0.000000 -0.309026
vn -0.951054 -0.000000 -0.309024
vn -1.000000 0.000005 0.000004
vn -1.000000 0.000005 0.000001
vn -0.951055 0.000007 0.309021
vn -0.951054 0.000007 0.309025
vn -0.809020 0.000001 0.587782
vn -0.809021 0.000001 0.587779
vn -0.587783 0.000004 0.809019
vn -0.587783 0.000004 0.809018
vn -0.309019 0.000001 0.951056
vn -0.309017 0.000001 0.951057
vn 0.000016 -0.000004 1.000000
vn 0.000016 -0.000004 1.000000
vn 0.309009 0.000001 0.951059
vn 0.309012 0.000001 0.951058
vn 0.587768 -0.000001 0.809030
vn 0.587766 -0.000001 0.809031
vn 0.809027 -0.000010 0.587772
vn 0.809026 -0.000010 0.587773
vn 0.951058 -0.000007 0.309011
vn 0.951058 -0.000007 0.309013
vn 1.000000 -0.000001 0.000008
vn 1.000000 -0.000001 0.000002
vn -0.000000 -1.000000 -0.000003
vn -0.000002 -1.000000 -0.000005
vn -0.000002 -1.000000 -0.000005
vn -0.000000 -1.000000 -0.000003
vn 0.000002 -1.000000 0.000001
vn 0.000002 -1.000000 0.000001
vn 0.000003 -1.000000 0.000001
vn 0.000003 -1.000000 0.000001
vn 0.000007 -1.000000 0.000000
vn 0.000007 -1.000000 0.000000
vn 0.000012 -1.000000 0.000002
vn 0.000012 -1.000000 0.000002
vn 0.000004 -1.000000 0.000002
vn 0.000004 -1.000000 0.000002
vn -0.000001 -1.000000 0.000005
vn -0.000001 -1.000000 0.000005
vn 0.000000 -1.000000 0.000008
vn 0.000000 -1.000000 0.000008
vn 0.000001 -1.000000 0.000005
vn 0.000001 -1.000000 0.000005
vn -0.000005 -1.000000 -0.000000
vn -0.000005 -1.000000 0.000000
vn -0.000012 -1.000000 -0.000008
vn -0.000012 -1.000000 -0.000008
vn 0.000001 -1.000000 -0.000005
vn 0.000001 -1.000000 -0.000005
vn 0.000007 -1.000000 0.000000
vn 0.000007 -1.000000 0.000000
vn -0.000001 -1.000000 0.000000
vn -0.000001 -1.000000 0.000000
vn -0.000006 -1.000000 -0.000002
vn -0.000006 -1.000000 -0.000002
vn 0.000002 -1.000000 -0.000007
vn 0.000002 -1.000000 -0.000007
vn 0.000013 -1.000000 -0.000009
vn 0.000013 -1.000000 -0.000009
vn 0.000007 -1.000000 -0.000000
vn 0.000007 -1.000000 0.000000
vn 0.000002 -1.000000 0.000008
vn 0.000002 -1.000000 0.000008
vn 0.664554 -0.715362 -0.215926
vn 0.565300 -0.715362 -0.410724
vn 0.565300 -0.715362 -0.410723
vn 0.664555 -0.715362 -0.215926
vn 0.410712 -0.715364 -0.565306
vn 0.410714 -0.715364 -0.565304
vn 0.215922 -0.715361 -0.664557
vn 0.215925 -0.715361 -0.664556
vn 0.000002 -0.715362 -0.698754
vn 0.000003 -0.715362 -0.698754
vn -0.215923 -0.715356 -0.664562
vn -0.215922 -0.715356 -0.664563
vn -0.410719 -0.715356 -0.565311
vn -0.410720 -0.715356 -0.565310
vn -0.565315 -0.715352 -0.410719
vn -0.565315 -0.715352 -0.410720
vn -0.664567 -0.715350 -0.215928
vn -0.664567 -0.715350 -0.215927
vn -0.698761 -0.715355 0.000006
vn -0.698761 -0.715355 0.000007
vn -0.664560 -0.715355 0.215935
vn -0.664559 -0.715355 0.215936
vn -0.565312 -0.715356 0.410716
vn -0.565312 -0.715356 0.410716
vn -0.410726 -0.715356 0.565306
vn -0.410727 -0.715356 0.565305
vn -0.215930 -0.715358 0.664558
vn -0.215930 -0.715358 0.664558
vn 0.000006 -0.715359 0.698757
vn 0.000005 -0.715359 0.698757
vn 0.215924 -0.715349 0.664569
vn 0.215926 -0.715349 0.664568
vn 0.410721 -0.715346 0.565321
vn 0.410720 -0.715346 0.565323
vn 0.565316 -0.715353 0.410716
vn 0.565317 -0.715353 0.410716
vn 0.664562 -0.715358 0.215920
vn 0.664561 -0.715358 0.215921
vn 0.698753 -0.715363 0.000005
vn 0.698753 -0.715363 0.000004
s 1
g CHEOPS_LowPoly pCylinder8
usemtl blinn1SG
f 1661/2429/2097 1662/2430/2098 1682/2451/2099 1681/2450/2100
f 1662/2430/2098 1663/2431/2101 1683/2452/2102 1682/2451/2099
f 1663/2431/2101 1664/2432/2103 1684/2453/2104 1683/2452/2102
f 1664/2432/2103 1665/2433/2105 1685/2454/2106 1684/2453/2104
f 1665/2433/2105 1666/2434/2107 1686/2455/2108 1685/2454/2106
f 1666/2434/2107 1667/2435/2109 1687/2456/2110 1686/2455/2108
f 1667/2435/2109 1668/2436/2111 1688/2457/2112 1687/2456/2110
f 1668/2436/2111 1669/2437/2113 1689/2458/2114 1688/2457/2112
f 1669/2437/2113 1670/2438/2115 1690/2459/2116 1689/2458/2114
f 1670/2438/2115 1671/2439/2117 1691/2460/2118 1690/2459/2116
f 1671/2439/2117 1672/2440/2119 1692/2461/2120 1691/2460/2118
f 1672/2440/2119 1673/2441/2121 1693/2462/2122 1692/2461/2120
f 1673/2441/2121 1674/2442/2123 1694/2463/2124 1693/2462/2122
f 1674/2442/2123 1675/2443/2125 1695/2464/2126 1694/2463/2124
f 1675/2443/2125 1676/2444/2127 1696/2465/2128 1695/2464/2126
f 1676/2444/2127 1677/2445/2129 1697/2466/2130 1696/2465/2128
f 1677/2445/2129 1678/2446/2131 1698/2467/2132 1697/2466/2130
f 1678/2446/2131 1679/2447/2133 1699/2468/2134 1698/2467/2132
f 1679/2447/2133 1680/2448/2135 1700/2469/2136 1699/2468/2134
f 1680/2448/2135 1661/2449/2097 1681/2470/2100 1700/2469/2136
s 2
f 1662/2410/2137 1661/2409/2138 1701/2491/2139
f 1663/2411/2140 1662/2410/2137 1701/2491/2139
f 1664/2412/2141 1663/2411/2140 1701/2491/2139
f 1665/2413/2142 1664/2412/2141 1701/2491/2139
f 1666/2414/2143 1665/2413/2142 1701/2491/2139
f 1667/2415/2144 1666/2414/2143 1701/2491/2139
f 1668/2416/2145 1667/2415/2144 1701/2491/2139
f 1669/2417/2146 1668/2416/2145 1701/2491/2139
f 1670/2418/2147 1669/2417/2146 1701/2491/2139
f 1671/2419/2148 1670/2418/2147 1701/2491/2139
f 1672/2420/2149 1671/2419/2148 1701/2491/2139
f 1673/2421/2150 1672/2420/2149 1701/2491/2139
f 1674/2422/2151 1673/2421/2150 1701/2491/2139
f 1675/2423/2152 1674/2422/2151 1701/2491/2139
f 1676/2424/2153 1675/2423/2152 1701/2491/2139
f 1677/2425/2154 1676/2424/2153 1701/2491/2139
f 1678/2426/2155 1677/2425/2154 1701/2491/2139
f 1679/2427/2156 1678/2426/2155 1701/2491/2139
f 1680/2428/2157 1679/2427/2156 1701/2491/2139
f 1661/2409/2138 1680/2428/2157 1701/2491/2139
s 3
f 1681/2489/2158 1682/2488/2159 1703/2493/2160 1702/2492/2161
f 1682/2488/2159 1683/2487/2162 1704/2494/2163 1703/2493/2160
f 1683/2487/2162 1684/2486/2164 1705/2495/2165 1704/2494/2163
f 1684/2486/2164 1685/2485/2166 1706/2496/2167 1705/2495/2165
f 1685/2485/2166 1686/2484/2168 1707/2497/2169 1706/2496/2167
f 1686/2484/2168 1687/2483/2170 1708/2498/2171 1707/2497/2169
f 1687/2483/2170 1688/2482/2172 1709/2499/2173 1708/2498/2171
f 1688/2482/2172 1689/2481/2174 1710/2500/2175 1709/2499/2173
f 1689/2481/2174 1690/2480/2176 1711/2501/2177 1710/2500/2175
f 1690/2480/2176 1691/2479/2178 1712/2502/2179 1711/2501/2177
f 1691/2479/2178 1692/2478/2180 1713/2503/2181 1712/2502/2179
f 1692/2478/2180 1693/2477/2182 1714/2504/2183 1713/2503/2181
f 1693/2477/2182 1694/2476/2184 1715/2505/2185 1714/2504/2183
f 1694/2476/2184 1695/2475/2186 1716/2506/2187 1715/2505/2185
f 1695/2475/2186 1696/2474/2188 1717/2507/2189 1716/2506/2187
f 1696/2474/2188 1697/2473/2190 1718/2508/2191 1717/2507/2189
f 1697/2473/2190 1698/2472/2192 1719/2509/2193 1718/2508/2191
f 1698/2472/2192 1699/2471/2194 1720/2510/2195 1719/2509/2193
f 1699/2471/2194 1700/2490/2196 1721/2511/2197 1720/2510/2195
f 1700/2490/2196 1681/2489/2158 1702/2492/2161 1721/2511/2197
s 4
f 1702/2492/2198 1703/2493/2199 1723/2513/2200 1722/2512/2201
f 1703/2493/2199 1704/2494/2202 1724/2514/2203 1723/2513/2200
f 1704/2494/2202 1705/2495/2204 1725/2515/2205 1724/2514/2203
f 1705/2495/2204 1706/2496/2206 1726/2516/2207 1725/2515/2205
f 1706/2496/2206 1707/2497/2208 1727/2517/2209 1726/2516/2207
f 1707/2497/2208 1708/2498/2210 1728/2518/2211 1727/2517/2209
f 1708/2498/2210 1709/2499/2212 1729/2519/2213 1728/2518/2211
f 1709/2499/2212 1710/2500/2214 1730/2520/2215 1729/2519/2213
f 1710/2500/2214 1711/2501/2216 1731/2521/2217 1730/2520/2215
f 1711/2501/2216 1712/2502/2218 1732/2522/2219 1731/2521/2217
f 1712/2502/2218 1713/2503/2220 1733/2523/2221 1732/2522/2219
f 1713/2503/2220 1714/2504/2222 1734/2524/2223 1733/2523/2221
f 1714/2504/2222 1715/2505/2224 1735/2525/2225 1734/2524/2223
f 1715/2505/2224 1716/2506/2226 1736/2526/2227 1735/2525/2225
f 1716/2506/2226 1717/2507/2228 1737/2527/2229 1736/2526/2227
f 1717/2507/2228 1718/2508/2230 1738/2528/2231 1737/2527/2229
f 1718/2508/2230 1719/2509/2232 1739/2529/2233 1738/2528/2231
f 1719/2509/2232 1720/2510/2234 1740/2530/2235 1739/2529/2233
f 1720/2510/2234 1721/2511/2236 1741/2531/2237 1740/2530/2235
f 1721/2511/2236 1702/2492/2198 1722/2512/2201 1741/2531/2237
s 5
f 1722/2512/2238 1723/2513/2239 1743/2533/2240 1742/2532/2241
f 1723/2513/2239 1724/2514/2242 1744/2534/2243 1743/2533/2240
f 1724/2514/2242 1725/2515/2244 1745/2535/2245 1744/2534/2243
f 1725/2515/2244 1726/2516/2246 1746/2536/2247 1745/2535/2245
f 1726/2516/2246 1727/2517/2248 1747/2537/2249 1746/2536/2247
f 1727/2517/2248 1728/2518/2250 1748/2538/2251 1747/2537/2249
f 1728/2518/2250 1729/2519/2252 1749/2539/2253 1748/2538/2251
f 1729/2519/2252 1730/2520/2254 1750/2540/2255 1749/2539/2253
f 1730/2520/2254 1731/2521/2256 1751/2541/2257 1750/2540/2255
f 1731/2521/2256 1732/2522/2258 1752/2542/2259 1751/2541/2257
f 1732/2522/2258 1733/2523/2260 1753/2543/2261 1752/2542/2259
f 1733/2523/2260 1734/2524/2262 1754/2544/2263 1753/2543/2261
f 1734/2524/2262 1735/2525/2264 1755/2545/2265 1754/2544/2263
f 1735/2525/2264 1736/2526/2266 1756/2546/2267 1755/2545/2265
f 1736/2526/2266 1737/2527/2268 1757/2547/2269 1756/2546/2267
f 1737/2527/2268 1738/2528/2270 1758/2548/2271 1757/2547/2269
f 1738/2528/2270 1739/2529/2272 1759/2549/2273 1758/2548/2271
f 1739/2529/2272 1740/2530/2274 1760/2550/2275 1759/2549/2273
f 1740/2530/2274 1741/2531/2276 1761/2551/2277 1760/2550/2275
f 1741/2531/2276 1722/2512/2238 1742/2532/2241 1761/2551/2277
s 6
f 1742/2532/2278 1743/2533/2279 1763/2553/2280 1762/2552/2281
f 1743/2533/2279 1744/2534/2282 1764/2554/2283 1763/2553/2280
f 1744/2534/2282 1745/2535/2284 1765/2555/2285 1764/2554/2283
f 1745/2535/2284 1746/2536/2286 1766/2556/2287 1765/2555/2285
f 1746/2536/2286 1747/2537/2288 1767/2557/2289 1766/2556/2287
f 1747/2537/2288 1748/2538/2290 1768/2558/2291 1767/2557/2289
f 1748/2538/2290 1749/2539/2292 1769/2559/2293 1768/2558/2291
f 1749/2539/2292 1750/2540/2294 1770/2560/2295 1769/2559/2293
f 1750/2540/2294 1751/2541/2296 1771/2561/2297 1770/2560/2295
f 1751/2541/2296 1752/2542/2298 1772/2562/2299 1771/2561/2297
f 1752/2542/2298 1753/2543/2300 1773/2563/2301 1772/2562/2299
f 1753/2543/2300 1754/2544/2302 1774/2564/2303 1773/2563/2301
f 1754/2544/2302 1755/2545/2304 1775/2565/2305 1774/2564/2303
f 1755/2545/2304 1756/2546/2306 1776/2566/2307 1775/2565/2305
f 1756/2546/2306 1757/2547/2308 1777/2567/2309 1776/2566/2307
f 1757/2547/2308 1758/2548/2310 1778/2568/2311 1777/2567/2309
f 1758/2548/2310 1759/2549/2312 1779/2569/2313 1778/2568/2311
f 1759/2549/2312 1760/2550/2314 1780/2570/2315 1779/2569/2313
f 1760/2550/2314 1761/2551/2316 1781/2571/2317 1780/2570/2315
f 1761/2551/2316 1742/2532/2278 1762/2552/2281 1781/2571/2317
s 7
f 1762/2552/2318 1763/2553/2319 1783/2573/2320 1782/2572/2321
f 1763/2553/2319 1764/2554/2322 1784/2574/2323 1783/2573/2320
f 1764/2554/2322 1765/2555/2324 1785/2575/2325 1784/2574/2323
f 1765/2555/2324 1766/2556/2326 1786/2576/2327 1785/2575/2325
f 1766/2556/2326 1767/2557/2328 1787/2577/2329 1786/2576/2327
f 1767/2557/2328 1768/2558/2330 1788/2578/2331 1787/2577/2329
f 1768/2558/2330 1769/2559/2332 1789/2579/2333 1788/2578/2331
f 1769/2559/2332 1770/2560/2334 1790/2580/2335 1789/2579/2333
f 1770/2560/2334 1771/2561/2336 1791/2581/2337 1790/2580/2335
f 1771/2561/2336 1772/2562/2338 1792/2582/2339 1791/2581/2337
f 1772/2562/2338 1773/2563/2340 1793/2583/2341 1792/2582/2339
f 1773/2563/2340 1774/2564/2342 1794/2584/2343 1793/2583/2341
f 1774/2564/2342 1775/2565/2344 1795/2585/2345 1794/2584/2343
f 1775/2565/2344 1776/2566/2346 1796/2586/2347 1795/2585/2345
f 1776/2566/2346 1777/2567/2348 1797/2587/2349 1796/2586/2347
f 1777/2567/2348 1778/2568/2350 1798/2588/2351 1797/2587/2349
f 1778/2568/2350 1779/2569/2352 1799/2589/2353 1798/2588/2351
f 1779/2569/2352 1780/2570/2354 1800/2590/2355 1799/2589/2353
f 1780/2570/2354 1781/2571/2356 1801/2591/2357 1800/2590/2355
f 1781/2571/2356 1762/2552/2318 1782/2572/2321 1801/2591/2357
g default
v -421.949768 858.698792 393.368835
v -425.868347 858.698792 386.499176
v -421.949768 847.663513 393.368835
v -425.868347 847.663513 386.499176
v -418.847473 847.663513 391.497772
v -422.766052 847.663513 384.628113
v -418.847473 858.698792 391.497772
v -422.766052 858.698792 384.628113
v -456.180847 858.674194 378.248413
v -463.027649 858.674194 382.206818
v -456.180847 847.638916 378.248413
v -463.027649 847.638916 382.206818
v -458.069885 847.638916 375.157043
v -464.916687 847.638916 379.115448
v -458.069885 858.674194 375.157043
v -464.916687 858.674194 379.115448
v -471.254028 858.674194 412.528198
v -467.369812 858.674194 419.417358
v -471.254028 847.638916 412.528198
v -467.369812 847.638916 419.417358
v -474.365601 847.638916 414.383759
v -470.481445 847.638916 421.272888
v -474.365601 858.674194 414.383759
v -470.481445 858.674194 421.272888
v -437.029724 858.674194 427.581055
v -430.171631 858.674194 423.642212
v -437.029724 847.638916 427.581055
v -430.171631 847.638916 423.642212
v -435.149536 847.638916 430.677826
v -428.291412 847.638916 426.739014
v -435.149536 858.674194 430.677826
v -428.291412 858.674194 426.739014
vt 0.048386 0.001992
vt 0.219590 0.001992
vt 0.219590 0.277010
vt 0.048386 0.277010
vt 0.001756 0.277010
vt 0.001756 0.001992
vt 0.589333 0.001992
vt 0.761023 0.001992
vt 0.761023 0.277010
vt 0.589333 0.277010
vt 0.543090 0.277010
vt 0.543090 0.001992
vt 0.137137 0.498362
vt 0.039479 0.327159
vt 0.116794 0.280528
vt 0.214452 0.451733
vt 0.176728 0.548510
vt 0.079071 0.719715
vt 0.001756 0.673084
vt 0.099414 0.501880
vt 0.623567 0.559064
vt 0.722217 0.729699
vt 0.645175 0.776777
vt 0.546525 0.606143
vt 0.879731 0.827374
vt 0.781080 0.998008
vt 0.704038 0.950930
vt 0.802688 0.780295
vt 0.477161 0.280528
vt 0.573962 0.452218
vt 0.496415 0.498461
vt 0.399615 0.326772
vt 0.219859 0.452217
vt 0.316660 0.280528
vt 0.394207 0.326771
vt 0.297406 0.498461
vt 0.280478 0.719754
vt 0.182315 0.548837
vt 0.259493 0.501979
vt 0.357655 0.672895
vt 0.364420 0.672895
vt 0.462582 0.501979
vt 0.539760 0.548837
vt 0.441597 0.719754
vt 0.708814 0.280528
vt 0.879731 0.280528
vt 0.879731 0.555546
vt 0.708814 0.555546
vt 0.661956 0.555546
vt 0.661956 0.280528
vt 0.271895 0.277010
vt 0.225264 0.277010
vt 0.225264 0.001992
vt 0.271895 0.001992
vt 0.278522 0.001992
vt 0.377172 0.001992
vt 0.377172 0.277010
vt 0.278522 0.277010
vt 0.454214 0.277010
vt 0.454214 0.001992
vt 0.537669 0.277010
vt 0.460627 0.277010
vt 0.460627 0.001992
vt 0.537669 0.001992
vt 0.814387 0.277010
vt 0.768144 0.277010
vt 0.768144 0.001992
vt 0.814387 0.001992
vt 0.656549 0.555546
vt 0.579371 0.555546
vt 0.579371 0.280528
vt 0.656549 0.280528
vn 0.000000 -1.000000 0.000000
vn 0.000000 -1.000000 0.000000
vn 0.000000 -1.000000 0.000000
vn 0.000000 -1.000000 0.000000
vn 0.868621 0.000000 -0.495478
vn 0.868621 0.000000 -0.495478
vn 0.868621 0.000000 -0.495478
vn 0.868621 0.000000 -0.495478
vn 0.000000 1.000000 0.000009
vn 0.000000 1.000000 0.000009
vn 0.000000 1.000000 0.000009
vn 0.000000 1.000000 0.000009
vn -0.516454 0.000000 -0.856315
vn -0.516454 0.000000 -0.856315
vn -0.516454 0.000000 -0.856315
vn -0.516454 0.000000 -0.856315
vn 0.516454 0.000000 0.856315
vn 0.516454 0.000000 0.856315
vn 0.516454 0.000000 0.856315
vn 0.516454 0.000000 0.856315
vn 0.000000 -1.000000 0.000000
vn 0.000000 -1.000000 0.000000
vn 0.000000 -1.000000 0.000000
vn 0.000000 -1.000000 0.000000
vn -0.500514 0.000000 -0.865729
vn -0.500514 0.000000 -0.865729
vn -0.500514 0.000000 -0.865729
vn -0.500514 0.000000 -0.865729
vn 0.000000 1.000000 -0.000004
vn 0.000000 1.000000 -0.000004
vn 0.000000 1.000000 -0.000004
vn 0.000000 1.000000 -0.000004
vn -0.853299 0.000000 0.521422
vn -0.853299 0.000000 0.521422
vn -0.853299 0.000000 0.521422
vn -0.853299 0.000000 0.521422
vn 0.853299 0.000000 -0.521422
vn 0.853299 0.000000 -0.521422
vn 0.853299 0.000000 -0.521422
vn 0.853299 0.000000 -0.521422
vn 0.000000 -1.000000 0.000000
vn 0.000000 -1.000000 0.000000
vn 0.000000 -1.000000 0.000000
vn 0.000000 -1.000000 0.000000
vn -0.871087 0.000000 0.491128
vn -0.871087 0.000000 0.491128
vn -0.871087 0.000000 0.491128
vn -0.871087 0.000000 0.491128
vn 0.000000 1.000000 0.000009
vn 0.000000 1.000000 0.000009
vn 0.000000 1.000000 0.000009
vn 0.000000 1.000000 0.000009
vn 0.512176 0.000000 0.858881
vn 0.512176 0.000000 0.858881
vn 0.512176 0.000000 0.858881
vn 0.512176 0.000000 0.858881
vn -0.512190 0.000000 -0.858872
vn -0.512190 0.000000 -0.858872
vn -0.512190 0.000000 -0.858872
vn -0.512190 0.000000 -0.858872
vn 0.000000 -1.000000 0.000009
vn 0.000000 -1.000000 0.000009
vn 0.000000 -1.000000 0.000009
vn 0.000000 -1.000000 0.000009
vn 0.498035 0.000000 0.867157
vn 0.498035 0.000000 0.867157
vn 0.498035 0.000000 0.867157
vn 0.498035 0.000000 0.867157
vn 0.000000 1.000000 -0.000004
vn 0.000000 1.000000 -0.000004
vn 0.000000 1.000000 -0.000004
vn 0.000000 1.000000 -0.000004
vn 0.854783 0.000000 -0.518985
vn 0.854783 0.000000 -0.518985
vn 0.854783 0.000000 -0.518985
vn 0.854783 0.000000 -0.518985
vn -0.854787 0.000000 0.518978
vn -0.854787 0.000000 0.518978
vn -0.854787 0.000000 0.518978
vn -0.854787 0.000000 0.518978
s off
g CHEOPS_LowPoly pCube33
usemtl blinn1SG1
f 1804/2604/2358 1805/2605/2359 1807/2606/2360 1806/2607/2361
f 1806/2592/2362 1807/2593/2363 1809/2594/2364 1808/2595/2365
f 1808/2608/2366 1809/2609/2367 1803/2610/2368 1802/2611/2369
f 1803/2642/2370 1809/2643/2371 1807/2644/2372 1805/2645/2373
f 1808/2595/2374 1802/2596/2375 1804/2597/2376 1806/2592/2377
f 1812/2612/2378 1813/2613/2379 1815/2614/2380 1814/2615/2381
f 1814/2646/2382 1815/2647/2383 1817/2648/2384 1816/2649/2385
f 1816/2616/2386 1817/2617/2387 1811/2618/2388 1810/2619/2389
f 1811/2650/2390 1817/2648/2391 1815/2647/2392 1813/2651/2393
f 1816/2652/2394 1810/2653/2395 1812/2654/2396 1814/2655/2397
f 1820/2620/2398 1821/2621/2399 1823/2622/2400 1822/2623/2401
f 1822/2598/2402 1823/2599/2403 1825/2600/2404 1824/2601/2405
f 1824/2624/2406 1825/2625/2407 1819/2626/2408 1818/2627/2409
f 1819/2656/2410 1825/2657/2411 1823/2658/2412 1821/2659/2413
f 1824/2601/2414 1818/2602/2415 1820/2603/2416 1822/2598/2417
f 1828/2628/2418 1829/2629/2419 1831/2630/2420 1830/2631/2421
f 1830/2636/2422 1831/2637/2423 1833/2638/2424 1832/2639/2425
f 1832/2632/2426 1833/2633/2427 1827/2634/2428 1826/2635/2429
f 1827/2660/2430 1833/2661/2431 1831/2662/2432 1829/2663/2433
f 1832/2639/2434 1826/2640/2435 1828/2641/2436 1830/2636/2437
g default
v -473.941132 874.242554 393.936096
v -469.863708 874.242554 385.934174
v -463.513336 874.242554 379.583740
v -455.511536 874.242554 375.506561
v -446.641052 874.242554 374.101593
v -437.771088 874.242554 375.506561
v -429.768799 874.242554 379.583740
v -423.418396 874.242554 385.934174
v -419.341248 874.242554 393.936096
v -417.936279 874.242554 402.806366
v -419.341248 874.242554 411.676636
v -423.418396 874.242554 419.678650
v -429.768799 874.242554 426.029022
v -437.771088 874.242554 430.106232
v -446.641052 874.242554 431.511139
v -455.511536 874.242554 430.106232
v -463.513336 874.242554 426.029022
v -469.863708 874.242554 419.678650
v -473.941132 874.242554 411.676636
v -475.345825 874.242554 402.806366
v -473.941132 843.453125 393.936096
v -469.863708 843.453125 385.934174
v -463.513336 843.453125 379.583740
v -455.511536 843.453186 375.506561
v -446.641052 843.453186 374.101593
v -437.771088 843.453186 375.506561
v -429.768799 843.453186 379.583740
v -423.418396 843.453186 385.934174
v -419.341248 843.453186 393.936096
v -417.936279 843.453186 402.806366
v -419.341248 843.453186 411.676636
v -423.418396 843.453186 419.678650
v -429.768799 843.453186 426.029022
v -437.771088 843.453186 430.106232
v -446.641052 843.453186 431.511139
v -455.511536 843.453186 430.106232
v -463.513336 843.453186 426.029022
v -469.863708 843.453186 419.678650
v -473.941132 843.453125 411.676636
v -475.345825 843.453125 402.806366
v -446.641052 874.242554 402.806366
v -491.022888 826.083130 388.385498
v -484.394592 826.083130 375.376923
v -474.070435 826.083130 365.052734
v -461.061768 826.083252 358.424469
v -446.641052 826.083191 356.140533
v -432.220520 826.083130 358.424530
v -419.211548 826.083191 365.052734
v -408.887543 826.083252 375.376862
v -402.259186 826.083191 388.385773
v -399.975159 826.083191 402.806366
v -402.259186 826.083191 417.226898
v -408.887543 826.083252 430.236023
v -419.211548 826.083191 440.559814
v -432.220520 826.083130 447.188263
v -446.641052 826.083191 449.472290
v -461.061768 826.083130 447.188232
v -474.070831 826.083191 440.560059
v -484.394531 826.083252 430.236206
v -491.022888 826.083130 417.226898
v -493.306976 826.083069 402.806366
v -464.456146 826.083191 397.017639
v -461.795593 826.083130 391.796112
v -457.651489 826.083130 387.651733
v -452.429596 826.083191 384.991211
v -446.641113 826.083191 384.074402
v -440.852600 826.083191 384.991211
v -435.630615 826.083252 387.651794
v -431.486633 826.083252 391.795898
v -428.825897 826.083191 397.017822
v -427.909058 826.083191 402.806366
v -428.825897 826.083130 408.594940
v -431.486633 826.083252 413.816803
v -435.630554 826.083252 417.960785
v -440.852661 826.083191 420.621582
v -446.641052 826.083252 421.538300
v -452.429901 826.083191 420.621490
v -457.651672 826.083252 417.960846
v -461.795502 826.083252 413.817139
v -464.456116 826.083130 408.595032
v -465.373138 826.083130 402.806335
v -464.456146 820.003174 397.017822
v -461.795593 820.003113 391.796112
v -457.651306 820.003113 387.651703
v -452.429596 820.003174 384.991241
v -446.641113 820.003174 384.074402
v -440.852386 820.003174 384.991333
v -435.630615 820.003296 387.651794
v -431.486633 820.003296 391.795837
v -428.825897 820.003174 397.017822
v -427.909058 820.003174 402.806274
v -428.825958 820.003113 408.595123
v -431.486633 820.003296 413.816803
v -435.630493 820.003296 417.960663
v -440.852722 820.003174 420.621643
v -446.641052 820.003296 421.538391
v -452.429932 820.003174 420.621429
v -457.651672 820.003296 417.960846
v -461.795502 820.003296 413.817291
v -464.456116 820.003113 408.595184
v -465.373138 820.003113 402.806152
v -496.771393 820.003174 386.517731
v -489.284790 820.003113 371.824432
v -477.623291 820.003052 360.162567
v -462.929352 820.003113 352.676025
v -446.641052 820.003113 350.096039
v -430.352692 820.003296 352.676086
v -415.659027 820.003296 360.162476
v -403.997437 820.003296 371.823914
v -396.510651 820.003296 386.518036
v -393.930725 820.003174 402.806213
v -396.510712 820.003052 419.095215
v -403.997711 820.003113 433.788879
v -415.658356 820.003357 445.449554
v -430.352661 820.003296 452.937012
v -446.641266 820.003174 455.516724
v -462.929840 820.003296 452.936737
v -477.623169 820.003296 445.450134
v -489.284424 820.003052 433.789459
v -496.771423 820.002991 419.094849
v -499.351440 820.003052 402.805969
v -499.390442 817.313171 385.666718
v -491.512756 817.313110 370.205780
v -479.242035 817.313049 357.934601
v -463.780396 817.313110 350.056915
v -446.641052 817.313110 347.342133
v -429.501740 817.313293 350.056976
v -414.040344 817.313293 357.934479
v -401.769501 817.313232 370.205200
v -393.891571 817.313232 385.667023
v -391.176849 817.313171 402.806183
v -393.891632 817.313049 419.946289
v -401.769745 817.313110 435.407623
v -414.039642 817.313354 447.677460
v -429.501617 817.313232 455.556122
v -446.641266 817.313171 458.270630
v -463.780884 817.313293 455.555817
v -479.241730 817.313293 447.678162
v -491.512360 817.313049 435.408173
v -499.390564 817.312927 419.945862
v -502.105347 817.313049 402.805939
vt 0.446401 0.676829
vt 0.446401 0.713297
vt 0.306081 0.713297
vt 0.306081 0.676829
vt 0.446401 0.742238
vt 0.306081 0.742238
vt 0.226919 0.761411
vt 0.226919 0.702126
vt 0.446401 0.636404
vt 0.306081 0.636404
vt 0.226918 0.636404
vt 0.446401 0.595978
vt 0.306081 0.595978
vt 0.226919 0.570684
vt 0.446401 0.559510
vt 0.306081 0.559510
vt 0.226919 0.511395
vt 0.446401 0.530569
vt 0.306081 0.530569
vt 0.221474 0.559509
vt 0.221474 0.595977
vt 0.081154 0.595977
vt 0.081154 0.559509
vt 0.221474 0.636402
vt 0.081154 0.636402
vt 0.001992 0.570682
vt 0.001992 0.511395
vt 0.221474 0.530567
vt 0.081154 0.530567
vt 0.221474 0.676827
vt 0.081154 0.676827
vt 0.001992 0.636402
vt 0.221474 0.713296
vt 0.081154 0.713296
vt 0.001992 0.702122
vt 0.221474 0.742237
vt 0.081154 0.742237
vt 0.001992 0.761410
vt 0.552216 0.872472
vt 0.552215 0.896268
vt 0.524506 0.896268
vt 0.524507 0.872471
vt 0.552215 0.915156
vt 0.524506 0.915156
vt 0.552215 0.846090
vt 0.524506 0.846091
vt 0.552215 0.819709
vt 0.524506 0.819708
vt 0.552216 0.795910
vt 0.524507 0.795909
vt 0.552216 0.777025
vt 0.524507 0.777025
vt 0.587297 0.795911
vt 0.587297 0.819710
vt 0.559588 0.819710
vt 0.559588 0.795911
vt 0.587297 0.846091
vt 0.559588 0.846090
vt 0.587297 0.777025
vt 0.559588 0.777025
vt 0.587297 0.872472
vt 0.559587 0.872472
vt 0.587297 0.896270
vt 0.559588 0.896270
vt 0.587297 0.915156
vt 0.559588 0.915155
vt 0.660249 0.748049
vt 0.623781 0.766632
vt 0.583355 0.642214
vt 0.583355 0.773034
vt 0.689190 0.719108
vt 0.542930 0.766632
vt 0.707771 0.682641
vt 0.506461 0.748049
vt 0.714174 0.642214
vt 0.477520 0.719108
vt 0.707771 0.601790
vt 0.458939 0.682641
vt 0.689190 0.565321
vt 0.452536 0.642214
vt 0.660249 0.536379
vt 0.458939 0.601790
vt 0.623781 0.517798
vt 0.477520 0.565321
vt 0.583355 0.511395
vt 0.506461 0.536379
vt 0.542930 0.517798
vt 0.862226 0.709093
vt 0.891168 0.680152
vt 0.957392 0.728265
vt 0.910340 0.775316
vt 0.909749 0.643684
vt 0.987599 0.668979
vt 0.916152 0.603258
vt 0.998008 0.603258
vt 0.909749 0.562834
vt 0.987599 0.537538
vt 0.891168 0.526364
vt 0.957392 0.478251
vt 0.862226 0.497423
vt 0.910340 0.431200
vt 0.856091 0.497423
vt 0.827150 0.526364
vt 0.760927 0.478251
vt 0.807977 0.431200
vt 0.808569 0.562834
vt 0.730719 0.537538
vt 0.802166 0.603258
vt 0.720310 0.603258
vt 0.808569 0.643684
vt 0.730719 0.668979
vt 0.827150 0.680152
vt 0.760926 0.728266
vt 0.856091 0.709093
vt 0.807976 0.775316
vt 0.661715 0.416799
vt 0.602429 0.386591
vt 0.677258 0.283599
vt 0.701055 0.295724
vt 0.555378 0.339540
vt 0.658371 0.264712
vt 0.727436 0.427208
vt 0.727436 0.299903
vt 0.525170 0.280254
vt 0.646246 0.240914
vt 0.793157 0.416799
vt 0.753818 0.295724
vt 0.514762 0.214533
vt 0.642067 0.214534
vt 0.852445 0.386591
vt 0.777617 0.283598
vt 0.525171 0.148813
vt 0.646246 0.188153
vt 0.899495 0.339542
vt 0.796501 0.264713
vt 0.555378 0.089526
vt 0.658371 0.164354
vt 0.929702 0.280254
vt 0.808627 0.240915
vt 0.602429 0.042475
vt 0.677257 0.145468
vt 0.940112 0.214533
vt 0.812805 0.214533
vt 0.661716 0.012267
vt 0.701056 0.133342
vt 0.929703 0.148813
vt 0.808627 0.188153
vt 0.727436 0.001858
vt 0.727436 0.129164
vt 0.899494 0.089526
vt 0.796501 0.164354
vt 0.793157 0.012267
vt 0.753817 0.133342
vt 0.852444 0.042475
vt 0.777615 0.145468
vt 0.173574 0.281012
vt 0.185700 0.304809
vt 0.060420 0.395828
vt 0.026301 0.328865
vt 0.204587 0.323697
vt 0.113567 0.448976
vt 0.050267 0.403205
vt 0.014365 0.332743
vt 0.169395 0.254632
vt 0.014543 0.254633
vt 0.228384 0.335822
vt 0.180533 0.483095
vt 0.106189 0.459130
vt 0.001992 0.254633
vt 0.173575 0.228249
vt 0.026301 0.180398
vt 0.254765 0.340000
vt 0.254765 0.494853
vt 0.176654 0.495031
vt 0.014364 0.176519
vt 0.185700 0.204450
vt 0.060422 0.113428
vt 0.281146 0.335821
vt 0.328998 0.483095
vt 0.254765 0.507404
vt 0.050269 0.106051
vt 0.204585 0.185566
vt 0.113567 0.060286
vt 0.304944 0.323696
vt 0.395963 0.448976
vt 0.332876 0.495031
vt 0.106191 0.050132
vt 0.228383 0.173440
vt 0.180531 0.026167
vt 0.323830 0.304810
vt 0.449109 0.395830
vt 0.403340 0.459130
vt 0.176652 0.014230
vt 0.254765 0.169262
vt 0.254764 0.014409
vt 0.335956 0.281012
vt 0.483229 0.328863
vt 0.459263 0.403207
vt 0.254764 0.001858
vt 0.281145 0.173440
vt 0.328998 0.026165
vt 0.340134 0.254631
vt 0.494987 0.254632
vt 0.495166 0.332742
vt 0.332876 0.014229
vt 0.304945 0.185567
vt 0.395966 0.060289
vt 0.335956 0.228249
vt 0.483229 0.180396
vt 0.507538 0.254632
vt 0.403343 0.050135
vt 0.323830 0.204452
vt 0.449108 0.113431
vt 0.495165 0.176517
vt 0.459262 0.106054
vt 0.228265 0.919189
vt 0.228265 0.882722
vt 0.368585 0.882722
vt 0.368585 0.919189
vt 0.228265 0.842296
vt 0.368585 0.842296
vt 0.228265 0.801872
vt 0.368585 0.801872
vt 0.228265 0.765402
vt 0.368585 0.765402
vt 0.516706 0.777025
vt 0.516706 0.813494
vt 0.376386 0.813494
vt 0.376386 0.777025
vt 0.516706 0.853919
vt 0.376386 0.853919
vt 0.516706 0.894345
vt 0.376386 0.894345
vt 0.516706 0.930812
vt 0.376386 0.930812
vt 0.629750 0.877383
vt 0.629750 0.853585
vt 0.657459 0.853585
vt 0.657459 0.877382
vt 0.629750 0.827204
vt 0.657459 0.827204
vt 0.629750 0.800824
vt 0.657459 0.800823
vt 0.629750 0.777025
vt 0.657458 0.777025
vt 0.622378 0.777025
vt 0.622378 0.800825
vt 0.594668 0.800825
vt 0.594669 0.777025
vt 0.622378 0.827204
vt 0.594669 0.827204
vt 0.622378 0.853587
vt 0.594668 0.853587
vt 0.622378 0.877384
vt 0.594669 0.877384
vn -0.951056 0.000000 -0.309017
vn -0.809011 0.000000 -0.587793
vn -0.809011 0.000000 -0.587793
vn -0.951056 0.000000 -0.309017
vn -0.587790 0.000000 -0.809014
vn -0.587790 0.000000 -0.809014
vn -0.309017 0.000000 -0.951056
vn -0.309018 0.000000 -0.951056
vn 0.000000 0.000000 -1.000000
vn 0.000000 0.000000 -1.000000
vn 0.309018 0.000000 -0.951056
vn 0.309018 0.000000 -0.951056
vn 0.587777 0.000000 -0.809023
vn 0.587777 0.000000 -0.809023
vn 0.809018 0.000000 -0.587784
vn 0.809018 0.000000 -0.587784
vn 0.951056 0.000000 -0.309018
vn 0.951056 0.000000 -0.309018
vn 1.000000 0.000000 0.000000
vn 1.000000 0.000000 0.000000
vn 0.951057 0.000000 0.309016
vn 0.951057 0.000000 0.309016
vn 0.809018 0.000000 0.587783
vn 0.809018 0.000000 0.587783
vn 0.587776 0.000000 0.809024
vn 0.587776 0.000000 0.809024
vn 0.309017 0.000000 0.951057
vn 0.309017 0.000000 0.951057
vn 0.000000 0.000000 1.000000
vn 0.000000 0.000000 1.000000
vn -0.309016 0.000000 0.951057
vn -0.309016 0.000000 0.951057
vn -0.587789 0.000000 0.809014
vn -0.587789 0.000000 0.809014
vn -0.809012 0.000000 0.587792
vn -0.809013 0.000000 0.587791
vn -0.951057 0.000000 0.309016
vn -0.951057 0.000000 0.309015
vn -1.000000 0.000000 0.000000
vn -1.000000 0.000000 0.000000
vn 0.000000 1.000000 0.000000
vn 0.000000 1.000000 0.000000
vn 0.000000 1.000000 -0.000001
vn 0.000000 1.000000 0.000000
vn 0.000000 1.000000 0.000000
vn 0.000000 1.000000 0.000000
vn 0.000000 1.000000 -0.000004
vn 0.000000 1.000000 -0.000004
vn 0.000000 1.000000 0.000000
vn 0.000000 1.000000 0.000000
vn 0.000000 1.000000 0.000000
vn 0.000000 1.000000 0.000000
vn 0.000000 1.000000 -0.000004
vn 0.000000 1.000000 -0.000002
vn 0.000000 1.000000 0.000002
vn 0.000000 1.000000 0.000000
vn 0.000000 1.000000 0.000000
vn 0.000000 1.000000 0.000000
vn 0.000000 1.000000 0.000000
vn 0.000000 1.000000 0.000000
vn 0.000000 1.000000 0.000000
vn -0.661156 0.718836 -0.214819
vn -0.562409 0.718836 -0.408621
vn -0.562410 0.718836 -0.408620
vn -0.661156 0.718836 -0.214821
vn -0.408622 0.718837 -0.562407
vn -0.408621 0.718837 -0.562408
vn -0.214823 0.718838 -0.661153
vn -0.214823 0.718838 -0.661153
vn 0.000002 0.718836 -0.695180
vn 0.000002 0.718836 -0.695180
vn 0.214819 0.718835 -0.661157
vn 0.214821 0.718835 -0.661157
vn 0.408610 0.718838 -0.562414
vn 0.408609 0.718838 -0.562415
vn 0.562412 0.718838 -0.408614
vn 0.562411 0.718838 -0.408614
vn 0.661155 0.718837 -0.214820
vn 0.661155 0.718837 -0.214820
vn 0.695179 0.718837 0.000000
vn 0.695178 0.718837 0.000000
vn 0.661156 0.718837 0.214817
vn 0.661156 0.718837 0.214817
vn 0.562412 0.718839 0.408613
vn 0.562412 0.718839 0.408613
vn 0.408610 0.718836 0.562417
vn 0.408610 0.718836 0.562417
vn 0.214822 0.718835 0.661157
vn 0.214823 0.718835 0.661156
vn -0.000001 0.718837 0.695179
vn -0.000001 0.718837 0.695179
vn -0.214819 0.718836 0.661156
vn -0.214819 0.718836 0.661156
vn -0.408613 0.718841 0.562409
vn -0.408613 0.718841 0.562409
vn -0.562413 0.718839 0.408609
vn -0.562412 0.718839 0.408610
vn -0.661157 0.718835 0.214819
vn -0.661157 0.718835 0.214820
vn -0.695183 0.718833 0.000000
vn -0.695183 0.718833 -0.000000
vn 0.000001 -1.000000 0.000000
vn -0.000000 -1.000000 0.000000
vn -0.000000 -1.000000 0.000000
vn 0.000001 -1.000000 0.000000
vn 0.000004 -1.000000 -0.000002
vn 0.000004 -1.000000 -0.000002
vn 0.000002 -1.000000 -0.000001
vn 0.000002 -1.000000 -0.000001
vn -0.000003 -1.000000 0.000002
vn -0.000003 -1.000000 0.000002
vn 0.000001 -1.000000 0.000006
vn 0.000001 -1.000000 0.000006
vn 0.000003 -1.000000 0.000007
vn 0.000003 -1.000000 0.000007
vn -0.000001 -1.000000 0.000002
vn -0.000001 -1.000000 0.000002
vn -0.000001 -1.000000 0.000000
vn -0.000001 -1.000000 0.000000
vn 0.000001 -1.000000 -0.000003
vn 0.000001 -1.000000 -0.000003
vn -0.000001 -1.000000 0.000003
vn -0.000001 -1.000000 0.000003
vn -0.000001 -1.000000 0.000007
vn -0.000001 -1.000000 0.000007
vn 0.000003 -1.000000 -0.000002
vn 0.000003 -1.000000 -0.000002
vn -0.000001 -1.000000 -0.000003
vn -0.000001 -1.000000 -0.000003
vn 0.000000 -1.000000 -0.000002
vn 0.000000 -1.000000 -0.000002
vn 0.000001 -1.000000 -0.000004
vn 0.000001 -1.000000 -0.000004
vn -0.000003 -1.000000 -0.000003
vn -0.000003 -1.000000 -0.000003
vn 0.000002 -1.000000 0.000003
vn 0.000002 -1.000000 0.000003
vn 0.000003 -1.000000 0.000007
vn 0.000003 -1.000000 0.000007
vn 0.000002 -1.000000 0.000003
vn 0.000002 -1.000000 0.000003
vn -0.951053 -0.000005 -0.309026
vn -0.809020 -0.000005 -0.587781
vn -0.809019 -0.000005 -0.587782
vn -0.951055 -0.000005 -0.309021
vn -0.587795 -0.000006 -0.809010
vn -0.587791 -0.000006 -0.809013
vn -0.309009 -0.000004 -0.951059
vn -0.309010 -0.000004 -0.951059
vn 0.000003 -0.000005 -1.000000
vn 0.000003 -0.000005 -1.000000
vn 0.308997 -0.000005 -0.951063
vn 0.309003 -0.000005 -0.951061
vn 0.587774 0.000000 -0.809025
vn 0.587773 0.000000 -0.809026
vn 0.809023 0.000001 -0.587778
vn 0.809023 0.000001 -0.587778
vn 0.951055 0.000003 -0.309021
vn 0.951056 0.000003 -0.309019
vn 1.000000 0.000005 0.000002
vn 1.000000 0.000005 0.000001
vn 0.951056 -0.000001 0.309019
vn 0.951055 -0.000001 0.309023
vn 0.809015 -0.000006 0.587788
vn 0.809016 -0.000006 0.587786
vn 0.587779 -0.000006 0.809022
vn 0.587781 -0.000006 0.809020
vn 0.309024 0.000004 0.951054
vn 0.309022 0.000004 0.951055
vn -0.000011 0.000008 1.000000
vn -0.000011 0.000008 1.000000
vn -0.309012 0.000000 0.951058
vn -0.309013 0.000000 0.951058
vn -0.587770 0.000002 0.809028
vn -0.587769 0.000002 0.809029
vn -0.809024 0.000008 0.587776
vn -0.809023 0.000008 0.587777
vn -0.951058 0.000004 0.309013
vn -0.951057 0.000004 0.309015
vn -1.000000 -0.000004 0.000006
vn -1.000000 -0.000004 0.000001
vn 0.000000 1.000000 -0.000000
vn 0.000002 1.000000 -0.000005
vn 0.000002 1.000000 -0.000005
vn 0.000000 1.000000 0.000000
vn -0.000002 1.000000 0.000001
vn -0.000002 1.000000 0.000001
vn -0.000003 1.000000 -0.000000
vn -0.000003 1.000000 0.000000
vn -0.000004 1.000000 -0.000002
vn -0.000004 1.000000 -0.000002
vn -0.000007 1.000000 0.000000
vn -0.000007 1.000000 0.000000
vn -0.000003 1.000000 0.000003
vn -0.000003 1.000000 0.000003
vn 0.000000 1.000000 0.000004
vn 0.000000 1.000000 0.000004
vn -0.000000 1.000000 0.000008
vn -0.000000 1.000000 0.000008
vn -0.000001 1.000000 0.000008
vn -0.000001 1.000000 0.000008
vn 0.000004 1.000000 -0.000003
vn 0.000004 1.000000 -0.000003
vn 0.000009 1.000000 -0.000010
vn 0.000009 1.000000 -0.000010
vn 0.000000 1.000000 -0.000005
vn 0.000000 1.000000 -0.000005
vn -0.000004 1.000000 0.000000
vn -0.000004 1.000000 0.000000
vn 0.000000 1.000000 0.000001
vn 0.000000 1.000000 0.000001
vn 0.000003 1.000000 0.000001
vn 0.000003 1.000000 0.000001
vn -0.000002 1.000000 -0.000003
vn -0.000002 1.000000 -0.000003
vn -0.000010 1.000000 -0.000008
vn -0.000010 1.000000 -0.000008
vn -0.000006 1.000000 -0.000005
vn -0.000006 1.000000 -0.000005
vn -0.000002 1.000000 0.000005
vn -0.000002 1.000000 0.000005
vn -0.664560 0.715354 -0.215937
vn -0.565310 0.715352 -0.410727
vn -0.565310 0.715352 -0.410727
vn -0.664560 0.715354 -0.215937
vn -0.410722 0.715364 -0.565298
vn -0.410723 0.715364 -0.565298
vn -0.215925 0.715366 -0.664551
vn -0.215927 0.715366 -0.664550
vn -0.000002 0.715365 -0.698751
vn -0.000003 0.715365 -0.698751
vn 0.215922 0.715359 -0.664559
vn 0.215920 0.715359 -0.664560
vn 0.410715 0.715354 -0.565316
vn 0.410715 0.715354 -0.565316
vn 0.565314 0.715352 -0.410721
vn 0.565314 0.715352 -0.410722
vn 0.664569 0.715348 -0.215929
vn 0.664568 0.715348 -0.215930
vn 0.698765 0.715351 0.000004
vn 0.698765 0.715351 0.000004
vn 0.664561 0.715356 0.215929
vn 0.664560 0.715356 0.215931
vn 0.565309 0.715357 0.410719
vn 0.565309 0.715357 0.410719
vn 0.410724 0.715353 0.565311
vn 0.410725 0.715353 0.565310
vn 0.215931 0.715356 0.664560
vn 0.215931 0.715356 0.664560
vn -0.000005 0.715357 0.698759
vn -0.000004 0.715357 0.698759
vn -0.215924 0.715357 0.664561
vn -0.215925 0.715357 0.664561
vn -0.410720 0.715355 0.565311
vn -0.410717 0.715355 0.565313
vn -0.565312 0.715353 0.410722
vn -0.565312 0.715353 0.410721
vn -0.664563 0.715353 0.215932
vn -0.664563 0.715353 0.215932
vn -0.698761 0.715355 0.000004
vn -0.698761 0.715355 0.000004
s 1
g CHEOPS_LowPoly pCylinder45
usemtl blinn1SG
f 1834/2664/2438 1835/2665/2439 1855/2666/2440 1854/2667/2441
f 1835/2665/2439 1836/2668/2442 1856/2669/2443 1855/2666/2440
f 1836/2879/2442 1837/2880/2444 1857/2881/2445 1856/2882/2443
f 1837/2880/2444 1838/2883/2446 1858/2884/2447 1857/2881/2445
f 1838/2883/2446 1839/2885/2448 1859/2886/2449 1858/2884/2447
f 1839/2885/2448 1840/2887/2450 1860/2888/2451 1859/2886/2449
f 1840/2691/2450 1841/2683/2452 1861/2686/2453 1860/2692/2451
f 1841/2683/2452 1842/2684/2454 1862/2685/2455 1861/2686/2453
f 1842/2684/2454 1843/2687/2456 1863/2688/2457 1862/2685/2455
f 1843/2687/2456 1844/2693/2458 1864/2694/2459 1863/2688/2457
f 1844/2693/2458 1845/2696/2460 1865/2697/2461 1864/2694/2459
f 1845/2696/2460 1846/2699/2462 1866/2700/2463 1865/2697/2461
f 1846/2889/2462 1847/2890/2464 1867/2891/2465 1866/2892/2463
f 1847/2890/2464 1848/2893/2466 1868/2894/2467 1867/2891/2465
f 1848/2893/2466 1849/2895/2468 1869/2896/2469 1868/2894/2467
f 1849/2895/2468 1850/2897/2470 1870/2898/2471 1869/2896/2469
f 1850/2681/2470 1851/2678/2472 1871/2679/2473 1870/2682/2471
f 1851/2678/2472 1852/2675/2474 1872/2676/2475 1871/2679/2473
f 1852/2675/2474 1853/2672/2476 1873/2673/2477 1872/2676/2475
f 1853/2672/2476 1834/2664/2438 1854/2667/2441 1873/2673/2477
s 2
f 1835/2730/2478 1834/2731/2479 1874/2732/2480
f 1836/2734/2481 1835/2730/2478 1874/2732/2480
f 1837/2736/2482 1836/2734/2481 1874/2732/2480
f 1838/2738/2483 1837/2736/2482 1874/2732/2480
f 1839/2740/2484 1838/2738/2483 1874/2732/2480
f 1840/2742/2485 1839/2740/2484 1874/2732/2480
f 1841/2744/2486 1840/2742/2485 1874/2732/2480
f 1842/2746/2487 1841/2744/2486 1874/2732/2480
f 1843/2748/2488 1842/2746/2487 1874/2732/2480
f 1844/2750/2489 1843/2748/2488 1874/2732/2480
f 1845/2749/2490 1844/2750/2489 1874/2732/2480
f 1846/2747/2491 1845/2749/2490 1874/2732/2480
f 1847/2745/2492 1846/2747/2491 1874/2732/2480
f 1848/2743/2493 1847/2745/2492 1874/2732/2480
f 1849/2741/2494 1848/2743/2493 1874/2732/2480
f 1850/2739/2495 1849/2741/2494 1874/2732/2480
f 1851/2737/2496 1850/2739/2495 1874/2732/2480
f 1852/2735/2497 1851/2737/2496 1874/2732/2480
f 1853/2733/2498 1852/2735/2497 1874/2732/2480
f 1834/2731/2479 1853/2733/2498 1874/2732/2480
s 3
f 1854/2667/2499 1855/2666/2500 1876/2670/2501 1875/2671/2502
f 1855/2751/2500 1856/2752/2503 1877/2753/2504 1876/2754/2501
f 1856/2752/2503 1857/2755/2505 1878/2756/2506 1877/2753/2504
f 1857/2755/2505 1858/2757/2507 1879/2758/2508 1878/2756/2506
f 1858/2757/2507 1859/2759/2509 1880/2760/2510 1879/2758/2508
f 1859/2759/2509 1860/2761/2511 1881/2762/2512 1880/2760/2510
f 1860/2761/2511 1861/2763/2513 1882/2764/2514 1881/2762/2512
f 1861/2686/2513 1862/2685/2515 1883/2689/2516 1882/2690/2514
f 1862/2685/2515 1863/2688/2517 1884/2695/2518 1883/2689/2516
f 1863/2688/2517 1864/2694/2519 1885/2698/2520 1884/2695/2518
f 1864/2694/2519 1865/2697/2521 1886/2701/2522 1885/2698/2520
f 1865/2765/2521 1866/2766/2523 1887/2767/2524 1886/2768/2522
f 1866/2766/2523 1867/2769/2525 1888/2770/2526 1887/2767/2524
f 1867/2769/2525 1868/2771/2527 1889/2772/2528 1888/2770/2526
f 1868/2771/2527 1869/2773/2529 1890/2774/2530 1889/2772/2528
f 1869/2773/2529 1870/2775/2531 1891/2776/2532 1890/2774/2530
f 1870/2775/2531 1871/2777/2533 1892/2778/2534 1891/2776/2532
f 1871/2679/2533 1872/2676/2535 1893/2677/2536 1892/2680/2534
f 1872/2676/2535 1873/2673/2537 1894/2674/2538 1893/2677/2536
f 1873/2673/2537 1854/2667/2499 1875/2671/2502 1894/2674/2538
s 4
f 1875/2779/2539 1876/2780/2540 1896/2781/2541 1895/2782/2542
f 1876/2780/2540 1877/2783/2543 1897/2784/2544 1896/2781/2541
f 1877/2783/2543 1878/2787/2545 1898/2788/2546 1897/2784/2544
f 1878/2787/2545 1879/2791/2547 1899/2792/2548 1898/2788/2546
f 1879/2791/2547 1880/2795/2549 1900/2796/2550 1899/2792/2548
f 1880/2795/2549 1881/2799/2551 1901/2800/2552 1900/2796/2550
f 1881/2799/2551 1882/2803/2553 1902/2804/2554 1901/2800/2552
f 1882/2803/2553 1883/2807/2555 1903/2808/2556 1902/2804/2554
f 1883/2807/2555 1884/2811/2557 1904/2812/2558 1903/2808/2556
f 1884/2811/2557 1885/2815/2559 1905/2816/2560 1904/2812/2558
f 1885/2815/2559 1886/2817/2561 1906/2818/2562 1905/2816/2560
f 1886/2817/2561 1887/2813/2563 1907/2814/2564 1906/2818/2562
f 1887/2813/2563 1888/2809/2565 1908/2810/2566 1907/2814/2564
f 1888/2809/2565 1889/2805/2567 1909/2806/2568 1908/2810/2566
f 1889/2805/2567 1890/2801/2569 1910/2802/2570 1909/2806/2568
f 1890/2801/2569 1891/2797/2571 1911/2798/2572 1910/2802/2570
f 1891/2797/2571 1892/2793/2573 1912/2794/2574 1911/2798/2572
f 1892/2793/2573 1893/2789/2575 1913/2790/2576 1912/2794/2574
f 1893/2789/2575 1894/2785/2577 1914/2786/2578 1913/2790/2576
f 1894/2785/2577 1875/2779/2539 1895/2782/2542 1914/2786/2578
s 5
f 1895/2702/2579 1896/2703/2580 1916/2704/2581 1915/2705/2582
f 1896/2703/2580 1897/2706/2583 1917/2707/2584 1916/2704/2581
f 1897/2899/2583 1898/2900/2585 1918/2901/2586 1917/2902/2584
f 1898/2900/2585 1899/2903/2587 1919/2904/2588 1918/2901/2586
f 1899/2903/2587 1900/2905/2589 1920/2906/2590 1919/2904/2588
f 1900/2905/2589 1901/2907/2591 1921/2908/2592 1920/2906/2590
f 1901/2722/2591 1902/2716/2593 1922/2719/2594 1921/2723/2592
f 1902/2716/2593 1903/2717/2595 1923/2718/2596 1922/2719/2594
f 1903/2717/2595 1904/2720/2597 1924/2721/2598 1923/2718/2596
f 1904/2720/2597 1905/2724/2599 1925/2725/2600 1924/2721/2598
f 1905/2724/2599 1906/2726/2601 1926/2727/2602 1925/2725/2600
f 1906/2726/2601 1907/2728/2603 1927/2729/2604 1926/2727/2602
f 1907/2909/2603 1908/2910/2605 1928/2911/2606 1927/2912/2604
f 1908/2910/2605 1909/2913/2607 1929/2914/2608 1928/2911/2606
f 1909/2913/2607 1910/2915/2609 1930/2916/2610 1929/2914/2608
f 1910/2915/2609 1911/2917/2611 1931/2918/2612 1930/2916/2610
f 1911/2714/2611 1912/2712/2613 1932/2713/2614 1931/2715/2612
f 1912/2712/2613 1913/2710/2615 1933/2711/2616 1932/2713/2614
f 1913/2710/2615 1914/2708/2617 1934/2709/2618 1933/2711/2616
f 1914/2708/2617 1895/2702/2579 1915/2705/2582 1934/2709/2618
s 6
f 1915/2819/2619 1916/2820/2620 1936/2821/2621 1935/2822/2622
f 1916/2820/2620 1917/2823/2623 1937/2824/2624 1936/2821/2621
f 1917/2823/2623 1918/2829/2625 1938/2830/2626 1937/2824/2624
f 1918/2829/2625 1919/2835/2627 1939/2836/2628 1938/2830/2626
f 1919/2835/2627 1920/2841/2629 1940/2842/2630 1939/2836/2628
f 1920/2841/2629 1921/2847/2631 1941/2848/2632 1940/2842/2630
f 1921/2847/2631 1922/2853/2633 1942/2854/2634 1941/2848/2632
f 1922/2853/2633 1923/2859/2635 1943/2860/2636 1942/2854/2634
f 1923/2859/2635 1924/2865/2637 1944/2866/2638 1943/2860/2636
f 1924/2865/2637 1925/2871/2639 1945/2872/2640 1944/2866/2638
f 1925/2871/2639 1926/2875/2641 1946/2876/2642 1945/2872/2640
f 1926/2875/2641 1927/2869/2643 1947/2870/2644 1946/2876/2642
f 1927/2869/2643 1928/2863/2645 1948/2864/2646 1947/2870/2644
f 1928/2863/2645 1929/2857/2647 1949/2858/2648 1948/2864/2646
f 1929/2857/2647 1930/2851/2649 1950/2852/2650 1949/2858/2648
f 1930/2851/2649 1931/2845/2651 1951/2846/2652 1950/2852/2650
f 1931/2845/2651 1932/2839/2653 1952/2840/2654 1951/2846/2652
f 1932/2839/2653 1933/2833/2655 1953/2834/2656 1952/2840/2654
f 1933/2833/2655 1934/2827/2657 1954/2828/2658 1953/2834/2656
f 1934/2827/2657 1915/2819/2619 1935/2822/2622 1954/2828/2658
s 7
f 1935/2822/2659 1936/2821/2660 1956/2825/2661 1955/2826/2662
f 1936/2821/2660 1937/2824/2663 1957/2831/2664 1956/2825/2661
f 1937/2824/2663 1938/2830/2665 1958/2837/2666 1957/2831/2664
f 1938/2830/2665 1939/2836/2667 1959/2843/2668 1958/2837/2666
f 1939/2836/2667 1940/2842/2669 1960/2849/2670 1959/2843/2668
f 1940/2842/2669 1941/2848/2671 1961/2855/2672 1960/2849/2670
f 1941/2848/2671 1942/2854/2673 1962/2861/2674 1961/2855/2672
f 1942/2854/2673 1943/2860/2675 1963/2867/2676 1962/2861/2674
f 1943/2860/2675 1944/2866/2677 1964/2873/2678 1963/2867/2676
f 1944/2866/2677 1945/2872/2679 1965/2877/2680 1964/2873/2678
f 1945/2872/2679 1946/2876/2681 1966/2878/2682 1965/2877/2680
f 1946/2876/2681 1947/2870/2683 1967/2874/2684 1966/2878/2682
f 1947/2870/2683 1948/2864/2685 1968/2868/2686 1967/2874/2684
f 1948/2864/2685 1949/2858/2687 1969/2862/2688 1968/2868/2686
f 1949/2858/2687 1950/2852/2689 1970/2856/2690 1969/2862/2688
f 1950/2852/2689 1951/2846/2691 1971/2850/2692 1970/2856/2690
f 1951/2846/2691 1952/2840/2693 1972/2844/2694 1971/2850/2692
f 1952/2840/2693 1953/2834/2695 1973/2838/2696 1972/2844/2694
f 1953/2834/2695 1954/2828/2697 1974/2832/2698 1973/2838/2696
f 1954/2828/2697 1935/2822/2659 1955/2826/2662 1974/2832/2698
g default
v -269.476379 642.881287 253.343796
v -268.374512 643.517395 253.343796
v -374.126343 824.140320 253.343796
v -373.024475 824.776428 253.343796
v -374.126343 824.140320 -12.937820
v -373.024475 824.776428 -12.937820
v -269.476379 642.881287 -12.937820
v -268.374512 643.517395 -12.937820
v -269.106079 643.095032 -20.961472
v -268.004211 643.731140 -20.961472
v -373.756042 824.354065 -20.961472
v -372.654175 824.990173 -20.961472
v -373.756042 824.354065 -318.632568
v -372.654175 824.990173 -318.632568
v -269.106079 643.095032 -318.632568
v -268.004211 643.731140 -318.632568
vt 0.375000 0.000000
vt 0.625000 0.000000
vt 0.375000 0.250000
vt 0.625000 0.250000
vt 0.375000 0.500000
vt 0.625000 0.500000
vt 0.375000 0.750000
vt 0.625000 0.750000
vt 0.375000 1.000000
vt 0.625000 1.000000
vt 0.875000 0.000000
vt 0.875000 0.250000
vt 0.125000 0.000000
vt 0.125000 0.250000
vt 0.375000 0.000000
vt 0.625000 0.000000
vt 0.625000 0.250000
vt 0.375000 0.250000
vt 0.625000 0.500000
vt 0.375000 0.500000
vt 0.625000 0.750000
vt 0.375000 0.750000
vt 0.625000 1.000000
vt 0.375000 1.000000
vt 0.875000 0.000000
vt 0.875000 0.250000
vt 0.125000 0.000000
vt 0.125000 0.250000
vn 0.000000 0.000000 1.000000
vn 0.000000 0.000000 1.000000
vn 0.000000 0.000000 1.000000
vn 0.000000 0.000000 1.000000
vn -0.499969 0.866044 0.000000
vn -0.499969 0.866044 0.000000
vn -0.499969 0.866044 0.000000
vn -0.499969 0.866044 0.000000
vn 0.000000 0.000000 -1.000000
vn 0.000000 0.000000 -1.000000
vn 0.000000 0.000000 -1.000000
vn 0.000000 0.000000 -1.000000
vn 0.499959 -0.866049 0.000000
vn 0.499959 -0.866049 0.000000
vn 0.499959 -0.866049 0.000000
vn 0.499959 -0.866049 0.000000
vn 0.866025 0.500000 0.000000
vn 0.866025 0.500000 0.000000
vn 0.866025 0.500000 0.000000
vn 0.866025 0.500000 0.000000
vn -0.866025 -0.500000 0.000000
vn -0.866025 -0.500000 0.000000
vn -0.866025 -0.500000 0.000000
vn -0.866025 -0.500000 0.000000
vn 0.000000 0.000000 1.000000
vn 0.000000 0.000000 1.000000
vn 0.000000 0.000000 1.000000
vn 0.000000 0.000000 1.000000
vn -0.499970 0.866043 0.000000
vn -0.499970 0.866043 0.000000
vn -0.499970 0.866043 0.000000
vn -0.499970 0.866043 0.000000
vn 0.000000 0.000000 -1.000000
vn 0.000000 0.000000 -1.000000
vn 0.000000 0.000000 -1.000000
vn 0.000000 0.000000 -1.000000
vn 0.499970 -0.866043 0.000000
vn 0.499970 -0.866043 0.000000
vn 0.499970 -0.866043 0.000000
vn 0.499970 -0.866043 0.000000
vn 0.866025 0.500000 0.000000
vn 0.866025 0.500000 0.000000
vn 0.866025 0.500000 0.000000
vn 0.866025 0.500000 0.000000
vn -0.866025 -0.500000 0.000000
vn -0.866025 -0.500000 0.000000
vn -0.866025 -0.500000 0.000000
vn -0.866025 -0.500000 0.000000
s off
g CHEOPS_LowPoly pCube31
usemtl blinn3SG
f 1975/2919/2699 1976/2920/2700 1978/2922/2701 1977/2921/2702
f 1977/2921/2703 1978/2922/2704 1980/2924/2705 1979/2923/2706
f 1979/2923/2707 1980/2924/2708 1982/2926/2709 1981/2925/2710
f 1981/2925/2711 1982/2926/2712 1976/2928/2713 1975/2927/2714
f 1976/2920/2715 1982/2929/2716 1980/2930/2717 1978/2922/2718
f 1981/2931/2719 1975/2919/2720 1977/2921/2721 1979/2932/2722
f 1983/2933/2723 1984/2934/2724 1986/2935/2725 1985/2936/2726
f 1985/2936/2727 1986/2935/2728 1988/2937/2729 1987/2938/2730
f 1987/2938/2731 1988/2937/2732 1990/2939/2733 1989/2940/2734
f 1989/2940/2735 1990/2939/2736 1984/2941/2737 1983/2942/2738
f 1984/2934/2739 1990/2943/2740 1988/2944/2741 1986/2935/2742
f 1989/2945/2743 1983/2933/2744 1985/2936/2745 1987/2946/2746
g default
v -267.388062 801.565186 576.048767
v -507.167633 801.441528 475.361511
v -507.047028 -508.469788 475.412140
v 46.257442 -508.496338 707.753357
v 46.592770 371.275024 707.894348
v -520.822815 -518.478943 500.769501
v -520.822815 -518.478943 -510.907532
v -520.822815 801.710022 -510.907532
v -520.822815 801.710022 500.769501
v -506.983826 -510.594604 -482.676788
v 46.105301 -510.594604 -717.203003
v 45.980301 372.018524 -717.150024
v -506.983826 384.851959 -482.676788
v -267.417847 801.651123 -584.259949
v -506.844330 801.527466 -482.735992
v -519.039307 -508.469788 503.970825
v 34.265194 -508.496338 736.312256
v -519.299500 386.695984 503.861633
v 34.600552 371.275024 736.453003
v -507.307343 386.695984 475.302856
v 46.592770 371.275024 707.894348
v -507.047028 -508.469788 475.412140
v 46.257442 -508.496338 707.753357
v -519.159790 801.441528 503.920166
v -279.380219 801.565186 604.607422
v -267.388062 801.565186 576.048767
v -507.167633 801.441528 475.361511
v -550.714417 -518.478943 500.769501
v -520.822815 -518.478943 500.769501
v -550.714417 801.710022 500.769501
v -520.822815 801.710022 500.769501
v -550.714417 801.710022 -510.907532
v -520.822815 801.710022 -510.907532
v -550.714417 -518.478943 -510.907532
v -520.822815 -518.478943 -510.907532
v -506.983826 -510.594604 -482.676788
v 46.105301 -510.594604 -717.203003
v -506.983826 384.851959 -482.676788
v 45.980301 372.018524 -717.150024
v -518.561218 384.851959 -509.980011
v 34.402908 372.018524 -744.453247
v -518.561218 -510.594604 -509.980011
v 34.527878 -510.594604 -744.506226
v -506.844330 801.527466 -482.735992
v -267.417847 801.651123 -584.259949
v -278.995239 801.651123 -611.563110
v -518.421692 801.527466 -510.039154
vt 0.103247 0.997114
vt 0.231388 0.835340
vt 0.231388 0.504467
vt 0.005694 0.504384
vt 0.005441 0.997027
vt 0.002739 0.001702
vt 0.383220 0.001702
vt 0.383220 0.498210
vt 0.002739 0.498210
vt 0.005445 0.504013
vt 0.231384 0.503979
vt 0.231384 0.835920
vt 0.005497 0.840781
vt 0.103384 0.997520
vt 0.005578 0.997488
vt 0.491384 0.504425
vt 0.265690 0.504344
vt 0.265449 0.835216
vt 0.491384 0.841087
vt 0.976477 0.004044
vt 0.976478 0.114671
vt 0.963301 0.114671
vt 0.963301 0.004044
vt 0.898382 0.561398
vt 0.898382 0.816677
vt 0.885205 0.816677
vt 0.885205 0.561398
vt 0.976478 0.722346
vt 0.963301 0.722346
vt 0.963301 0.348100
vt 0.976478 0.348100
vt 0.885205 0.180604
vt 0.898381 0.180604
vt 0.393472 0.997084
vt 0.491278 0.997068
vt 0.885205 0.004175
vt 0.898381 0.004175
vt 0.814103 0.995518
vt 0.801388 0.995518
vt 0.801388 0.433923
vt 0.814103 0.433923
vt 0.801388 0.003566
vt 0.814103 0.003566
vt 0.814103 0.995519
vt 0.801388 0.995519
vt 0.801388 0.433923
vt 0.814103 0.433923
vt 0.801388 0.003566
vt 0.814103 0.003566
vt 0.386285 0.001592
vt 0.766766 0.001592
vt 0.766766 0.498100
vt 0.386285 0.498100
vt 0.976197 0.003566
vt 0.976197 0.114194
vt 0.963582 0.114194
vt 0.963582 0.003566
vt 0.491386 0.840721
vt 0.265499 0.835894
vt 0.265448 0.503953
vt 0.491386 0.503953
vt 0.898101 0.561730
vt 0.898101 0.817286
vt 0.885485 0.817286
vt 0.885486 0.561730
vt 0.976197 0.722823
vt 0.963582 0.722823
vt 0.963582 0.347369
vt 0.976197 0.347369
vt 0.885486 0.180816
vt 0.898101 0.180816
vt 0.491329 0.997428
vt 0.393523 0.997474
vt 0.885486 0.003566
vt 0.898101 0.003566
vn 0.387166 0.000000 -0.922010
vn 0.387166 0.000000 -0.922010
vn 0.387166 0.000000 -0.922010
vn 0.387166 0.000000 -0.922010
vn 0.387166 0.000000 -0.922010
vn 1.000000 0.000000 0.000000
vn 1.000000 0.000000 0.000000
vn 1.000000 0.000000 0.000000
vn 1.000000 0.000000 0.000000
vn 0.390384 0.000000 0.920652
vn 0.390384 0.000000 0.920652
vn 0.390384 0.000000 0.920652
vn 0.390384 0.000000 0.920652
vn 0.390384 0.000000 0.920652
vn 0.390384 0.000000 0.920652
vn -0.387167 0.000000 0.922010
vn -0.387167 0.000000 0.922010
vn -0.387167 0.000000 0.922010
vn -0.387167 0.000000 0.922010
vn -0.000438 1.000000 -0.000185
vn -0.000438 1.000000 -0.000185
vn -0.000438 1.000000 -0.000185
vn -0.000438 1.000000 -0.000185
vn -0.000041 -1.000000 -0.000017
vn -0.000041 -1.000000 -0.000017
vn -0.000041 -1.000000 -0.000017
vn -0.000041 -1.000000 -0.000017
vn 0.922011 -0.000413 0.387164
vn 0.922011 -0.000413 0.387164
vn 0.892416 0.251328 0.374737
vn 0.892416 0.251328 0.374737
vn -0.922010 -0.000315 -0.387165
vn -0.922010 -0.000315 -0.387165
vn -0.922011 -0.000100 -0.387165
vn -0.922011 -0.000100 -0.387165
vn -0.387167 0.000000 0.922010
vn -0.387167 0.000000 0.922010
vn 0.722986 0.620583 0.303592
vn 0.722986 0.620583 0.303592
vn -0.922011 0.000365 -0.387164
vn -0.922011 0.000365 -0.387164
vn 0.000000 0.000000 1.000000
vn 0.000000 0.000000 1.000000
vn 0.000000 0.000000 1.000000
vn 0.000000 0.000000 1.000000
vn 0.000000 1.000000 0.000000
vn 0.000000 1.000000 0.000000
vn 0.000000 1.000000 0.000000
vn 0.000000 1.000000 0.000000
vn 0.000000 0.000000 -1.000000
vn 0.000000 0.000000 -1.000000
vn 0.000000 0.000000 -1.000000
vn 0.000000 0.000000 -1.000000
vn 0.000000 -1.000000 0.000000
vn 0.000000 -1.000000 0.000000
vn 0.000000 -1.000000 0.000000
vn 0.000000 -1.000000 0.000000
vn -1.000000 0.000000 0.000000
vn -1.000000 0.000000 0.000000
vn -1.000000 0.000000 0.000000
vn -1.000000 0.000000 0.000000
vn -0.000438 1.000000 0.000187
vn -0.000438 1.000000 0.000187
vn -0.000438 1.000000 0.000187
vn -0.000438 1.000000 0.000187
vn -0.390384 -0.000000 -0.920652
vn -0.390384 -0.000000 -0.920652
vn -0.390384 -0.000000 -0.920652
vn -0.390384 -0.000000 -0.920652
vn 0.000000 -1.000000 0.000001
vn 0.000000 -1.000000 0.000001
vn 0.000000 -1.000000 0.000001
vn 0.000000 -1.000000 0.000001
vn 0.920652 0.000154 -0.390385
vn 0.920652 0.000154 -0.390385
vn 0.891133 0.251192 -0.377868
vn 0.891133 0.251192 -0.377868
vn -0.920652 0.000000 0.390384
vn -0.920652 0.000000 0.390384
vn -0.920652 0.000115 0.390384
vn -0.920652 0.000115 0.390384
vn 0.721602 0.621020 -0.305982
vn 0.721602 0.621020 -0.305982
vn -0.390384 0.000000 -0.920652
vn -0.390384 0.000000 -0.920652
vn -0.920652 0.000364 0.390384
vn -0.920652 0.000364 0.390384
s off
g CHEOPS_LowPoly polySurface3
usemtl lambert2SG
f 1991/2947/2747 1995/2948/2748 1994/2949/2749 1993/2950/2750 1992/2951/2751
f 1996/2952/2752 1997/2953/2753 1998/2954/2754 1999/2955/2755
s 1
f 2000/2956/2756 2001/2957/2757 2002/2958/2758 2003/2959/2759
f 2003/2959/2759 2002/2958/2758 2004/2960/2760 2005/2961/2761
s 2
f 2006/2962/2762 2007/2963/2763 2009/2964/2764 2008/2965/2765
s off
f 2014/2966/2766 2015/2967/2767 2016/2968/2768 2017/2969/2769
f 2012/2970/2770 2013/2971/2771 2007/2972/2772 2006/2973/2773
s 3
f 2007/2974/2774 2013/2975/2775 2011/2976/2776 2009/2977/2777
s 4
f 2012/2970/2778 2006/2973/2779 2008/2978/2780 2010/2979/2781
s 2
f 2008/2965/2765 2009/2964/2764 2015/2980/2782 2014/2981/2783
s 3
f 2009/2977/2777 2011/2976/2776 2016/2968/2784 2015/2967/2785
s 4
f 2010/2979/2781 2008/2978/2780 2014/2982/2786 2017/2983/2787
s off
f 2018/2984/2788 2019/2985/2789 2021/2986/2790 2020/2987/2791
f 2020/2987/2792 2021/2986/2793 2023/2988/2794 2022/2989/2795
f 2022/2990/2796 2023/2991/2797 2025/2992/2798 2024/2993/2799
f 2024/2993/2800 2025/2992/2801 2019/2994/2802 2018/2995/2803
f 2024/2996/2804 2018/2997/2805 2020/2998/2806 2022/2999/2807
f 2034/3000/2808 2035/3001/2809 2036/3002/2810 2037/3003/2811
s 5
f 2030/3004/2812 2031/3005/2813 2033/3006/2814 2032/3007/2815
s off
f 2032/3008/2816 2033/3009/2817 2027/3010/2818 2026/3011/2819
s 6
f 2027/3012/2820 2033/3013/2821 2031/3014/2822 2029/3015/2823
s 7
f 2032/3008/2824 2026/3011/2825 2028/3016/2826 2030/3017/2827
s 6
f 2029/3015/2823 2031/3014/2822 2036/3002/2828 2035/3001/2829
s 5
f 2031/3005/2813 2030/3004/2812 2037/3018/2830 2036/3019/2831
s 7
f 2030/3017/2827 2028/3016/2826 2034/3020/2832 2037/3021/2833
g default
v -524.692078 664.191589 277.016754
v -312.232727 664.498108 277.016754
v -524.455017 775.677368 277.016754
v -387.839813 851.910583 277.016754
v -524.455017 775.677368 -342.042938
v -387.839813 851.910583 -342.042938
v -524.692078 664.191589 -342.042938
v -312.232727 664.498108 -342.042938
v -512.786560 -511.593842 -474.299164
v 511.068909 -511.593842 291.702515
v -512.786560 71.841217 -474.299164
v 511.068909 71.841217 291.702515
v 52.707561 71.841217 -565.420959
v 509.612061 71.841217 -299.070496
v 52.707561 -511.593842 -565.420959
v 509.612061 -511.593842 -299.070496
v -512.277649 -511.593842 465.493408
v 50.340946 -511.593842 555.892639
v 50.340946 71.841217 555.892639
v -512.277649 71.841217 465.493408
v 39.302029 -511.593842 698.988220
v 39.302029 71.841217 698.988220
v 37.429138 -511.593842 -713.742615
v 37.429138 71.841217 -713.742615
vt 0.530999 0.862823
vt 0.621263 0.826659
vt 0.621175 0.919151
vt 0.621106 0.990753
vt 0.904506 0.919421
vt 0.975554 0.910525
vt 0.904594 0.826929
vt 0.904687 0.729691
vt 0.211787 0.585591
vt 0.211172 0.225439
vt 0.119901 0.225065
vt 0.120387 0.585629
vt 0.569892 0.003133
vt 0.788378 0.002386
vt 0.789106 0.215208
vt 0.570619 0.215955
vt 0.470171 0.994245
vt 0.167814 0.593099
vt 0.399782 0.592862
vt 0.505090 0.771865
vt 1.000663 0.586419
vt 0.670670 0.586279
vt 0.670999 0.222650
vt 1.000403 0.221548
vt 0.505435 0.772846
vt 0.401465 0.592802
vt 0.169085 0.591417
vt 0.468672 0.994686
vt 0.293550 0.221786
vt 0.661861 0.221511
vt 0.662121 0.585624
vt 0.293269 0.585596
vt 0.008196 0.005054
vt 0.227081 0.004305
vt 0.227808 0.217127
vt 0.008923 0.217875
vt 0.064732 0.772238
vt 0.099698 0.993200
vt 1.001736 0.222009
vt 1.001900 0.585965
vt 0.670370 0.585968
vt 0.670565 0.222000
vt 0.100734 0.995335
vt 0.064583 0.774332
vt 0.008483 0.776379
vt 0.101898 0.224436
vt 0.101396 0.593593
vt 0.011452 0.593552
vt 0.012079 0.224844
vt 0.008379 0.778864
vt 0.563699 0.779053
vt 0.563384 0.777662
vt 0.994789 0.863265
vt 0.904438 0.991023
vt 0.550144 0.910119
vt 0.621356 0.729420
vn 0.000000 0.000000 1.000000
vn 0.000000 0.000000 1.000000
vn 0.000000 0.000000 1.000000
vn 0.000000 0.000000 1.000000
vn -0.487283 0.873244 0.000000
vn -0.487283 0.873244 0.000000
vn -0.487283 0.873244 0.000000
vn -0.487283 0.873244 0.000000
vn 0.000000 0.000000 -1.000000
vn 0.000000 0.000000 -1.000000
vn 0.000000 0.000000 -1.000000
vn 0.000000 0.000000 -1.000000
vn 0.001443 -0.999999 0.000000
vn 0.001443 -0.999999 0.000000
vn 0.001443 -0.999999 0.000000
vn 0.001443 -0.999999 0.000000
vn 0.927377 0.374128 0.000000
vn 0.927377 0.374128 0.000000
vn 0.927377 0.374128 0.000000
vn 0.927377 0.374128 0.000000
vn -0.389830 0.000000 0.920887
vn -0.389830 0.000000 0.920887
vn -0.389830 0.000000 0.920887
vn -0.389830 0.000000 0.920887
vn 0.000000 1.000000 0.000000
vn 0.000000 1.000000 0.000000
vn 0.000000 1.000000 0.000000
vn 0.000000 1.000000 0.000000
vn 0.503621 0.000000 -0.863925
vn 0.503621 0.000000 -0.863925
vn 0.503621 0.000000 -0.863925
vn 0.503621 0.000000 -0.863925
vn 0.000000 -1.000000 0.000000
vn 0.000000 -1.000000 0.000000
vn 0.000000 -1.000000 -0.000000
vn 0.000000 -1.000000 -0.000000
vn 0.880941 0.000000 0.473226
vn 0.999997 0.000000 -0.002466
vn 0.999997 0.000000 -0.002466
vn 0.880941 0.000000 0.473226
vn -0.399033 0.000000 -0.916936
vn -0.399033 0.000000 -0.916936
vn -0.399033 0.000000 -0.916936
vn -0.399033 0.000000 -0.916936
vn 0.000000 -1.000000 0.000000
vn 0.000000 -1.000000 -0.000000
vn 0.497440 0.000000 0.867498
vn 0.497440 0.000000 0.867498
vn 0.000000 1.000000 0.000000
vn 0.000000 1.000000 0.000000
vn -1.000000 0.000000 0.000542
vn -1.000000 0.000000 0.000542
vn -1.000000 0.000000 0.000542
vn -1.000000 0.000000 0.000542
vn 0.000000 -1.000000 0.000001
vn 0.997038 0.000000 0.076915
vn 0.997038 0.000000 0.076915
vn 0.997038 0.000000 0.076915
vn 0.997038 0.000000 0.076915
vn 0.000000 1.000000 0.000000
vn 0.000000 -1.000000 0.000000
vn 0.000000 1.000000 -0.000000
vn 0.994736 0.000000 -0.102467
vn 0.994736 0.000000 -0.102467
vn 0.994736 0.000000 -0.102467
vn 0.994736 0.000000 -0.102467
s off
g CHEOPS_LowPoly pCube19
usemtl lambert4SG
f 2038/3022/2834 2039/3023/2835 2041/3024/2836 2040/3076/2837
f 2040/3025/2838 2041/3024/2839 2043/3026/2840 2042/3075/2841
f 2042/3027/2842 2043/3026/2843 2045/3028/2844 2044/3074/2845
f 2044/3029/2846 2045/3028/2847 2039/3023/2848 2038/3077/2849
f 2039/3023/2850 2045/3028/2851 2043/3026/2852 2041/3024/2853
f 2054/3034/2854 2058/3035/2855 2059/3036/2856 2057/3037/2857
s 1
f 2048/3038/2858 2049/3039/2859 2051/3040/2860 2050/3041/2861
s off
f 2050/3042/2862 2051/3043/2863 2053/3044/2864 2052/3045/2865
s 2
f 2052/3046/2866 2053/3047/2867 2047/3048/2868 2046/3049/2869
s 3
f 2047/3050/2870 2053/3051/2871 2051/3052/2872 2049/3053/2873
s off
f 2060/3054/2874 2046/3055/2875 2048/3056/2876 2061/3057/2877
s 2
f 2046/3049/2869 2047/3048/2868 2055/3058/2878 2054/3059/2879
s 3
f 2047/3060/2870 2049/3061/2873 2056/3062/2880 2055/3063/2881
s 1
f 2049/3039/2859 2048/3038/2858 2057/3064/2882 2056/3065/2883
s off
f 2048/3056/2884 2046/3055/2885 2054/3034/2886 2057/3037/2887
s 2
f 2054/3059/2879 2055/3058/2878 2058/3066/2888
s off
f 2055/3067/2889 2056/3068/2890 2059/3069/2891 2058/3070/2892
s 1
f 2056/3065/2883 2057/3064/2882 2059/3071/2893
s 2
f 2052/3046/2866 2046/3049/2869 2060/3072/2894
s 1
f 2048/3038/2858 2050/3041/2861 2061/3073/2895
s off
f 2050/3033/2896 2052/3032/2897 2060/3031/2898 2061/3030/2899
g default
v 432.622192 -506.735748 -145.580109
v 367.911316 -506.735748 -272.582520
v 267.121674 -506.735748 -373.372101
v 140.119354 -506.735748 -438.082977
v -0.663781 -506.735748 -460.380737
v -141.446915 -506.735748 -438.082977
v -268.449249 -506.735748 -373.372040
v -369.238800 -506.735748 -272.582397
v -433.949646 -506.735748 -145.580078
v -456.247498 -506.735748 -4.796953
v -433.949646 -506.735748 135.986176
v -369.238770 -506.735748 262.988342
v -268.449188 -506.735748 363.777893
v -141.446899 -506.735748 428.488770
v -0.663795 -506.735748 450.786652
v 140.119278 -506.735748 428.488770
v 267.121490 -506.735748 363.777863
v 367.911072 -506.735748 262.988342
v 432.621948 -506.735748 135.986145
v 454.919769 -506.735748 -4.796953
v -0.663781 -631.692261 -4.796953
v 425.299622 -586.423645 -143.200867
v 258.321259 -628.308594 -88.946396
v 361.682373 -586.423645 -268.056915
v 219.642090 -628.308594 -164.858597
v 262.596069 -586.423645 -367.143158
v 159.397873 -628.308594 -225.103012
v 137.740112 -586.423645 -430.760406
v 83.485611 -628.308594 -263.782196
v -0.663783 -586.423645 -452.681335
v -0.663797 -628.308594 -277.110138
v -139.067673 -586.423645 -430.760406
v -84.813210 -628.308594 -263.782318
v -263.923645 -586.423645 -367.143097
v -160.725403 -628.308594 -225.103027
v -363.009827 -586.423645 -268.056763
v -220.969772 -628.308594 -164.858597
v -426.627075 -586.423645 -143.200836
v -259.648682 -628.308594 -88.946304
v -448.548065 -586.423645 -4.796954
v -272.976898 -628.308594 -4.796980
v -426.627075 -586.423645 133.606934
v -259.648743 -628.308594 79.352371
v -363.009827 -586.423645 258.462769
v -220.969681 -628.308594 155.264481
v -263.923615 -586.423645 357.548950
v -160.725311 -628.308594 215.508820
v -139.067657 -586.423645 421.166199
v -84.813156 -628.308594 254.188034
v -0.663796 -586.423645 443.087250
v -0.663821 -628.308594 267.515961
v 137.740036 -586.423645 421.166199
v 83.485512 -628.308594 254.188034
v 262.595886 -586.423645 357.548920
v 159.397720 -628.308594 215.508850
v 361.682129 -586.423645 258.462708
v 219.642014 -628.308594 155.264481
v 425.299347 -586.423645 133.606903
v 258.321198 -628.308594 79.352371
v 447.220337 -586.423645 -4.796954
v 271.649109 -628.308594 -4.797035
v 329.558746 -610.314758 -112.092834
v 346.552612 -610.314758 -4.797002
v 329.558594 -610.314758 102.498825
v 280.240295 -610.314697 199.291763
v 203.424881 -610.314758 276.107025
v 106.631989 -610.314758 325.425476
v -0.663813 -610.314758 342.419434
v -107.959587 -610.314758 325.425385
v -204.752518 -610.314758 276.106964
v -281.567810 -610.314758 199.291687
v -330.886414 -610.314758 102.498878
v -347.880219 -610.314758 -4.796973
v -330.886322 -610.314758 -112.092804
v -281.567932 -610.314697 -208.885803
v -204.752625 -610.314758 -285.701141
v -107.959595 -610.314758 -335.019501
v -0.663794 -610.314758 -352.013611
v 106.632042 -610.314758 -335.019653
v 203.425095 -610.314758 -285.701263
v 280.240295 -610.314758 -208.885773
v 455.447510 -590.233215 294.826569
v 471.375092 -589.464355 322.726746
v 416.242340 -501.675049 250.233704
v 424.817902 -496.142151 324.341156
v 542.257202 -589.965698 339.698975
v 524.209106 -589.664917 354.858215
v 504.748688 -446.198242 292.864197
v 437.680267 -446.632477 333.441071
v 456.540497 -501.675049 206.111862
v 505.347656 -507.328369 214.282135
v 486.663940 -590.233154 238.613754
v 515.545349 -589.461365 236.986252
v 504.637543 -448.505035 225.540802
v 510.579132 -446.542084 268.370636
v 568.771851 -588.938965 294.570221
v 567.797241 -588.598755 275.052124
v 473.515045 -595.244080 -251.075516
v 549.997253 -594.227295 -229.327042
v 440.092468 -501.675049 -243.144806
v 470.153809 -496.142151 -225.223373
v 604.917725 -594.600952 -329.148834
v 592.347900 -594.127930 -265.461884
v 506.929077 -446.198242 -292.533295
v 509.197540 -449.474701 -231.688309
v 417.181671 -501.675018 -288.773987
v 441.304230 -507.328369 -335.058319
v 448.520874 -595.244080 -289.115234
v 454.177979 -594.223389 -338.130157
v 450.868622 -448.505066 -328.721649
v 491.868378 -446.542084 -309.126923
v 582.057068 -595.130859 -368.355438
v 508.513000 -594.319519 -384.404633
v 554.157349 -265.871094 56.711563
v 554.157349 -265.871094 -65.676033
v 495.917786 -265.871094 56.711563
v 495.917786 -265.871094 -65.676033
v 495.917786 -391.695801 56.711563
v 495.917786 -391.695801 -65.676033
v 554.157349 -391.695801 56.711563
v 554.157349 -391.695801 -65.676033
v 514.039978 -265.871094 56.711563
v 514.039978 -265.871094 -65.676033
v 514.039978 -391.695801 -65.676033
v 514.039978 -391.695801 56.711563
v 511.495575 -239.435944 56.711548
v 511.495575 -239.435944 -65.676056
v 497.871185 -239.435928 -65.676056
v 497.871185 -239.435928 56.711548
v 496.167877 -415.452454 56.711582
v 496.167877 -415.452454 -65.676033
v 513.492493 -415.452423 -65.676033
v 513.492493 -415.452423 56.711582
v 511.338623 -267.370026 -87.069206
v 511.338623 -389.142090 -87.069206
v 497.755371 -391.695740 -87.069206
v 497.755371 -265.871033 -87.069214
v 512.605713 -391.695892 81.763268
v 512.605713 -265.871185 81.763260
v 500.000336 -265.871185 81.763260
v 500.000336 -391.695892 81.763268
v -206.328064 -673.513000 -62.860748
v -55.043751 -673.513000 -209.096405
v -206.328064 -617.003845 -62.860748
v -55.043751 -617.003845 -209.096405
v -254.750244 -617.003845 -112.954666
v -103.465927 -617.003845 -259.190338
v -254.750244 -673.513000 -112.954666
v -103.465927 -673.513000 -259.190338
v -206.328064 -632.147217 -62.860748
v -55.043751 -632.147217 -209.096405
v -103.465927 -632.147217 -259.190338
v -254.750244 -632.147217 -112.954666
v -188.751297 -628.597656 -44.677200
v -37.466980 -628.597656 -190.912857
v -37.466980 -617.212830 -190.912857
v -188.751297 -617.212830 -44.677200
v -272.327026 -617.212830 -131.138245
v -121.042717 -617.212830 -277.373901
v -121.042717 -631.689697 -277.373901
v -272.327026 -631.689697 -131.138245
v -37.437016 -628.563354 -227.269913
v -84.299583 -628.563354 -275.750397
v -85.282333 -617.212830 -276.767059
v -36.860149 -617.212830 -226.673126
v -272.933838 -627.746094 -95.377953
v -224.511642 -627.746094 -45.284023
v -224.511642 -617.212830 -45.284023
v -272.933838 -617.212830 -95.377953
vt 0.244605 0.118826
vt 0.326552 0.094077
vt 0.334524 0.152487
vt 0.270167 0.171921
vt 0.412138 0.095871
vt 0.401737 0.153895
vt 0.174326 0.167689
vt 0.214973 0.210292
vt 0.122600 0.235874
vt 0.174346 0.263839
vt 0.094487 0.316696
vt 0.152261 0.327313
vt 0.092730 0.402238
vt 0.150875 0.394497
vt 0.117491 0.484127
vt 0.170318 0.458816
vt 0.166340 0.554351
vt 0.208681 0.513976
vt 0.234489 0.606046
vt 0.262208 0.554582
vt 0.315272 0.634162
vt 0.325659 0.576668
vt 0.400789 0.635953
vt 0.392829 0.578075
vt 0.482677 0.611243
vt 0.457149 0.558664
vt 0.552931 0.562446
vt 0.512329 0.520333
vt 0.604676 0.494329
vt 0.552967 0.466829
vt 0.632845 0.413550
vt 0.575087 0.403382
vt 0.634672 0.328011
vt 0.576516 0.336199
vt 0.609969 0.246083
vt 0.557109 0.271857
vt 0.561145 0.175793
vt 0.518761 0.216657
vt 0.492976 0.124030
vt 0.465223 0.176008
vt 0.315871 0.015819
vt 0.210354 0.047690
vt 0.208696 0.043288
vt 0.315352 0.011073
vt 0.119868 0.110612
vt 0.117233 0.106891
vt 0.053275 0.198411
vt 0.049921 0.195638
vt 0.017089 0.302477
vt 0.013346 0.300827
vt 0.014840 0.412611
vt 0.011073 0.412151
vt 0.046731 0.518034
vt 0.043309 0.518711
vt 0.109627 0.608434
vt 0.106884 0.610087
vt 0.197365 0.674979
vt 0.195569 0.677349
vt 0.301361 0.711169
vt 0.300687 0.713930
vt 0.411449 0.713474
vt 0.411962 0.716259
vt 0.516868 0.681667
vt 0.518519 0.684110
vt 0.607314 0.618854
vt 0.609941 0.620619
vt 0.673938 0.531167
vt 0.677284 0.531986
vt 0.710215 0.427174
vt 0.713953 0.426871
vt 0.712580 0.317045
vt 0.716345 0.315552
vt 0.680786 0.211558
vt 0.684208 0.208926
vt 0.617931 0.121048
vt 0.620675 0.117439
vt 0.530162 0.054392
vt 0.531958 0.050062
vt 0.426074 0.018129
vt 0.426746 0.013407
vt 0.363686 0.365392
vt 0.901554 0.661682
vt 0.791166 0.650635
vt 0.772612 0.587535
vt 0.946784 0.629931
vt 0.808173 0.424481
vt 0.897884 0.441339
vt 0.951079 0.476392
vt 0.779688 0.487070
vt 0.935237 0.547358
vt 0.770240 0.562576
vt 0.773800 0.507008
vt 0.939191 0.520869
vt 0.921529 0.393931
vt 0.816205 0.394769
vt 0.794162 0.684684
vt 0.892733 0.740757
vt 0.939995 0.661684
vt 0.805486 0.657006
vt 0.773423 0.607224
vt 0.954260 0.598185
vt 0.841608 0.367839
vt 0.919405 0.419683
vt 0.963502 0.465713
vt 0.791341 0.424720
vt 0.942362 0.534431
vt 0.749414 0.542486
vt 0.751657 0.494263
vt 0.946260 0.510914
vt 0.960394 0.381765
vt 0.872060 0.325083
vt 0.852818 0.727102
vt 0.954333 0.696537
vt 0.268037 0.808035
vt 0.268555 0.916519
vt 0.267455 0.928546
vt 0.255960 0.808093
vt 0.495571 0.791597
vt 0.511165 0.915361
vt 0.495808 0.915435
vt 0.495290 0.806951
vt 0.438667 0.807221
vt 0.439185 0.915705
vt 0.327654 0.916237
vt 0.327137 0.807753
vt 0.329244 0.970904
vt 0.437182 0.970389
vt 0.449116 0.973161
vt 0.327973 0.982951
vt 0.438392 0.749419
vt 0.326861 0.749951
vt 0.315703 0.749366
vt 0.438338 0.738246
vt 0.327824 0.951797
vt 0.326967 0.772194
vt 0.439355 0.951265
vt 0.438498 0.771662
vt 0.312079 0.954980
vt 0.289962 0.791941
vt 0.475192 0.931593
vt 0.454530 0.770667
vt 0.641936 0.962364
vt 0.831949 0.960704
vt 0.842143 0.962044
vt 0.642026 0.972645
vt 0.627259 0.778707
vt 0.830231 0.764096
vt 0.830346 0.777169
vt 0.640333 0.778829
vt 0.640859 0.839028
vt 0.830871 0.837368
vt 0.831421 0.900285
vt 0.641409 0.901945
vt 0.891837 0.899008
vt 0.891305 0.838117
vt 0.893192 0.827961
vt 0.902094 0.899668
vt 0.580321 0.839557
vt 0.580871 0.902474
vt 0.579322 0.911860
vt 0.570809 0.839640
vt 0.868777 0.899959
vt 0.604053 0.902272
vt 0.868227 0.837041
vt 0.603503 0.839354
vt 0.871252 0.913409
vt 0.628209 0.941321
vt 0.844216 0.799645
vt 0.601041 0.825901
vt 0.449544 0.748728
vt 0.326808 0.738778
vt 0.317363 0.973265
vt 0.439503 0.982418
vt 0.510647 0.806878
vt 0.496235 0.930786
vt 0.266822 0.796020
vt 0.256478 0.916577
vt 0.474227 0.807052
vt 0.474745 0.915535
vt 0.292095 0.916407
vt 0.290632 0.932404
vt 0.291577 0.807923
vt 0.310926 0.771352
vt 0.454966 0.955050
vt 0.474521 0.790991
vt 0.983064 0.332417
vt 0.918659 0.330439
vt 0.142321 0.914727
vt 0.124881 0.970985
vt 0.092785 0.986181
vt 0.109893 0.869268
vt 0.072054 0.861579
vt 0.040727 0.878517
vt 0.890686 0.280398
vt 0.043979 0.972119
vt 0.018647 0.936684
vt 0.137376 0.814441
vt 0.117054 0.824235
vt 0.057155 0.816293
vt 0.154404 0.741787
vt 0.139713 0.711792
vt 0.065928 0.703827
vt 0.805299 0.327255
vt 0.032936 0.803898
vt 0.043407 0.733297
vt 0.578608 0.830199
vt 0.571359 0.902557
vt 0.893685 0.909119
vt 0.901544 0.836750
vt 0.640219 0.765756
vt 0.843415 0.776819
vt 0.631768 0.963882
vt 0.832039 0.970985
vt 0.640532 0.801672
vt 0.830545 0.800012
vt 0.831748 0.937641
vt 0.845307 0.939424
vt 0.641735 0.939301
vt 0.601826 0.915765
vt 0.870772 0.823604
vt 0.626857 0.801544
vn 0.187510 -0.972770 -0.136234
vn 0.220431 -0.972769 -0.071622
vn 0.222149 -0.972337 -0.072181
vn 0.188972 -0.972337 -0.137296
vn 0.231775 -0.972769 0.000000
vn 0.233582 -0.972337 0.000000
vn 0.136234 -0.972769 -0.187510
vn 0.137296 -0.972337 -0.188971
vn 0.071622 -0.972769 -0.220431
vn 0.072181 -0.972337 -0.222149
vn -0.000000 -0.972769 -0.231775
vn -0.000000 -0.972337 -0.233582
vn -0.071622 -0.972769 -0.220432
vn -0.072181 -0.972337 -0.222150
vn -0.136234 -0.972769 -0.187510
vn -0.137296 -0.972337 -0.188972
vn -0.187510 -0.972769 -0.136234
vn -0.188972 -0.972337 -0.137296
vn -0.220431 -0.972769 -0.071622
vn -0.222149 -0.972337 -0.072181
vn -0.231775 -0.972769 -0.000000
vn -0.233582 -0.972337 -0.000000
vn -0.220431 -0.972769 0.071622
vn -0.222149 -0.972337 0.072181
vn -0.187510 -0.972769 0.136234
vn -0.188971 -0.972337 0.137296
vn -0.136234 -0.972769 0.187510
vn -0.137296 -0.972337 0.188972
vn -0.071622 -0.972769 0.220431
vn -0.072181 -0.972337 0.222150
vn -0.000000 -0.972769 0.231775
vn -0.000000 -0.972337 0.233582
vn 0.071622 -0.972769 0.220431
vn 0.072181 -0.972337 0.222149
vn 0.136234 -0.972769 0.187510
vn 0.137296 -0.972337 0.188972
vn 0.187510 -0.972769 0.136234
vn 0.188972 -0.972337 0.137296
vn 0.220431 -0.972769 0.071622
vn 0.222149 -0.972337 0.072181
vn 0.946648 -0.096172 -0.307584
vn 0.805267 -0.096172 -0.585061
vn 0.805267 -0.096172 -0.585061
vn 0.946649 -0.096172 -0.307584
vn 0.585061 -0.096172 -0.805267
vn 0.585061 -0.096172 -0.805267
vn 0.307584 -0.096172 -0.946648
vn 0.307584 -0.096172 -0.946648
vn 0.000000 -0.096172 -0.995365
vn 0.000000 -0.096172 -0.995365
vn -0.307585 -0.096172 -0.946648
vn -0.307585 -0.096172 -0.946648
vn -0.585061 -0.096172 -0.805267
vn -0.585061 -0.096172 -0.805267
vn -0.805267 -0.096172 -0.585060
vn -0.805267 -0.096172 -0.585060
vn -0.946648 -0.096172 -0.307584
vn -0.946648 -0.096172 -0.307584
vn -0.995365 -0.096172 0.000000
vn -0.995365 -0.096172 0.000000
vn -0.946648 -0.096172 0.307585
vn -0.946648 -0.096172 0.307585
vn -0.805267 -0.096171 0.585061
vn -0.805267 -0.096171 0.585061
vn -0.585061 -0.096171 0.805267
vn -0.585061 -0.096171 0.805267
vn -0.307585 -0.096172 0.946648
vn -0.307585 -0.096172 0.946648
vn -0.000000 -0.096172 0.995365
vn 0.000000 -0.096172 0.995365
vn 0.307585 -0.096172 0.946648
vn 0.307585 -0.096172 0.946648
vn 0.585061 -0.096172 0.805267
vn 0.585061 -0.096172 0.805267
vn 0.805267 -0.096172 0.585061
vn 0.805267 -0.096172 0.585061
vn 0.946648 -0.096172 0.307585
vn 0.946648 -0.096172 0.307585
vn 0.995365 -0.096172 0.000001
vn 0.995365 -0.096172 0.000001
vn 0.010052 -0.999923 -0.007303
vn 0.011817 -0.999923 -0.003839
vn 0.000000 -1.000000 0.000000
vn 0.007303 -0.999923 -0.010052
vn 0.003839 -0.999923 -0.011817
vn 0.000000 -0.999923 -0.012424
vn -0.003839 -0.999923 -0.011816
vn -0.007303 -0.999923 -0.010051
vn -0.010052 -0.999923 -0.007303
vn -0.011817 -0.999923 -0.003839
vn -0.012425 -0.999923 0.000001
vn -0.011817 -0.999923 0.003839
vn -0.010052 -0.999923 0.007303
vn -0.007303 -0.999923 0.010052
vn -0.003839 -0.999923 0.011816
vn -0.000000 -0.999923 0.012425
vn 0.003839 -0.999923 0.011817
vn 0.007303 -0.999923 0.010052
vn 0.010052 -0.999923 0.007303
vn 0.011817 -0.999923 0.003839
vn 0.012425 -0.999923 -0.000001
vn 0.219611 -0.972975 -0.071356
vn 0.230913 -0.972975 0.000000
vn 0.219611 -0.972975 0.071356
vn 0.186812 -0.972975 0.135727
vn 0.135727 -0.972975 0.186812
vn 0.071356 -0.972975 0.219611
vn -0.000000 -0.972975 0.230912
vn -0.071356 -0.972975 0.219611
vn -0.135727 -0.972975 0.186812
vn -0.186812 -0.972975 0.135727
vn -0.219611 -0.972975 0.071356
vn -0.230912 -0.972975 0.000000
vn -0.219611 -0.972975 -0.071356
vn -0.186812 -0.972975 -0.135726
vn -0.135727 -0.972975 -0.186812
vn -0.071356 -0.972974 -0.219611
vn -0.000000 -0.972975 -0.230912
vn 0.071356 -0.972974 -0.219611
vn 0.135727 -0.972975 -0.186812
vn 0.186812 -0.972975 -0.135727
vn -0.430438 -0.168067 0.886835
vn -0.430438 -0.168067 0.886835
vn -0.430438 -0.168067 0.886835
vn -0.430438 -0.168067 0.886835
vn 0.694235 -0.004719 -0.719733
vn 0.694235 -0.004719 -0.719733
vn 0.694235 -0.004719 -0.719733
vn 0.694235 -0.004719 -0.719733
vn 0.837347 0.380267 0.392744
vn 0.837347 0.380267 0.392744
vn 0.837347 0.380267 0.392744
vn 0.837347 0.380267 0.392744
vn -0.707040 -0.496115 -0.503950
vn -0.707040 -0.496115 -0.503950
vn -0.707040 -0.496115 -0.503950
vn -0.707040 -0.496115 -0.503950
vn 0.009614 -0.999954 -0.000665
vn 0.009614 -0.999954 -0.000665
vn 0.009614 -0.999954 -0.000665
vn 0.009614 -0.999954 -0.000665
vn 0.009614 -0.999954 -0.000665
vn 0.009614 -0.999954 -0.000665
vn 0.009614 -0.999954 -0.000665
vn 0.009614 -0.999954 -0.000665
vn -0.898900 -0.367473 0.238625
vn -0.898900 -0.367473 0.238625
vn -0.898900 -0.367473 0.238625
vn -0.898900 -0.367473 0.238625
vn 0.501749 0.399575 0.767195
vn 0.501749 0.399575 0.767195
vn 0.501749 0.399575 0.767195
vn 0.501749 0.399575 0.767195
vn 0.061864 -0.293882 -0.953838
vn 0.061864 -0.293882 -0.953838
vn 0.061864 -0.293882 -0.953838
vn 0.061864 -0.293882 -0.953838
vn 0.923563 0.366728 -0.111995
vn 0.923563 0.366728 -0.111995
vn 0.923563 0.366728 -0.111995
vn 0.923563 0.366728 -0.111995
vn 0.401226 0.127885 0.907008
vn 0.401226 0.127885 0.907008
vn 0.401226 0.127885 0.907008
vn 0.401226 0.127885 0.907008
vn -0.556355 0.040951 -0.829935
vn -0.556355 0.040951 -0.829935
vn -0.556355 0.040951 -0.829935
vn -0.556355 0.040951 -0.829935
vn 0.671888 0.575983 -0.465628
vn 0.671888 0.575983 -0.465629
vn 0.671888 0.575983 -0.465628
vn 0.671888 0.575983 -0.465629
vn -0.825985 -0.306748 0.472921
vn -0.825985 -0.306748 0.472921
vn -0.825985 -0.306748 0.472921
vn -0.825985 -0.306748 0.472921
vn 0.002067 -0.999998 -0.000419
vn 0.002067 -0.999998 -0.000419
vn 0.002067 -0.999998 -0.000419
vn 0.002067 -0.999998 -0.000419
vn 0.002067 -0.999998 -0.000419
vn 0.002067 -0.999998 -0.000419
vn 0.002067 -0.999998 -0.000419
vn 0.002067 -0.999998 -0.000419
vn -0.324455 -0.249050 0.912526
vn -0.324455 -0.249050 0.912526
vn -0.324455 -0.249050 0.912526
vn -0.324455 -0.249050 0.912526
vn 0.856459 0.509609 0.082319
vn 0.856459 0.509609 0.082319
vn 0.856459 0.509609 0.082319
vn 0.856459 0.509609 0.082319
vn -0.933406 -0.223370 -0.280818
vn -0.933406 -0.223370 -0.280818
vn -0.933406 -0.223370 -0.280818
vn -0.933406 -0.223370 -0.280818
vn 0.259376 0.461403 -0.848429
vn 0.259376 0.461403 -0.848429
vn 0.259376 0.461403 -0.848429
vn 0.259376 0.461403 -0.848429
vn 0.000001 1.000000 0.000000
vn 0.000001 1.000000 0.000000
vn 0.000001 1.000000 0.000000
vn 0.000001 1.000000 0.000000
vn 0.000002 -1.000000 0.000000
vn 0.000002 -1.000000 0.000000
vn 0.000002 -1.000000 0.000000
vn 0.000002 -1.000000 0.000000
vn 1.000000 0.000000 0.000000
vn 1.000000 0.000000 0.000000
vn 1.000000 0.000000 0.000000
vn 1.000000 0.000000 0.000000
vn 0.000000 -0.000000 -1.000000
vn 0.000000 -0.000000 -1.000000
vn 0.000000 -0.000000 -1.000000
vn 0.000000 -0.000000 -1.000000
vn 0.000000 0.000000 1.000000
vn 0.000000 0.000000 1.000000
vn 0.000000 0.000000 1.000000
vn 0.000000 0.000000 1.000000
vn 0.000000 1.000000 0.000000
vn 0.000000 1.000000 0.000000
vn 0.000000 1.000000 0.000000
vn 0.000000 1.000000 0.000000
vn 0.000000 0.000000 -1.000000
vn 0.000000 0.000000 -1.000000
vn 0.000000 0.000000 -1.000000
vn 0.000000 0.000000 -1.000000
vn 0.000000 -1.000000 0.000000
vn 0.000000 -1.000000 0.000000
vn 0.000000 -1.000000 0.000000
vn 0.000000 -1.000000 0.000000
vn 0.000000 0.000000 1.000000
vn 0.000000 0.000000 1.000000
vn 0.000000 0.000000 1.000000
vn 0.000000 0.000000 1.000000
vn 0.995400 0.095808 0.000000
vn 0.995400 0.095808 0.000000
vn 0.995400 0.095808 0.000000
vn 0.995400 0.095808 0.000000
vn 0.000000 -0.000001 -1.000000
vn 0.000000 -0.000001 -1.000000
vn 0.000000 -0.000001 -1.000000
vn 0.000000 -0.000001 -1.000000
vn 0.000000 0.000001 1.000000
vn 0.000000 0.000001 1.000000
vn 0.000000 0.000001 1.000000
vn 0.000000 0.000001 1.000000
vn 0.000000 0.000000 -1.000000
vn 0.000000 0.000000 -1.000000
vn 0.000000 0.000000 -1.000000
vn 0.000000 0.000000 -1.000000
vn 0.999735 -0.023039 0.000000
vn 0.999735 -0.023039 0.000000
vn 0.999735 -0.023039 0.000000
vn 0.999735 -0.023039 0.000000
vn 0.000000 0.000001 1.000000
vn 0.000000 0.000001 1.000000
vn 0.000000 0.000001 1.000000
vn 0.000000 0.000001 1.000000
vn 0.992122 0.000000 -0.125277
vn 0.992122 0.000000 -0.125277
vn 0.992122 0.000000 -0.125277
vn 0.992122 0.000000 -0.125277
vn 0.080133 -0.994916 -0.061000
vn 0.080133 -0.994916 -0.061000
vn 0.080133 -0.994916 -0.061000
vn 0.080133 -0.994916 -0.061000
vn 0.047195 0.998240 -0.035923
vn 0.047195 0.998240 -0.035923
vn 0.047195 0.998240 -0.035923
vn 0.047195 0.998240 -0.035923
vn 0.998365 0.000000 0.057159
vn 0.998365 0.000000 0.057159
vn 0.998365 0.000000 0.057159
vn 0.998365 0.000000 0.057159
vn 0.000000 1.000000 0.000004
vn 0.000000 1.000000 0.000004
vn 0.000000 1.000000 0.000004
vn 0.000000 1.000000 0.000004
vn 0.000000 -1.000000 -0.000004
vn 0.000000 -1.000000 -0.000004
vn 0.000000 -1.000000 -0.000004
vn 0.000000 -1.000000 -0.000004
vn 0.695008 0.000000 0.719002
vn 0.695008 0.000000 0.719002
vn 0.695008 0.000000 0.719002
vn 0.695008 0.000000 0.719002
vn -0.695007 0.000000 -0.719003
vn -0.695007 0.000000 -0.719003
vn -0.695007 0.000000 -0.719003
vn -0.695007 0.000000 -0.719003
vn 0.000000 -1.000000 0.000000
vn 0.000000 -1.000000 0.000000
vn 0.000000 -1.000000 0.000000
vn 0.000000 -1.000000 0.000000
vn 0.719002 0.000001 -0.695008
vn 0.719002 0.000001 -0.695008
vn 0.719002 0.000001 -0.695008
vn 0.719002 0.000001 -0.695008
vn -0.719003 0.000000 0.695007
vn -0.719003 0.000000 0.695007
vn -0.719003 0.000000 0.695007
vn -0.719003 0.000000 0.695007
vn 0.695008 0.000000 0.719002
vn 0.695008 0.000000 0.719002
vn 0.695008 0.000000 0.719002
vn 0.695008 0.000000 0.719002
vn 0.719002 0.000000 -0.695008
vn 0.719002 0.000000 -0.695008
vn 0.719002 0.000000 -0.695008
vn 0.719002 0.000000 -0.695008
vn -0.695008 0.000000 -0.719002
vn -0.695008 0.000000 -0.719002
vn -0.695008 0.000000 -0.719002
vn -0.695008 0.000000 -0.719002
vn -0.719002 0.000000 0.695008
vn -0.719002 0.000000 0.695008
vn -0.719002 0.000000 0.695008
vn -0.719002 0.000000 0.695008
vn 0.096601 -0.990294 0.099936
vn 0.096600 -0.990294 0.099936
vn 0.096600 -0.990293 0.099936
vn 0.096601 -0.990294 0.099936
vn 0.719000 0.000000 -0.695010
vn 0.719000 0.000000 -0.695010
vn 0.719000 0.000000 -0.695010
vn 0.719000 0.000000 -0.695010
vn -0.719002 0.000000 0.695008
vn -0.719002 0.000000 0.695008
vn -0.719002 0.000000 0.695008
vn -0.719002 0.000000 0.695008
vn 0.719001 0.000000 -0.695009
vn 0.719001 0.000000 -0.695009
vn 0.719001 0.000000 -0.695009
vn 0.719001 0.000000 -0.695009
vn -0.012571 -0.999836 -0.013007
vn -0.012571 -0.999836 -0.013007
vn -0.012571 -0.999836 -0.013007
vn -0.012571 -0.999836 -0.013007
vn -0.719003 0.000000 0.695007
vn -0.719003 0.000000 0.695007
vn -0.719003 0.000000 0.695007
vn -0.719003 0.000000 0.695007
vn 0.100882 -0.990108 -0.097514
vn 0.100882 -0.990108 -0.097514
vn 0.100882 -0.990108 -0.097514
vn 0.100882 -0.990108 -0.097514
vn -0.671058 -0.053269 -0.739489
vn -0.671058 -0.053269 -0.739489
vn -0.671058 -0.053269 -0.739489
vn -0.671058 -0.053269 -0.739489
vn 0.707839 -0.031308 0.705680
vn 0.707839 -0.031308 0.705680
vn 0.707839 -0.031308 0.705680
vn 0.707839 -0.031308 0.705680
vn -0.123272 -0.985193 0.119159
vn -0.123273 -0.985193 0.119159
vn -0.123273 -0.985193 0.119159
vn -0.123273 -0.985193 0.119159
vn 0.695007 0.000000 0.719003
vn 0.695007 0.000000 0.719003
vn 0.695007 0.000000 0.719003
vn 0.695007 0.000000 0.719003
vn -0.695006 0.000000 -0.719004
vn -0.695006 0.000000 -0.719004
vn -0.695006 0.000000 -0.719004
vn -0.695006 0.000000 -0.719004
s 1
g CHEOPS_LowPoly pCylinder7
usemtl lambert5SG
f 2142/3078/2900 2123/3079/2901 2084/3080/2902 2086/3081/2903
f 2084/3080/2902 2123/3079/2901 2124/3082/2904 2122/3083/2905
f 2141/3084/2906 2142/3078/2900 2086/3081/2903 2088/3085/2907
f 2140/3086/2908 2141/3084/2906 2088/3085/2907 2090/3087/2909
f 2139/3088/2910 2140/3086/2908 2090/3087/2909 2092/3089/2911
f 2138/3090/2912 2139/3088/2910 2092/3089/2911 2094/3091/2913
f 2137/3092/2914 2138/3090/2912 2094/3091/2913 2096/3093/2915
f 2136/3094/2916 2137/3092/2914 2096/3093/2915 2098/3095/2917
f 2135/3096/2918 2136/3094/2916 2098/3095/2917 2100/3097/2919
f 2134/3098/2920 2135/3096/2918 2100/3097/2919 2102/3099/2921
f 2133/3100/2922 2134/3098/2920 2102/3099/2921 2104/3101/2923
f 2132/3102/2924 2133/3100/2922 2104/3101/2923 2106/3103/2925
f 2131/3104/2926 2132/3102/2924 2106/3103/2925 2108/3105/2927
f 2130/3106/2928 2131/3104/2926 2108/3105/2927 2110/3107/2929
f 2129/3108/2930 2130/3106/2928 2110/3107/2929 2112/3109/2931
f 2128/3110/2932 2129/3108/2930 2112/3109/2931 2114/3111/2933
f 2127/3112/2934 2128/3110/2932 2114/3111/2933 2116/3113/2935
f 2126/3114/2936 2127/3112/2934 2116/3113/2935 2118/3115/2937
f 2125/3116/2938 2126/3114/2936 2118/3115/2937 2120/3117/2939
f 2124/3082/2904 2125/3116/2938 2120/3117/2939 2122/3083/2905
s 2
f 2083/3118/2940 2085/3119/2941 2063/3120/2942 2062/3121/2943
f 2085/3119/2941 2087/3122/2944 2064/3123/2945 2063/3120/2942
f 2087/3122/2944 2089/3124/2946 2065/3125/2947 2064/3123/2945
f 2089/3124/2946 2091/3126/2948 2066/3127/2949 2065/3125/2947
f 2091/3126/2948 2093/3128/2950 2067/3129/2951 2066/3127/2949
f 2093/3128/2950 2095/3130/2952 2068/3131/2953 2067/3129/2951
f 2095/3130/2952 2097/3132/2954 2069/3133/2955 2068/3131/2953
f 2097/3132/2954 2099/3134/2956 2070/3135/2957 2069/3133/2955
f 2099/3134/2956 2101/3136/2958 2071/3137/2959 2070/3135/2957
f 2101/3136/2958 2103/3138/2960 2072/3139/2961 2071/3137/2959
f 2103/3138/2960 2105/3140/2962 2073/3141/2963 2072/3139/2961
f 2105/3140/2962 2107/3142/2964 2074/3143/2965 2073/3141/2963
f 2107/3142/2964 2109/3144/2966 2075/3145/2967 2074/3143/2965
f 2109/3144/2966 2111/3146/2968 2076/3147/2969 2075/3145/2967
f 2111/3146/2968 2113/3148/2970 2077/3149/2971 2076/3147/2969
f 2113/3148/2970 2115/3150/2972 2078/3151/2973 2077/3149/2971
f 2115/3150/2972 2117/3152/2974 2079/3153/2975 2078/3151/2973
f 2117/3152/2974 2119/3154/2976 2080/3155/2977 2079/3153/2975
f 2119/3154/2976 2121/3156/2978 2081/3157/2979 2080/3155/2977
f 2121/3156/2978 2083/3118/2940 2062/3121/2943 2081/3157/2979
s 3
f 2086/3081/2980 2084/3080/2981 2082/3158/2982
f 2088/3085/2983 2086/3081/2980 2082/3158/2982
f 2090/3087/2984 2088/3085/2983 2082/3158/2982
f 2092/3089/2985 2090/3087/2984 2082/3158/2982
f 2094/3091/2986 2092/3089/2985 2082/3158/2982
f 2096/3093/2987 2094/3091/2986 2082/3158/2982
f 2098/3095/2988 2096/3093/2987 2082/3158/2982
f 2100/3097/2989 2098/3095/2988 2082/3158/2982
f 2102/3099/2990 2100/3097/2989 2082/3158/2982
f 2104/3101/2991 2102/3099/2990 2082/3158/2982
f 2106/3103/2992 2104/3101/2991 2082/3158/2982
f 2108/3105/2993 2106/3103/2992 2082/3158/2982
f 2110/3107/2994 2108/3105/2993 2082/3158/2982
f 2112/3109/2995 2110/3107/2994 2082/3158/2982
f 2114/3111/2996 2112/3109/2995 2082/3158/2982
f 2116/3113/2997 2114/3111/2996 2082/3158/2982
f 2118/3115/2998 2116/3113/2997 2082/3158/2982
f 2120/3117/2999 2118/3115/2998 2082/3158/2982
f 2122/3083/3000 2120/3117/2999 2082/3158/2982
f 2084/3080/2981 2122/3083/3000 2082/3158/2982
s 1
f 2124/3082/2904 2123/3079/2901 2083/3118/3001 2121/3156/3002
f 2119/3154/3003 2125/3116/2938 2124/3082/2904 2121/3156/3002
f 2117/3152/3004 2126/3114/2936 2125/3116/2938 2119/3154/3003
f 2115/3150/3005 2127/3112/2934 2126/3114/2936 2117/3152/3004
f 2113/3148/3006 2128/3110/2932 2127/3112/2934 2115/3150/3005
f 2111/3146/3007 2129/3108/2930 2128/3110/2932 2113/3148/3006
f 2109/3144/3008 2130/3106/2928 2129/3108/2930 2111/3146/3007
f 2107/3142/3009 2131/3104/2926 2130/3106/2928 2109/3144/3008
f 2105/3140/3010 2132/3102/2924 2131/3104/2926 2107/3142/3009
f 2103/3138/3011 2133/3100/2922 2132/3102/2924 2105/3140/3010
f 2101/3136/3012 2134/3098/2920 2133/3100/2922 2103/3138/3011
f 2099/3134/3013 2135/3096/2918 2134/3098/2920 2101/3136/3012
f 2097/3132/3014 2136/3094/2916 2135/3096/2918 2099/3134/3013
f 2095/3130/3015 2137/3092/2914 2136/3094/2916 2097/3132/3014
f 2093/3128/3016 2138/3090/2912 2137/3092/2914 2095/3130/3015
f 2091/3126/3017 2139/3088/2910 2138/3090/2912 2093/3128/3016
f 2089/3124/3018 2140/3086/2908 2139/3088/2910 2091/3126/3017
f 2087/3122/3019 2141/3084/2906 2140/3086/2908 2089/3124/3018
f 2085/3119/3020 2142/3078/2900 2141/3084/2906 2087/3122/3019
f 2083/3118/3001 2123/3079/2901 2142/3078/2900 2085/3119/3020
s off
f 2146/3159/3021 2144/3160/3022 2148/3161/3023 2150/3162/3024
f 2154/3163/3025 2152/3164/3026 2155/3165/3027 2158/3166/3028
f 2149/3167/3029 2147/3168/3030 2157/3169/3031 2156/3170/3032
f 2151/3171/3033 2153/3172/3034 2143/3280/3035 2145/3264/3036
f 2153/3278/3037 2154/3277/3038 2158/3274/3039 2157/3275/3040 2147/3276/3041 2148/3281/3042 2144/3282/3043 2143/3279/3044
f 2143/3173/3045 2144/3160/3046 2146/3159/3047 2145/3174/3048
f 2148/3161/3049 2147/3168/3050 2149/3167/3051 2150/3162/3052
f 2151/3171/3053 2152/3164/3054 2154/3163/3055 2153/3172/3056
f 2155/3165/3057 2156/3170/3058 2157/3169/3059 2158/3166/3060
f 2162/3175/3061 2160/3176/3062 2164/3177/3063 2166/3178/3064
f 2170/3179/3065 2168/3180/3066 2171/3181/3067 2174/3182/3068
f 2165/3183/3069 2163/3184/3070 2173/3185/3071 2172/3186/3072
f 2167/3187/3073 2169/3188/3074 2159/3271/3075 2161/3263/3076
f 2169/3269/3077 2170/3268/3078 2174/3265/3079 2173/3266/3080 2163/3267/3081 2164/3272/3082 2160/3273/3083 2159/3270/3084
f 2159/3189/3085 2160/3176/3086 2162/3175/3087 2161/3190/3088
f 2164/3177/3089 2163/3184/3090 2165/3183/3091 2166/3178/3092
f 2167/3187/3093 2168/3180/3094 2170/3179/3095 2169/3188/3096
f 2171/3181/3097 2172/3186/3098 2173/3185/3099 2174/3182/3100
f 2187/3191/3101 2188/3192/3102 2189/3254/3103 2190/3194/3104
f 2191/3251/3105 2192/3196/3106 2193/3197/3107 2194/3198/3108
f 2181/3199/3109 2182/3200/3110 2176/3201/3111 2175/3202/3112
f 2195/3203/3113 2196/3204/3114 2197/3250/3115 2198/3206/3116
f 2199/3207/3117 2200/3208/3118 2201/3248/3119 2202/3210/3120
f 2175/3202/3121 2176/3201/3122 2184/3257/3123 2183/3259/3124
f 2176/3201/3125 2182/3200/3126 2185/3213/3127 2184/3211/3128
f 2186/3255/3129 2185/3256/3130 2182/3200/3131 2181/3199/3132
f 2181/3199/3133 2175/3202/3134 2183/3212/3135 2186/3214/3136
f 2183/3259/3137 2184/3257/3138 2188/3192/3139 2187/3191/3140
f 2184/3257/3141 2178/3258/3142 2189/3193/3143 2188/3192/3144
f 2177/3216/3145 2183/3259/3146 2187/3191/3147 2190/3253/3148
f 2180/3217/3149 2185/3256/3150 2193/3197/3151 2192/3252/3152
f 2185/3256/3153 2186/3255/3154 2194/3198/3155 2193/3197/3156
f 2186/3255/3157 2179/3262/3158 2191/3195/3159 2194/3198/3160
f 2184/3211/3161 2185/3213/3162 2196/3204/3163 2195/3203/3164
f 2185/3213/3165 2180/3261/3166 2197/3205/3167 2196/3204/3168
f 2178/3215/3169 2184/3211/3170 2195/3203/3171 2198/3249/3172
f 2186/3214/3173 2183/3212/3174 2200/3208/3175 2199/3207/3176
f 2183/3212/3177 2177/3260/3178 2201/3209/3179 2200/3208/3180
f 2179/3218/3181 2186/3214/3182 2199/3207/3183 2202/3247/3184
f 2215/3219/3185 2216/3220/3186 2217/3290/3187 2218/3222/3188
f 2219/3287/3189 2220/3224/3190 2221/3225/3191 2222/3226/3192
f 2209/3227/3193 2210/3228/3194 2204/3229/3195 2203/3230/3196
f 2223/3231/3197 2224/3232/3198 2225/3286/3199 2226/3234/3200
f 2227/3235/3201 2228/3236/3202 2229/3284/3203 2230/3238/3204
f 2203/3230/3205 2204/3229/3206 2212/3293/3207 2211/3295/3208
f 2204/3229/3209 2210/3228/3210 2213/3241/3211 2212/3239/3212
f 2214/3291/3213 2213/3292/3214 2210/3228/3215 2209/3227/3216
f 2209/3227/3217 2203/3230/3218 2211/3240/3219 2214/3242/3220
f 2211/3295/3221 2212/3293/3222 2216/3220/3223 2215/3219/3224
f 2212/3293/3225 2206/3294/3226 2217/3221/3227 2216/3220/3228
f 2205/3244/3229 2211/3295/3230 2215/3219/3231 2218/3289/3232
f 2208/3245/3233 2213/3292/3234 2221/3225/3235 2220/3288/3236
f 2213/3292/3237 2214/3291/3238 2222/3226/3239 2221/3225/3240
f 2214/3291/3241 2207/3298/3242 2219/3223/3243 2222/3226/3244
f 2212/3239/3245 2213/3241/3246 2224/3232/3247 2223/3231/3248
f 2213/3241/3249 2208/3297/3250 2225/3233/3251 2224/3232/3252
f 2206/3243/3253 2212/3239/3254 2223/3231/3255 2226/3285/3256
f 2214/3242/3257 2211/3240/3258 2228/3236/3259 2227/3235/3260
f 2211/3240/3261 2205/3296/3262 2229/3237/3263 2228/3236/3264
f 2207/3246/3265 2214/3242/3266 2227/3235/3267 2230/3283/3268
g default
v 717.925142 280.866788 316.950024
v 742.574909 280.866788 316.950024
v 717.925142 370.524788 316.950024
v 742.574909 370.524788 316.950024
v 717.925142 370.524788 276.454768
v 742.574909 370.524788 276.454768
v 717.925142 280.866788 276.454768
v 742.574909 280.866788 276.454768
vt 0.375000 0.000000
vt 0.625000 0.000000
vt 0.375000 0.250000
vt 0.625000 0.250000
vt 0.375000 0.500000
vt 0.625000 0.500000
vt 0.375000 0.750000
vt 0.625000 0.750000
vt 0.375000 1.000000
vt 0.625000 1.000000
vt 0.875000 0.000000
vt 0.875000 0.250000
vt 0.125000 0.000000
vt 0.125000 0.250000
vn 0.000000 0.000000 1.000000
vn 0.000000 0.000000 1.000000
vn 0.000000 0.000000 1.000000
vn 0.000000 0.000000 1.000000
vn 0.000000 1.000000 0.000000
vn 0.000000 1.000000 0.000000
vn 0.000000 1.000000 0.000000
vn 0.000000 1.000000 0.000000
vn 0.000000 0.000000 -1.000000
vn 0.000000 0.000000 -1.000000
vn 0.000000 0.000000 -1.000000
vn 0.000000 0.000000 -1.000000
vn 0.000000 -1.000000 0.000000
vn 0.000000 -1.000000 0.000000
vn 0.000000 -1.000000 0.000000
vn 0.000000 -1.000000 0.000000
vn 1.000000 0.000000 0.000000
vn 1.000000 0.000000 0.000000
vn 1.000000 0.000000 0.000000
vn 1.000000 0.000000 0.000000
vn -1.000000 0.000000 0.000000
vn -1.000000 0.000000 0.000000
vn -1.000000 0.000000 0.000000
vn -1.000000 0.000000 0.000000
s off
g CHEOPS_LowPoly pCube34
usemtl blinn3SG
f 2231/3299/3269 2232/3300/3270 2234/3302/3271 2233/3301/3272
f 2233/3301/3273 2234/3302/3274 2236/3304/3275 2235/3303/3276
f 2235/3303/3277 2236/3304/3278 2238/3306/3279 2237/3305/3280
f 2237/3305/3281 2238/3306/3282 2232/3308/3283 2231/3307/3284
f 2232/3300/3285 2238/3309/3286 2236/3310/3287 2234/3302/3288
f 2237/3311/3289 2231/3299/3290 2233/3301/3291 2235/3312/3292
g default
v 6.392688 122.184352 -71.788792
v 7.551277 155.161675 -136.550367
v 9.355821 206.525078 -187.945446
v 11.629678 271.246729 -220.943101
v 14.150269 342.991219 -232.313312
v 16.670859 414.735709 -220.943087
v 18.944716 479.457332 -187.945405
v 20.749258 530.820694 -136.550326
v 21.907846 563.798003 -71.788764
v 22.307068 575.161203 -0.000031
v 21.907846 563.798003 71.788702
v 20.749258 530.820680 136.550250
v 18.944715 479.457305 187.945301
v 16.670858 414.735688 220.942956
v 14.150269 342.991226 232.313166
v 11.629680 271.246771 220.942942
v 9.355824 206.525161 187.945287
v 7.551281 155.161800 136.550236
v 6.392693 122.184491 71.788688
v 5.993471 110.821291 -0.000031
v 14.150269 342.991219 -0.000031
vt 0.648603 0.795466
vt 0.626409 0.751908
vt 0.591842 0.717341
vt 0.548284 0.695147
vt 0.500000 0.687500
vt 0.451716 0.695147
vt 0.408159 0.717341
vt 0.373591 0.751909
vt 0.351397 0.795466
vt 0.343750 0.843750
vt 0.351397 0.892034
vt 0.373591 0.935591
vt 0.408159 0.970159
vt 0.451716 0.992353
vt 0.500000 1.000000
vt 0.548284 0.992353
vt 0.591841 0.970159
vt 0.626409 0.935591
vt 0.648603 0.892034
vt 0.656250 0.843750
vt 0.500000 0.837500
vn 0.999383 -0.035111 0.000000
vn 0.999383 -0.035111 0.000000
vn 0.999383 -0.035111 0.000000
vn 0.999383 -0.035111 0.000000
vn 0.999383 -0.035111 0.000000
vn 0.999383 -0.035111 0.000000
vn 0.999383 -0.035111 0.000000
vn 0.999383 -0.035111 0.000000
vn 0.999383 -0.035111 0.000000
vn 0.999383 -0.035111 0.000000
vn 0.999383 -0.035111 0.000000
vn 0.999383 -0.035111 0.000000
vn 0.999383 -0.035111 0.000000
vn 0.999383 -0.035111 0.000000
vn 0.999383 -0.035111 0.000000
vn 0.999383 -0.035111 0.000000
vn 0.999383 -0.035111 0.000000
vn 0.999383 -0.035111 0.000000
vn 0.999383 -0.035111 0.000000
vn 0.999383 -0.035111 0.000000
vn 0.999383 -0.035111 0.000000
s 1
g CHEOPS_LowPoly pCylinder40
usemtl blinn1SG1
f 2239/3331/3293 2240/3330/3294 2259/3333/3295
f 2240/3330/3294 2241/3329/3296 2259/3333/3295
f 2241/3329/3296 2242/3328/3297 2259/3333/3295
f 2242/3328/3297 2243/3327/3298 2259/3333/3295
f 2243/3327/3298 2244/3326/3299 2259/3333/3295
f 2244/3326/3299 2245/3325/3300 2259/3333/3295
f 2245/3325/3300 2246/3324/3301 2259/3333/3295
f 2246/3324/3301 2247/3323/3302 2259/3333/3295
f 2247/3323/3302 2248/3322/3303 2259/3333/3295
f 2248/3322/3303 2249/3321/3304 2259/3333/3295
f 2249/3321/3304 2250/3320/3305 2259/3333/3295
f 2250/3320/3305 2251/3319/3306 2259/3333/3295
f 2251/3319/3306 2252/3318/3307 2259/3333/3295
f 2252/3318/3307 2253/3317/3308 2259/3333/3295
f 2253/3317/3308 2254/3316/3309 2259/3333/3295
f 2254/3316/3309 2255/3315/3310 2259/3333/3295
f 2255/3315/3310 2256/3314/3311 2259/3333/3295
f 2256/3314/3311 2257/3313/3312 2259/3333/3295
f 2257/3313/3312 2258/3332/3313 2259/3333/3295
f 2258/3332/3313 2239/3331/3293 2259/3333/3295
g default
v -102.227303 113.559204 -72.403488
v -102.227303 146.464569 -136.983932
v -102.227303 197.715973 -188.235321
v -102.227303 262.296509 -221.140701
v -102.227303 333.884521 -232.479111
v -102.227303 405.472534 -221.140686
v -102.227303 470.053009 -188.235275
v -102.227303 521.304382 -136.983887
v -102.227303 554.209656 -72.403458
v -102.227303 565.548096 -0.815428
v -102.227303 554.209656 70.772560
v -102.227303 521.304382 135.353058
v -102.227303 470.052948 186.604401
v -102.227303 405.472534 219.509766
v -102.227303 333.884521 230.848160
v -102.227303 262.296570 219.509750
v -102.227303 197.716064 186.604385
v -102.227303 146.464737 135.353043
v -102.227303 113.559326 70.772552
v -102.227303 102.220932 -0.815430
v 423.170685 113.559204 -72.403488
v 423.170654 146.464569 -136.983932
v 423.170685 102.220932 -0.815430
v 423.170654 197.715973 -188.235321
v 423.170654 262.296509 -221.140701
v 423.170654 333.884521 -232.479111
v 423.170593 405.472534 -221.140686
v 423.170685 470.053009 -188.235275
v 423.170685 521.304382 -136.983887
v 423.170654 554.209656 -72.403458
v 423.170654 565.548096 -0.815428
v 423.170654 554.209656 70.772560
v 423.170685 521.304382 135.353058
v 423.170685 470.052948 186.604401
v 423.170654 405.472534 219.509766
v 423.170654 333.884521 230.848160
v 423.170654 262.296570 219.509750
v 423.170654 197.716064 186.604385
v 423.170654 146.464737 135.353043
v 423.170685 113.559326 70.772552
vt 0.562278 0.718711
vt 0.533331 0.718581
vt 0.532384 0.928413
vt 0.561331 0.928544
vt 0.504384 0.718450
vt 0.503437 0.928282
vt 0.591225 0.718842
vt 0.590278 0.928674
vt 0.620172 0.718973
vt 0.619225 0.928805
vt 0.649119 0.719103
vt 0.648172 0.928935
vt 0.678066 0.719234
vt 0.677119 0.929066
vt 0.707013 0.719365
vt 0.706066 0.929197
vt 0.735960 0.719495
vt 0.735013 0.929327
vt 0.764907 0.719626
vt 0.763960 0.929458
vt 0.793854 0.719756
vt 0.792907 0.929589
vt 0.243860 0.717275
vt 0.214913 0.717144
vt 0.213967 0.926976
vt 0.242914 0.927107
vt 0.272807 0.717405
vt 0.271861 0.927237
vt 0.301755 0.717536
vt 0.300808 0.927368
vt 0.330702 0.717666
vt 0.329755 0.927499
vt 0.359649 0.717797
vt 0.358702 0.927629
vt 0.388596 0.717928
vt 0.387649 0.927760
vt 0.417543 0.718058
vt 0.416596 0.927891
vt 0.446490 0.718189
vt 0.445543 0.928021
vt 0.475437 0.718320
vt 0.474490 0.928152
vn 0.000000 0.809017 0.587785
vn 0.000000 0.951057 0.309016
vn 0.000000 0.951057 0.309016
vn 0.000000 0.809017 0.587785
vn 0.000000 1.000000 -0.000001
vn 0.000000 1.000000 -0.000001
vn 0.000000 0.587785 0.809017
vn 0.000000 0.587785 0.809017
vn 0.000000 0.309017 0.951057
vn 0.000000 0.309017 0.951057
vn 0.000000 -0.000000 1.000000
vn 0.000000 -0.000000 1.000000
vn 0.000000 -0.309017 0.951057
vn 0.000000 -0.309017 0.951056
vn 0.000000 -0.587785 0.809017
vn 0.000000 -0.587785 0.809017
vn 0.000000 -0.809017 0.587785
vn 0.000000 -0.809017 0.587785
vn 0.000000 -0.951057 0.309016
vn 0.000000 -0.951057 0.309016
vn 0.000000 -1.000000 -0.000000
vn 0.000000 -1.000000 -0.000000
vn 0.000000 -0.951057 -0.309016
vn 0.000000 -0.951057 -0.309016
vn 0.000000 -0.809017 -0.587785
vn 0.000000 -0.809017 -0.587785
vn 0.000000 -0.587785 -0.809017
vn 0.000000 -0.587785 -0.809017
vn 0.000000 -0.309017 -0.951057
vn 0.000000 -0.309017 -0.951057
vn 0.000000 0.000000 -1.000000
vn 0.000000 0.000000 -1.000000
vn 0.000000 0.309017 -0.951057
vn 0.000000 0.309017 -0.951057
vn 0.000000 0.587785 -0.809017
vn 0.000000 0.587785 -0.809017
vn 0.000000 0.809017 -0.587785
vn 0.000000 0.809017 -0.587785
vn 0.000000 0.951057 -0.309017
vn 0.000000 0.951057 -0.309017
s 1
g CHEOPS_LowPoly polySurface21 pCube32
usemtl blinn1SG1
f 2261/3334/3314 2260/3335/3315 2280/3336/3316 2281/3337/3317
f 2260/3335/3315 2279/3338/3318 2282/3339/3319 2280/3336/3316
f 2262/3340/3320 2261/3334/3314 2281/3337/3317 2283/3341/3321
f 2263/3342/3322 2262/3340/3320 2283/3341/3321 2284/3343/3323
f 2264/3344/3324 2263/3342/3322 2284/3343/3323 2285/3345/3325
f 2265/3346/3326 2264/3344/3324 2285/3345/3325 2286/3347/3327
f 2266/3348/3328 2265/3346/3326 2286/3347/3327 2287/3349/3329
f 2267/3350/3330 2266/3348/3328 2287/3349/3329 2288/3351/3331
f 2268/3352/3332 2267/3350/3330 2288/3351/3331 2289/3353/3333
f 2269/3354/3334 2268/3352/3332 2289/3353/3333 2290/3355/3335
f 2270/3356/3336 2269/3357/3334 2290/3358/3335 2291/3359/3337
f 2271/3360/3338 2270/3356/3336 2291/3359/3337 2292/3361/3339
f 2272/3362/3340 2271/3360/3338 2292/3361/3339 2293/3363/3341
f 2273/3364/3342 2272/3362/3340 2293/3363/3341 2294/3365/3343
f 2274/3366/3344 2273/3364/3342 2294/3365/3343 2295/3367/3345
f 2275/3368/3346 2274/3366/3344 2295/3367/3345 2296/3369/3347
f 2276/3370/3348 2275/3368/3346 2296/3369/3347 2297/3371/3349
f 2277/3372/3350 2276/3370/3348 2297/3371/3349 2298/3373/3351
f 2278/3374/3352 2277/3372/3350 2298/3373/3351 2299/3375/3353
f 2279/3338/3318 2278/3374/3352 2299/3375/3353 2282/3339/3319
g default
v -62.891685 109.573677 525.969849
v 29.044617 111.802986 545.623291
v -398.345581 628.406555 423.540771
v -384.474396 757.703369 424.271942
v -421.858093 638.499512 457.497101
v -408.203339 773.132690 464.113892
v -75.215439 113.467949 563.921021
v 17.670435 114.067497 583.042236
v -63.595196 65.346542 566.241028
v 15.942677 72.786705 584.757019
v 27.782448 71.113197 548.344116
v -61.883343 70.120132 525.897766
v -383.456543 619.672363 429.645081
v -374.152344 755.474243 432.503235
v -394.818970 769.538635 469.473480
v -407.852631 637.970459 467.511047
v -379.009033 630.810120 406.164978
v -364.068146 764.535645 403.178406
v -371.869263 766.785950 401.561279
v -389.087524 628.774292 401.822815
v -373.970123 768.595947 435.137939
v -395.372101 784.663879 469.671875
v -405.934937 785.771545 463.875977
v -386.396210 768.932068 428.016479
v -64.895950 109.573692 -532.561462
v 27.847404 111.684334 -554.053955
v -407.539429 642.389099 -433.487854
v -399.209747 780.089539 -432.892029
v -418.047119 643.257019 -475.897034
v -409.717438 778.818970 -475.186493
v -77.219566 113.467941 -569.624878
v 18.203396 112.480873 -592.977295
v -65.599358 65.346535 -571.882324
v 17.646416 72.029671 -593.070862
v 27.805756 71.779762 -555.177063
v -63.887615 70.120102 -532.492188
v -398.896301 641.994446 -435.685699
v -389.322174 777.727478 -435.417267
v -399.817261 776.456116 -477.660187
v -409.430878 642.907104 -478.015991
v -409.819611 647.619934 -395.005310
v -395.852509 777.759644 -397.073517
v -405.884277 780.010010 -395.152496
v -418.587891 647.974670 -393.369202
v -389.930878 790.831604 -439.122864
v -398.050446 789.495789 -476.550201
v -408.033081 791.812134 -474.391327
v -399.903870 793.149841 -436.918579
v -426.537445 638.747070 -358.630157
v -405.113037 818.941101 -358.468628
v -522.951172 638.747070 -369.348633
v -510.006378 638.747070 -356.779694
v -522.951172 818.941101 -369.348633
v -510.772217 818.941101 -355.463776
v -399.073364 818.941101 -465.305511
v -389.926575 818.941101 -429.300049
v -406.312744 638.747070 -431.542969
v -416.618561 638.747070 -469.407196
v -521.321594 818.941101 -431.936188
v -512.218140 818.941101 -442.818542
v -522.324951 638.747070 -431.992676
v -511.528931 638.747070 -443.996918
v -434.479431 628.717651 330.241791
v -432.097443 820.699768 319.024445
v -385.196198 627.670715 400.615234
v -398.374023 628.297546 361.638336
v -362.936584 819.351135 408.177521
v -380.202759 820.360718 350.685547
v -526.417358 817.586060 458.915894
v -523.906189 820.242432 320.488007
v -521.928284 629.086548 333.887756
v -521.990845 627.731812 440.513367
v -387.876282 818.260010 458.630005
v -435.608795 817.570312 481.955261
v -401.386169 627.285889 436.057587
v -428.374939 627.271362 463.633026
v -287.767365 626.397156 255.623245
v -261.099213 641.794250 255.623245
v -396.600342 814.901367 255.623245
v -369.932220 830.298401 255.623245
v -396.600342 814.901367 -319.738525
v -369.932220 830.298401 -319.738525
v -287.767365 626.397156 -319.738525
v -261.099213 641.794250 -319.738525
v -286.987610 624.564514 258.646118
v -260.033356 640.126526 258.646118
v -370.843384 832.055176 258.646118
v -397.797668 816.493103 258.646118
v -370.843506 832.055359 -322.761383
v -397.797668 816.493103 -322.761383
v -260.033325 640.126587 -322.761383
v -286.987579 624.564392 -322.761383
v -295.772736 47.857624 -93.751190
v -295.772705 90.575500 -177.589752
v -295.772736 157.110184 -244.124420
v -295.772736 240.948730 -282.107819
v -295.772736 333.884521 -284.915863
v -295.772705 426.820251 -274.588287
v -295.772736 525.267334 -250.836807
v -295.772736 631.990234 -212.236877
v -295.772736 636.931885 -102.309479
v -295.772705 635.558350 -0.815420
v -295.772736 636.931885 100.678612
v -295.772736 631.990234 210.606018
v -295.772736 525.267273 249.205902
v -295.772705 426.820251 272.957397
v -295.772736 333.884521 283.284912
v -295.772736 240.948792 280.476868
v -295.772736 157.110291 242.493454
v -295.772705 90.575668 175.958817
v -295.772736 47.857807 92.120255
v -295.772705 33.138241 -0.815420
v -56.900761 90.501801 -78.965485
v -56.900764 126.850815 -149.770248
v -56.900768 183.465744 -205.961243
v -56.900764 254.804672 -242.038040
v -56.900764 333.884521 -254.469254
v -56.900764 412.964325 -242.038025
v -56.900761 484.303284 -205.961197
v -56.900764 540.918213 -149.770203
v -56.900764 577.267151 -78.965446
v -56.900761 589.792114 -0.477796
v -56.900764 577.267151 78.009827
v -56.900764 540.918213 148.814606
v -56.900761 484.303223 205.005554
v -56.900764 412.964325 241.082367
v -56.900764 333.884521 253.513565
v -56.900764 254.804733 241.082352
v -56.900764 183.465836 205.005539
v -56.900761 126.850967 148.814590
v -56.900761 90.501953 78.009811
v -56.900764 77.976959 -0.477796
v -237.641083 102.028152 -172.010040
v -237.641083 59.308609 -89.292435
v -237.641083 44.588615 -0.815422
v -237.641083 59.308762 87.661514
v -237.641083 102.028320 170.379120
v -237.641083 168.565567 236.024124
v -237.641083 252.407379 274.505524
v -237.641083 345.346771 279.806549
v -237.641083 438.286163 268.684021
v -237.641083 533.591431 241.220810
v -231.501083 635.781433 202.566238
v -231.501083 637.286682 95.899147
v -231.501083 638.677551 -2.670614
v -231.501083 640.068420 -101.240417
v -231.501083 641.573364 -207.907455
v -237.641083 533.591492 -246.199905
v -237.641083 438.286163 -270.314911
v -237.641083 345.346771 -281.437500
v -237.641083 252.407318 -276.136475
v -237.641083 168.565445 -237.655075
v -99.693306 89.851402 -80.106583
v -99.693306 126.297546 -151.636169
v -99.693314 183.063766 -208.402390
v -99.693306 254.593338 -244.848495
v -99.693306 333.884521 -257.406982
v -99.693306 413.175659 -244.848480
v -99.693306 484.705261 -208.402344
v -99.693314 541.471436 -151.636124
v -99.693306 577.917542 -80.106552
v -99.693306 590.476013 -0.815428
v -99.693306 577.917542 78.475670
v -99.693314 541.471436 150.005264
v -99.693306 484.705200 206.771439
v -99.693306 413.175659 243.217560
v -99.693306 333.884521 255.776031
v -99.693314 254.593399 243.217545
v -99.693314 183.063858 206.771423
v -99.693314 126.297699 150.005249
v -99.693306 89.851555 78.475655
v -99.693306 77.293083 -0.815428
v 420.636597 89.851410 -80.106583
v 423.170685 113.559204 -72.403488
v 420.636597 126.297554 -151.636169
v 423.170654 146.464569 -136.983932
v 420.636597 183.063766 -208.402390
v 423.170654 197.715973 -188.235321
v 420.636597 254.593338 -244.848495
v 423.170654 262.296509 -221.140701
v 420.636597 333.884521 -257.406982
v 423.170654 333.884521 -232.479111
v 420.636597 413.175659 -244.848480
v 423.170593 405.472534 -221.140686
v 420.636566 484.705261 -208.402344
v 423.170685 470.053009 -188.235275
v 420.636597 541.471436 -151.636124
v 423.170685 521.304382 -136.983887
v 420.636597 577.917542 -80.106552
v 423.170654 554.209656 -72.403458
v 420.636597 590.476013 -0.815428
v 423.170654 565.548096 -0.815428
v 420.636597 577.917542 78.475670
v 423.170654 554.209656 70.772560
v 420.636597 541.471436 150.005264
v 423.170685 521.304382 135.353058
v 420.636566 484.705200 206.771439
v 423.170685 470.052948 186.604401
v 420.636597 413.175659 243.217560
v 423.170654 405.472534 219.509766
v 420.636597 333.884521 255.776031
v 423.170654 333.884521 230.848160
v 420.636597 254.593399 243.217545
v 423.170654 262.296570 219.509750
v 420.636597 183.063858 206.771423
v 423.170654 197.716064 186.604385
v 420.636597 126.297707 150.005249
v 423.170654 146.464737 135.353043
v 420.636597 89.851562 78.475655
v 423.170685 113.559326 70.772552
v 420.636597 77.293091 -0.815428
v 423.170685 102.220932 -0.815430
v 37.233185 156.969162 226.528168
v 44.934013 157.297836 223.318283
v 49.071712 140.539932 242.957397
v 55.622421 142.464722 238.151382
v 67.510658 127.501633 255.995697
v 72.270035 130.693085 249.923019
v 90.745087 122.138596 261.358734
v 93.247246 126.143288 254.472824
v 116.500641 120.229515 263.267822
v 116.500641 124.514427 256.101654
v 142.256180 121.930519 261.566833
v 139.754044 125.935211 254.680893
v 165.490616 127.501648 255.995667
v 160.731232 130.693100 249.923019
v 183.929550 140.539948 242.957382
v 177.378830 142.464737 238.151382
v 195.768066 156.969162 226.528168
v 188.067230 157.297836 223.318283
v 199.847351 175.181091 208.316254
v 191.750183 173.740479 206.875641
v 195.768066 193.393005 190.104340
v 188.067230 190.183105 190.432999
v 172.052826 195.610184 195.131088
v 170.042114 190.415115 199.378662
v 152.707108 198.520203 190.659576
v 149.222229 193.239517 195.038712
v 134.850174 198.785919 190.251312
v 133.018066 192.877884 195.594406
v 116.593224 199.325012 189.422943
v 116.593224 193.200821 195.098190
v 95.966682 200.164246 188.133347
v 97.798790 194.256241 193.476425
v 76.335373 199.651337 188.921478
v 79.820229 194.370651 193.300613
v 53.356174 194.786438 196.396851
v 59.906876 190.482849 199.274597
v 37.233234 193.392990 190.104340
v 44.934052 190.183105 190.432999
v 33.153961 175.181091 208.316254
v 41.251087 173.740479 206.875641
v 37.233185 416.225006 485.784027
v 44.934013 419.434937 485.455414
v 49.071712 399.795807 502.213226
v 55.622421 404.601837 500.288513
v 67.510658 386.757477 515.251526
v 72.270035 392.830200 512.060181
v 90.745087 378.386383 523.622681
v 93.247246 385.272339 519.618042
v 116.500641 377.715027 524.294006
v 116.500641 384.881226 520.009155
v 142.256180 378.386383 523.622681
v 139.754044 385.272308 519.617981
v 165.490616 386.757507 515.251526
v 160.731232 392.830200 512.060181
v 183.929550 399.795807 502.213226
v 177.378830 404.601837 500.288513
v 195.768066 416.225006 485.784027
v 188.067230 419.434967 485.455414
v 199.847351 434.436951 467.572113
v 191.750183 435.877594 469.012756
v 195.768066 452.648865 449.360199
v 188.067230 452.320221 452.570129
v 173.421921 477.778809 424.230255
v 169.325272 473.950623 430.939728
v 152.371536 489.195862 412.813171
v 148.886688 486.004486 418.885895
v 135.359085 491.278473 410.730560
v 133.281494 488.446381 416.443939
v 116.500641 491.514008 410.495056
v 116.681442 488.773956 416.116394
v 97.714828 491.576202 410.432861
v 99.457329 488.354492 416.535858
v 80.990273 488.291779 413.717224
v 84.475128 485.100403 419.789948
v 57.694427 474.192535 427.816498
v 64.245132 472.267822 432.622528
v 37.233234 452.648865 449.360199
v 44.934052 452.320221 452.570129
v 33.153961 434.436951 467.572113
v 41.251087 435.877594 469.012756
v 195.768112 156.969162 -235.401688
v 188.067291 157.297836 -232.191788
v 183.929596 140.539932 -251.830902
v 177.378891 142.464722 -247.024902
v 165.490646 127.501633 -264.869202
v 160.731277 130.693085 -258.796539
v 142.256226 122.138596 -270.232269
v 139.754059 126.143288 -263.346313
v 116.500664 120.229515 -272.141327
v 116.500664 124.514427 -264.975189
v 90.745117 121.930519 -270.440308
v 93.247261 125.935211 -263.554413
v 67.510681 127.501648 -264.869202
v 72.270058 130.693100 -258.796509
v 49.071743 140.539948 -251.830902
v 55.622467 142.464737 -247.024902
v 37.233238 156.969162 -235.401688
v 44.934082 157.297836 -232.191788
v 33.153961 175.181091 -217.189758
v 41.251114 173.740479 -215.749146
v 37.233238 181.877365 -211.877686
v 44.934082 178.667465 -212.206360
v 60.948475 195.662338 -198.092682
v 62.959187 189.700668 -201.173157
v 80.294205 199.434784 -194.320251
v 83.779076 193.362122 -197.511688
v 98.151138 199.779236 -193.975800
v 99.983223 192.893311 -197.980530
v 116.408073 200.478104 -193.276947
v 116.408073 193.311951 -197.561859
v 137.034622 201.566071 -192.188965
v 135.202515 194.680161 -196.193665
v 156.665924 200.901154 -192.853882
v 153.181076 194.828491 -196.045349
v 179.645126 194.594467 -199.160583
v 173.094421 189.788483 -201.085327
v 195.768066 181.877350 -211.877686
v 188.067245 178.667465 -212.206360
v 199.847336 175.181091 -217.189758
v 191.750214 173.740479 -215.749146
v 195.768112 416.225006 -494.657562
v 188.067291 419.434937 -494.328918
v 183.929596 399.795807 -511.086761
v 177.378891 404.601837 -509.162018
v 165.490646 386.757477 -524.125061
v 160.731277 392.830200 -520.933655
v 142.256226 378.386383 -532.496155
v 139.754059 385.272339 -528.491516
v 116.500664 377.715027 -533.167542
v 116.500664 384.881226 -528.882629
v 90.745117 378.386383 -532.496155
v 93.247261 385.272308 -528.491455
v 67.510681 386.757507 -524.125061
v 72.270058 392.830200 -520.933655
v 49.071743 399.795807 -511.086761
v 55.622467 404.601837 -509.162018
v 37.233238 416.225006 -494.657532
v 44.934082 419.434967 -494.328918
v 33.153961 434.436951 -476.445618
v 41.251114 435.877594 -477.886261
v 37.233238 452.648865 -458.233704
v 44.934082 452.320221 -461.443634
v 59.579376 477.778809 -433.103760
v 63.676044 473.950623 -439.813232
v 80.629753 489.195862 -421.686676
v 84.114616 486.004486 -427.759369
v 97.642212 491.278473 -419.604095
v 99.719803 488.446381 -425.317474
v 116.500664 491.514008 -419.368561
v 116.319862 488.773956 -424.989929
v 135.286469 491.576202 -419.306335
v 133.543976 488.354492 -425.409393
v 152.011032 488.291779 -422.590790
v 148.526184 485.100403 -428.663452
v 175.306885 474.192535 -436.690033
v 168.756180 472.267822 -441.496063
v 195.768066 452.648865 -458.233704
v 188.067245 452.320221 -461.443634
v 199.847336 434.436951 -476.445618
v 191.750214 435.877594 -477.886261
v 30.452309 70.556114 595.290649
v 54.193958 314.151611 652.786560
v -5.147957 70.556114 692.999817
v 30.046274 313.911316 709.803345
v -34.565556 312.886810 684.261475
v -50.241478 70.556114 569.671570
v -18.588295 312.387054 626.154114
v 0.419204 70.556114 678.916931
v 35.613434 313.911316 695.720398
v -34.775887 312.886841 670.707092
v -76.639313 70.556114 645.195251
v 24.888138 70.556145 692.086304
v 50.715691 303.692963 703.799377
v 46.530262 303.692932 714.386963
v 20.702711 70.556137 702.673950
v 25.144730 352.456543 695.435791
v -38.737167 353.888458 664.624634
v -44.224945 353.888489 674.660400
v 21.743824 352.456512 706.296570
v 30.912800 71.989754 -607.946167
v 62.127682 315.585236 -665.301819
v 4.213400 71.989754 -706.259033
v 38.271145 315.344940 -722.439758
v -24.292084 314.320465 -698.017395
v -43.655296 71.989754 -582.248230
v -10.822927 313.820709 -638.960388
v 5.586381 71.989761 -693.542236
v 45.286411 317.063995 -710.805420
v -25.089315 315.241180 -676.339783
v -69.828896 71.989754 -657.845398
v 33.329109 71.989784 -705.033875
v 56.761101 306.234558 -717.324829
v 45.151596 305.126587 -726.831604
v 29.248323 71.989777 -715.487671
v 33.613613 353.890167 -708.212646
v -28.203201 355.322083 -678.533142
v -33.603989 355.322113 -688.609558
v 30.233536 353.890167 -719.077881
v -152.969254 94.167770 485.619110
v -160.510361 94.167770 292.023285
v -153.738449 66.821716 486.551483
v -161.279480 66.821716 290.356903
v 90.881516 68.599525 484.664520
v 90.881508 68.599525 288.469940
v 88.701050 167.457352 483.732117
v 88.701050 167.457352 287.942535
v -153.738449 74.698654 486.551483
v -161.279480 74.698654 290.356903
v 90.881508 76.476471 286.276184
v 90.881516 76.476471 484.664520
v -187.714645 74.698631 486.540497
v -187.714645 74.698631 290.356873
v -187.714645 68.775093 290.356873
v -187.714645 68.775093 486.540497
v 124.985611 68.849602 484.664551
v 124.985611 68.849602 288.469940
v 124.985611 76.476463 288.469940
v 124.985611 76.476463 484.664551
v -160.626511 74.698631 273.700409
v 87.481834 76.476440 271.813446
v 88.083221 70.437080 271.813446
v -162.125504 68.659271 273.700409
v 90.881584 76.476456 506.468445
v -151.436340 74.698647 508.355438
v -151.436340 70.904274 508.355438
v 90.881584 72.682083 506.468445
v -36.045010 69.548180 272.756927
v -36.572346 75.587540 272.756927
v -35.198982 75.587563 287.219666
v -23.020779 168.726624 288.886017
v -19.250223 168.726624 484.675598
v -31.428471 75.587563 485.608002
v -30.277374 75.587547 507.411957
v -30.277374 71.793175 507.411957
v -150.314087 94.167770 -306.285736
v -157.855179 94.167770 -499.881561
v -151.083282 66.821716 -305.353333
v -158.624313 66.821716 -501.547913
v 93.536682 68.599525 -307.240326
v 93.536682 68.599525 -503.434875
v 91.356224 167.457352 -308.172729
v 91.356224 167.457352 -503.962311
v -151.083282 74.698654 -305.353333
v -158.624313 74.698654 -501.547913
v 93.536682 76.476471 -505.628632
v 93.536682 76.476471 -307.240326
v -185.059479 74.698631 -305.364319
v -185.059479 74.698631 -501.547943
v -185.059479 68.775093 -501.547943
v -185.059479 68.775093 -305.364319
v 127.640778 68.849602 -307.240265
v 127.640778 68.849602 -503.434875
v 127.640778 76.476463 -503.434875
v 127.640778 76.476463 -307.240265
v -157.971344 74.698631 -518.204407
v 90.137001 76.476440 -520.091370
v 90.738388 70.437080 -520.091431
v -159.470337 68.659271 -518.204407
v 93.536758 76.476456 -285.436371
v -148.781158 74.698647 -283.549408
v -148.781158 70.904274 -283.549408
v 93.536758 72.682083 -285.436371
v -33.389839 69.548180 -519.147888
v -33.917175 75.587540 -519.147888
v -32.543812 75.587563 -504.685181
v -20.365608 168.726624 -503.018829
v -16.595053 168.726624 -307.229218
v -28.773298 75.587563 -306.296814
v -27.622204 75.587547 -284.492859
v -27.622204 71.793175 -284.492859
v 242.072006 65.673958 -283.076019
v 27.698166 65.673958 -283.076019
v 242.072006 189.098816 -283.076019
v 27.698166 189.098816 -283.076019
v 242.072006 195.342529 -199.729340
v 27.698166 195.342529 -199.729340
v 242.072006 65.673958 -47.336205
v 27.698166 65.673958 -47.336205
v 29.254818 65.673958 275.321564
v 234.810974 65.673958 275.321564
v 29.254818 189.098816 275.321564
v 234.810974 189.098816 275.321564
v 29.254818 186.759216 196.362747
v 234.810974 186.759216 196.362747
v 29.254818 65.673958 39.581745
v 234.810974 65.673958 39.581745
vt 0.924562 0.534705
vt 0.927849 0.533051
vt 0.932165 0.610707
vt 0.930353 0.609747
vt 0.863181 0.561072
vt 0.873274 0.561403
vt 0.896710 0.563213
vt 0.880773 0.552894
vt 0.890457 0.585926
vt 0.882066 0.586295
vt 0.881199 0.560412
vt 0.888293 0.560403
vt 0.863815 0.536152
vt 0.906186 0.527602
vt 0.846869 0.044950
vt 0.896235 0.137469
vt 0.907628 0.237025
vt 0.893958 0.015387
vt 0.906870 0.214568
vt 0.930743 0.213056
vt 0.902046 0.160588
vt 0.925062 0.158215
vt 0.890252 0.593770
vt 0.919661 0.625774
vt 0.841493 0.413405
vt 0.962363 0.401080
vt 0.889499 0.474275
vt 0.913715 0.464364
vt 0.912512 0.623551
vt 0.882415 0.593317
vt 0.866668 0.640428
vt 0.875245 0.638900
vt 0.889388 0.551596
vt 0.897510 0.589366
vt 0.908157 0.605724
vt 0.874048 0.532909
vt 0.905526 0.529632
vt 0.914326 0.521390
vt 0.987694 0.414152
vt 0.925159 0.134711
vt 0.903805 0.284950
vt 0.931850 0.235997
vt 0.916893 0.014167
vt 0.932090 0.291597
vt 0.987045 0.045658
vt 0.963650 0.043382
vt 0.909382 0.604154
vt 0.909784 0.527409
vt 0.903692 0.526711
vt 0.904159 0.604484
vt 0.871242 0.562323
vt 0.873006 0.641932
vt 0.866932 0.641032
vt 0.866040 0.562537
vt 0.886412 0.583096
vt 0.886620 0.560630
vt 0.892759 0.560731
vt 0.892551 0.583224
vt 0.864898 0.536982
vt 0.870125 0.536726
vt 0.929471 0.061432
vt 0.880619 0.032157
vt 0.891516 0.011474
vt 0.935484 0.032188
vt 0.956110 0.029717
vt 0.932600 0.029232
vt 0.933263 0.005836
vt 0.956264 0.005999
vt 0.884474 0.057529
vt 0.872788 0.037559
vt 0.920399 0.009259
vt 0.952483 0.059982
vt 0.956364 0.038236
vt 0.922035 0.495094
vt 0.875551 0.430260
vt 0.947560 0.494581
vt 0.936815 0.432360
vt 0.890790 0.495651
vt 0.962313 0.431892
vt 0.934182 0.606543
vt 0.932580 0.526784
vt 0.929992 0.521214
vt 0.907528 0.521707
vt 0.876041 0.514699
vt 0.881274 0.514781
vt 0.878642 0.584966
vt 0.878970 0.559438
vt 0.872775 0.649624
vt 0.866694 0.648771
vt 0.900406 0.559871
vt 0.900265 0.585432
vt 0.899743 0.591550
vt 0.892062 0.589345
vt 0.213048 0.331720
vt 0.318121 0.320713
vt 0.323436 0.369372
vt 0.219778 0.393325
vt 0.353982 0.490448
vt 0.252819 0.520901
vt 0.233574 0.456065
vt 0.337675 0.435200
vt 0.332092 0.412881
vt 0.228319 0.434928
vt 0.208209 0.284432
vt 0.313304 0.273652
vt 0.317044 0.310190
vt 0.211948 0.320948
vt 0.401352 0.243460
vt 0.390566 0.244408
vt 0.355373 0.295416
vt 0.383607 0.327143
vt 0.403803 0.335295
vt 0.432378 0.273995
vt 0.430386 0.265919
vt 0.385436 0.262058
vt 0.394761 0.263680
vt 0.436948 0.302904
vt 0.421352 0.319818
vt 0.378838 0.332486
vt 0.351917 0.291606
vt 0.354127 0.281261
vt 0.255157 0.528884
vt 0.356643 0.499531
vt 0.234993 0.479877
vt 0.341746 0.441956
vt 0.351910 0.468103
vt 0.248429 0.512888
vt 0.325314 0.374416
vt 0.213485 0.383093
vt 0.208509 0.328393
vt 0.319898 0.318141
vt 0.372797 0.514974
vt 0.270711 0.561894
vt 0.217849 0.413936
vt 0.329540 0.396639
vt 0.334557 0.418927
vt 0.224676 0.446224
vt 0.341026 0.264157
vt 0.367617 0.241095
vt 0.403253 0.241694
vt 0.448263 0.271226
vt 0.406071 0.340587
vt 0.353868 0.323508
vt 0.337547 0.296976
vt 0.207369 0.247214
vt 0.319407 0.255625
vt 0.438300 0.286495
vt 0.432216 0.264707
vt 0.377586 0.250156
vt 0.347511 0.304965
vt 0.391416 0.331526
vt 0.418833 0.325587
vt 0.436611 0.309278
vt 0.703629 0.527419
vt 0.552178 0.624922
vt 0.552307 0.626303
vt 0.552301 0.639569
vt 0.573621 0.546762
vt 0.573785 0.565009
vt 0.799991 0.627444
vt 0.800126 0.614178
vt 0.553458 0.625779
vt 0.574778 0.546929
vt 0.574707 0.564983
vt 0.553324 0.638904
vt 0.798846 0.625576
vt 0.798852 0.612451
vt 0.702373 0.543837
vt 0.702212 0.525784
vt 0.456799 0.902633
vt 0.420921 0.895017
vt 0.425611 0.872248
vt 0.461195 0.879836
vt 0.385549 0.885282
vt 0.390416 0.862528
vt 0.351621 0.873404
vt 0.356449 0.850684
vt 0.318073 0.859281
vt 0.323076 0.836668
vt 0.284501 0.844465
vt 0.289963 0.821927
vt 0.248090 0.827621
vt 0.255811 0.806061
vt 0.207016 0.805426
vt 0.219312 0.784909
vt 0.175687 0.771693
vt 0.194915 0.754264
vt 0.151192 0.739368
vt 0.171821 0.724438
vt 0.126795 0.707115
vt 0.149068 0.694202
vt 0.102139 0.668989
vt 0.125454 0.662130
vt 0.091635 0.624074
vt 0.114669 0.622704
vt 0.084504 0.584721
vt 0.107685 0.585206
vt 0.078640 0.548508
vt 0.101781 0.549400
vt 0.073438 0.512488
vt 0.096641 0.513549
vt 0.070480 0.476669
vt 0.093727 0.477683
vt 0.069935 0.439993
vt 0.093153 0.441166
vt 0.071553 0.403355
vt 0.094724 0.404813
vt 0.075363 0.366850
vt 0.098265 0.369947
vt 0.443819 0.802757
vt 0.474187 0.809237
vt 0.504838 0.813959
vt 0.166291 0.410154
vt 0.164953 0.441174
vt 0.165426 0.472295
vt 0.167753 0.503444
vt 0.171823 0.534537
vt 0.177351 0.565507
vt 0.184675 0.596240
vt 0.195048 0.626412
vt 0.210344 0.654372
vt 0.228352 0.680200
vt 0.248759 0.704248
vt 0.272135 0.726259
vt 0.298706 0.744287
vt 0.326602 0.759295
vt 0.355176 0.772551
vt 0.384243 0.784370
vt 0.413810 0.794478
vt 0.326998 0.763855
vt 0.356363 0.761540
vt 0.890308 0.767962
vt 0.385903 0.759496
vt 0.415535 0.757748
vt 0.445225 0.756297
vt 0.474955 0.755139
vt 0.504712 0.754269
vt 0.534488 0.753683
vt 0.564275 0.753378
vt 0.594067 0.753354
vt 0.623856 0.753607
vt 0.653638 0.754137
vt 0.683404 0.754941
vt 0.713148 0.756020
vt 0.742860 0.757370
vt 0.772528 0.758992
vt 0.802139 0.760879
vt 0.831669 0.763027
vt 0.861083 0.765412
vt 0.339570 0.950925
vt 0.875205 0.958287
vt 0.367934 0.948345
vt 0.396188 0.946449
vt 0.424390 0.944921
vt 0.452564 0.943670
vt 0.480724 0.942674
vt 0.508876 0.941927
vt 0.537022 0.941432
vt 0.565165 0.941189
vt 0.593306 0.941201
vt 0.621447 0.941469
vt 0.649589 0.941994
vt 0.677732 0.942778
vt 0.705880 0.943823
vt 0.734036 0.945132
vt 0.762205 0.946715
vt 0.790397 0.948600
vt 0.818623 0.950877
vt 0.846901 0.953823
vt 0.189933 0.222782
vt 0.195724 0.006231
vt 0.208902 0.005310
vt 0.196159 0.223034
vt 0.491292 0.225721
vt 0.183111 0.221036
vt 0.195118 0.004709
vt 0.209844 0.003792
vt 0.197687 0.221434
vt 0.483754 0.230434
vt 0.280333 0.225742
vt 0.295446 0.225679
vt 0.310561 0.225623
vt 0.325725 0.225549
vt 0.340539 0.226103
vt 0.355345 0.225348
vt 0.370510 0.225523
vt 0.385633 0.225578
vt 0.400756 0.225632
vt 0.415918 0.225678
vt 0.431233 0.225603
vt 0.453486 0.225880
vt 0.470778 0.225693
vt 0.481278 0.225543
vt 0.190351 0.226517
vt 0.200898 0.226196
vt 0.211246 0.226068
vt 0.228437 0.226533
vt 0.249895 0.225711
vt 0.265189 0.225799
vt 0.262509 0.225442
vt 0.277617 0.225721
vt 0.292728 0.226008
vt 0.307889 0.226278
vt 0.322684 0.227169
vt 0.337501 0.226749
vt 0.352655 0.227266
vt 0.367769 0.227663
vt 0.382882 0.228058
vt 0.398035 0.228444
vt 0.413342 0.228712
vt 0.435576 0.229478
vt 0.452875 0.229659
vt 0.463417 0.229704
vt 0.473564 0.229922
vt 0.183985 0.225287
vt 0.193675 0.224642
vt 0.210703 0.225187
vt 0.232101 0.224742
vt 0.247372 0.225159
vt 0.579178 0.150235
vt 0.572027 0.217477
vt 0.649231 0.010470
vt 0.584109 0.010300
vt 0.508760 0.215557
vt 0.511860 0.125379
vt 0.511194 0.011032
vt 0.506748 0.011058
vt 0.511886 0.129824
vt 0.771521 0.125528
vt 0.767154 0.007764
vt 0.767181 0.011216
vt 0.768068 0.125555
vt 0.422841 0.587840
vt 0.530320 0.424141
vt 0.481063 0.602307
vt 0.430969 0.370836
vt 0.407360 0.570541
vt 0.526722 0.432258
vt 0.473198 0.598188
vt 0.464413 0.626494
vt 0.416700 0.612415
vt 0.422947 0.614853
vt 0.464238 0.619823
vt 0.475273 0.424083
vt 0.479221 0.571429
vt 0.434378 0.564025
vt 0.426077 0.417485
vt 0.548846 0.438302
vt 0.519939 0.578859
vt 0.517736 0.572558
vt 0.542286 0.437073
vt 0.579457 0.153779
vt 0.506687 0.153293
vt 0.503203 0.152565
vt 0.508722 0.149418
vt 0.579755 0.150217
vt 0.579796 0.147993
vt 0.508763 0.147194
vt 0.651228 0.175235
vt 0.740394 0.011975
vt 0.539938 0.436663
vt 0.541923 0.430390
vt 0.524840 0.573286
vt 0.516033 0.572787
vt 0.425398 0.418227
vt 0.471177 0.424749
vt 0.478685 0.572416
vt 0.433830 0.564879
vt 0.461766 0.619716
vt 0.467337 0.623387
vt 0.420799 0.616973
vt 0.422619 0.610522
vt 0.480840 0.373314
vt 0.473766 0.600448
vt 0.429542 0.587955
vt 0.379723 0.428888
vt 0.510259 0.583956
vt 0.527101 0.425389
vt 0.417481 0.583885
vt 0.794674 0.282946
vt 0.795359 0.408628
vt 0.722998 0.409023
vt 0.722313 0.283341
vt 0.700913 0.474371
vt 0.653335 0.283717
vt 0.796113 0.546836
vt 0.533694 0.284369
vt 0.793711 0.285976
vt 0.795152 0.406481
vt 0.722795 0.407347
vt 0.721354 0.286841
vt 0.701136 0.472837
vt 0.652379 0.287666
vt 0.796805 0.544682
vt 0.532746 0.289097
vt 0.584949 0.124497
vt 0.505298 0.215155
vt 0.652068 0.174812
vt 0.570721 0.216804
vt 0.737106 0.124430
vt 0.647873 0.124475
vt 0.652664 0.163313
vt 0.651895 0.163818
vt 0.578703 0.162267
vt 0.504713 0.161770
vt 0.508479 0.162199
vt 0.580186 0.163011
vt 0.657280 0.163140
vt 0.748304 0.130306
vt 0.530686 0.004887
vt 0.503861 0.162111
vt 0.652190 0.153555
vt 0.653088 0.150018
vt 0.653004 0.150820
vt 0.280296 0.220911
vt 0.389568 0.225623
vt 0.403371 0.225684
vt 0.265195 0.220965
vt 0.295397 0.220851
vt 0.375765 0.225561
vt 0.310496 0.220795
vt 0.361962 0.225500
vt 0.325590 0.220707
vt 0.348159 0.225439
vt 0.340496 0.221250
vt 0.334523 0.225323
vt 0.355437 0.220629
vt 0.320886 0.225205
vt 0.370524 0.220693
vt 0.307085 0.225024
vt 0.385623 0.220747
vt 0.293283 0.224853
vt 0.400730 0.220803
vt 0.279481 0.224683
vt 0.415844 0.220852
vt 0.265679 0.224512
vt 0.430959 0.220830
vt 0.251877 0.224342
vt 0.455319 0.221200
vt 0.230845 0.224145
vt 0.470731 0.221256
vt 0.215242 0.223963
vt 0.480756 0.221728
vt 0.205880 0.223582
vt 0.491774 0.222006
vt 0.472437 0.225516
vt 0.200919 0.222157
vt 0.462338 0.225835
vt 0.211004 0.221737
vt 0.453150 0.225950
vt 0.228819 0.221692
vt 0.437217 0.225850
vt 0.250102 0.220969
vt 0.417174 0.225746
vt 0.279235 0.006007
vt 0.294688 0.005897
vt 0.310143 0.005825
vt 0.324631 0.005793
vt 0.339989 0.005746
vt 0.355291 0.005703
vt 0.369841 0.005654
vt 0.385297 0.005639
vt 0.400743 0.005661
vt 0.416182 0.005720
vt 0.431612 0.005815
vt 0.449774 0.005977
vt 0.461634 0.005842
vt 0.472181 0.005517
vt 0.482937 0.005219
vt 0.207860 0.006509
vt 0.219469 0.006674
vt 0.234029 0.006569
vt 0.248331 0.006361
vt 0.263784 0.006157
vt 0.376733 0.008218
vt 0.390536 0.008280
vt 0.404339 0.008341
vt 0.362930 0.008157
vt 0.350067 0.008087
vt 0.336367 0.007980
vt 0.322684 0.007854
vt 0.309769 0.007695
vt 0.295967 0.007524
vt 0.282165 0.007354
vt 0.268363 0.007183
vt 0.254561 0.007013
vt 0.240585 0.006840
vt 0.228014 0.006423
vt 0.218523 0.005846
vt 0.464875 0.007550
vt 0.453808 0.008021
vt 0.443273 0.008375
vt 0.430873 0.008459
vt 0.418142 0.008403
vt 0.262579 0.220611
vt 0.401175 0.225011
vt 0.414978 0.225097
vt 0.247479 0.220328
vt 0.277677 0.220893
vt 0.387372 0.224924
vt 0.292772 0.221180
vt 0.373569 0.224838
vt 0.307863 0.221435
vt 0.359767 0.224752
vt 0.322751 0.222315
vt 0.346131 0.224611
vt 0.337700 0.222033
vt 0.332495 0.224469
vt 0.352778 0.222439
vt 0.318693 0.224263
vt 0.367868 0.222833
vt 0.304891 0.224068
vt 0.382965 0.223229
vt 0.291090 0.223872
vt 0.398069 0.223618
vt 0.277288 0.223677
vt 0.413175 0.223935
vt 0.263486 0.223482
vt 0.437507 0.224839
vt 0.242455 0.223248
vt 0.452901 0.225217
vt 0.226853 0.223038
vt 0.462907 0.225871
vt 0.217491 0.222640
vt 0.473906 0.226269
vt 0.207771 0.222073
vt 0.484909 0.226364
vt 0.473944 0.225353
vt 0.193229 0.220341
vt 0.464756 0.225452
vt 0.211083 0.220362
vt 0.448823 0.225324
vt 0.232386 0.220010
vt 0.428781 0.225183
vt 0.266436 0.005801
vt 0.281887 0.006038
vt 0.297341 0.006314
vt 0.311827 0.006609
vt 0.327183 0.006908
vt 0.342484 0.007212
vt 0.357034 0.007493
vt 0.372489 0.007828
vt 0.387935 0.008201
vt 0.403374 0.008611
vt 0.418804 0.009059
vt 0.436967 0.009635
vt 0.448834 0.009771
vt 0.459394 0.009688
vt 0.470165 0.009638
vt 0.482314 0.009598
vt 0.206692 0.005131
vt 0.221238 0.005350
vt 0.235537 0.005462
vt 0.250987 0.005604
vt 0.388732 0.007583
vt 0.402534 0.007670
vt 0.416337 0.007756
vt 0.374929 0.007497
vt 0.362065 0.007404
vt 0.348366 0.007272
vt 0.334683 0.007122
vt 0.321768 0.006939
vt 0.307967 0.006744
vt 0.294165 0.006549
vt 0.280363 0.006353
vt 0.266562 0.006158
vt 0.252586 0.005960
vt 0.240015 0.005520
vt 0.230526 0.004927
vt 0.220906 0.004373
vt 0.465807 0.007525
vt 0.455271 0.007860
vt 0.442871 0.007922
vt 0.430140 0.007842
vt 0.793920 0.144738
vt 0.699516 0.218237
vt 0.534380 0.410051
vt 0.654020 0.409398
vt 0.792058 0.147775
vt 0.698134 0.221888
vt 0.534187 0.409603
vt 0.653821 0.408172
vt 0.531763 0.129854
vt 0.499923 0.161964
vt 0.656496 0.163421
vt 0.748267 0.125715
vt 0.751738 0.006745
vt 0.751774 0.011335
vt 0.531063 0.009638
vt 0.531736 0.125263
vt 0.770633 0.011189
vt 0.768096 0.129007
vt 0.510882 0.006598
vt 0.507415 0.125405
vt 0.506378 0.149748
vt 0.655836 0.153412
vt 0.650829 0.148788
vt 0.506497 0.149376
vt 0.531956 0.130114
vt 0.500011 0.161994
vt 0.657122 0.160338
vt 0.748445 0.125267
vt 0.751527 0.006286
vt 0.751577 0.010877
vt 0.530862 0.009901
vt 0.531914 0.125524
vt 0.770436 0.010669
vt 0.768285 0.128494
vt 0.510672 0.006927
vt 0.507593 0.125745
vt 0.506468 0.149779
vt 0.655926 0.153477
vt 0.651231 0.145794
vt 0.506925 0.148599
vt 0.647698 0.124594
vt 0.736931 0.124841
vt 0.570646 0.216759
vt 0.651983 0.174748
vt 0.505222 0.215125
vt 0.584774 0.124410
vt 0.461201 0.626363
vt 0.416068 0.609105
vt 0.546413 0.437831
vt 0.517517 0.581482
vt 0.431947 0.371784
vt 0.411135 0.570865
vt 0.506821 0.576701
vt 0.480714 0.604471
vt 0.523047 0.431699
vt 0.470202 0.622816
vt 0.421807 0.621462
vt 0.544991 0.430971
vt 0.524297 0.573787
vt 0.380393 0.428119
vt 0.429918 0.591458
vt 0.506372 0.575313
vt 0.509303 0.583694
vt 0.480264 0.372228
vt 0.651224 0.148019
vt 0.653437 0.147793
vt 0.653179 0.150083
vt 0.652280 0.153620
vt 0.504485 0.161374
vt 0.530470 0.005152
vt 0.748497 0.129857
vt 0.657367 0.163205
vt 0.580815 0.161101
vt 0.509104 0.161391
vt 0.504801 0.161800
vt 0.578790 0.162314
vt 0.652528 0.160806
vt 0.652752 0.163377
vt 0.740200 0.011553
vt 0.652036 0.172232
vt 0.509157 0.146383
vt 0.580195 0.146091
vt 0.580188 0.148315
vt 0.509150 0.148607
vt 0.503293 0.152595
vt 0.506777 0.153325
vt 0.579546 0.153827
vt 0.579269 0.150283
vt 0.573494 0.215686
vt 0.649032 0.010347
vt 0.583911 0.010390
vt 0.510205 0.214738
vt 0.512038 0.125704
vt 0.510998 0.011361
vt 0.506553 0.011401
vt 0.512078 0.130149
vt 0.771698 0.125004
vt 0.766945 0.007255
vt 0.766984 0.010707
vt 0.768246 0.125042
vt 0.650788 0.151012
vt 0.593278 0.950125
vt 0.314413 0.963853
vt 0.871747 0.967083
vt 0.845326 0.962609
vt 0.817694 0.959747
vt 0.789723 0.957498
vt 0.761666 0.955623
vt 0.733593 0.954046
vt 0.705523 0.952741
vt 0.677458 0.951699
vt 0.649396 0.950917
vt 0.621337 0.950393
vt 0.565218 0.950113
vt 0.537157 0.950355
vt 0.509093 0.950848
vt 0.481025 0.951592
vt 0.452950 0.952585
vt 0.424870 0.953829
vt 0.396797 0.955341
vt 0.368787 0.957191
vt 0.341039 0.959630
vt 0.798694 0.628274
vt 0.798561 0.641400
vt 0.553596 0.625460
vt 0.553602 0.612333
vt 0.703712 0.563847
vt 0.703549 0.545600
vt 0.573698 0.526904
vt 0.573626 0.545152
vt 0.702391 0.547435
vt 0.702320 0.565489
vt 0.552313 0.611656
vt 0.703557 0.545667
vt 0.574765 0.544979
vt 0.574603 0.526926
vt 0.800127 0.639687
vt 0.800134 0.626421
vt 0.495835 0.885137
vt 0.169390 0.379300
vt 0.493097 0.908086
vt 0.298022 0.766248
vt 0.310989 0.955192
vn 0.315299 -0.048643 -0.947745
vn 0.315299 -0.048643 -0.947745
vn 0.315299 -0.048643 -0.947745
vn 0.315299 -0.048643 -0.947745
vn -0.486984 0.020682 0.873166
vn -0.235520 0.028276 0.971458
vn -0.252930 0.027854 0.967084
vn -0.480771 0.021275 0.876588
vn 0.227210 0.926213 -0.300840
vn 0.227210 0.926213 -0.300840
vn 0.227210 0.926213 -0.300840
vn 0.227210 0.926213 -0.300840
vn -0.792768 -0.569980 -0.215965
vn -0.364116 -0.923315 0.122103
vn -0.310038 -0.950614 0.014449
vn -0.795671 -0.562863 -0.223816
vn -0.228538 0.028104 0.973129
vn -0.214124 0.020381 0.976594
vn -0.214124 0.020381 0.976594
vn -0.227721 0.027665 0.973333
vn 0.953512 -0.018504 0.300787
vn 0.953512 -0.018504 0.300787
vn 0.953512 -0.018504 0.300787
vn 0.953512 -0.018504 0.300787
vn 0.243700 -0.022962 -0.969579
vn 0.226267 -0.032891 -0.973510
vn 0.226267 -0.032891 -0.973510
vn 0.244546 -0.022478 -0.969377
vn -0.973634 -0.144923 -0.176168
vn -0.973634 -0.144923 -0.176168
vn -0.973634 -0.144923 -0.176168
vn -0.973634 -0.144923 -0.176168
vn 0.245446 -0.021964 -0.969162
vn 0.245446 -0.021964 -0.969162
vn 0.806340 0.545963 0.227463
vn 0.806340 0.545963 0.227463
vn 0.806340 0.545963 0.227463
vn 0.806340 0.545963 0.227463
vn -0.803506 -0.549813 -0.228219
vn -0.803506 -0.549813 -0.228219
vn 0.968517 -0.087011 0.233248
vn 0.968517 -0.087011 0.233248
vn 0.968517 -0.087011 0.233248
vn 0.968517 -0.087011 0.233248
vn 0.043710 0.937264 0.345869
vn 0.043710 0.937264 0.345869
vn 0.043710 0.937264 0.345869
vn 0.043710 0.937264 0.345869
vn -0.136295 -0.949386 -0.283003
vn -0.136295 -0.949385 -0.283003
vn 0.853549 -0.040888 0.519406
vn 0.853549 -0.040888 0.519406
vn 0.853549 -0.040888 0.519406
vn 0.853549 -0.040888 0.519406
vn -0.417737 0.027102 0.908164
vn -0.417737 0.027102 0.908164
vn 0.561061 0.247058 -0.790047
vn 0.561061 0.247058 -0.790047
vn 0.561061 0.247058 -0.790047
vn 0.561061 0.247058 -0.790047
vn 0.185317 -0.004416 0.982669
vn 0.185317 -0.004416 0.982669
vn 0.185317 -0.004416 0.982669
vn 0.185317 -0.004416 0.982669
vn -0.237967 0.019715 -0.971073
vn -0.234196 0.028601 -0.971769
vn -0.236981 0.019779 -0.971313
vn -0.237106 0.019370 -0.971291
vn 0.208847 0.974663 -0.080097
vn 0.208847 0.974663 -0.080097
vn 0.208847 0.974663 -0.080097
vn 0.208847 0.974663 -0.080097
vn -0.806945 -0.556013 0.199221
vn -0.803010 -0.561633 0.199358
vn -0.028318 -0.997340 0.067168
vn -0.045516 -0.998917 -0.009687
vn -0.237290 0.018378 -0.971265
vn -0.237573 0.016950 -0.971222
vn -0.241754 -0.004441 -0.970327
vn -0.241754 -0.004441 -0.970327
vn 0.968323 -0.003433 -0.249679
vn 0.968323 -0.003433 -0.249679
vn 0.968323 -0.003433 -0.249679
vn 0.968323 -0.003433 -0.249679
vn 0.236467 -0.024775 0.971324
vn 0.236629 -0.025493 0.971266
vn 0.233119 -0.010073 0.972396
vn 0.233119 -0.010073 0.972396
vn -0.972901 -0.144799 0.180271
vn -0.972901 -0.144799 0.180271
vn -0.972901 -0.144799 0.180271
vn -0.972901 -0.144799 0.180271
vn 0.236795 -0.026228 0.971206
vn 0.236795 -0.026228 0.971206
vn 0.812309 0.546108 -0.204746
vn 0.812309 0.546108 -0.204746
vn 0.812309 0.546108 -0.204746
vn 0.812309 0.546108 -0.204746
vn -0.813310 -0.545970 0.201105
vn -0.813311 -0.545970 0.201105
vn 0.971679 -0.084542 0.220663
vn 0.971679 -0.084542 0.220663
vn 0.971679 -0.084542 0.220663
vn 0.971679 -0.084542 0.220663
vn 0.234122 0.971332 0.041240
vn 0.234122 0.971332 0.041240
vn 0.234122 0.971332 0.041240
vn 0.234122 0.971332 0.041240
vn -0.013163 -0.990906 0.133912
vn -0.013163 -0.990906 0.133912
vn 0.972161 -0.065401 -0.225001
vn 0.972161 -0.065401 -0.225001
vn 0.972161 -0.065401 -0.225001
vn 0.972161 -0.065401 -0.225001
vn -0.203815 0.098304 -0.974062
vn -0.203815 0.098304 -0.974062
vn -0.972192 0.064859 0.225023
vn -0.972192 0.064859 0.225023
vn -0.972192 0.064859 0.225023
vn -0.972192 0.064859 0.225023
vn 0.285043 0.284674 0.915266
vn 0.285043 0.284674 0.915266
vn 0.285043 0.284674 0.915266
vn 0.285043 0.284674 0.915266
vn 0.025663 -0.005569 0.999655
vn 0.025663 -0.005569 0.999655
vn 0.025663 -0.005569 0.999655
vn 0.025663 -0.005569 0.999655
vn -0.224277 0.024763 -0.974211
vn -0.224278 0.024763 -0.974211
vn -0.224278 0.024763 -0.974211
vn -0.224277 0.024763 -0.974211
vn 0.965815 -0.102917 0.237927
vn 0.965815 -0.102917 0.237927
vn 0.965815 -0.102917 0.237927
vn 0.965815 -0.102917 0.237927
vn -0.999834 0.002787 -0.018010
vn -0.999834 0.002787 -0.018010
vn -0.999834 0.002787 -0.018010
vn -0.999834 0.002787 -0.018010
vn 0.000000 1.000000 -0.000000
vn 0.000000 1.000000 -0.000000
vn 0.000000 1.000000 -0.000000
vn 0.000000 1.000000 -0.000000
vn 0.000000 1.000000 -0.000000
vn 0.000000 1.000000 -0.000000
vn 0.000000 1.000000 -0.000000
vn -0.725095 -0.004055 0.688637
vn -0.725095 -0.004055 0.688637
vn -0.725095 -0.004055 0.688637
vn -0.725095 -0.004055 0.688637
vn 0.963429 -0.086242 -0.253706
vn 0.963429 -0.086242 -0.253706
vn 0.963429 -0.086242 -0.253706
vn 0.963429 -0.086242 -0.253706
vn 0.000000 -1.000000 -0.000000
vn 0.000000 -1.000000 -0.000000
vn 0.000000 -1.000000 -0.000000
vn 0.000000 -1.000000 -0.000000
vn 0.000000 -1.000000 -0.000000
vn 0.000000 -1.000000 -0.000000
vn 0.000000 -1.000000 -0.000000
vn -0.754634 0.002906 -0.656140
vn -0.754634 0.002906 -0.656140
vn -0.754634 0.002906 -0.656140
vn -0.754634 0.002906 -0.656140
vn 0.580251 -0.077854 -0.810708
vn 0.580251 -0.077854 -0.810708
vn 0.580251 -0.077854 -0.810708
vn 0.580251 -0.077854 -0.810708
vn -0.241809 -0.100650 0.965090
vn -0.241809 -0.100650 0.965090
vn -0.241809 -0.100650 0.965090
vn -0.241809 -0.100650 0.965090
vn -0.028402 -0.064063 -0.997542
vn -0.028402 -0.064063 -0.997542
vn -0.028402 -0.064063 -0.997542
vn -0.028402 -0.064063 -0.997542
vn 0.896474 -0.117446 0.427247
vn 0.896474 -0.117446 0.427247
vn 0.896474 -0.117446 0.427247
vn 0.896474 -0.117446 0.427247
vn -0.004836 0.999806 0.019099
vn -0.004836 0.999806 0.019099
vn -0.004836 0.999806 0.019099
vn -0.004836 0.999806 0.019099
vn -0.004836 0.999806 0.019099
vn -0.004836 0.999806 0.019099
vn -0.004836 0.999806 0.019099
vn 0.948111 -0.102551 -0.300947
vn 0.948111 -0.102551 -0.300947
vn 0.948111 -0.102551 -0.300947
vn 0.948111 -0.102551 -0.300947
vn -0.999803 -0.016664 -0.010773
vn -0.999803 -0.016664 -0.010773
vn -0.999803 -0.016664 -0.010773
vn -0.999803 -0.016664 -0.010773
vn -0.003988 -0.999924 -0.011705
vn -0.003988 -0.999924 -0.011705
vn -0.003988 -0.999924 -0.011705
vn -0.003988 -0.999924 -0.011705
vn -0.003988 -0.999924 -0.011705
vn -0.003988 -0.999924 -0.011705
vn -0.003988 -0.999924 -0.011705
vn 0.560941 -0.097411 0.822105
vn 0.560941 -0.097411 0.822105
vn 0.560941 -0.097411 0.822105
vn 0.560941 -0.097411 0.822105
vn 0.000000 0.000000 1.000000
vn 0.000000 0.000000 1.000000
vn 0.000000 0.000000 1.000000
vn 0.000000 0.000000 1.000000
vn -0.500004 0.866023 0.000000
vn -0.500004 0.866023 0.000000
vn -0.500004 0.866023 0.000000
vn -0.500004 0.866023 0.000000
vn 0.000000 0.000000 -1.000000
vn 0.000000 0.000000 -1.000000
vn 0.000000 0.000000 -1.000000
vn 0.000000 0.000000 -1.000000
vn 0.500001 -0.866025 0.000000
vn 0.500001 -0.866025 0.000000
vn 0.500001 -0.866025 0.000000
vn 0.500001 -0.866025 0.000000
vn 0.850419 0.526017 -0.009666
vn 0.880762 0.473460 -0.009667
vn 0.877034 0.480204 -0.014707
vn 0.854392 0.519421 -0.014706
vn 0.880762 0.473461 0.009666
vn 0.877034 0.480204 0.014705
vn 0.850418 0.526018 0.009666
vn 0.854391 0.519423 0.014705
vn 0.000000 0.000000 -1.000000
vn 0.000000 0.000000 -1.000000
vn 0.000000 0.000000 -1.000000
vn 0.000000 0.000000 -1.000000
vn 0.500005 -0.866023 0.000000
vn 0.500005 -0.866023 0.000000
vn 0.500005 -0.866023 0.000000
vn 0.500005 -0.866023 0.000000
vn 0.000000 0.000000 1.000000
vn 0.000000 0.000000 1.000000
vn 0.000000 0.000000 1.000000
vn 0.000000 0.000000 1.000000
vn -0.500005 0.866022 0.000000
vn -0.500005 0.866022 0.000000
vn -0.500005 0.866022 0.000000
vn -0.500005 0.866022 0.000000
vn 0.205821 -0.928891 -0.307894
vn 0.211350 -0.791086 -0.574034
vn 0.188727 -0.790470 -0.582700
vn 0.186388 -0.932714 -0.308715
vn 0.196158 -0.567807 -0.799448
vn 0.186338 -0.560488 -0.806927
vn 0.140135 -0.250023 -0.958045
vn 0.163410 -0.250353 -0.954264
vn 0.069580 0.025866 -0.997241
vn 0.138499 0.027436 -0.989982
vn 0.039142 0.171321 -0.984437
vn 0.163172 0.228330 -0.959813
vn 0.026752 0.287979 -0.957263
vn 0.256254 0.375135 -0.890847
vn -0.042536 0.782305 -0.621442
vn 0.324285 0.773236 -0.544928
vn -0.074486 0.997221 -0.001772
vn 0.264293 0.960150 -0.090892
vn -0.037576 0.999271 0.006821
vn 0.209949 0.977688 0.006963
vn -0.028237 0.999470 0.016205
vn 0.264067 0.958803 0.104711
vn 0.040102 0.786553 0.616220
vn 0.326117 0.776225 0.539558
vn 0.072974 0.298025 0.951765
vn 0.256925 0.388266 0.885008
vn 0.050386 0.178569 0.982636
vn 0.162017 0.237668 0.957739
vn 0.069581 0.025866 0.997241
vn 0.135817 0.027452 0.990354
vn 0.140136 -0.250023 0.958045
vn 0.160870 -0.250532 0.954649
vn 0.196158 -0.567808 0.799448
vn 0.184202 -0.560851 0.807165
vn 0.211350 -0.791086 0.574034
vn 0.187181 -0.790837 0.582701
vn 0.205820 -0.928891 0.307895
vn 0.185571 -0.932940 0.308522
vn 0.199132 -0.979973 0.000001
vn 0.185245 -0.982692 -0.000137
vn 0.180425 -0.793793 -0.580810
vn 0.179321 -0.933774 -0.309693
vn 0.180170 -0.983635 0.000183
vn 0.178197 -0.933862 0.310078
vn 0.178328 -0.793933 0.581266
vn 0.180552 -0.569798 0.801705
vn 0.171821 -0.271867 0.946872
vn 0.160685 0.012096 0.986932
vn 0.195932 0.238532 0.951164
vn 0.310904 0.405311 0.859687
vn 0.439930 0.712524 0.546599
vn 0.369531 0.919418 0.134597
vn 0.304584 0.952452 0.007981
vn 0.383241 0.916019 -0.118471
vn 0.462429 0.699070 -0.545400
vn 0.327357 0.389427 -0.860921
vn 0.201969 0.229914 -0.952023
vn 0.164274 0.012093 -0.986341
vn 0.175257 -0.271810 -0.946258
vn 0.183446 -0.569663 -0.801144
vn 0.994873 -0.096185 -0.031252
vn 0.994873 -0.096185 -0.031252
vn 0.994873 -0.101135 0.000000
vn 0.994873 -0.101135 0.000000
vn 0.994873 -0.081819 -0.059446
vn 0.994873 -0.081819 -0.059446
vn 0.994873 -0.059445 -0.081820
vn 0.994873 -0.059445 -0.081820
vn 0.994873 -0.031252 -0.096185
vn 0.994873 -0.031252 -0.096185
vn 0.994873 0.000000 -0.101134
vn 0.994873 0.000000 -0.101134
vn 0.994873 0.031252 -0.096184
vn 0.994873 0.031252 -0.096184
vn 0.994873 0.059445 -0.081820
vn 0.994873 0.059445 -0.081820
vn 0.994873 0.081820 -0.059446
vn 0.994873 0.081820 -0.059446
vn 0.994873 0.096185 -0.031252
vn 0.994873 0.096185 -0.031252
vn 0.994873 0.101135 -0.000000
vn 0.994873 0.101135 -0.000000
vn 0.994873 0.096185 0.031252
vn 0.994873 0.096185 0.031252
vn 0.994873 0.081821 0.059446
vn 0.994873 0.081821 0.059446
vn 0.994873 0.059446 0.081821
vn 0.994873 0.059446 0.081821
vn 0.994873 0.031252 0.096185
vn 0.994873 0.031252 0.096185
vn 0.994873 -0.000000 0.101134
vn 0.994873 -0.000000 0.101134
vn 0.994873 -0.031252 0.096185
vn 0.994873 -0.031252 0.096185
vn 0.994873 -0.059446 0.081820
vn 0.994873 -0.059446 0.081820
vn 0.994873 -0.081820 0.059446
vn 0.994873 -0.081820 0.059446
vn 0.994873 -0.096185 0.031253
vn 0.994873 -0.096185 0.031253
vn 0.000000 -0.951057 -0.309016
vn 0.000000 -0.809017 -0.587785
vn 0.000000 -0.809017 -0.587785
vn 0.000000 -0.951057 -0.309016
vn 0.000000 -0.587785 -0.809017
vn 0.000000 -0.587785 -0.809017
vn 0.000000 -0.309017 -0.951057
vn 0.000000 -0.309017 -0.951057
vn 0.000000 0.000000 -1.000000
vn 0.000000 0.000000 -1.000000
vn 0.000000 0.309017 -0.951057
vn 0.000000 0.309017 -0.951057
vn 0.000000 0.587785 -0.809017
vn 0.000000 0.587785 -0.809017
vn 0.000000 0.809017 -0.587785
vn 0.000000 0.809017 -0.587785
vn 0.000000 0.951057 -0.309017
vn 0.000000 0.951057 -0.309017
vn 0.000000 1.000000 0.000000
vn 0.000000 1.000000 0.000000
vn 0.000000 0.951057 0.309017
vn 0.000000 0.951057 0.309017
vn 0.000000 0.809017 0.587785
vn 0.000000 0.809017 0.587785
vn 0.000000 0.587785 0.809017
vn 0.000000 0.587785 0.809017
vn 0.000000 0.309017 0.951057
vn 0.000000 0.309017 0.951057
vn 0.000000 -0.000000 1.000000
vn 0.000000 -0.000000 1.000000
vn 0.000000 -0.309017 0.951057
vn 0.000000 -0.309017 0.951057
vn 0.000000 -0.587785 0.809017
vn 0.000000 -0.587785 0.809017
vn 0.000000 -0.809017 0.587785
vn 0.000000 -0.809017 0.587785
vn 0.000000 -0.951057 0.309017
vn 0.000000 -0.951057 0.309017
vn 0.000000 -1.000000 0.000001
vn 0.000000 -1.000000 0.000001
vn -0.232068 0.632414 0.739051
vn -0.232068 0.632414 0.739051
vn -0.244013 0.685732 0.685732
vn -0.244012 0.685732 0.685732
vn -0.197412 0.584313 0.787151
vn -0.197412 0.584313 0.787151
vn -0.143430 0.546139 0.825324
vn -0.143430 0.546139 0.825324
vn -0.062684 0.520685 0.851445
vn -0.058558 0.519873 0.852234
vn 0.000000 0.509101 0.860707
vn 0.000000 0.509101 0.860707
vn 0.062682 0.520688 0.851443
vn 0.058557 0.519876 0.852232
vn 0.143428 0.546142 0.825323
vn 0.143428 0.546141 0.825323
vn 0.197412 0.584313 0.787151
vn 0.197412 0.584313 0.787151
vn 0.232070 0.632413 0.739051
vn 0.232070 0.632413 0.739052
vn 0.244013 0.685733 0.685732
vn 0.244013 0.685732 0.685732
vn 0.229553 0.752584 0.617189
vn 0.228909 0.754281 0.615355
vn 0.186610 0.803277 0.565617
vn 0.199476 0.794013 0.574241
vn 0.124333 0.842924 0.523469
vn 0.121047 0.844787 0.521232
vn 0.035679 0.886347 0.461646
vn 0.029119 0.888888 0.457199
vn 0.001139 0.893878 0.448309
vn 0.001378 0.893999 0.448068
vn -0.044547 0.879215 0.474337
vn -0.039573 0.880788 0.471854
vn -0.138976 0.838813 0.526383
vn -0.139578 0.838500 0.526722
vn -0.191955 0.799252 0.569517
vn -0.189937 0.801473 0.567067
vn -0.222664 0.753775 0.618258
vn -0.221219 0.756433 0.615525
vn -0.951057 -0.218507 0.218507
vn -0.809017 -0.415627 0.415627
vn -0.809017 -0.415627 0.415627
vn -0.951057 -0.218507 0.218507
vn -0.559757 -0.587841 0.584050
vn -0.559757 -0.587841 0.584050
vn -0.229448 -0.693448 0.682996
vn -0.228914 -0.693541 0.683080
vn -0.002858 -0.713449 0.700701
vn -0.002857 -0.713449 0.700701
vn 0.229440 -0.693175 0.683275
vn 0.228926 -0.693265 0.683357
vn 0.561762 -0.586747 0.583225
vn 0.561762 -0.586748 0.583225
vn 0.809017 -0.415627 0.415627
vn 0.809017 -0.415627 0.415627
vn 0.951057 -0.218508 0.218508
vn 0.951057 -0.218508 0.218508
vn 1.000000 -0.000000 0.000000
vn 1.000000 0.000000 -0.000000
vn 0.858834 0.346001 -0.377739
vn 0.842999 0.362925 -0.397038
vn 0.536895 0.545623 -0.643459
vn 0.531307 0.545859 -0.647882
vn 0.310828 0.581550 -0.751788
vn 0.305739 0.582381 -0.753230
vn 0.065330 0.602280 -0.795607
vn 0.065181 0.602281 -0.795619
vn 0.038364 0.603344 -0.796558
vn 0.038360 0.603343 -0.796559
vn -0.052016 0.607261 -0.792798
vn -0.050285 0.607255 -0.792914
vn -0.381848 0.575853 -0.722901
vn -0.374404 0.577365 -0.725584
vn -0.558879 0.542184 -0.627448
vn -0.554804 0.541592 -0.631562
vn -0.890642 0.310759 -0.331942
vn -0.868920 0.337709 -0.361843
vn -1.000000 0.000001 -0.000001
vn -1.000000 0.000001 -0.000001
vn 0.809017 0.415627 -0.415627
vn 0.951057 0.218507 -0.218507
vn 0.951057 0.218507 -0.218507
vn 0.809017 0.415627 -0.415627
vn 1.000000 -0.000001 0.000001
vn 1.000000 -0.000001 0.000001
vn 0.556620 0.589317 -0.585559
vn 0.556620 0.589317 -0.585559
vn 0.220530 0.694858 -0.684499
vn 0.220020 0.694944 -0.684576
vn 0.003165 0.713379 -0.700771
vn 0.003163 0.713379 -0.700771
vn -0.220523 0.694588 -0.684775
vn -0.220030 0.694670 -0.684850
vn -0.558857 0.588122 -0.584630
vn -0.558857 0.588122 -0.584630
vn -0.809017 0.415627 -0.415627
vn -0.809017 0.415627 -0.415627
vn -0.951057 0.218507 -0.218508
vn -0.951057 0.218507 -0.218508
vn -1.000000 -0.000000 0.000000
vn -1.000000 0.000000 -0.000000
vn -0.874840 -0.328809 0.355724
vn -0.848854 -0.358144 0.388818
vn -0.512459 -0.555511 0.654824
vn -0.507612 -0.554581 0.659371
vn -0.320783 -0.580532 0.748385
vn -0.314549 -0.581540 0.750247
vn -0.058619 -0.599772 0.798021
vn -0.058335 -0.599760 0.798051
vn -0.034636 -0.599809 0.799393
vn -0.034626 -0.599805 0.799397
vn 0.044044 -0.605171 0.794877
vn 0.042133 -0.605121 0.795018
vn 0.373557 -0.577296 0.726075
vn 0.364824 -0.579008 0.729146
vn 0.534556 -0.553386 0.638760
vn 0.534050 -0.550942 0.641290
vn 0.885030 -0.318045 0.339953
vn 0.855118 -0.353467 0.379255
vn 0.232070 0.632415 -0.739050
vn 0.232070 0.632415 -0.739050
vn 0.244014 0.685733 -0.685732
vn 0.244014 0.685733 -0.685732
vn 0.197411 0.584315 -0.787150
vn 0.197412 0.584315 -0.787150
vn 0.143429 0.546142 -0.825322
vn 0.143429 0.546142 -0.825322
vn 0.062684 0.520688 -0.851443
vn 0.058558 0.519876 -0.852233
vn -0.000001 0.509104 -0.860705
vn -0.000001 0.509104 -0.860705
vn -0.062681 0.520690 -0.851442
vn -0.058556 0.519879 -0.852231
vn -0.143425 0.546144 -0.825322
vn -0.143425 0.546144 -0.825322
vn -0.197413 0.584314 -0.787150
vn -0.197413 0.584314 -0.787150
vn -0.232074 0.632413 -0.739050
vn -0.232074 0.632413 -0.739050
vn -0.244014 0.685732 -0.685732
vn -0.244014 0.685732 -0.685732
vn -0.229552 0.752584 -0.617190
vn -0.228908 0.754281 -0.615355
vn -0.186611 0.803277 -0.565617
vn -0.199477 0.794013 -0.574241
vn -0.124334 0.842923 -0.523470
vn -0.121048 0.844786 -0.521234
vn -0.035679 0.886345 -0.461648
vn -0.029119 0.888887 -0.457201
vn -0.001139 0.893879 -0.448307
vn -0.001377 0.894000 -0.448066
vn 0.044547 0.879217 -0.474334
vn 0.039573 0.880790 -0.471851
vn 0.138976 0.838813 -0.526383
vn 0.139578 0.838500 -0.526722
vn 0.191957 0.799250 -0.569519
vn 0.189939 0.801471 -0.567069
vn 0.222665 0.753774 -0.618260
vn 0.221220 0.756432 -0.615526
vn 0.951057 -0.218507 -0.218507
vn 0.809017 -0.415627 -0.415627
vn 0.809017 -0.415627 -0.415627
vn 0.951057 -0.218507 -0.218507
vn 0.559757 -0.587841 -0.584050
vn 0.559757 -0.587841 -0.584050
vn 0.229448 -0.693448 -0.682996
vn 0.228914 -0.693542 -0.683080
vn 0.002857 -0.713449 -0.700701
vn 0.002856 -0.713449 -0.700701
vn -0.229440 -0.693176 -0.683275
vn -0.228926 -0.693265 -0.683357
vn -0.561761 -0.586748 -0.583225
vn -0.561761 -0.586748 -0.583225
vn -0.809017 -0.415627 -0.415627
vn -0.809017 -0.415627 -0.415627
vn -0.951057 -0.218508 -0.218508
vn -0.951057 -0.218508 -0.218508
vn -0.999976 -0.006164 -0.003123
vn -0.999998 -0.001675 0.001495
vn -0.860150 0.337074 0.382784
vn -0.851307 0.346340 0.394112
vn -0.664586 0.480328 0.572373
vn -0.655554 0.484780 0.578998
vn -0.314529 0.590439 0.743272
vn -0.306711 0.591758 0.745488
vn -0.065461 0.612386 0.787844
vn -0.065178 0.612388 0.787866
vn -0.038182 0.613443 0.788816
vn -0.038200 0.613449 0.788810
vn 0.051999 0.617283 0.785021
vn 0.050537 0.617280 0.785119
vn 0.387091 0.583797 0.713682
vn 0.375783 0.586177 0.717763
vn 0.685821 0.475269 0.551152
vn 0.675273 0.480981 0.559164
vn 0.884461 0.313105 0.345969
vn 0.876753 0.322423 0.356858
vn 0.999976 -0.006163 -0.003122
vn 0.999998 -0.001674 0.001496
vn -0.809017 0.415627 0.415627
vn -0.951057 0.218507 0.218507
vn -0.951057 0.218507 0.218507
vn -0.809017 0.415627 0.415627
vn -0.999957 0.007870 0.004845
vn -0.999997 0.001692 -0.001512
vn -0.556620 0.589318 0.585559
vn -0.556620 0.589317 0.585559
vn -0.220529 0.694858 0.684499
vn -0.220019 0.694944 0.684576
vn -0.003165 0.713379 0.700771
vn -0.003164 0.713379 0.700771
vn 0.220523 0.694588 0.684775
vn 0.220031 0.694670 0.684850
vn 0.558857 0.588122 0.584630
vn 0.558857 0.588122 0.584629
vn 0.809017 0.415627 0.415627
vn 0.809017 0.415627 0.415627
vn 0.951057 0.218508 0.218508
vn 0.951057 0.218508 0.218508
vn 0.999957 0.007871 0.004846
vn 0.999997 0.001693 -0.001511
vn 0.869006 -0.329079 -0.369508
vn 0.860098 -0.338855 -0.381325
vn 0.661837 -0.483444 -0.572935
vn 0.651422 -0.488575 -0.580468
vn 0.323592 -0.590317 -0.739469
vn 0.315792 -0.591624 -0.741793
vn 0.058718 -0.610828 -0.789583
vn 0.058470 -0.610817 -0.789610
vn 0.034400 -0.610876 -0.790978
vn 0.034413 -0.610883 -0.790973
vn -0.043724 -0.616099 -0.786454
vn -0.042537 -0.616070 -0.786542
vn -0.378101 -0.586206 -0.716521
vn -0.366375 -0.588594 -0.720643
vn -0.684197 -0.476994 -0.551681
vn -0.674465 -0.482223 -0.559070
vn -0.875002 -0.324939 -0.358868
vn -0.866273 -0.334980 -0.370621
vn 0.923183 -0.120609 0.364948
vn 0.923183 -0.120609 0.364948
vn 0.923183 -0.120609 0.364948
vn 0.923183 -0.120609 0.364948
vn 0.314978 0.182736 -0.931341
vn 0.314978 0.182736 -0.931341
vn 0.314978 0.182736 -0.931341
vn 0.314978 0.182736 -0.931341
vn 0.018306 0.999802 0.007786
vn 0.018306 0.999802 0.007786
vn 0.018306 0.999802 0.007786
vn 0.018306 0.999802 0.007786
vn 0.920756 -0.165356 0.353362
vn 0.920756 -0.165356 0.353362
vn 0.920756 -0.165356 0.353362
vn 0.920756 -0.165356 0.353362
vn -0.016099 0.999827 -0.009362
vn -0.016099 0.999827 -0.009362
vn -0.016099 0.999827 -0.009362
vn -0.016099 0.999827 -0.009362
vn -0.923959 0.195929 -0.328499
vn -0.923959 0.195929 -0.328499
vn -0.923959 0.195929 -0.328499
vn -0.923959 0.195929 -0.328499
vn 0.000000 -1.000000 0.000000
vn 0.000000 -1.000000 0.000000
vn 0.000000 -1.000000 0.000000
vn 0.000000 -1.000000 0.000000
vn 0.471538 -0.007613 -0.881813
vn 0.471538 -0.007613 -0.881813
vn 0.471538 -0.007613 -0.881813
vn 0.471538 -0.007613 -0.881813
vn 0.478795 0.857281 0.189273
vn 0.478795 0.857281 0.189273
vn 0.478795 0.857281 0.189273
vn 0.478795 0.857281 0.189273
vn 0.000001 -1.000000 -0.000000
vn 0.000001 -1.000000 -0.000000
vn 0.000001 -1.000000 -0.000000
vn 0.000001 -1.000000 -0.000000
vn 0.383887 -0.004270 -0.923370
vn 0.383887 -0.004270 -0.923370
vn 0.383887 -0.004270 -0.923370
vn 0.383887 -0.004270 -0.923370
vn -0.956213 -0.199739 -0.213919
vn -0.956213 -0.199739 -0.213919
vn -0.956213 -0.199739 -0.213919
vn -0.956213 -0.199739 -0.213919
vn 0.913831 0.238673 0.328554
vn 0.913831 0.238673 0.328554
vn 0.913831 0.238673 0.328554
vn 0.913831 0.238673 0.328554
vn 0.785087 -0.097008 -0.611741
vn 0.785087 -0.097008 -0.611741
vn 0.785087 -0.097008 -0.611741
vn 0.785087 -0.097008 -0.611741
vn 0.325651 0.175355 0.929087
vn 0.325651 0.175355 0.929087
vn 0.325651 0.175355 0.929087
vn 0.325651 0.175355 0.929087
vn 0.018978 0.999788 -0.007958
vn 0.018978 0.999788 -0.007958
vn 0.018978 0.999788 -0.007958
vn 0.018978 0.999788 -0.007958
vn 0.935467 -0.182012 -0.302942
vn 0.935467 -0.182012 -0.302942
vn 0.935467 -0.182012 -0.302942
vn 0.935467 -0.182012 -0.302942
vn -0.008783 0.999230 0.038249
vn -0.008783 0.999230 0.038249
vn -0.008783 0.999230 0.038249
vn -0.008783 0.999230 0.038249
vn -0.921880 0.198971 0.332489
vn -0.921880 0.198971 0.332489
vn -0.921880 0.198971 0.332489
vn -0.921880 0.198971 0.332489
vn 0.000000 -1.000000 -0.000000
vn 0.000000 -1.000000 -0.000000
vn 0.000000 -1.000000 -0.000000
vn 0.000000 -1.000000 -0.000000
vn 0.417584 0.001024 0.908638
vn 0.417584 0.001024 0.908638
vn 0.417584 0.001024 0.908638
vn 0.417584 0.001024 0.908638
vn 0.488685 0.697713 -0.523816
vn 0.488685 0.697713 -0.523816
vn 0.488685 0.697713 -0.523816
vn 0.488685 0.697713 -0.523816
vn 0.000001 -1.000000 0.000001
vn 0.000001 -1.000000 0.000001
vn 0.000001 -1.000000 0.000001
vn 0.000001 -1.000000 0.000001
vn 0.435006 0.078979 0.896957
vn 0.435006 0.078979 0.896957
vn 0.435006 0.078979 0.896957
vn 0.435006 0.078979 0.896957
vn -0.975812 -0.162549 0.146182
vn -0.975812 -0.162549 0.146182
vn -0.975812 -0.162549 0.146182
vn -0.975812 -0.162549 0.146182
vn 0.868726 0.260465 -0.421275
vn 0.868726 0.260465 -0.421275
vn 0.868726 0.260465 -0.421275
vn 0.868726 0.260465 -0.421275
vn -1.000000 0.000000 0.000000
vn -1.000000 0.000000 0.000000
vn -1.000000 0.000000 0.000000
vn -1.000000 0.000000 0.000000
vn 1.000000 0.000000 0.000000
vn 1.000000 0.000000 0.000000
vn 1.000000 0.000000 0.000000
vn 1.000000 0.000000 0.000000
vn 0.011554 0.999933 -0.000111
vn 0.011554 0.999933 -0.000111
vn -0.285951 0.958207 0.008403
vn -0.283702 0.958876 0.008339
vn -0.007574 -0.000083 -0.999971
vn -0.007572 -0.000016 -0.999971
vn -0.007598 -0.000710 -0.999971
vn -0.007598 -0.000710 -0.999971
vn 0.007787 0.000000 0.999970
vn 0.007787 0.000000 0.999970
vn 0.007787 0.000000 0.999970
vn 0.007787 0.000000 0.999970
vn -0.998503 0.038719 0.038635
vn -0.998503 0.038719 0.038635
vn -0.998503 0.038719 0.038635
vn -0.998503 0.038719 0.038635
vn -0.019061 0.025051 -0.999504
vn -0.014732 0.022519 -0.999638
vn -0.007904 0.018526 -0.999797
vn -0.007904 0.018526 -0.999797
vn 0.999713 0.023959 -0.000000
vn 0.999713 0.023959 -0.000000
vn 0.999713 0.023959 -0.000000
vn 0.999713 0.023959 -0.000000
vn 0.008210 0.009682 0.999920
vn 0.006711 0.011432 0.999912
vn 0.005737 0.012571 0.999905
vn 0.008210 0.009682 0.999920
vn -0.000001 1.000000 0.000000
vn -0.000001 1.000000 0.000000
vn -0.000001 1.000000 0.000000
vn -0.000001 1.000000 0.000000
vn 0.000001 0.000000 -1.000000
vn 0.000001 0.000000 -1.000000
vn 0.000001 0.000000 -1.000000
vn 0.000001 0.000000 -1.000000
vn -0.000323 0.000000 1.000000
vn -0.000323 0.000000 1.000000
vn -0.000323 0.000000 1.000000
vn -0.000323 0.000000 1.000000
vn 0.032343 -0.140029 -0.989619
vn 0.032343 -0.140029 -0.989619
vn 0.032343 -0.140029 -0.989619
vn 0.032343 -0.140029 -0.989619
vn 0.000000 1.000000 0.000000
vn 0.000000 1.000000 0.000000
vn 0.000000 1.000000 0.000000
vn 0.000000 1.000000 0.000000
vn -0.000001 0.000000 1.000000
vn -0.000001 0.000000 1.000000
vn -0.000001 0.000000 1.000000
vn -0.000001 0.000000 1.000000
vn -0.007102 0.999975 0.000620
vn -0.007101 0.999975 0.000673
vn -0.007098 0.999974 0.001170
vn -0.007098 0.999974 0.001170
vn 0.980802 0.011699 -0.194654
vn 0.980802 0.011699 -0.194654
vn 0.980802 0.011699 -0.194654
vn 0.980802 0.011699 -0.194654
vn -0.994181 0.107085 0.011668
vn -0.994181 0.107085 0.011668
vn -0.994181 0.107085 0.011668
vn -0.994181 0.107085 0.011668
vn -0.007300 0.999973 0.000193
vn -0.007299 0.999973 0.000392
vn -0.007299 0.999973 0.000381
vn -0.007300 0.999973 0.000193
vn -0.994472 0.000000 0.104999
vn -0.994472 0.000000 0.104999
vn -0.994472 0.000000 0.104999
vn -0.994472 0.000000 0.104999
vn 1.000000 0.000000 -0.000003
vn 1.000000 0.000000 -0.000003
vn 1.000000 0.000000 -0.000003
vn 1.000000 0.000000 -0.000003
vn -0.007548 0.000607 -0.999971
vn -0.007548 0.000607 -0.999971
vn -0.007105 0.999975 0.000163
vn -0.007105 0.999975 0.000163
vn -0.033339 0.033396 -0.998886
vn -0.033339 0.033396 -0.998886
vn -0.481593 0.876283 0.013990
vn -0.481593 0.876283 0.013990
vn 0.002577 0.016261 0.999865
vn 0.002577 0.016261 0.999865
vn -0.007297 0.999973 0.000579
vn -0.007297 0.999973 0.000579
vn 0.007787 0.000000 0.999970
vn 0.007787 0.000000 0.999970
vn -1.000000 0.000000 0.000000
vn -1.000000 0.000000 0.000000
vn -1.000000 0.000000 0.000000
vn -1.000000 0.000000 0.000000
vn 1.000000 0.000000 0.000000
vn 1.000000 0.000000 0.000000
vn 1.000000 0.000000 0.000000
vn 1.000000 0.000000 0.000000
vn 0.011554 0.999933 -0.000111
vn 0.011554 0.999933 -0.000111
vn -0.285951 0.958207 0.008403
vn -0.283702 0.958876 0.008339
vn -0.007574 -0.000080 -0.999971
vn -0.007572 -0.000013 -0.999971
vn -0.007598 -0.000705 -0.999971
vn -0.007598 -0.000705 -0.999971
vn 0.007787 0.000000 0.999970
vn 0.007787 0.000000 0.999970
vn 0.007787 0.000000 0.999970
vn 0.007787 0.000000 0.999970
vn -0.998503 0.038719 0.038635
vn -0.998503 0.038719 0.038635
vn -0.998503 0.038719 0.038635
vn -0.998503 0.038719 0.038635
vn -0.019062 0.025050 -0.999504
vn -0.014732 0.022519 -0.999638
vn -0.007904 0.018526 -0.999797
vn -0.007904 0.018526 -0.999797
vn 0.999713 0.023959 0.000000
vn 0.999713 0.023959 0.000000
vn 0.999713 0.023959 0.000000
vn 0.999713 0.023959 0.000000
vn 0.008211 0.009682 0.999919
vn 0.006712 0.011432 0.999912
vn 0.005737 0.012571 0.999905
vn 0.008211 0.009682 0.999919
vn -0.000001 1.000000 0.000000
vn -0.000001 1.000000 0.000000
vn -0.000001 1.000000 0.000000
vn -0.000001 1.000000 0.000000
vn 0.000001 0.000000 -1.000000
vn 0.000001 0.000000 -1.000000
vn 0.000001 0.000000 -1.000000
vn 0.000001 0.000000 -1.000000
vn -0.000323 0.000000 1.000000
vn -0.000323 0.000000 1.000000
vn -0.000323 0.000000 1.000000
vn -0.000323 0.000000 1.000000
vn 0.032341 -0.140029 -0.989619
vn 0.032341 -0.140029 -0.989619
vn 0.032341 -0.140029 -0.989619
vn 0.032341 -0.140029 -0.989619
vn 0.000000 1.000000 0.000000
vn 0.000000 1.000000 0.000000
vn 0.000000 1.000000 0.000000
vn 0.000000 1.000000 0.000000
vn -0.000001 0.000000 1.000000
vn -0.000001 0.000000 1.000000
vn -0.000001 0.000000 1.000000
vn -0.000001 0.000000 1.000000
vn -0.007102 0.999975 0.000620
vn -0.007101 0.999975 0.000673
vn -0.007098 0.999974 0.001170
vn -0.007098 0.999974 0.001170
vn 0.980802 0.011702 -0.194654
vn 0.980802 0.011702 -0.194654
vn 0.980802 0.011702 -0.194654
vn 0.980802 0.011702 -0.194654
vn -0.994181 0.107089 0.011668
vn -0.994181 0.107089 0.011668
vn -0.994181 0.107089 0.011668
vn -0.994181 0.107089 0.011668
vn -0.007300 0.999973 0.000193
vn -0.007299 0.999973 0.000392
vn -0.007299 0.999973 0.000381
vn -0.007300 0.999973 0.000193
vn -0.994472 0.000000 0.104999
vn -0.994472 0.000000 0.104999
vn -0.994472 0.000000 0.104999
vn -0.994472 0.000000 0.104999
vn 1.000000 0.000000 -0.000003
vn 1.000000 0.000000 -0.000003
vn 1.000000 0.000000 -0.000003
vn 1.000000 0.000000 -0.000003
vn -0.007548 0.000607 -0.999971
vn -0.007548 0.000607 -0.999971
vn -0.007105 0.999975 0.000162
vn -0.007105 0.999975 0.000162
vn -0.033339 0.033396 -0.998886
vn -0.033339 0.033396 -0.998886
vn -0.481593 0.876283 0.013990
vn -0.481593 0.876283 0.013990
vn 0.002577 0.016262 0.999864
vn 0.002577 0.016262 0.999864
vn -0.007297 0.999973 0.000579
vn -0.007297 0.999973 0.000579
vn 0.007787 0.000000 0.999970
vn 0.007787 0.000000 0.999970
vn 0.000000 0.000000 -1.000000
vn 0.000000 0.000000 -1.000000
vn 0.000000 0.000000 -1.000000
vn 0.000000 0.000000 -1.000000
vn 0.000000 0.997206 -0.074703
vn 0.000000 0.997206 -0.074703
vn 0.000000 0.997206 -0.074703
vn 0.000000 0.997206 -0.074703
vn 0.000000 0.761608 0.648038
vn 0.000000 0.761608 0.648038
vn 0.000000 0.761608 0.648038
vn 0.000000 0.761608 0.648038
vn -1.000000 0.000000 0.000000
vn -1.000000 0.000000 0.000000
vn -1.000000 0.000000 0.000000
vn -1.000000 0.000000 0.000000
vn 1.000000 0.000000 0.000000
vn 1.000000 0.000000 0.000000
vn 1.000000 0.000000 0.000000
vn 1.000000 0.000000 0.000000
vn 0.000000 0.000000 1.000000
vn 0.000000 0.000000 1.000000
vn 0.000000 0.000000 1.000000
vn 0.000000 0.000000 1.000000
vn 0.000000 0.999561 -0.029618
vn 0.000000 0.999561 -0.029618
vn 0.000000 0.999561 -0.029618
vn 0.000000 0.999561 -0.029618
vn 0.000000 0.791441 -0.611246
vn 0.000000 0.791441 -0.611246
vn 0.000000 0.791441 -0.611246
vn 0.000000 0.791441 -0.611246
vn 1.000000 -0.000000 0.000000
vn 1.000000 -0.000000 0.000000
vn 1.000000 -0.000000 0.000000
vn 1.000000 -0.000000 0.000000
vn -1.000000 0.000000 0.000000
vn -1.000000 0.000000 0.000000
vn -1.000000 0.000000 0.000000
vn -1.000000 0.000000 0.000000
s off
g CHEOPS_LowPoly pCube32 polySurface22
usemtl lambert3SG
f 2316/3376/3354 2319/3377/3355 2318/3378/3356 2317/3379/3357
s 1
f 2304/3380/3358 2315/3381/3359 2314/3407/3360 2305/3406/3361
s off
f 2320/3384/3362 2323/3385/3363 2322/3386/3364 2321/3387/3365
s 2
f 2315/3381/3366 2304/3380/3367 2302/3388/3368 2312/3411/3369
s 1
g textureEditorIsolateSelectSet CHEOPS_LowPoly pCube32 polySurface22
f 2306/3419/3370 2308/3416/3371 2309/3392/3372 2307/3417/3373
s off
f 2307/3417/3374 2309/3392/3375 2310/3394/3376 2301/3395/3377
s 3
f 2301/3395/3378 2310/3394/3379 2311/3396/3380 2300/3397/3381
s off
f 2300/3397/3382 2311/3396/3383 2308/3391/3384 2306/3415/3385
s 3
g CHEOPS_LowPoly pCube32 polySurface22
f 2300/3421/3381 2312/3401/3386 2313/3403/3387 2301/3418/3378
s off
f 2301/3418/3388 2313/3403/3389 2314/3402/3390 2307/3393/3391
s 1
f 2315/3400/3359 2306/3390/3370 2307/3393/3373 2314/3402/3360
s 2
f 2306/3420/3392 2315/3414/3366 2312/3401/3369 2300/3421/3393
s off
f 2312/3412/3394 2316/3376/3395 2317/3379/3396 2313/3410/3397
f 2313/3404/3398 2317/3379/3399 2318/3378/3400 2303/3399/3401
s 2
f 2302/3413/3368 2319/3377/3402 2316/3376/3403 2312/3389/3369
s off
f 2313/3409/3404 2320/3384/3405 2321/3387/3406 2314/3382/3407
s 1
f 2314/3408/3360 2321/3387/3408 2322/3386/3409 2305/3383/3361
s off
f 2303/3405/3410 2323/3385/3411 2320/3384/3412 2313/3398/3413
f 2340/3422/3414 2341/3423/3415 2342/3424/3416 2343/3425/3417
s 4
f 2328/3426/3418 2329/3427/3419 2338/3428/3420 2339/3429/3421
s off
f 2344/3430/3422 2345/3431/3423 2346/3432/3424 2347/3433/3425
s 5
f 2339/3429/3426 2336/3434/3427 2326/3435/3428 2328/3426/3429
s 4
f 2330/3436/3430 2331/3437/3431 2333/3438/3432 2332/3439/3433
s off
f 2331/3440/3434 2325/3441/3435 2334/3442/3436 2333/3443/3437
s 6
f 2325/3441/3438 2324/3444/3439 2335/3445/3440 2334/3446/3441
s off
f 2324/3447/3442 2330/3436/3443 2332/3439/3444 2335/3448/3445
s 6
f 2324/3444/3439 2325/3441/3438 2337/3449/3446 2336/3450/3447
s off
f 2325/3441/3448 2331/3440/3449 2338/3451/3450 2337/3449/3451
s 4
f 2339/3452/3421 2338/3453/3420 2331/3437/3431 2330/3436/3430
s 5
f 2330/3436/3452 2324/3447/3453 2336/3454/3427 2339/3452/3426
s off
f 2336/3455/3454 2337/3456/3455 2341/3423/3456 2340/3422/3457
f 2337/3456/3458 2327/3457/3459 2342/3458/3460 2341/3423/3461
s 5
f 2326/3435/3428 2336/3434/3427 2340/3459/3462 2343/3460/3463
s off
f 2337/3461/3464 2338/3462/3465 2345/3431/3466 2344/3430/3467
s 4
f 2338/3428/3420 2329/3427/3419 2346/3463/3468 2345/3464/3469
s off
f 2329/3465/3470 2327/3466/3471 2347/3433/3472 2346/3432/3473
f 2327/3466/3474 2337/3467/3475 2344/3468/3476 2347/3433/3477
f 2353/3469/3478 2351/3470/3479 2348/3471/3480 2349/3472/3481
f 2361/3473/3482 2359/3474/3483 2354/3475/3484 2357/3476/3485
f 2348/3471/3486 2356/3477/3487 2355/3478/3488 2349/3472/3489
f 2358/3479/3490 2360/3480/3491 2350/3481/3492 2352/3482/3493
f 2352/3483/3494 2353/3484/3495 2349/3485/3496 2355/3486/3497 2354/3487/3498 2359/3488/3499 2358/3489/3500
f 2350/3481/3501 2351/3470/3502 2353/3469/3503 2352/3482/3504
f 2354/3475/3505 2355/3478/3506 2356/3477/3507 2357/3476/3508
f 2360/3490/3509 2361/3491/3510 2357/3492/3511 2356/3493/3512 2348/3494/3513 2351/3495/3514 2350/3496/3515
f 2358/3497/3516 2359/3474/3517 2361/3473/3518 2360/3498/3519
f 2367/3499/3520 2365/3500/3521 2362/3501/3522 2363/3502/3523
f 2375/3503/3524 2373/3504/3525 2368/3505/3526 2371/3506/3527
f 2362/3501/3528 2370/3507/3529 2369/3508/3530 2363/3502/3531
f 2372/3509/3532 2374/3510/3533 2364/3511/3534 2366/3512/3535
f 2366/3513/3536 2367/3514/3537 2363/3515/3538 2369/3516/3539 2368/3517/3540 2373/3518/3541 2372/3519/3542
f 2364/3511/3543 2365/3500/3544 2367/3499/3545 2366/3512/3546
f 2368/3505/3547 2369/3520/3548 2370/3521/3549 2371/3506/3550
f 2374/3522/3551 2375/3523/3552 2371/3524/3553 2370/3525/3554 2362/3526/3555 2365/3527/3556 2364/3528/3557
f 2372/3509/3558 2373/3504/3559 2375/3503/3560 2374/3510/3561
f 2384/3529/3562 2385/4083/3563 2386/4079/3564 2387/4078/3565
f 2387/3532/3566 2386/3531/3567 2388/4087/3568 2389/4086/3569
f 2389/3534/3570 2388/3533/3571 2390/4077/3572 2391/4076/3573
f 2391/3536/3574 2390/3535/3575 2385/3530/3576 2384/4082/3577
s 7
f 2377/4080/3578 2379/3538/3579 2386/4079/3580 2385/4083/3581
f 2379/4074/3579 2381/3541/3582 2388/4087/3583 2386/3531/3580
f 2381/4084/3582 2383/3543/3584 2390/4077/3585 2388/3533/3583
f 2383/4072/3584 2377/3537/3578 2385/3530/3581 2390/3535/3585
s off
f 2379/3538/3586 2377/4080/3587 2376/4081/3588 2378/3539/3589
f 2381/3541/3590 2379/4074/3591 2378/4075/3592 2380/3542/3593
f 2383/3543/3594 2381/4084/3595 2380/4085/3596 2382/3544/3597
f 2377/3537/3598 2383/4072/3599 2382/4073/3600 2376/3540/3601
s 8
f 2392/3545/3602 2393/3546/3603 2432/3547/3604 2433/3548/3605
f 2393/3546/3603 2394/3549/3606 2451/3550/3607 2432/3547/3604
f 2394/3549/3606 2395/3551/3608 2450/3552/3609 2451/3550/3607
f 2395/3551/3608 2396/3553/3610 2449/3554/3611 2450/3552/3609
f 2396/3553/3610 2397/3555/3612 2448/3556/3613 2449/3554/3611
f 2397/3555/3612 2398/3557/3614 2447/3558/3615 2448/3556/3613
f 2398/3557/3614 2399/3559/3616 2446/3560/3617 2447/3558/3615
f 2399/3559/3616 2400/3561/3618 2445/3562/3619 2446/3560/3617
f 2400/3561/3618 2401/3563/3620 2444/3564/3621 2445/3562/3619
f 2401/3563/3620 2402/3565/3622 2443/3566/3623 2444/3564/3621
f 2402/3565/3622 2403/3567/3624 2442/3568/3625 2443/3566/3623
f 2403/3567/3624 2404/3569/3626 2441/3570/3627 2442/3568/3625
f 2404/3569/3626 2405/3571/3628 2440/3572/3629 2441/3570/3627
f 2405/3571/3628 2406/3573/3630 2439/3574/3631 2440/3572/3629
f 2406/3573/3630 2407/3575/3632 2438/3576/3633 2439/3574/3631
f 2407/3575/3632 2408/3577/3634 2437/3578/3635 2438/3576/3633
f 2408/3577/3634 2409/3579/3636 2436/3580/3637 2437/3578/3635
f 2409/3579/3636 2410/3581/3638 2435/3582/3639 2436/3580/3637
f 2410/3581/3638 2411/3583/3640 2434/3584/3641 2435/3582/3639
f 2411/4090/3640 2392/3545/3602 2433/3548/3605 2434/4088/3641
f 2433/3548/3605 2432/3547/3604 2413/3585/3642 2412/3586/3643
f 2434/4088/3641 2433/3548/3605 2412/3586/3643 2431/3587/3644
f 2435/3582/3639 2434/3584/3641 2431/4089/3644 2430/3588/3645
f 2436/3580/3637 2435/3582/3639 2430/3588/3645 2429/3589/3646
f 2437/3578/3635 2436/3580/3637 2429/3589/3646 2428/3590/3647
f 2438/3576/3633 2437/3578/3635 2428/3590/3647 2427/3591/3648
f 2439/3574/3631 2438/3576/3633 2427/3591/3648 2426/3592/3649
f 2440/3572/3629 2439/3574/3631 2426/3592/3649 2425/3593/3650
f 2441/3570/3627 2440/3572/3629 2425/3593/3650 2424/3594/3651
f 2442/3568/3625 2441/3570/3627 2424/3594/3651 2423/3595/3652
f 2443/3566/3623 2442/3568/3625 2423/3595/3652 2422/3596/3653
f 2444/3564/3621 2443/3566/3623 2422/3596/3653 2421/3597/3654
f 2445/3562/3619 2444/3564/3621 2421/3597/3654 2420/3598/3655
f 2446/3560/3617 2445/3562/3619 2420/3598/3655 2419/3599/3656
f 2447/3558/3615 2446/3560/3617 2419/3599/3656 2418/3600/3657
f 2448/3556/3613 2447/3558/3615 2418/3600/3657 2417/3601/3658
f 2449/3554/3611 2448/3556/3613 2417/3601/3658 2416/3602/3659
f 2450/3552/3609 2449/3554/3611 2416/3602/3659 2415/3603/3660
f 2451/3550/3607 2450/3552/3609 2415/3603/3660 2414/3604/3661
f 2432/3547/3604 2451/3550/3607 2414/3604/3661 2413/3585/3642
s 9
f 2472/3625/3662 2473/4071/3663 2511/4052/3664 2510/4092/3665
f 2473/4071/3663 2472/3625/3662 2474/3627/3666 2475/4070/3667
f 2475/4070/3667 2474/3627/3666 2476/3628/3668 2477/4069/3669
f 2477/4069/3669 2476/3628/3668 2478/3629/3670 2479/4068/3671
f 2479/4068/3671 2478/3629/3670 2480/3630/3672 2481/4067/3673
f 2481/4067/3673 2480/3630/3672 2482/3631/3674 2483/4066/3675
f 2483/4066/3675 2482/3631/3674 2484/3632/3676 2485/4065/3677
f 2485/4065/3677 2484/3632/3676 2486/3633/3678 2487/4064/3679
f 2487/4064/3679 2486/3633/3678 2488/3634/3680 2489/4063/3681
f 2489/4063/3681 2488/3634/3680 2490/3635/3682 2491/4051/3683
f 2491/4051/3683 2490/3635/3682 2492/3636/3684 2493/4062/3685
f 2493/4062/3685 2492/3636/3684 2494/3637/3686 2495/4061/3687
f 2495/4061/3687 2494/3637/3686 2496/3638/3688 2497/4060/3689
f 2497/4060/3689 2496/3638/3688 2498/3639/3690 2499/4059/3691
f 2499/4059/3691 2498/3639/3690 2500/3640/3692 2501/4058/3693
f 2501/4058/3693 2500/3640/3692 2502/3641/3694 2503/4057/3695
f 2503/4057/3695 2502/3641/3694 2504/3642/3696 2505/4056/3697
f 2505/4056/3697 2504/3642/3696 2506/3643/3698 2507/4055/3699
f 2507/4055/3699 2506/3643/3698 2508/3644/3700 2509/4054/3701
f 2509/4054/3701 2508/3644/3700 2510/3626/3665 2511/4053/3664
s 10
f 2452/3605/3702 2453/3606/3703 2474/3627/3704 2472/3625/3705
f 2453/3606/3703 2454/3608/3706 2476/3628/3707 2474/3627/3704
f 2454/3608/3706 2455/3609/3708 2478/3629/3709 2476/3628/3707
f 2455/3609/3708 2456/3610/3710 2480/3630/3711 2478/3629/3709
f 2456/3610/3710 2457/3611/3712 2482/3631/3713 2480/3630/3711
f 2457/3611/3712 2458/3612/3714 2484/3632/3715 2482/3631/3713
f 2458/3612/3714 2459/3613/3716 2486/3633/3717 2484/3632/3715
f 2459/3613/3716 2460/3614/3718 2488/3634/3719 2486/3633/3717
f 2460/3614/3718 2461/3615/3720 2490/3635/3721 2488/3634/3719
f 2461/3615/3720 2462/3616/3722 2492/3636/3723 2490/3635/3721
f 2462/3616/3722 2463/3617/3724 2494/3637/3725 2492/3636/3723
f 2463/3617/3724 2464/3618/3726 2496/3638/3727 2494/3637/3725
f 2464/3618/3726 2465/3619/3728 2498/3639/3729 2496/3638/3727
f 2465/3619/3728 2466/3620/3730 2500/3640/3731 2498/3639/3729
f 2466/3620/3730 2467/3621/3732 2502/3641/3733 2500/3640/3731
f 2467/3621/3732 2468/3622/3734 2504/3642/3735 2502/3641/3733
f 2468/3622/3734 2469/3623/3736 2506/3643/3737 2504/3642/3735
f 2469/3623/3736 2470/3624/3738 2508/3644/3739 2506/3643/3737
f 2470/3624/3738 2471/3607/3740 2510/3626/3741 2508/3644/3739
f 2471/4091/3740 2452/3605/3702 2472/3625/3705 2510/4092/3741
s 11
f 2552/3790/3742 2553/3655/3743 2591/3674/3744 2590/3793/3745
f 2553/3655/3743 2552/3790/3742 2554/3794/3746 2555/3656/3747
f 2555/3656/3747 2554/3794/3746 2556/3796/3748 2557/3657/3749
f 2557/3657/3749 2556/3796/3748 2558/3798/3750 2559/3658/3751
f 2559/3658/3751 2558/3798/3750 2560/3800/3752 2561/3659/3753
f 2561/3659/3753 2560/3800/3752 2562/3802/3754 2563/3660/3755
f 2563/3660/3755 2562/3802/3754 2564/3804/3756 2565/3661/3757
f 2565/3661/3757 2564/3804/3756 2566/3806/3758 2567/3662/3759
f 2567/3662/3759 2566/3806/3758 2568/3808/3760 2569/3663/3761
f 2569/3663/3761 2568/3808/3760 2570/3810/3762 2571/3664/3763
f 2571/3664/3763 2570/3810/3762 2572/3812/3764 2573/3665/3765
f 2573/3665/3765 2572/3812/3764 2574/3814/3766 2575/3666/3767
f 2575/3666/3767 2574/3814/3766 2576/3816/3768 2577/3667/3769
f 2577/3667/3769 2576/3816/3768 2578/3818/3770 2579/3668/3771
f 2579/3668/3771 2578/3818/3770 2580/3820/3772 2581/3649/3773
f 2581/3669/3773 2580/3645/3772 2582/3822/3774 2583/3670/3775
f 2583/3670/3775 2582/3822/3774 2584/3824/3776 2585/3671/3777
f 2585/3671/3777 2584/3824/3776 2586/3826/3778 2587/3672/3779
f 2587/3672/3779 2586/3826/3778 2588/3828/3780 2589/3673/3781
f 2589/3673/3781 2588/3828/3780 2590/3793/3745 2591/3674/3744
s 12
f 2512/3830/3782 2514/3831/3783 2554/3794/3784 2552/3790/3785
f 2514/3831/3783 2516/3832/3786 2556/3796/3787 2554/3794/3784
f 2516/3832/3786 2518/3833/3788 2558/3798/3789 2556/3796/3787
f 2518/3833/3788 2520/3834/3790 2560/3800/3791 2558/3798/3789
f 2520/3834/3790 2522/3835/3792 2562/3802/3793 2560/3800/3791
f 2522/3835/3792 2524/3836/3794 2564/3804/3795 2562/3802/3793
f 2524/3836/3794 2526/3837/3796 2566/3806/3797 2564/3804/3795
f 2526/3837/3796 2528/3838/3798 2568/3808/3799 2566/3806/3797
f 2528/3838/3798 2530/3839/3800 2570/3810/3801 2568/3808/3799
f 2530/3839/3800 2532/3840/3802 2572/3812/3803 2570/3810/3801
f 2532/3840/3802 2534/3841/3804 2574/3814/3805 2572/3812/3803
f 2534/3841/3804 2536/3842/3806 2576/3816/3807 2574/3814/3805
f 2536/3842/3806 2538/3843/3808 2578/3818/3809 2576/3816/3807
f 2538/3843/3808 2540/3844/3810 2580/3820/3811 2578/3818/3809
f 2540/3646/3810 2542/3845/3812 2582/3822/3813 2580/3645/3811
f 2542/3845/3812 2544/3846/3814 2584/3824/3815 2582/3822/3813
f 2544/3846/3814 2546/3847/3816 2586/3826/3817 2584/3824/3815
f 2546/3847/3816 2548/3848/3818 2588/3828/3819 2586/3826/3817
f 2548/3848/3818 2550/3849/3820 2590/3793/3821 2588/3828/3819
f 2550/3849/3820 2512/3830/3782 2552/3790/3785 2590/3793/3821
s 13
f 2515/3850/3822 2513/3851/3823 2553/3791/3824 2555/3795/3825
f 2513/3851/3823 2551/3852/3826 2591/3792/3827 2553/3791/3824
f 2517/3853/3828 2515/3850/3822 2555/3795/3825 2557/3797/3829
f 2519/3854/3830 2517/3853/3828 2557/3797/3829 2559/3799/3831
f 2521/3855/3832 2519/3854/3830 2559/3799/3831 2561/3801/3833
f 2523/3856/3834 2521/3855/3832 2561/3801/3833 2563/3803/3835
f 2525/3857/3836 2523/3856/3834 2563/3803/3835 2565/3805/3837
f 2527/3858/3838 2525/3857/3836 2565/3805/3837 2567/3807/3839
f 2529/3859/3840 2527/3858/3838 2567/3807/3839 2569/3809/3841
f 2531/3860/3842 2529/3859/3840 2569/3809/3841 2571/3811/3843
f 2533/3861/3844 2531/3860/3842 2571/3811/3843 2573/3813/3845
f 2535/3862/3846 2533/3861/3844 2573/3813/3845 2575/3815/3847
f 2537/3863/3848 2535/3862/3846 2575/3815/3847 2577/3817/3849
f 2539/3864/3850 2537/3863/3848 2577/3817/3849 2579/3819/3851
f 2541/3647/3852 2539/3864/3850 2579/3819/3851 2581/3648/3853
f 2543/3866/3854 2541/3865/3852 2581/3821/3853 2583/3823/3855
f 2545/3867/3856 2543/3866/3854 2583/3823/3855 2585/3825/3857
f 2547/3868/3858 2545/3867/3856 2585/3825/3857 2587/3827/3859
f 2549/3869/3860 2547/3868/3858 2587/3827/3859 2589/3829/3861
f 2551/3852/3826 2549/3869/3860 2589/3829/3861 2591/3792/3827
s 14
f 2632/3870/3862 2633/3675/3863 2671/3694/3864 2670/3873/3865
f 2633/3675/3863 2632/3870/3862 2634/3874/3866 2635/3676/3867
f 2635/3676/3867 2634/3874/3866 2636/3876/3868 2637/3677/3869
f 2637/3677/3869 2636/3876/3868 2638/3878/3870 2639/3678/3871
f 2639/3678/3871 2638/3878/3870 2640/3880/3872 2641/3679/3873
f 2641/3679/3873 2640/3880/3872 2642/3882/3874 2643/3680/3875
f 2643/3680/3875 2642/3882/3874 2644/3884/3876 2645/3681/3877
f 2645/3681/3877 2644/3884/3876 2646/3886/3878 2647/3682/3879
f 2647/3682/3879 2646/3886/3878 2648/3888/3880 2649/3683/3881
f 2649/3683/3881 2648/3888/3880 2650/3890/3882 2651/3684/3883
f 2651/3684/3883 2650/3890/3882 2652/3892/3884 2653/3685/3885
f 2653/3685/3885 2652/3892/3884 2654/3894/3886 2655/3686/3887
f 2655/3686/3887 2654/3894/3886 2656/3896/3888 2657/3687/3889
f 2657/3687/3889 2656/3896/3888 2658/3898/3890 2659/3688/3891
f 2659/3688/3891 2658/3898/3890 2660/3900/3892 2661/3689/3893
f 2661/3689/3893 2660/3900/3892 2662/3902/3894 2663/3654/3895
f 2663/3690/3895 2662/3650/3894 2664/3904/3896 2665/3691/3897
f 2665/3691/3897 2664/3904/3896 2666/3906/3898 2667/3692/3899
f 2667/3692/3899 2666/3906/3898 2668/3908/3900 2669/3693/3901
f 2669/3693/3901 2668/3908/3900 2670/3873/3865 2671/3694/3864
s 15
f 2592/3910/3902 2594/3911/3903 2634/3874/3904 2632/3870/3905
f 2594/3911/3903 2596/3912/3906 2636/3876/3907 2634/3874/3904
f 2596/3912/3906 2598/3913/3908 2638/3878/3909 2636/3876/3907
f 2598/3913/3908 2600/3914/3910 2640/3880/3911 2638/3878/3909
f 2600/3914/3910 2602/3915/3912 2642/3882/3913 2640/3880/3911
f 2602/3915/3912 2604/3916/3914 2644/3884/3915 2642/3882/3913
f 2604/3916/3914 2606/3917/3916 2646/3886/3917 2644/3884/3915
f 2606/3917/3916 2608/3918/3918 2648/3888/3919 2646/3886/3917
f 2608/3918/3918 2610/3919/3920 2650/3890/3921 2648/3888/3919
f 2610/3919/3920 2612/3920/3922 2652/3892/3923 2650/3890/3921
f 2612/3920/3922 2614/3921/3924 2654/3894/3925 2652/3892/3923
f 2614/3921/3924 2616/3922/3926 2656/3896/3927 2654/3894/3925
f 2616/3922/3926 2618/3923/3928 2658/3898/3929 2656/3896/3927
f 2618/3923/3928 2620/3924/3930 2660/3900/3931 2658/3898/3929
f 2620/3924/3930 2622/3925/3932 2662/3902/3933 2660/3900/3931
f 2622/3651/3932 2624/3926/3934 2664/3904/3935 2662/3650/3933
f 2624/3926/3934 2626/3927/3936 2666/3906/3937 2664/3904/3935
f 2626/3927/3936 2628/3928/3938 2668/3908/3939 2666/3906/3937
f 2628/3928/3938 2630/3929/3940 2670/3873/3941 2668/3908/3939
f 2630/3929/3940 2592/3910/3902 2632/3870/3905 2670/3873/3941
s 16
f 2595/3930/3942 2593/3931/3943 2633/3871/3944 2635/3875/3945
f 2593/3931/3943 2631/3932/3946 2671/3872/3947 2633/3871/3944
f 2597/3933/3948 2595/3930/3942 2635/3875/3945 2637/3877/3949
f 2599/3934/3950 2597/3933/3948 2637/3877/3949 2639/3879/3951
f 2601/3935/3952 2599/3934/3950 2639/3879/3951 2641/3881/3953
f 2603/3936/3954 2601/3935/3952 2641/3881/3953 2643/3883/3955
f 2605/3937/3956 2603/3936/3954 2643/3883/3955 2645/3885/3957
f 2607/3938/3958 2605/3937/3956 2645/3885/3957 2647/3887/3959
f 2609/3939/3960 2607/3938/3958 2647/3887/3959 2649/3889/3961
f 2611/3940/3962 2609/3939/3960 2649/3889/3961 2651/3891/3963
f 2613/3941/3964 2611/3940/3962 2651/3891/3963 2653/3893/3965
f 2615/3942/3966 2613/3941/3964 2653/3893/3965 2655/3895/3967
f 2617/3943/3968 2615/3942/3966 2655/3895/3967 2657/3897/3969
f 2619/3944/3970 2617/3943/3968 2657/3897/3969 2659/3899/3971
f 2621/3945/3972 2619/3944/3970 2659/3899/3971 2661/3901/3973
f 2623/3652/3974 2621/3945/3972 2661/3901/3973 2663/3653/3975
f 2625/3947/3976 2623/3946/3974 2663/3903/3975 2665/3905/3977
f 2627/3948/3978 2625/3947/3976 2665/3905/3977 2667/3907/3979
f 2629/3949/3980 2627/3948/3978 2667/3907/3979 2669/3909/3981
f 2631/3932/3946 2629/3949/3980 2669/3909/3981 2671/3872/3947
s off
f 2683/3726/3982 2684/3725/3983 2685/4008/3984 2686/3723/3985
f 2677/3722/3986 2678/3721/3987 2673/3720/3988 2672/3719/3989
f 2687/3718/3990 2688/3717/3991 2689/4006/3992 2690/3715/3993
f 2672/3719/3994 2673/3720/3995 2680/4011/3996 2679/3713/3997
f 2673/3720/3998 2678/3721/3999 2681/4010/4000 2680/3714/4001
f 2682/4009/4002 2681/3712/4003 2678/3721/4004 2677/3722/4005
f 2677/3722/4006 2672/3719/4007 2679/4013/4008 2682/3711/4009
f 2679/3713/4010 2680/4011/4011 2684/3725/4012 2683/3726/4013
f 2680/4011/4014 2675/4012/4015 2685/3724/4016 2684/3725/4017
f 2674/3709/4018 2679/3713/4019 2683/3726/4020 2686/4007/4021
f 2680/3714/4022 2681/4010/4023 2688/3717/4024 2687/3718/4025
f 2681/4010/4026 2676/3708/4027 2689/3716/4028 2688/3717/4029
f 2675/3710/4030 2680/3714/4031 2687/3718/4032 2690/4005/4033
f 2702/3736/4034 2705/3998/4035 2704/3738/4036 2703/3739/4037
f 2696/3740/4038 2691/3741/4039 2692/3742/4040 2697/3743/4041
f 2706/3744/4042 2709/3996/4043 2708/3746/4044 2707/3747/4045
f 2691/3741/4046 2698/4004/4047 2699/4002/4048 2692/3742/4049
f 2692/3742/4050 2699/3749/4051 2700/3750/4052 2697/3743/4053
f 2701/3751/4054 2696/3740/4055 2697/3743/4056 2700/4001/4057
f 2696/3740/4058 2701/4000/4059 2698/3748/4060 2691/3741/4061
f 2698/4004/4062 2702/3736/4063 2703/3739/4064 2699/4002/4065
f 2699/4002/4066 2703/3739/4067 2704/3999/4068 2694/3752/4069
f 2693/3753/4070 2705/3737/4071 2702/3736/4072 2698/4004/4073
f 2699/3749/4074 2706/3744/4075 2707/3747/4076 2700/3750/4077
f 2700/3750/4078 2707/3747/4079 2708/3997/4080 2695/3754/4081
f 2694/4003/4082 2709/3745/4083 2706/3744/4084 2699/3749/4085
f 2722/3707/4086 2723/3706/4087 2724/3966/4088 2725/3704/4089
f 2726/3969/4090 2727/3702/4091 2728/3701/4092 2729/3700/4093
s 17
f 2716/3995/4094 2717/3698/4095 2741/3697/4096 2742/3990/4097
s 18
f 2738/3695/4098 2739/3727/4099 2731/3728/4100 2732/3970/4101
s 19
f 2734/3730/4102 2744/3731/4103 2745/3732/4104 2737/3733/4105
s off
f 2710/3991/4106 2711/3735/4107 2719/3963/4108 2718/3961/4109
s 20
f 2740/3779/4110 2741/3992/4111 2717/3994/4112 2720/3780/4113
s off
f 2721/3965/4114 2720/3964/4115 2717/3698/4116 2716/3995/4117
s 21
f 2716/3699/4118 2742/3696/4119 2743/3782/4120 2721/3781/4121
s off
f 2718/3961/4122 2719/3963/4123 2723/3706/4124 2722/3707/4125
f 2719/3963/4126 2713/3962/4127 2724/3705/4128 2723/3706/4129
f 2712/3784/4130 2718/3961/4131 2722/3707/4132 2725/3967/4133
f 2715/3785/4134 2720/3964/4135 2728/3701/4136 2727/3968/4137
f 2720/3964/4138 2721/3965/4139 2729/3700/4140 2728/3701/4141
f 2721/3965/4142 2714/3958/4143 2726/3703/4144 2729/3700/4145
s 22
f 2739/3727/4146 2740/3779/4147 2720/3780/4148 2731/3728/4149
s off
f 2720/3780/4150 2715/3959/4151 2732/3729/4152 2731/3728/4153
f 2713/3783/4154 2719/3777/4155 2730/3787/4156 2733/3971/4157
s 23
f 2721/3781/4158 2743/3782/4159 2744/3731/4160 2734/3730/4161
s off
f 2718/3778/4162 2712/3960/4163 2736/3789/4164 2735/4050/4165
f 2714/3786/4166 2721/3781/4167 2734/3730/4168 2737/3973/4169
s 18
f 2730/3787/4170 2739/3727/4099 2738/3695/4098 2733/3788/4171
s 22
f 2719/3777/4172 2740/3779/4147 2739/3727/4146 2730/3787/4173
s 20
f 2711/3993/4174 2741/3992/4111 2740/3779/4110 2719/3777/4175
s 17
f 2742/3990/4097 2741/3697/4096 2711/3735/4176 2710/3991/4177
s 21
f 2743/3782/4120 2742/3696/4119 2710/3734/4178 2718/3778/4179
s 23
f 2744/3731/4160 2743/3782/4159 2718/3778/4180 2735/4050/4181
s 19
f 2745/3732/4104 2744/3731/4103 2735/4050/4182 2736/3972/4183
s off
f 2758/4049/4184 2759/4048/4185 2760/3982/4186 2761/4046/4187
f 2762/3985/4188 2763/4044/4189 2764/4043/4190 2765/4042/4191
s 24
f 2752/3771/4192 2753/4040/4193 2777/4039/4194 2778/3776/4195
s 25
f 2774/4037/4196 2775/4036/4197 2767/4035/4198 2768/3986/4199
s 26
f 2770/4033/4200 2780/4032/4201 2781/4031/4202 2773/4030/4203
s off
f 2746/3775/4204 2747/4028/4205 2755/3979/4206 2754/3977/4207
s 27
f 2776/4025/4208 2777/3774/4209 2753/3772/4210 2756/4024/4211
s off
f 2757/3981/4212 2756/3980/4213 2753/4040/4214 2752/3771/4215
s 28
f 2752/4041/4216 2778/4038/4217 2779/4022/4218 2757/4023/4219
s off
f 2754/3977/4220 2755/3979/4221 2759/4048/4222 2758/4049/4223
f 2755/3979/4224 2749/3978/4225 2760/4047/4226 2759/4048/4227
f 2748/4020/4228 2754/3977/4229 2758/4049/4230 2761/3983/4231
f 2751/4019/4232 2756/3980/4233 2764/4043/4234 2763/3984/4235
f 2756/3980/4236 2757/3981/4237 2765/4042/4238 2764/4043/4239
f 2757/3981/4240 2750/3974/4241 2762/4045/4242 2765/4042/4243
s 29
f 2775/4036/4244 2776/4025/4245 2756/4024/4246 2767/4035/4247
s off
f 2756/4024/4248 2751/3975/4249 2768/4034/4250 2767/4035/4251
f 2749/4021/4252 2755/4027/4253 2766/4017/4254 2769/3987/4255
s 30
f 2757/4023/4256 2779/4022/4257 2780/4032/4258 2770/4033/4259
s off
f 2754/4026/4260 2748/3976/4261 2772/4015/4262 2771/4014/4263
f 2750/4018/4264 2757/4023/4265 2770/4033/4266 2773/3989/4267
s 25
f 2766/4017/4268 2775/4036/4197 2774/4037/4196 2769/4016/4269
s 29
f 2755/4027/4270 2776/4025/4245 2775/4036/4244 2766/4017/4271
s 27
f 2747/3773/4272 2777/3774/4209 2776/4025/4208 2755/4027/4273
s 24
f 2778/3776/4195 2777/4039/4194 2747/4028/4274 2746/3775/4275
s 28
f 2779/4022/4218 2778/4038/4217 2746/4029/4276 2754/4026/4277
s 30
f 2780/4032/4258 2779/4022/4257 2754/4026/4278 2771/4014/4279
s 26
f 2781/4031/4202 2780/4032/4201 2771/4014/4280 2772/3988/4281
s off
f 2782/3755/4282 2783/3756/4283 2785/3757/4284 2784/3758/4285
f 2784/3758/4286 2785/3757/4287 2787/3953/4288 2786/3760/4289
f 2786/3760/4290 2787/3953/4291 2789/3952/4292 2788/3762/4293
f 2783/3756/4294 2789/3761/4295 2787/3759/4296 2785/3757/4297
f 2788/3950/4298 2782/3755/4299 2784/3758/4300 2786/3951/4301
f 2790/3763/4302 2791/3764/4303 2793/3765/4304 2792/3766/4305
f 2792/3766/4306 2793/3765/4307 2795/3957/4308 2794/3768/4309
f 2794/3768/4310 2795/3957/4311 2797/3956/4312 2796/3770/4313
f 2791/3764/4314 2797/3769/4315 2795/3767/4316 2793/3765/4317
f 2796/3954/4318 2790/3763/4319 2792/3766/4320 2794/3955/4321
g default
v 534.051575 345.824402 230.157974
v 534.051575 332.912811 230.150375
v 260.326569 333.482086 230.154175
v 260.326569 346.393677 230.154175
v 534.051575 575.364746 -2.754159
v 534.051575 502.479919 164.402451
v 260.326569 502.755768 164.400665
v 260.326569 575.382080 -2.754159
v 534.051575 169.620239 176.804703
v 527.035400 72.390007 2.135896
v 221.919876 72.390007 2.135896
v 260.326569 169.879852 176.806427
v 534.051575 306.550537 -245.015854
v 534.051575 345.828491 -245.015854
v 260.326569 345.828491 -245.015854
v 260.326569 306.550537 -245.015854
v 534.051575 161.277008 -183.827087
v 260.326569 161.277008 -183.827087
v 534.051575 510.506683 -162.837280
v 260.326569 510.516357 -162.837280
v 527.035400 72.390007 2.135652
v 221.919876 72.390007 2.135652
vt 0.360568 0.636191
vt 0.361226 0.632733
vt 0.429411 0.646895
vt 0.428245 0.651604
vt 0.362390 0.768099
vt 0.315674 0.730838
vt 0.347469 0.681565
vt 0.408517 0.709907
vt 0.430817 0.587353
vt 0.362008 0.580507
vt 0.367332 0.512282
vt 0.425376 0.523325
vt 0.448412 0.648305
vt 0.448913 0.635710
vt 0.514684 0.638327
vt 0.514183 0.650922
vt 0.512335 0.697355
vt 0.446564 0.694738
vt 0.517032 0.579304
vt 0.451261 0.576690
vt 0.453745 0.514250
vt 0.519516 0.516863
vt 0.443800 0.764205
vt 0.509571 0.766822
vn -0.000550 -0.361740 -0.932279
vn 0.000430 0.289602 -0.957147
vn 0.000429 0.289502 -0.957177
vn -0.000550 -0.361862 -0.932232
vn -0.000490 -0.916911 -0.399091
vn -0.000490 -0.916911 -0.399091
vn -0.000579 -0.712543 -0.701629
vn -0.000579 -0.712782 -0.701385
vn 0.000450 0.682327 -0.731047
vn 0.000453 0.663145 -0.748491
vn 0.000390 0.873453 -0.486909
vn 0.000390 0.873453 -0.486909
vn 0.000000 0.314707 0.949189
vn -0.000007 -0.373719 0.927542
vn -0.000007 -0.373719 0.927542
vn 0.000000 0.314707 0.949189
vn 0.000000 0.746599 0.665274
vn 0.000000 0.730236 0.683195
vn -0.000028 -0.725906 0.687794
vn -0.000028 -0.725898 0.687802
vn -0.000046 -0.926813 0.375523
vn -0.000046 -0.926813 0.375523
vn 0.000000 0.902232 0.431251
vn 0.000000 0.902232 0.431251
s 1
g CHEOPS_LowPoly polySurface20 polySurface14
usemtl blinn1SG1
f 2798/4093/4322 2799/4094/4323 2800/4095/4324 2801/4096/4325
f 2805/4097/4326 2802/4098/4327 2803/4099/4328 2804/4100/4329
f 2809/4101/4330 2806/4102/4331 2807/4103/4332 2808/4104/4333
s 2
f 2810/4105/4334 2811/4106/4335 2812/4107/4336 2813/4108/4337
f 2815/4109/4338 2814/4110/4339 2810/4105/4334 2813/4108/4337
f 2817/4111/4340 2816/4112/4341 2802/4113/4342 2805/4114/4343
s 1
f 2804/4100/4329 2803/4099/4328 2798/4093/4322 2801/4096/4325
s 2
f 2811/4106/4335 2816/4112/4341 2817/4111/4340 2812/4107/4336
f 2818/4115/4344 2814/4110/4339 2815/4109/4338 2819/4116/4345
s 1
f 2799/4094/4323 2806/4102/4331 2809/4101/4330 2800/4095/4324
g default
v 307.424316 70.011513 -91.247414
v 307.424316 109.420677 -167.761887
v 307.424286 170.802032 -228.484177
v 307.424316 248.147018 -267.470276
v 307.424316 333.884552 -280.903931
v 307.424255 419.622070 -267.470276
v 307.424316 496.966980 -228.484131
v 307.424316 558.348267 -167.761826
v 307.424286 597.757385 -91.247383
v 307.424286 611.336792 -6.430363
v 307.424286 597.757385 78.386597
v 307.424316 558.348267 154.901123
v 307.424316 496.966949 215.623383
v 307.424316 419.622070 254.609436
v 307.424316 333.884552 268.043091
v 307.424316 248.147079 254.609436
v 307.424286 170.802124 215.623367
v 307.424316 109.420868 154.901108
v 307.424316 70.011627 78.386574
v 307.424316 56.432209 -6.430366
v 723.256348 56.432209 -6.430366
v 723.256348 70.011513 -91.247414
v 723.256348 109.420677 -167.761887
v 723.256348 170.802032 -228.484177
v 723.256348 248.147018 -267.470276
v 723.256348 333.884552 -280.903931
v 723.256226 419.622070 -267.470276
v 723.256348 496.966980 -228.484131
v 723.256348 558.348267 -167.761826
v 723.256348 597.757385 -91.247383
v 723.256348 611.336792 -6.430363
v 723.256348 597.757385 78.386597
v 723.256348 558.348267 154.901123
v 723.256348 496.966949 215.623383
v 723.256348 419.622070 254.609436
v 723.256348 333.884552 268.043091
v 723.256348 248.147064 254.609436
v 723.256348 170.802109 215.623367
v 723.256348 109.420868 154.901108
v 723.256348 70.011635 78.386574
vt 0.881414 0.986505
vt 0.839316 0.986116
vt 0.841200 0.782319
vt 0.883298 0.782708
vt 0.797135 0.985726
vt 0.799019 0.781929
vt 0.754820 0.985335
vt 0.756704 0.781538
vt 0.712370 0.984942
vt 0.714254 0.781145
vt 0.669838 0.984549
vt 0.671722 0.780752
vt 0.627306 0.984155
vt 0.629190 0.780358
vt 0.584856 0.983763
vt 0.586740 0.779966
vt 0.542541 0.983372
vt 0.544425 0.779575
vt 0.500360 0.982982
vt 0.502244 0.779185
vt 0.458262 0.982593
vt 0.460146 0.778796
vt 0.416164 0.982203
vt 0.418048 0.778407
vt 0.373983 0.981813
vt 0.375867 0.778017
vt 0.331668 0.981422
vt 0.333552 0.777625
vt 0.289218 0.981030
vt 0.291102 0.777233
vt 0.246686 0.980637
vt 0.248570 0.776840
vt 0.204154 0.980243
vt 0.206038 0.776446
vt 0.161704 0.979851
vt 0.163589 0.776054
vt 0.119389 0.979460
vt 0.121273 0.775663
vt 0.077208 0.979070
vt 0.079092 0.775273
vt 0.035110 0.978680
vt 0.036994 0.774884
vn -0.000000 1.000000 -0.000001
vn 0.000000 0.950068 0.312045
vn 0.000000 0.950068 0.312045
vn -0.000000 1.000000 -0.000001
vn 0.000000 0.805984 0.591937
vn 0.000000 0.805984 0.591937
vn 0.000000 0.583632 0.812019
vn 0.000000 0.583632 0.812019
vn 0.000000 0.306011 0.952028
vn 0.000000 0.306011 0.952028
vn 0.000000 0.000000 1.000000
vn 0.000000 -0.000000 1.000000
vn 0.000000 -0.306012 0.952028
vn 0.000000 -0.306012 0.952028
vn 0.000000 -0.583632 0.812018
vn 0.000000 -0.583632 0.812018
vn 0.000000 -0.805984 0.591937
vn 0.000000 -0.805984 0.591937
vn 0.000000 -0.950067 0.312045
vn 0.000000 -0.950067 0.312045
vn 0.000000 -1.000000 0.000000
vn 0.000000 -1.000000 0.000000
vn 0.000000 -0.950067 -0.312045
vn 0.000000 -0.950067 -0.312045
vn 0.000000 -0.805984 -0.591937
vn 0.000000 -0.805984 -0.591937
vn 0.000000 -0.583632 -0.812019
vn 0.000000 -0.583632 -0.812019
vn 0.000000 -0.306011 -0.952028
vn 0.000000 -0.306011 -0.952028
vn 0.000000 0.000000 -1.000000
vn 0.000000 0.000000 -1.000000
vn -0.000000 0.306011 -0.952028
vn -0.000000 0.306011 -0.952028
vn 0.000000 0.583632 -0.812019
vn 0.000000 0.583632 -0.812019
vn -0.000000 0.805984 -0.591937
vn -0.000000 0.805984 -0.591937
vn -0.000000 0.950067 -0.312046
vn -0.000000 0.950067 -0.312046
s 1
g CHEOPS_LowPoly polySurface14 polySurface18
usemtl blinn1SG1
f 2840/4117/4346 2841/4118/4347 2820/4119/4348 2839/4120/4349
f 2841/4118/4347 2842/4121/4350 2821/4122/4351 2820/4119/4348
f 2842/4121/4350 2843/4123/4352 2822/4124/4353 2821/4122/4351
f 2843/4123/4352 2844/4125/4354 2823/4126/4355 2822/4124/4353
f 2844/4125/4354 2845/4127/4356 2824/4128/4357 2823/4126/4355
f 2845/4127/4356 2846/4129/4358 2825/4130/4359 2824/4128/4357
f 2846/4129/4358 2847/4131/4360 2826/4132/4361 2825/4130/4359
f 2847/4131/4360 2848/4133/4362 2827/4134/4363 2826/4132/4361
f 2848/4133/4362 2849/4135/4364 2828/4136/4365 2827/4134/4363
f 2849/4135/4364 2850/4137/4366 2829/4138/4367 2828/4136/4365
f 2850/4137/4366 2851/4139/4368 2830/4140/4369 2829/4138/4367
f 2851/4139/4368 2852/4141/4370 2831/4142/4371 2830/4140/4369
f 2852/4141/4370 2853/4143/4372 2832/4144/4373 2831/4142/4371
f 2853/4143/4372 2854/4145/4374 2833/4146/4375 2832/4144/4373
f 2854/4145/4374 2855/4147/4376 2834/4148/4377 2833/4146/4375
f 2855/4147/4376 2856/4149/4378 2835/4150/4379 2834/4148/4377
f 2856/4149/4378 2857/4151/4380 2836/4152/4381 2835/4150/4379
f 2857/4151/4380 2858/4153/4382 2837/4154/4383 2836/4152/4381
f 2858/4153/4382 2859/4155/4384 2838/4156/4385 2837/4154/4383
f 2859/4155/4384 2840/4157/4346 2839/4158/4349 2838/4156/4385
g default
v 304.750214 71.163162 281.840088
v 489.311066 71.163162 281.840088
v 304.750214 660.230347 281.840088
v 489.311066 660.230347 281.840088
v 304.750214 660.230347 -289.959656
v 489.311066 660.230347 -289.959656
v 304.750214 71.163162 -289.959656
v 489.311066 71.163162 -289.959656
v 305.067078 660.230347 -3.229455
v 489.311066 660.230347 -3.229455
v 489.311066 71.163162 12.104630
v 489.311066 71.163162 -9.778026
v 305.067078 71.163162 -9.778026
v 305.067078 71.163162 12.104630
v 489.311066 443.583008 243.465256
v 489.311066 239.315369 246.805450
v 489.311066 344.369598 281.840088
v 489.311066 332.770844 281.840088
v 305.067078 239.826782 246.808853
v 305.067078 444.094360 243.461838
v 305.060760 344.882324 281.840088
v 305.060760 333.283508 281.840088
v 489.311066 306.432648 -267.335419
v 489.311066 341.717102 -267.335419
v 489.311066 344.374603 -289.959656
v 489.311066 309.090149 -289.959656
v 305.067078 344.374603 -220.859726
v 305.067078 309.090149 -220.859726
v 305.051575 344.374603 -289.959656
v 305.041687 309.090149 -289.959656
v 489.311066 591.752563 281.840088
v 304.768982 591.783630 281.840088
v 305.067078 591.894592 -3.229457
v 489.311066 591.879028 -3.229457
v 489.311066 592.005310 -289.959656
v 304.768188 592.005493 -289.959656
v 489.311066 475.894684 281.840088
v 489.311066 485.098846 146.931870
v 305.067078 485.346649 146.930267
v 304.905640 476.151337 281.840088
v 304.893463 482.517731 -289.959656
v 305.067078 492.318207 -147.036484
v 489.311066 492.309509 -147.036484
v 489.311066 482.517639 -289.959656
v 489.311066 209.028290 -227.416290
v 489.311066 197.964218 -289.959656
v 304.905579 197.964218 -289.959656
v 305.067078 209.028290 -227.416290
v 489.311066 190.471939 281.840088
v 304.891846 190.705734 281.840088
v 305.067078 114.414551 170.301300
v 489.311066 114.181335 170.299759
vt 0.248899 0.384885
vt 0.249599 0.299606
vt 0.382315 0.300696
vt 0.381613 0.386121
vt 0.116952 0.383948
vt 0.117653 0.298523
vt 0.154002 0.147245
vt 0.153955 0.152613
vt 0.118853 0.152325
vt 0.118897 0.146956
vt 0.033569 0.151862
vt 0.033613 0.146493
vt 0.267492 0.572057
vt 0.267536 0.566057
vt 0.306773 0.566349
vt 0.306728 0.572350
vt 0.032999 0.212620
vt 0.118353 0.213202
vt 0.117913 0.266828
vt 0.032496 0.266141
vt 0.180761 0.217975
vt 0.249859 0.267969
vt 0.305776 0.700083
vt 0.158297 0.699041
vt 0.236392 0.644498
vt 0.306222 0.640261
vt 0.034465 0.025168
vt 0.119891 0.025869
vt 0.119437 0.081092
vt 0.034077 0.080499
vt 0.244740 0.026894
vt 0.176741 0.079530
vt 0.307322 0.492587
vt 0.243310 0.489839
vt 0.168237 0.429703
vt 0.307783 0.430743
vt 0.351531 0.154237
vt 0.351665 0.137905
vt 0.383649 0.138168
vt 0.383515 0.154499
vt 0.468939 0.138868
vt 0.468800 0.155199
vt 0.046798 0.551895
vt 0.046662 0.570149
vt 0.010913 0.569883
vt 0.011049 0.551628
vt 0.467740 0.301397
vt 0.382574 0.269117
vt 0.467991 0.269818
vt 0.009958 0.697993
vt 0.158033 0.734394
vt 0.009696 0.733288
vt 0.324416 0.084218
vt 0.384071 0.086732
vt 0.469424 0.087433
vt 0.011478 0.494138
vt 0.078191 0.492372
vt 0.032227 0.297822
vt 0.305512 0.735493
vt 0.382990 0.218440
vt 0.468349 0.219140
vt 0.010381 0.641350
vt 0.084283 0.646971
vt 0.316799 0.222429
vt 0.254868 0.026977
vt 0.384553 0.028041
vt 0.469978 0.028742
vt 0.011967 0.428538
vt 0.156917 0.429619
vn 0.000000 1.000000 0.000000
vn 0.000000 1.000000 0.000000
vn 0.000000 1.000000 -0.000000
vn 0.000000 1.000000 -0.000000
vn 0.000000 1.000000 0.000000
vn 0.000000 1.000000 0.000000
vn 1.000000 0.000000 0.000000
vn 1.000000 0.000000 0.000000
vn 1.000000 0.000000 0.000000
vn 1.000000 0.000000 0.000000
vn 0.000000 0.000000 1.000000
vn -0.000000 0.000000 1.000000
vn -0.000000 0.000000 1.000000
vn 0.000000 0.000000 1.000000
vn -0.999996 -0.001974 -0.002117
vn -0.999995 0.001366 -0.002744
vn -1.000000 0.000257 -0.000661
vn -1.000000 -0.000314 -0.000479
vn 0.000000 0.000000 1.000000
vn 0.000000 0.000000 1.000000
vn 0.000000 0.000000 1.000000
vn 0.000000 0.000000 1.000000
vn 1.000000 0.000000 0.000000
vn 1.000000 0.000000 0.000000
vn 1.000000 0.000000 0.000000
vn 1.000000 0.000000 0.000000
vn -0.999999 -0.000807 -0.001104
vn -0.999999 -0.000529 -0.001093
vn -0.999998 -0.001398 -0.001157
vn -0.999998 -0.001533 -0.001355
vn 0.000000 0.000000 1.000000
vn 0.000000 0.000000 1.000000
vn 0.000000 0.000000 1.000000
vn 0.000000 0.000000 1.000000
vn 1.000000 -0.000001 0.000000
vn 1.000000 -0.000001 0.000000
vn 1.000000 -0.000001 0.000000
vn 1.000000 -0.000000 0.000000
vn -0.999995 0.002007 -0.002425
vn -0.999995 0.002552 -0.001901
vn -0.999995 0.002638 -0.001818
vn -0.999995 0.002638 -0.001818
vn 1.000000 0.000000 0.000000
vn 1.000000 0.000000 0.000000
vn 1.000000 0.000000 0.000000
vn 1.000000 0.000000 0.000000
vn 0.000000 0.000000 -1.000000
vn 0.000000 0.000000 -1.000000
vn 0.000000 0.000000 -1.000000
vn 0.000000 0.000000 -1.000000
vn -0.999999 0.000478 0.001081
vn -0.999999 -0.000688 0.000858
vn -1.000000 -0.000662 0.000840
vn -0.999999 0.000482 0.001090
vn 0.000000 0.000000 -1.000000
vn 0.000000 0.000000 -1.000000
vn 0.000000 0.000000 -1.000000
vn 0.000000 0.000000 -1.000000
vn 1.000000 0.000000 0.000000
vn 1.000000 0.000000 0.000000
vn 1.000000 0.000000 0.000000
vn -0.999999 -0.000792 0.001104
vn -0.999999 -0.000510 0.001091
vn -1.000000 -0.000132 0.001074
vn -1.000000 -0.000132 0.001074
vn 1.000000 0.000001 0.000000
vn 1.000000 0.000001 0.000000
vn 0.000000 0.000000 -1.000000
vn 0.000000 0.000000 -1.000000
vn -0.999998 0.001481 0.001347
vn -0.999998 0.001490 0.001346
vn 0.000000 0.000000 1.000000
vn 0.000000 0.000000 1.000000
vn -0.999999 -0.000137 -0.001079
vn -0.999999 -0.000137 -0.001079
vn 1.000000 0.000000 0.000000
vn 0.000000 0.000000 -1.000000
vn 0.000000 0.000000 -1.000000
vn -0.999999 -0.001128 0.001045
vn -0.999999 -0.001253 0.001088
vn 1.000000 0.000000 0.000000
vn 1.000000 0.000000 0.000000
vn 1.000000 0.000001 0.000000
vn 1.000000 0.000001 0.000000
vn 0.000000 0.000000 -1.000000
vn 0.000000 0.000000 -1.000000
vn -0.999998 0.001690 0.001341
vn -0.999998 0.001690 0.001341
s 1
g CHEOPS_LowPoly polySurface19 polySurface15
usemtl lambert7SG
f 2868/4159/4386 2869/4160/4387 2865/4161/4388 2864/4162/4389
f 2862/4163/4390 2863/4164/4391 2869/4160/4387 2868/4159/4386
s 2
f 2875/4165/4392 2874/4166/4393 2876/4167/4394 2877/4168/4395
s 3
f 2877/4168/4396 2876/4167/4397 2880/4169/4398 2881/4170/4399
s 4
f 2879/4171/4400 2878/4172/4401 2881/4173/4402 2880/4174/4403
s 3
f 2899/4175/4404 2896/4176/4405 2890/4177/4406 2891/4178/4407
s 2
f 2896/4176/4408 2897/4179/4409 2893/4180/4410 2890/4177/4411
s 4
f 2891/4181/4412 2892/4182/4413 2898/4183/4414 2899/4184/4415
s 3
f 2860/4185/4416 2861/4186/4417 2908/4187/4418 2909/4188/4419
s 2
f 2861/4186/4420 2870/4189/4421 2911/4190/4422 2908/4187/4423
s 4
f 2909/4191/4424 2910/4192/4425 2873/4193/4426 2860/4194/4427
s 2
f 2883/4195/4428 2882/4196/4429 2885/4197/4430 2884/4198/4431
s 7
f 2884/4198/4432 2885/4197/4433 2889/4199/4434 2888/4200/4435
s 8
f 2887/4201/4436 2886/4202/4437 2888/4203/4438 2889/4204/4439
s 7
f 2864/4205/4440 2865/4161/4441 2894/4206/4442 2895/4207/4443
s 2
f 2869/4160/4444 2893/4180/4410 2894/4206/4445 2865/4161/4446
s 8
f 2895/4208/4447 2892/4182/4448 2868/4209/4449 2864/4210/4450
s 2
f 2885/4197/4430 2882/4196/4429 2904/4211/4451 2905/4212/4452
s 7
f 2889/4199/4434 2885/4197/4433 2905/4212/4453 2906/4213/4454
s 8
f 2906/4214/4455 2907/4215/4456 2887/4201/4436 2889/4204/4439
s 3
f 2891/4178/4407 2890/4177/4406 2863/4164/4457 2862/4216/4458
s 4
f 2868/4209/4459 2892/4182/4413 2891/4181/4412 2862/4217/4460
s 2
f 2890/4177/4411 2893/4180/4410 2869/4160/4444 2863/4164/4461
s 7
f 2895/4207/4443 2894/4206/4442 2903/4218/4462 2900/4219/4463
s 8
f 2900/4220/4464 2901/4221/4465 2892/4182/4448 2895/4208/4447
s 2
f 2894/4206/4445 2893/4180/4410 2902/4222/4466 2903/4218/4467
f 2876/4167/4394 2874/4166/4393 2897/4179/4409 2896/4176/4408
s 4
f 2899/4184/4415 2898/4183/4414 2879/4171/4400 2880/4174/4403
s 3
f 2880/4169/4398 2876/4167/4397 2896/4176/4405 2899/4175/4404
s 8
f 2888/4203/4438 2886/4202/4437 2901/4221/4465 2900/4220/4464
s 2
f 2903/4218/4467 2902/4222/4466 2883/4195/4428 2884/4198/4431
s 7
f 2900/4219/4463 2903/4218/4462 2884/4198/4432 2888/4200/4435
s 2
f 2905/4212/4452 2904/4211/4451 2871/4223/4468 2867/4224/4469
s 7
f 2906/4213/4454 2905/4212/4453 2867/4224/4470 2866/4225/4471
s 8
f 2866/4226/4472 2872/4227/4473 2907/4215/4456 2906/4214/4455
s 3
f 2909/4188/4419 2908/4187/4418 2877/4168/4396 2881/4170/4399
s 4
f 2881/4173/4402 2878/4172/4401 2910/4192/4425 2909/4191/4424
s 2
f 2908/4187/4423 2911/4190/4422 2875/4165/4392 2877/4168/4395
g default
v 310.070221 59.107960 -91.375427
v 310.070221 100.145622 -171.051605
v 310.070251 164.063293 -234.283020
v 310.070221 244.604202 -274.880035
v 310.070221 333.884552 -288.868805
v 310.070221 423.164795 -274.880035
v 310.070221 503.705750 -234.282944
v 310.070221 567.623413 -171.051559
v 310.070221 608.661011 -91.375381
v 310.070221 622.801575 -3.053669
v 310.070221 608.661011 85.268005
v 310.070221 567.623413 164.944214
v 310.070221 503.705688 228.175568
v 310.070221 423.164795 268.772583
v 310.070221 333.884552 282.761353
v 310.070221 244.604263 268.772552
v 310.070251 164.063385 228.175552
v 310.070221 100.145782 164.944199
v 310.070221 59.108131 85.267982
v 310.070221 44.967537 -3.053669
v 720.722229 59.107960 -91.375427
v 723.256348 70.011513 -91.247414
v 720.722229 100.145630 -171.051605
v 723.256348 109.420677 -167.761887
v 720.722229 164.063293 -234.283020
v 723.256348 170.802032 -228.484177
v 720.722229 244.604202 -274.880035
v 723.256348 248.147018 -267.470276
v 720.722229 333.884552 -288.868805
v 723.256348 333.884552 -280.903931
v 720.722229 423.164795 -274.880035
v 723.256226 419.622070 -267.470276
v 720.722290 503.705750 -234.282944
v 723.256348 496.966980 -228.484131
v 720.722229 567.623413 -171.051559
v 723.256348 558.348267 -167.761826
v 720.722229 608.661072 -91.375381
v 723.256348 597.757385 -91.247383
v 720.722229 622.801575 -3.053669
v 723.256348 611.336792 -6.430363
v 720.722229 608.661072 85.268005
v 723.256348 597.757385 78.386597
v 720.722229 567.623413 164.944214
v 723.256348 558.348267 154.901123
v 720.722290 503.705688 228.175568
v 723.256348 496.966949 215.623383
v 720.722229 423.164795 268.772583
v 723.256348 419.622070 254.609436
v 720.722229 333.884552 282.761353
v 723.256348 333.884552 268.043091
v 720.722229 244.604263 268.772552
v 723.256348 248.147064 254.609436
v 720.722229 164.063385 228.175552
v 723.256348 170.802109 215.623367
v 720.722229 100.145782 164.944199
v 723.256348 109.420868 154.901108
v 720.722229 59.108131 85.267982
v 723.256348 70.011635 78.386574
v 720.722229 44.967533 -3.053669
v 723.256348 56.432209 -6.430366
vt 0.121427 0.766607
vt 0.123849 0.762050
vt 0.084355 0.754653
vt 0.080792 0.759288
vt 0.161828 0.771522
vt 0.163680 0.767258
vt 0.202251 0.775447
vt 0.203598 0.771447
vt 0.242788 0.778828
vt 0.243601 0.774987
vt 0.283413 0.781816
vt 0.283660 0.778027
vt 0.324048 0.784380
vt 0.323742 0.780462
vt 0.364608 0.786538
vt 0.363793 0.782391
vt 0.405042 0.788075
vt 0.403760 0.783602
vt 0.445385 0.788535
vt 0.443581 0.783700
vt 0.485759 0.786636
vt 0.482881 0.781571
vt 0.485695 0.780972
vt 0.526544 0.789324
vt 0.525456 0.783499
vt 0.566968 0.789705
vt 0.565755 0.783492
vt 0.607358 0.789068
vt 0.606323 0.782545
vt 0.647820 0.787736
vt 0.647086 0.781009
vt 0.688347 0.785835
vt 0.687956 0.778943
vt 0.728872 0.783394
vt 0.728838 0.776628
vt 0.769316 0.780327
vt 0.769604 0.773732
vt 0.809657 0.776532
vt 0.810159 0.770224
vt 0.849928 0.771688
vt 0.850350 0.765785
vt 0.890125 0.764628
vt 0.889550 0.758992
vt 0.100629 0.954737
vt 0.142652 0.959790
vt 0.185094 0.964251
vt 0.227796 0.968099
vt 0.270652 0.971366
vt 0.313568 0.974057
vt 0.356455 0.976167
vt 0.399262 0.977686
vt 0.441946 0.978588
vt 0.484417 0.978929
vt 0.526393 0.979139
vt 0.568990 0.979155
vt 0.611876 0.978580
vt 0.654920 0.977337
vt 0.698012 0.975422
vt 0.741042 0.972875
vt 0.783905 0.969709
vt 0.826492 0.965917
vt 0.868713 0.961537
vt 0.910465 0.956713
vt 0.059402 0.949432
vn 0.972106 -0.225158 -0.065686
vn 0.971069 -0.224739 -0.080728
vn 0.976064 -0.217411 -0.005644
vn 0.976827 -0.213923 0.006770
vn 0.966270 -0.212288 -0.145798
vn 0.965149 -0.206821 -0.160354
vn 0.960028 -0.169049 -0.223088
vn 0.959191 -0.160206 -0.232996
vn 0.954939 -0.094828 -0.281245
vn 0.954644 -0.087777 -0.284516
vn 0.952932 -0.000001 -0.303183
vn 0.952932 -0.000001 -0.303183
vn 0.954941 0.094826 -0.281239
vn 0.954647 0.087775 -0.284509
vn 0.960031 0.169042 -0.223083
vn 0.959193 0.160201 -0.232991
vn 0.966271 0.212283 -0.145796
vn 0.965150 0.206814 -0.160351
vn 0.972106 0.225155 -0.065685
vn 0.971070 0.224737 -0.080727
vn 0.976828 0.213917 0.006770
vn 0.976065 0.217406 -0.005644
vn 0.980330 0.185765 0.066661
vn 0.979856 0.191076 0.058071
vn 0.982767 0.146637 0.112548
vn 0.982517 0.151946 0.107583
vn 0.984341 0.100815 0.144598
vn 0.984237 0.104899 0.142384
vn 0.985218 0.051244 0.163459
vn 0.985194 0.053429 0.162908
vn 0.985499 0.000000 0.169679
vn 0.985499 0.000000 0.169679
vn 0.985218 -0.051245 0.163460
vn 0.985193 -0.053430 0.162909
vn 0.984341 -0.100818 0.144600
vn 0.984237 -0.104902 0.142386
vn 0.982767 -0.146638 0.112549
vn 0.982516 -0.151946 0.107584
vn 0.980330 -0.185768 0.066662
vn 0.979855 -0.191080 0.058072
vn 0.000000 -0.950067 -0.312045
vn 0.000000 -0.805984 -0.591937
vn 0.000000 -0.805984 -0.591937
vn 0.000000 -0.950067 -0.312045
vn -0.000000 -0.583632 -0.812019
vn -0.000000 -0.583632 -0.812019
vn 0.000000 -0.306011 -0.952028
vn 0.000000 -0.306011 -0.952028
vn 0.000000 0.000000 -1.000000
vn 0.000000 0.000000 -1.000000
vn 0.000000 0.306012 -0.952028
vn 0.000000 0.306012 -0.952028
vn 0.000000 0.583632 -0.812018
vn 0.000000 0.583632 -0.812018
vn -0.000000 0.805984 -0.591937
vn -0.000000 0.805984 -0.591937
vn -0.000000 0.950067 -0.312045
vn -0.000000 0.950067 -0.312045
vn -0.000000 1.000000 0.000000
vn -0.000000 1.000000 0.000000
vn -0.000000 0.950067 0.312045
vn -0.000000 0.950067 0.312045
vn -0.000000 0.805984 0.591937
vn -0.000000 0.805984 0.591937
vn 0.000000 0.583631 0.812019
vn 0.000000 0.583631 0.812019
vn 0.000000 0.306011 0.952028
vn 0.000000 0.306011 0.952028
vn 0.000000 -0.000000 1.000000
vn 0.000000 -0.000000 1.000000
vn 0.000000 -0.306011 0.952028
vn 0.000000 -0.306011 0.952028
vn 0.000000 -0.583632 0.812019
vn 0.000000 -0.583632 0.812019
vn 0.000000 -0.805984 0.591937
vn 0.000000 -0.805984 0.591937
vn -0.000000 -0.950067 0.312046
vn -0.000000 -0.950067 0.312046
vn -0.000000 -1.000000 0.000001
vn -0.000000 -1.000000 0.000001
s 1
g CHEOPS_LowPoly polySurface15 polySurface17
usemtl lambert7SG
f 2932/4228/4474 2933/4229/4475 2971/4230/4476 2970/4231/4477
f 2933/4229/4475 2932/4228/4474 2934/4232/4478 2935/4233/4479
f 2935/4233/4479 2934/4232/4478 2936/4234/4480 2937/4235/4481
f 2937/4235/4481 2936/4234/4480 2938/4236/4482 2939/4237/4483
f 2939/4237/4483 2938/4236/4482 2940/4238/4484 2941/4239/4485
f 2941/4239/4485 2940/4238/4484 2942/4240/4486 2943/4241/4487
f 2943/4241/4487 2942/4240/4486 2944/4242/4488 2945/4243/4489
f 2945/4243/4489 2944/4242/4488 2946/4244/4490 2947/4245/4491
f 2947/4245/4491 2946/4244/4490 2948/4246/4492 2949/4247/4493
f 2949/4247/4493 2948/4246/4492 2950/4248/4494 2951/4249/4495
f 2951/4250/4495 2950/4248/4494 2952/4251/4496 2953/4252/4497
f 2953/4252/4497 2952/4251/4496 2954/4253/4498 2955/4254/4499
f 2955/4254/4499 2954/4253/4498 2956/4255/4500 2957/4256/4501
f 2957/4256/4501 2956/4255/4500 2958/4257/4502 2959/4258/4503
f 2959/4258/4503 2958/4257/4502 2960/4259/4504 2961/4260/4505
f 2961/4260/4505 2960/4259/4504 2962/4261/4506 2963/4262/4507
f 2963/4262/4507 2962/4261/4506 2964/4263/4508 2965/4264/4509
f 2965/4264/4509 2964/4263/4508 2966/4265/4510 2967/4266/4511
f 2967/4266/4511 2966/4265/4510 2968/4267/4512 2969/4268/4513
f 2969/4268/4513 2968/4267/4512 2970/4269/4477 2971/4270/4476
s 2
f 2912/4271/4514 2913/4272/4515 2934/4232/4516 2932/4228/4517
f 2913/4272/4515 2914/4273/4518 2936/4234/4519 2934/4232/4516
f 2914/4273/4518 2915/4274/4520 2938/4236/4521 2936/4234/4519
f 2915/4274/4520 2916/4275/4522 2940/4238/4523 2938/4236/4521
f 2916/4275/4522 2917/4276/4524 2942/4240/4525 2940/4238/4523
f 2917/4276/4524 2918/4277/4526 2944/4242/4527 2942/4240/4525
f 2918/4277/4526 2919/4278/4528 2946/4244/4529 2944/4242/4527
f 2919/4278/4528 2920/4279/4530 2948/4246/4531 2946/4244/4529
f 2920/4279/4530 2921/4280/4532 2950/4248/4533 2948/4246/4531
f 2921/4280/4532 2922/4281/4534 2952/4251/4535 2950/4248/4533
f 2922/4281/4534 2923/4282/4536 2954/4253/4537 2952/4251/4535
f 2923/4282/4536 2924/4283/4538 2956/4255/4539 2954/4253/4537
f 2924/4283/4538 2925/4284/4540 2958/4257/4541 2956/4255/4539
f 2925/4284/4540 2926/4285/4542 2960/4259/4543 2958/4257/4541
f 2926/4285/4542 2927/4286/4544 2962/4261/4545 2960/4259/4543
f 2927/4286/4544 2928/4287/4546 2964/4263/4547 2962/4261/4545
f 2928/4287/4546 2929/4288/4548 2966/4265/4549 2964/4263/4547
f 2929/4288/4548 2930/4289/4550 2968/4267/4551 2966/4265/4549
f 2930/4289/4550 2931/4290/4552 2970/4269/4553 2968/4267/4551
f 2931/4291/4552 2912/4271/4514 2932/4228/4517 2970/4231/4553
g default
v 527.210205 635.213013 -104.417488
v 527.210205 557.659119 -226.582245
v 527.210205 607.385315 -86.751656
v 527.210205 529.831482 -208.916412
v 623.460693 607.385315 -86.751656
v 623.460693 529.831482 -208.916412
v 623.460693 635.213013 -104.417488
v 623.460693 557.659119 -226.582245
v 527.210205 614.196167 -90.266998
v 527.210205 538.490479 -214.413437
v 623.460693 538.490479 -214.413437
v 623.460693 614.196167 -90.266998
v 510.088196 614.837036 -91.482239
v 510.088196 537.283142 -213.647003
v 510.088196 530.773254 -209.514313
v 510.088196 608.327148 -87.349548
v 638.395752 605.089417 -89.436455
v 638.395752 531.284180 -205.696289
v 638.395752 541.372192 -211.449692
v 638.395752 615.918945 -94.974571
v 531.166931 520.274170 -225.908417
v 624.317139 520.172607 -226.068436
v 626.270569 513.680176 -221.951569
v 530.020264 513.785156 -221.786240
v 623.460815 616.171814 -74.278336
v 527.210266 616.171814 -74.278351
v 527.210266 610.148804 -70.454758
v 623.460815 610.148804 -70.454742
v 536.136536 658.964233 22.833889
v 536.136536 658.964233 -31.016983
v 532.351013 616.136536 23.639645
v 532.351013 616.136536 -36.524273
v 592.902832 616.136536 23.639645
v 592.902832 616.136536 -36.524273
v 591.237183 658.964233 22.833889
v 591.237183 658.964233 -31.016983
v 536.136536 623.374939 22.833889
v 536.136536 623.374939 -31.016983
v 591.237183 623.374939 -31.016983
v 591.237183 623.374939 22.833889
v 525.732910 621.875366 23.639637
v 525.732910 621.875366 -36.524284
v 525.732910 611.856384 -36.524284
v 525.732910 611.856384 23.639637
v 600.322510 613.733093 23.639656
v 600.322510 613.733093 -36.524273
v 600.322510 620.109192 -36.524273
v 600.322510 620.109192 23.639656
v 533.072388 619.988953 -50.423527
v 591.673889 619.988953 -50.423527
v 592.902771 610.000244 -50.423527
v 532.350952 610.000244 -50.423527
v 592.902832 617.117737 44.368233
v 532.351074 617.117737 44.368229
v 532.351074 613.903992 44.368229
v 592.902832 613.903992 44.368233
vt 0.518957 0.274015
vt 0.520353 0.400116
vt 0.519868 0.406819
vt 0.512237 0.274089
vt 0.675183 0.266537
vt 0.681994 0.398410
vt 0.671905 0.397607
vt 0.675324 0.277137
vt 0.639856 0.274553
vt 0.638994 0.400659
vt 0.555113 0.400086
vt 0.555975 0.273980
vt 0.558297 0.438668
vt 0.639475 0.439373
vt 0.645792 0.442181
vt 0.557240 0.445359
vt 0.640103 0.238433
vt 0.556222 0.237860
vt 0.550622 0.235158
vt 0.640145 0.232215
vt 0.554978 0.419873
vt 0.556126 0.251899
vt 0.638858 0.420447
vt 0.640007 0.252473
vt 0.547648 0.424988
vt 0.534008 0.266555
vt 0.660407 0.409584
vt 0.646289 0.250203
vt 0.645739 0.235808
vt 0.556264 0.231642
vt 0.552632 0.442381
vt 0.641120 0.446087
vt 0.685842 0.278458
vt 0.673631 0.407580
vt 0.519073 0.267296
vt 0.513633 0.400191
vt 0.661932 0.274109
vt 0.658781 0.400794
vt 0.535326 0.399951
vt 0.534681 0.408866
vt 0.533907 0.273234
vt 0.549875 0.249544
vt 0.647072 0.423973
vt 0.661838 0.267430
vt 0.520790 0.057434
vt 0.519758 0.109857
vt 0.511028 0.109685
vt 0.512060 0.057262
vt 0.653949 0.060056
vt 0.652916 0.112479
vt 0.647361 0.112369
vt 0.648393 0.059946
vt 0.608957 0.059872
vt 0.608033 0.106794
vt 0.560021 0.105849
vt 0.560946 0.058927
vt 0.556403 0.153972
vt 0.607465 0.154977
vt 0.608364 0.163702
vt 0.555603 0.162663
vt 0.611403 0.009351
vt 0.558643 0.008312
vt 0.558697 0.005511
vt 0.611459 0.006550
vt 0.529011 0.105238
vt 0.529935 0.058316
vt 0.607422 0.137805
vt 0.559411 0.136859
vt 0.639967 0.060483
vt 0.639043 0.107405
vt 0.561556 0.027916
vt 0.609568 0.028862
vt 0.526495 0.113447
vt 0.521704 0.118369
vt 0.526303 0.052153
vt 0.520358 0.048713
vt 0.640638 0.115304
vt 0.646917 0.117908
vt 0.643159 0.054808
vt 0.649954 0.054613
vt 0.612986 0.143634
vt 0.616102 0.156503
vt 0.552531 0.141996
vt 0.547682 0.154318
vt 0.554676 0.025957
vt 0.555884 0.007827
vt 0.615776 0.026900
vt 0.614150 0.008803
vn -1.000000 0.000001 0.000000
vn -1.000000 0.000001 0.000000
vn -1.000000 0.000001 0.000000
vn -1.000000 0.000001 0.000000
vn 1.000000 -0.000001 0.000000
vn 1.000000 -0.000001 0.000000
vn 1.000000 -0.000001 0.000000
vn 1.000000 -0.000001 0.000000
vn 0.000000 0.844247 -0.535954
vn 0.000000 0.844247 -0.535954
vn 0.000000 0.844247 -0.535954
vn 0.000000 0.844247 -0.535954
vn -0.002035 -0.535949 -0.844248
vn -0.002035 -0.535949 -0.844248
vn -0.002035 -0.535949 -0.844248
vn -0.002035 -0.535949 -0.844248
vn -0.000000 0.535954 0.844247
vn -0.000000 0.535954 0.844247
vn -0.000000 0.535954 0.844247
vn -0.000000 0.535954 0.844247
vn -1.000000 0.000000 0.000000
vn -1.000000 0.000000 0.000000
vn -1.000000 0.000000 0.000000
vn -1.000000 0.000000 0.000000
vn 0.000000 -0.535954 -0.844247
vn 0.000000 -0.535954 -0.844247
vn 0.000000 -0.535954 -0.844247
vn 0.000000 -0.535954 -0.844247
vn 1.000000 -0.000000 0.000000
vn 1.000000 -0.000000 0.000000
vn 1.000000 -0.000000 0.000000
vn 1.000000 -0.000000 0.000000
vn 0.000000 0.558499 0.829505
vn 0.000000 0.558499 0.829505
vn 0.000000 0.558499 0.829505
vn 0.000000 0.558499 0.829505
vn -0.007121 0.849036 -0.528287
vn -0.007121 0.849036 -0.528287
vn -0.007121 0.849036 -0.528287
vn -0.007121 0.849036 -0.528287
vn 0.000002 -0.535954 -0.844247
vn 0.000002 -0.535954 -0.844247
vn 0.000002 -0.535954 -0.844247
vn 0.000002 -0.535954 -0.844247
vn -0.022899 0.497782 0.867000
vn -0.022899 0.497782 0.867000
vn -0.022899 0.497782 0.867000
vn -0.022899 0.497782 0.867000
vn 0.244525 -0.498950 -0.831419
vn 0.244525 -0.498950 -0.831418
vn 0.244525 -0.498950 -0.831419
vn 0.244525 -0.498950 -0.831418
vn -0.159602 0.837341 -0.522865
vn -0.159602 0.837341 -0.522865
vn -0.159602 0.837341 -0.522865
vn -0.159602 0.837341 -0.522865
vn 0.223166 0.445084 0.867235
vn 0.223166 0.445084 0.867235
vn 0.223166 0.445084 0.867235
vn 0.223166 0.445084 0.867235
vn -0.000427 0.535204 -0.844723
vn -0.000427 0.535204 -0.844723
vn -0.000427 0.535204 -0.844723
vn -0.000427 0.535204 -0.844723
vn 0.992935 0.117491 -0.016585
vn 0.992936 0.117491 -0.016585
vn 0.992935 0.117491 -0.016585
vn 0.992935 0.117491 -0.016585
vn -0.978693 -0.052044 -0.198624
vn -0.978693 -0.052044 -0.198624
vn -0.978693 -0.052044 -0.198624
vn -0.978693 -0.052044 -0.198624
vn 0.000000 0.992452 -0.122634
vn 0.000000 0.992452 -0.122634
vn 0.000000 0.992452 -0.122634
vn 0.000000 0.992452 -0.122634
vn -1.000000 0.000009 0.000003
vn -1.000000 0.000009 0.000003
vn -1.000000 0.000009 0.000003
vn -1.000000 0.000009 0.000003
vn 1.000000 -0.000009 -0.000007
vn 1.000000 -0.000009 -0.000007
vn 1.000000 -0.000009 -0.000007
vn 1.000000 -0.000009 -0.000007
vn -1.000000 0.000000 0.000000
vn -1.000000 0.000000 0.000000
vn -1.000000 0.000000 0.000000
vn -1.000000 0.000000 0.000000
vn 1.000000 0.000000 0.000000
vn 1.000000 0.000000 0.000000
vn 1.000000 0.000000 0.000000
vn 1.000000 0.000000 0.000000
vn 0.000000 1.000000 0.000000
vn 0.000000 1.000000 0.000000
vn 0.000000 1.000000 0.000000
vn 0.000000 1.000000 0.000000
vn 0.000000 0.000000 -1.000000
vn 0.000000 0.000000 -1.000000
vn 0.000000 0.000000 -1.000000
vn 0.000000 0.000000 -1.000000
vn -0.000000 0.000000 1.000000
vn -0.000000 0.000000 1.000000
vn -0.000000 0.000000 1.000000
vn -0.000000 0.000000 1.000000
vn -1.000000 0.000000 0.000000
vn -1.000000 0.000000 0.000000
vn -1.000000 0.000000 0.000000
vn -1.000000 0.000000 0.000000
vn 0.000000 0.000000 -1.000000
vn 0.000000 0.000000 -1.000000
vn 0.000000 0.000000 -1.000000
vn 0.000000 0.000000 -1.000000
vn 1.000000 0.000000 0.000000
vn 1.000000 0.000000 0.000000
vn 1.000000 0.000000 0.000000
vn 1.000000 0.000000 0.000000
vn 0.000000 0.000000 1.000000
vn 0.000000 0.000000 1.000000
vn 0.000000 0.000000 1.000000
vn 0.000000 0.000000 1.000000
vn -0.142665 0.989771 0.000000
vn -0.142665 0.989771 0.000000
vn -0.142665 0.989771 0.000000
vn -0.142665 0.989771 0.000000
vn 0.219116 0.252689 -0.942410
vn 0.219116 0.252689 -0.942410
vn 0.219116 0.252689 -0.942410
vn 0.219116 0.252689 -0.942410
vn 0.033970 0.039177 0.998655
vn 0.033970 0.039177 0.998655
vn 0.033970 0.039177 0.998655
vn 0.033970 0.039177 0.998655
vn -0.186697 0.348690 -0.918455
vn -0.186697 0.348690 -0.918455
vn -0.186697 0.348690 -0.918455
vn -0.186697 0.348690 -0.918455
vn 0.338264 0.941051 0.000000
vn 0.338264 0.941051 0.000000
vn 0.338264 0.941051 0.000000
vn 0.338264 0.941051 0.000000
vn -0.029683 0.055435 0.998021
vn -0.029683 0.055435 0.998021
vn -0.029683 0.055435 0.998021
vn -0.029683 0.055435 0.998021
vn 0.000000 0.985118 -0.171879
vn 0.000000 0.985118 -0.171879
vn 0.000000 0.985118 -0.171879
vn 0.000000 0.985118 -0.171879
vn 0.983427 0.177323 -0.037804
vn 0.983427 0.177323 -0.037804
vn 0.983427 0.177323 -0.037804
vn 0.983426 0.177323 -0.037804
vn -0.968696 0.247571 0.018341
vn -0.968696 0.247571 0.018341
vn -0.968696 0.247571 0.018341
vn -0.968696 0.247571 0.018341
vn 0.000000 0.960283 0.279029
vn 0.000000 0.960283 0.279029
vn 0.000000 0.960283 0.279029
vn 0.000000 0.960283 0.279029
vn -0.940510 0.339385 -0.016063
vn -0.940511 0.339385 -0.016063
vn -0.940510 0.339385 -0.016063
vn -0.940511 0.339385 -0.016063
vn 0.987600 0.156815 -0.007422
vn 0.987600 0.156815 -0.007422
vn 0.987600 0.156815 -0.007422
vn 0.987600 0.156815 -0.007422
s off
g CHEOPS_LowPoly polySurface15 polySurface16
usemtl lambert7SG
f 2984/4292/4554 2985/4293/4555 2986/4327/4556 2987/4295/4557
f 2988/4324/4558 2989/4297/4559 2990/4298/4560 2991/4299/4561
f 2978/4300/4562 2979/4301/4563 2973/4302/4564 2972/4303/4565
f 2992/4304/4566 2993/4305/4567 2994/4323/4568 2995/4307/4569
f 2996/4308/4570 2997/4309/4571 2998/4321/4572 2999/4311/4573
f 2972/4303/4574 2973/4302/4575 2981/4330/4576 2980/4332/4577
f 2973/4302/4578 2979/4301/4579 2982/4314/4580 2981/4312/4581
f 2983/4328/4582 2982/4329/4583 2979/4301/4584 2978/4300/4585
f 2978/4300/4586 2972/4303/4587 2980/4313/4588 2983/4315/4589
f 2980/4332/4590 2981/4330/4591 2985/4293/4592 2984/4292/4593
f 2981/4330/4594 2975/4331/4595 2986/4294/4596 2985/4293/4597
f 2974/4317/4598 2980/4332/4599 2984/4292/4600 2987/4326/4601
f 2977/4318/4602 2982/4329/4603 2990/4298/4604 2989/4325/4605
f 2982/4329/4606 2983/4328/4607 2991/4299/4608 2990/4298/4609
f 2983/4328/4610 2976/4335/4611 2988/4296/4612 2991/4299/4613
f 2981/4312/4614 2982/4314/4615 2993/4305/4616 2992/4304/4617
f 2982/4314/4618 2977/4334/4619 2994/4306/4620 2993/4305/4621
f 2975/4316/4622 2981/4312/4623 2992/4304/4624 2995/4322/4625
f 2983/4315/4626 2980/4313/4627 2997/4309/4628 2996/4308/4629
f 2980/4313/4630 2974/4333/4631 2998/4310/4632 2997/4309/4633
f 2976/4319/4634 2983/4315/4635 2996/4308/4636 2999/4320/4637
f 3012/4336/4638 3013/4337/4639 3014/4338/4640 3015/4339/4641
f 3016/4340/4642 3017/4341/4643 3018/4342/4644 3019/4343/4645
f 3006/4344/4646 3007/4345/4647 3001/4346/4648 3000/4347/4649
f 3020/4348/4650 3021/4349/4651 3022/4350/4652 3023/4351/4653
f 3024/4352/4654 3025/4353/4655 3026/4354/4656 3027/4355/4657
f 3000/4347/4658 3001/4346/4659 3009/4356/4660 3008/4357/4661
f 3001/4346/4662 3007/4345/4663 3010/4358/4664 3009/4359/4665
f 3011/4360/4666 3010/4361/4667 3007/4345/4668 3006/4344/4669
f 3006/4344/4670 3000/4347/4671 3008/4362/4672 3011/4363/4673
f 3008/4357/4674 3009/4356/4675 3013/4337/4676 3012/4336/4677
f 3009/4356/4678 3003/4364/4679 3014/4365/4680 3013/4337/4681
f 3002/4366/4682 3008/4357/4683 3012/4336/4684 3015/4367/4685
f 3005/4368/4686 3010/4361/4687 3018/4342/4688 3017/4369/4689
f 3010/4361/4690 3011/4360/4691 3019/4343/4692 3018/4342/4693
f 3011/4360/4694 3004/4370/4695 3016/4371/4696 3019/4343/4697
f 3009/4359/4698 3010/4358/4699 3021/4349/4700 3020/4348/4701
f 3010/4358/4702 3005/4372/4703 3022/4373/4704 3021/4349/4705
f 3003/4374/4706 3009/4359/4707 3020/4348/4708 3023/4375/4709
f 3011/4363/4710 3008/4362/4711 3025/4353/4712 3024/4352/4713
f 3008/4362/4714 3002/4376/4715 3026/4377/4716 3025/4353/4717
f 3004/4378/4718 3011/4363/4719 3024/4352/4720 3027/4379/4721
g default
v 711.416260 75.918312 538.149597
v 709.876648 64.693443 534.538330
v 709.630188 113.871201 463.684418
v 708.011658 104.322746 456.783844
v 708.212769 172.984238 404.588501
v 706.531738 166.046799 395.077454
v 707.302734 247.470917 366.646393
v 705.581482 243.823700 355.459595
v 706.989136 330.040100 353.572418
v 705.254089 330.040100 341.808197
v 707.302795 412.609192 366.646332
v 705.581421 416.256409 355.459564
v 708.212769 487.095886 404.588318
v 706.531738 494.033203 395.077454
v 709.630066 546.208862 463.684265
v 708.011719 555.757324 456.783875
v 711.416260 584.161682 538.149597
v 709.876648 595.386292 534.538330
v 713.396118 597.239258 620.695007
v 711.944153 609.041931 620.729858
v 715.376038 584.161560 703.240295
v 714.011414 595.386292 706.921326
v 717.161865 546.208801 777.705750
v 715.876282 555.757202 784.675903
v 718.579529 487.095795 836.801514
v 717.356445 494.033203 846.382202
v 719.489380 412.609192 874.743469
v 718.306396 416.256409 886.000122
v 719.802917 330.040100 887.817444
v 718.633972 330.040100 899.651245
v 719.489380 247.470917 874.743469
v 718.306396 243.823730 886.000122
v 718.579529 172.984314 836.801514
v 717.356445 166.046906 846.382202
v 717.161926 113.871353 777.705566
v 715.876343 104.322914 784.675903
v 715.376099 75.918304 703.240417
v 714.011353 64.693596 706.921387
v 713.396118 62.840771 620.695007
v 711.944153 51.038322 620.729858
v 730.883301 76.227959 531.831909
v 730.501343 68.442009 529.032959
v 728.651733 102.789711 462.345459
v 729.397034 107.305832 466.185974
v 731.032349 74.020370 542.940979
v 730.433105 68.273781 541.018738
v 732.759949 60.971840 614.411133
v 732.248535 54.406788 614.773926
v 728.474426 111.024872 454.248688
v 729.072510 116.363220 458.122559
v 727.127258 163.460938 400.597473
v 727.795776 166.889954 405.887085
v 727.109741 172.764648 394.169647
v 727.676270 177.023376 400.205383
v 726.281738 238.699585 358.324799
v 726.924316 240.613464 365.041870
v 726.246094 250.303833 355.846436
v 726.874207 252.482513 362.749115
v 725.831787 324.448486 344.177032
v 726.466125 324.109100 351.018066
v 725.783081 335.632324 346.234497
v 726.464600 335.546875 353.174255
v 726.017334 409.836273 357.138062
v 726.750183 407.686401 362.213989
v 726.149536 419.609253 362.352112
v 726.880493 418.483704 366.651794
v 726.956787 487.944122 393.224884
v 727.741516 484.397308 397.353210
v 727.120667 495.189331 402.383698
v 727.915100 492.436432 406.618591
v 728.457520 549.993347 453.662323
v 729.178284 546.455688 455.192413
v 728.697693 555.797607 463.353363
v 729.460205 552.435974 466.196930
v 730.283447 591.325317 529.418579
v 730.852417 585.197266 531.045898
v 730.815247 596.183411 540.323669
v 731.298950 589.149292 542.446777
v 732.503784 608.374695 614.361023
v 732.885376 600.528564 614.189880
v 732.759338 606.902466 626.251648
v 733.065552 598.385742 625.916260
v 734.424316 595.167908 700.333740
v 734.642334 586.852966 697.632751
v 734.611023 589.723267 710.582703
v 735.209656 584.938965 709.269531
v 736.060974 555.438904 777.280334
v 736.700195 552.066772 774.039124
v 736.490723 549.785767 787.045410
v 736.829407 543.293152 781.826477
v 738.044861 498.634247 841.839417
v 738.017090 493.200806 834.786987
v 737.850525 487.106537 845.976074
v 738.206604 483.005096 840.167908
v 738.709351 420.867859 881.184021
v 738.865662 418.428955 873.452820
v 738.830139 409.733917 883.888611
v 739.114258 407.655060 877.198486
v 739.033447 335.790070 896.387390
v 739.372559 336.021393 889.380615
v 739.695923 323.560699 900.691284
v 739.800903 323.872314 891.345032
v 739.039795 249.745087 886.200500
v 739.047607 252.662628 878.328735
v 738.674377 239.501358 880.477600
v 739.383789 240.293640 876.680786
v 737.701416 173.321869 845.157959
v 738.391724 175.830429 843.080383
v 737.686951 164.138428 839.155945
v 738.143677 167.520081 834.364685
v 736.453979 109.871712 787.286987
v 736.917542 115.161201 783.905945
v 736.320984 103.267693 777.856750
v 736.839722 108.320152 774.117310
v 734.704285 68.227203 711.536987
v 735.087463 75.613297 709.253418
v 734.430664 66.334976 699.952698
v 734.931641 71.805031 698.014832
v 732.396729 55.669121 625.731873
v 733.071228 60.804222 626.288330
v 713.396057 330.040039 620.694946
vt 0.778003 0.320031
vt 0.776369 0.324546
vt 0.737599 0.304645
vt 0.739845 0.302035
vt 0.783324 0.324624
vt 0.784455 0.321301
vt 0.825970 0.328817
vt 0.826164 0.332613
vt 0.735152 0.296777
vt 0.732891 0.299868
vt 0.701678 0.269439
vt 0.704763 0.267454
vt 0.701455 0.261569
vt 0.697938 0.264039
vt 0.677065 0.225735
vt 0.680980 0.224626
vt 0.679642 0.217727
vt 0.675619 0.218990
vt 0.668804 0.175879
vt 0.672792 0.176078
vt 0.674043 0.169425
vt 0.669997 0.169373
vt 0.676323 0.126210
vt 0.679287 0.127462
vt 0.681868 0.121181
vt 0.679356 0.120525
vt 0.697311 0.080770
vt 0.699726 0.082832
vt 0.705116 0.078155
vt 0.702640 0.076555
vt 0.732474 0.044677
vt 0.733378 0.046731
vt 0.739781 0.043253
vt 0.738112 0.041302
vt 0.776541 0.020650
vt 0.777501 0.024210
vt 0.784136 0.021913
vt 0.782890 0.017825
vt 0.825936 0.010759
vt 0.825848 0.015318
vt 0.832661 0.016569
vt 0.832846 0.011620
vt 0.875888 0.018469
vt 0.874328 0.023299
vt 0.881099 0.024413
vt 0.881838 0.021638
vt 0.920556 0.041585
vt 0.918704 0.043539
vt 0.923221 0.048640
vt 0.926232 0.044871
vt 0.958029 0.074598
vt 0.953943 0.077753
vt 0.957065 0.083676
vt 0.960412 0.081295
vt 0.980816 0.119762
vt 0.976349 0.121180
vt 0.978526 0.127436
vt 0.982383 0.126227
vt 0.989603 0.169148
vt 0.985566 0.169020
vt 0.986722 0.176074
vt 0.992123 0.176250
vt 0.983683 0.219088
vt 0.979131 0.217401
vt 0.978190 0.224585
vt 0.980351 0.225031
vt 0.959850 0.263443
vt 0.958681 0.262003
vt 0.953624 0.266829
vt 0.956374 0.268777
vt 0.926284 0.300294
vt 0.924348 0.297241
vt 0.918675 0.301221
vt 0.920817 0.304134
vt 0.882336 0.324515
vt 0.881029 0.320244
vt 0.874511 0.322466
vt 0.875614 0.325623
vt 0.832523 0.331867
vt 0.832868 0.328905
vt 0.781170 0.319672
vt 0.779040 0.326135
vt 0.733961 0.303243
vt 0.737990 0.297741
vt 0.828999 0.327177
vt 0.828974 0.333969
vt 0.698155 0.267517
vt 0.703694 0.263519
vt 0.675142 0.222448
vt 0.681653 0.220350
vt 0.667191 0.172450
vt 0.674039 0.172459
vt 0.675093 0.122428
vt 0.681609 0.124547
vt 0.698076 0.077296
vt 0.703623 0.081319
vt 0.733884 0.041486
vt 0.737920 0.047019
vt 0.778996 0.018512
vt 0.781129 0.025011
vt 0.828980 0.010618
vt 0.829005 0.017448
vt 0.878931 0.018566
vt 0.876852 0.025060
vt 0.923958 0.041563
vt 0.919983 0.047085
vt 0.959660 0.077341
vt 0.954184 0.081355
vt 0.982558 0.122392
vt 0.976119 0.124509
vt 0.990426 0.172308
vt 0.983657 0.172323
vt 0.982506 0.222215
vt 0.976071 0.220130
vt 0.959576 0.267243
vt 0.954106 0.263263
vt 0.923872 0.303000
vt 0.919904 0.297515
vt 0.878875 0.325993
vt 0.876800 0.319539
vt 0.829002 0.172391
vn 0.996573 -0.061369 -0.055468
vn 0.996573 -0.061369 -0.055468
vn 0.996573 -0.061369 -0.055468
vn 0.996573 -0.061369 -0.055468
vn 0.995600 -0.084738 -0.039997
vn 0.995600 -0.084738 -0.039997
vn 0.995600 -0.084738 -0.039997
vn 0.995600 -0.084738 -0.039997
vn 0.994951 -0.058502 -0.081547
vn 0.994951 -0.058502 -0.081547
vn 0.994951 -0.058502 -0.081547
vn 0.994951 -0.058502 -0.081547
vn 0.996358 -0.031324 -0.079305
vn 0.996358 -0.031324 -0.079305
vn 0.996358 -0.031324 -0.079305
vn 0.996358 -0.031324 -0.079305
vn 0.995876 -0.008873 -0.090289
vn 0.995876 -0.008873 -0.090289
vn 0.995876 -0.008873 -0.090289
vn 0.995876 -0.008873 -0.090289
vn 0.993330 0.012099 -0.114674
vn 0.993330 0.012099 -0.114674
vn 0.993330 0.012099 -0.114674
vn 0.993330 0.012099 -0.114674
vn 0.987593 0.055162 -0.147027
vn 0.987593 0.055162 -0.147027
vn 0.987593 0.055162 -0.147027
vn 0.987593 0.055162 -0.147027
vn 0.984075 0.106844 -0.142062
vn 0.984075 0.106844 -0.142062
vn 0.984075 0.106844 -0.142062
vn 0.984075 0.106844 -0.142062
vn 0.991728 0.103159 -0.076374
vn 0.991729 0.103159 -0.076374
vn 0.991728 0.103159 -0.076374
vn 0.991729 0.103159 -0.076374
vn 0.998058 0.053945 -0.031145
vn 0.998058 0.053945 -0.031145
vn 0.998058 0.053945 -0.031145
vn 0.998058 0.053945 -0.031145
vn 0.999276 0.034150 -0.016769
vn 0.999276 0.034150 -0.016769
vn 0.999276 0.034150 -0.016769
vn 0.999276 0.034150 -0.016769
vn 0.991032 0.126673 0.042532
vn 0.991032 0.126673 0.042532
vn 0.991032 0.126673 0.042532
vn 0.991032 0.126673 0.042532
vn 0.999647 0.026549 -0.000483
vn 0.999647 0.026549 -0.000483
vn 0.999647 0.026549 -0.000483
vn 0.999647 0.026549 -0.000483
vn 0.999355 0.025057 0.025715
vn 0.999355 0.025057 0.025715
vn 0.999355 0.025057 0.025715
vn 0.999355 0.025057 0.025715
vn 0.998974 0.010634 0.044021
vn 0.998974 0.010634 0.044021
vn 0.998974 0.010634 0.044021
vn 0.998974 0.010634 0.044021
vn 0.999934 -0.010584 0.004566
vn 0.999934 -0.010584 0.004566
vn 0.999934 -0.010584 0.004566
vn 0.999934 -0.010584 0.004566
vn 0.979070 -0.106287 0.173567
vn 0.979070 -0.106287 0.173567
vn 0.979070 -0.106287 0.173567
vn 0.979070 -0.106287 0.173567
vn 0.996949 -0.064783 0.043538
vn 0.996949 -0.064783 0.043538
vn 0.996949 -0.064783 0.043538
vn 0.996949 -0.064783 0.043538
vn 0.997655 -0.067794 0.009390
vn 0.997655 -0.067794 0.009390
vn 0.997655 -0.067794 0.009390
vn 0.997655 -0.067794 0.009390
vn 0.993721 -0.111443 -0.009971
vn 0.993721 -0.111443 -0.009971
vn 0.993721 -0.111443 -0.009971
vn 0.993721 -0.111443 -0.009971
vn 0.297576 -0.331912 0.895144
vn 0.297576 -0.331912 0.895144
vn 0.297576 -0.331912 0.895144
vn 0.297576 -0.331912 0.895144
vn 0.048327 -0.888513 -0.456300
vn 0.048327 -0.888513 -0.456301
vn 0.048327 -0.888512 -0.456300
vn 0.048327 -0.888513 -0.456301
vn 0.268399 0.555779 -0.786811
vn 0.268399 0.555779 -0.786811
vn 0.268399 0.555779 -0.786811
vn 0.268399 0.555779 -0.786811
vn 0.182816 0.883605 0.431070
vn 0.182816 0.883604 0.431070
vn 0.182816 0.883605 0.431070
vn 0.182816 0.883605 0.431070
vn 0.249430 0.271633 -0.929516
vn 0.249430 0.271633 -0.929516
vn 0.249430 0.271633 -0.929516
vn 0.249430 0.271633 -0.929516
vn 0.101106 0.981262 0.164021
vn 0.101106 0.981262 0.164021
vn 0.101106 0.981262 0.164021
vn 0.101106 0.981262 0.164021
vn 0.295192 -0.010872 0.955376
vn 0.295192 -0.010872 0.955376
vn 0.295192 -0.010872 0.955376
vn 0.295192 -0.010872 0.955376
vn 0.167314 -0.970938 -0.171131
vn 0.167314 -0.970938 -0.171131
vn 0.167314 -0.970938 -0.171131
vn 0.167314 -0.970938 -0.171131
vn 0.288861 -0.589167 0.754614
vn 0.288861 -0.589167 0.754614
vn 0.288861 -0.589167 0.754614
vn 0.288861 -0.589167 0.754614
vn 0.121449 -0.704035 -0.699703
vn 0.121449 -0.704035 -0.699703
vn 0.121449 -0.704035 -0.699703
vn 0.121449 -0.704035 -0.699703
vn 0.264865 0.769562 -0.581051
vn 0.264865 0.769562 -0.581051
vn 0.264865 0.769562 -0.581051
vn 0.264865 0.769562 -0.581051
vn 0.140967 0.707086 0.692934
vn 0.140967 0.707086 0.692934
vn 0.140967 0.707086 0.692934
vn 0.140967 0.707086 0.692934
vn 0.284508 -0.796971 0.532816
vn 0.284508 -0.796971 0.532816
vn 0.284508 -0.796971 0.532816
vn 0.284508 -0.796971 0.532816
vn 0.059817 -0.463488 -0.884082
vn 0.059817 -0.463488 -0.884082
vn 0.059817 -0.463488 -0.884082
vn 0.059817 -0.463488 -0.884082
vn 0.279158 0.905970 -0.318258
vn 0.279158 0.905970 -0.318258
vn 0.279158 0.905971 -0.318258
vn 0.279158 0.905971 -0.318258
vn 0.166746 0.462935 0.870567
vn 0.166746 0.462935 0.870567
vn 0.166746 0.462935 0.870567
vn 0.166746 0.462935 0.870567
vn 0.286086 -0.922291 0.259874
vn 0.286086 -0.922291 0.259874
vn 0.286086 -0.922291 0.259874
vn 0.286086 -0.922291 0.259874
vn 0.069189 -0.155281 -0.985445
vn 0.069189 -0.155281 -0.985445
vn 0.069189 -0.155281 -0.985445
vn 0.069189 -0.155281 -0.985444
vn 0.276341 0.960897 -0.017661
vn 0.276341 0.960897 -0.017661
vn 0.276341 0.960897 -0.017661
vn 0.276341 0.960897 -0.017661
vn 0.164584 0.157410 0.973722
vn 0.164584 0.157410 0.973722
vn 0.164584 0.157410 0.973722
vn 0.164584 0.157410 0.973722
vn 0.270818 -0.961825 -0.039385
vn 0.270818 -0.961825 -0.039385
vn 0.270818 -0.961825 -0.039385
vn 0.270818 -0.961825 -0.039385
vn 0.148697 0.149114 -0.977576
vn 0.148697 0.149114 -0.977576
vn 0.148697 0.149114 -0.977576
vn 0.148697 0.149114 -0.977576
vn 0.280375 0.916766 0.284482
vn 0.280375 0.916766 0.284482
vn 0.280375 0.916766 0.284482
vn 0.280375 0.916766 0.284482
vn 0.124013 -0.140877 0.982229
vn 0.124013 -0.140877 0.982229
vn 0.124013 -0.140877 0.982229
vn 0.124013 -0.140877 0.982229
vn 0.264283 -0.909095 -0.322027
vn 0.264283 -0.909095 -0.322027
vn 0.264283 -0.909095 -0.322027
vn 0.264283 -0.909095 -0.322027
vn 0.138384 0.428988 -0.892647
vn 0.138384 0.428988 -0.892647
vn 0.138384 0.428988 -0.892647
vn 0.138384 0.428988 -0.892647
vn 0.296645 0.782312 0.547713
vn 0.296645 0.782312 0.547713
vn 0.296645 0.782312 0.547713
vn 0.296645 0.782312 0.547713
vn 0.197750 -0.432566 0.879648
vn 0.197750 -0.432566 0.879648
vn 0.197751 -0.432566 0.879648
vn 0.197750 -0.432566 0.879648
vn 0.259690 -0.766639 -0.587218
vn 0.259690 -0.766639 -0.587218
vn 0.259690 -0.766639 -0.587218
vn 0.259690 -0.766639 -0.587218
vn 0.149652 0.686402 -0.711658
vn 0.149652 0.686402 -0.711658
vn 0.149652 0.686402 -0.711658
vn 0.149652 0.686402 -0.711658
vn 0.301739 0.553861 0.776010
vn 0.301739 0.553861 0.776010
vn 0.301739 0.553861 0.776010
vn 0.301739 0.553861 0.776010
vn 0.212388 -0.676310 0.705334
vn 0.212388 -0.676310 0.705334
vn 0.212388 -0.676310 0.705334
vn 0.212388 -0.676310 0.705334
vn 0.262783 -0.549913 -0.792806
vn 0.262783 -0.549913 -0.792806
vn 0.262783 -0.549913 -0.792806
vn 0.262783 -0.549913 -0.792806
vn 0.102485 0.880602 -0.462641
vn 0.102485 0.880602 -0.462641
vn 0.102485 0.880602 -0.462641
vn 0.102485 0.880602 -0.462641
vn 0.300316 0.308925 0.902428
vn 0.300316 0.308925 0.902428
vn 0.300316 0.308925 0.902428
vn 0.300316 0.308925 0.902428
vn 0.212771 -0.873237 0.438390
vn 0.212771 -0.873237 0.438390
vn 0.212771 -0.873237 0.438390
vn 0.212771 -0.873237 0.438390
vn 0.266232 -0.261843 -0.927663
vn 0.266232 -0.261843 -0.927663
vn 0.266232 -0.261843 -0.927663
vn 0.266232 -0.261843 -0.927663
vn -0.005327 0.987243 -0.159129
vn -0.005327 0.987243 -0.159129
vn -0.005327 0.987243 -0.159129
vn -0.005327 0.987243 -0.159129
vn 0.304886 0.018471 0.952210
vn 0.304886 0.018471 0.952210
vn 0.304886 0.018471 0.952210
vn 0.304886 0.018471 0.952210
vn 0.211408 -0.966089 0.148251
vn 0.211408 -0.966089 0.148251
vn 0.211408 -0.966089 0.148251
vn 0.211408 -0.966089 0.148251
vn 0.257195 0.039846 -0.965538
vn 0.257195 0.039846 -0.965538
vn 0.257195 0.039846 -0.965538
vn 0.257195 0.039846 -0.965538
vn 0.060397 0.986097 0.154808
vn 0.060397 0.986097 0.154808
vn 0.060397 0.986097 0.154808
vn 0.060397 0.986097 0.154808
vn 0.298087 -0.274460 0.914230
vn 0.298087 -0.274460 0.914230
vn 0.298087 -0.274460 0.914230
vn 0.298087 -0.274460 0.914230
vn 0.095285 -0.982675 -0.158970
vn 0.095285 -0.982675 -0.158970
vn 0.095285 -0.982675 -0.158970
vn 0.095285 -0.982675 -0.158970
vn 0.257080 0.316385 -0.913132
vn 0.257080 0.316385 -0.913132
vn 0.257080 0.316385 -0.913132
vn 0.257080 0.316385 -0.913132
vn 0.169713 0.878889 0.445817
vn 0.169713 0.878889 0.445817
vn 0.169713 0.878889 0.445817
vn 0.169713 0.878889 0.445817
vn 0.293509 -0.565455 0.770787
vn 0.293509 -0.565455 0.770787
vn 0.293509 -0.565455 0.770787
vn 0.293509 -0.565455 0.770787
vn 0.174609 -0.875956 -0.449681
vn 0.174609 -0.875956 -0.449681
vn 0.174609 -0.875956 -0.449680
vn 0.174609 -0.875956 -0.449681
vn 0.254681 0.601282 -0.757362
vn 0.254681 0.601282 -0.757362
vn 0.254681 0.601282 -0.757362
vn 0.254681 0.601282 -0.757362
vn 0.060319 0.717670 0.693766
vn 0.060319 0.717670 0.693766
vn 0.060319 0.717670 0.693766
vn 0.060319 0.717670 0.693766
vn 0.297021 -0.755846 0.583503
vn 0.297021 -0.755846 0.583503
vn 0.297021 -0.755846 0.583503
vn 0.297021 -0.755846 0.583503
vn 0.095530 -0.711770 -0.695886
vn 0.095530 -0.711770 -0.695886
vn 0.095530 -0.711770 -0.695886
vn 0.095530 -0.711770 -0.695886
vn 0.259146 0.797200 -0.545266
vn 0.259146 0.797200 -0.545266
vn 0.259146 0.797200 -0.545266
vn 0.259146 0.797200 -0.545266
vn 0.138061 0.458001 0.878165
vn 0.138061 0.458001 0.878165
vn 0.138061 0.458001 0.878165
vn 0.138061 0.458001 0.878165
vn 0.285443 -0.906625 0.310730
vn 0.285443 -0.906625 0.310730
vn 0.285443 -0.906625 0.310730
vn 0.285443 -0.906625 0.310730
vn 0.067416 -0.454235 -0.888328
vn 0.067416 -0.454235 -0.888328
vn 0.067416 -0.454235 -0.888328
vn 0.067416 -0.454235 -0.888328
vn 0.266555 0.924312 -0.273122
vn 0.266555 0.924312 -0.273122
vn 0.266555 0.924312 -0.273122
vn 0.266555 0.924312 -0.273122
vn 0.131523 0.160164 0.978289
vn 0.131523 0.160164 0.978289
vn 0.131523 0.160164 0.978289
vn 0.131523 0.160164 0.978289
vn 0.282034 -0.959344 0.010798
vn 0.282034 -0.959344 0.010798
vn 0.282034 -0.959344 0.010798
vn 0.282034 -0.959344 0.010798
vn 0.104827 -0.160363 -0.981476
vn 0.104827 -0.160363 -0.981476
vn 0.104827 -0.160363 -0.981476
vn 0.104827 -0.160363 -0.981476
vn 0.291013 0.956198 0.031572
vn 0.291013 0.956198 0.031572
vn 0.291013 0.956198 0.031572
vn 0.291013 0.956198 0.031572
vn -0.031526 -0.172920 0.984431
vn -0.031526 -0.172920 0.984431
vn -0.031526 -0.172920 0.984431
vn -0.031526 -0.172920 0.984431
vn 0.279718 -0.913306 -0.296025
vn 0.279718 -0.913306 -0.296025
vn 0.279718 -0.913306 -0.296025
vn 0.279718 -0.913306 -0.296025
vn 0.178507 0.163381 -0.970279
vn 0.178507 0.163381 -0.970279
vn 0.178507 0.163381 -0.970279
vn 0.178507 0.163381 -0.970279
vn 0.286567 0.908558 0.303975
vn 0.286567 0.908559 0.303975
vn 0.286567 0.908558 0.303975
vn 0.286567 0.908559 0.303975
vn 0.177589 -0.456268 0.871942
vn 0.177589 -0.456268 0.871942
vn 0.177589 -0.456268 0.871942
vn 0.177589 -0.456268 0.871942
vn 0.266986 -0.769733 -0.579853
vn 0.266986 -0.769733 -0.579853
vn 0.266986 -0.769733 -0.579853
vn 0.266986 -0.769733 -0.579853
vn 0.227752 0.443269 -0.866973
vn 0.227751 0.443269 -0.866973
vn 0.227751 0.443269 -0.866973
vn 0.227752 0.443269 -0.866973
vn 0.281842 0.763463 0.581110
vn 0.281842 0.763463 0.581110
vn 0.281842 0.763463 0.581110
vn 0.281842 0.763463 0.581110
vn 0.141396 -0.694285 0.705674
vn 0.141396 -0.694285 0.705674
vn 0.141396 -0.694285 0.705674
vn 0.141396 -0.694285 0.705674
vn 0.266469 -0.572401 -0.775469
vn 0.266469 -0.572401 -0.775468
vn 0.266469 -0.572401 -0.775469
vn 0.266469 -0.572401 -0.775469
vn 0.141230 0.692216 -0.707737
vn 0.141230 0.692216 -0.707737
vn 0.141230 0.692216 -0.707737
vn 0.141230 0.692216 -0.707737
vn 0.293505 0.541553 0.787766
vn 0.293505 0.541553 0.787766
vn 0.293505 0.541553 0.787766
vn 0.293505 0.541553 0.787766
vn 0.077867 -0.885916 0.457264
vn 0.077867 -0.885916 0.457264
vn 0.077867 -0.885916 0.457264
vn 0.077867 -0.885916 0.457264
vn 0.264891 -0.316769 -0.910763
vn 0.264891 -0.316769 -0.910763
vn 0.264891 -0.316769 -0.910763
vn 0.264891 -0.316769 -0.910763
vn 0.158370 0.878980 -0.449792
vn 0.158370 0.878980 -0.449792
vn 0.158370 0.878980 -0.449792
vn 0.158370 0.878980 -0.449792
vn 0.296051 0.274801 0.914789
vn 0.296051 0.274801 0.914789
vn 0.296051 0.274801 0.914789
vn 0.296051 0.274801 0.914789
vn 0.156872 -0.977046 0.144125
vn 0.156872 -0.977046 0.144125
vn 0.156872 -0.977046 0.144125
vn 0.156872 -0.977046 0.144125
vn 0.255433 -0.002294 -0.966824
vn 0.255433 -0.002294 -0.966824
vn 0.255433 -0.002294 -0.966824
vn 0.255433 -0.002294 -0.966824
vn 0.154398 0.975597 -0.156112
vn 0.154398 0.975597 -0.156112
vn 0.154398 0.975597 -0.156112
vn 0.154398 0.975597 -0.156112
vn 0.999712 -0.000000 -0.023978
vn 0.999713 -0.000000 -0.023978
vn 0.999713 -0.000000 -0.023978
vn 0.999713 0.000000 -0.023978
vn 0.999713 0.000000 -0.023978
vn 0.999713 0.000000 -0.023978
vn 0.999713 0.000000 -0.023978
vn 0.999713 0.000000 -0.023978
vn 0.999713 0.000000 -0.023978
vn 0.999713 0.000001 -0.023978
vn 0.999713 0.000001 -0.023978
vn 0.999713 0.000001 -0.023978
vn 0.999713 -0.000001 -0.023978
vn 0.999713 -0.000001 -0.023978
vn 0.999713 -0.000001 -0.023978
vn 0.999713 0.000000 -0.023978
vn 0.999713 0.000000 -0.023978
vn 0.999713 0.000000 -0.023978
vn 0.999713 0.000000 -0.023978
vn 0.999713 0.000000 -0.023978
vn 0.999713 0.000000 -0.023978
vn 0.999713 0.000001 -0.023977
vn 0.999713 0.000001 -0.023977
vn 0.999713 0.000001 -0.023977
vn 0.999712 -0.000001 -0.023980
vn 0.999713 -0.000001 -0.023980
vn 0.999713 -0.000001 -0.023980
vn 0.999713 -0.000000 -0.023978
vn 0.999713 -0.000000 -0.023978
vn 0.999713 -0.000000 -0.023978
vn 0.999713 -0.000000 -0.023979
vn 0.999713 -0.000000 -0.023979
vn 0.999712 -0.000000 -0.023979
vn 0.999713 -0.000002 -0.023976
vn 0.999713 -0.000002 -0.023976
vn 0.999713 -0.000002 -0.023976
vn 0.999713 0.000003 -0.023980
vn 0.999713 0.000003 -0.023980
vn 0.999713 0.000003 -0.023980
vn 0.999713 -0.000003 -0.023977
vn 0.999713 -0.000003 -0.023977
vn 0.999713 -0.000003 -0.023977
vn 0.999713 -0.000001 -0.023978
vn 0.999713 -0.000001 -0.023978
vn 0.999713 -0.000001 -0.023978
vn 0.999713 0.000001 -0.023978
vn 0.999713 0.000001 -0.023978
vn 0.999713 0.000001 -0.023978
vn 0.999713 0.000003 -0.023977
vn 0.999713 0.000003 -0.023977
vn 0.999713 0.000003 -0.023977
vn 0.999712 -0.000001 -0.023980
vn 0.999712 -0.000001 -0.023980
vn 0.999712 -0.000001 -0.023980
vn 0.999713 0.000002 -0.023976
vn 0.999713 0.000002 -0.023976
vn 0.999713 0.000002 -0.023976
vn 0.999713 -0.000000 -0.023980
vn 0.999712 -0.000000 -0.023980
vn 0.999713 -0.000000 -0.023980
s off
g CHEOPS_LowPoly polySurface11 group4 pCylinder39
usemtl lambert7SG
f 3068/4380/4722 3069/4381/4723 3070/4382/4724 3071/4383/4725
f 3073/4384/4726 3072/4385/4727 3074/4386/4728 3075/4387/4729
f 3077/4388/4730 3076/4389/4731 3078/4390/4732 3079/4391/4733
f 3081/4392/4734 3080/4393/4735 3082/4394/4736 3083/4395/4737
f 3085/4396/4738 3084/4397/4739 3086/4398/4740 3087/4399/4741
f 3089/4400/4742 3088/4401/4743 3090/4402/4744 3091/4403/4745
f 3093/4404/4746 3092/4405/4747 3094/4406/4748 3095/4407/4749
f 3097/4408/4750 3096/4409/4751 3098/4410/4752 3099/4411/4753
f 3101/4412/4754 3100/4413/4755 3102/4414/4756 3103/4415/4757
f 3105/4416/4758 3104/4417/4759 3106/4418/4760 3107/4419/4761
f 3109/4420/4762 3108/4421/4763 3110/4422/4764 3111/4423/4765
f 3113/4424/4766 3112/4425/4767 3114/4426/4768 3115/4427/4769
f 3117/4428/4770 3116/4429/4771 3118/4430/4772 3119/4431/4773
f 3121/4432/4774 3120/4433/4775 3122/4434/4776 3123/4435/4777
f 3125/4436/4778 3124/4437/4779 3126/4438/4780 3127/4439/4781
f 3129/4440/4782 3128/4441/4783 3130/4442/4784 3131/4443/4785
f 3133/4444/4786 3132/4445/4787 3134/4446/4788 3135/4447/4789
f 3137/4448/4790 3136/4449/4791 3138/4450/4792 3139/4451/4793
f 3141/4452/4794 3140/4453/4795 3142/4454/4796 3143/4455/4797
f 3145/4456/4798 3144/4457/4799 3146/4458/4800 3147/4459/4801
f 3028/4460/4802 3029/4461/4803 3069/4381/4804 3068/4380/4805
f 3029/4461/4806 3031/4462/4807 3070/4382/4808 3069/4381/4809
f 3031/4462/4810 3030/4463/4811 3071/4383/4812 3070/4382/4813
f 3030/4463/4814 3028/4460/4815 3068/4380/4816 3071/4383/4817
f 3029/4461/4818 3028/4460/4819 3072/4385/4820 3073/4384/4821
f 3028/4460/4822 3066/4464/4823 3074/4386/4824 3072/4385/4825
f 3066/4464/4826 3067/4465/4827 3075/4387/4828 3074/4386/4829
f 3067/4465/4830 3029/4461/4831 3073/4384/4832 3075/4387/4833
f 3030/4463/4834 3031/4462/4835 3076/4389/4836 3077/4388/4837
f 3031/4462/4838 3033/4466/4839 3078/4390/4840 3076/4389/4841
f 3033/4466/4842 3032/4467/4843 3079/4391/4844 3078/4390/4845
f 3032/4467/4846 3030/4463/4847 3077/4388/4848 3079/4391/4849
f 3032/4467/4850 3033/4466/4851 3080/4393/4852 3081/4392/4853
f 3033/4466/4854 3035/4468/4855 3082/4394/4856 3080/4393/4857
f 3035/4468/4858 3034/4469/4859 3083/4395/4860 3082/4394/4861
f 3034/4469/4862 3032/4467/4863 3081/4392/4864 3083/4395/4865
f 3034/4469/4866 3035/4468/4867 3084/4397/4868 3085/4396/4869
f 3035/4468/4870 3037/4470/4871 3086/4398/4872 3084/4397/4873
f 3037/4470/4874 3036/4471/4875 3087/4399/4876 3086/4398/4877
f 3036/4471/4878 3034/4469/4879 3085/4396/4880 3087/4399/4881
f 3036/4471/4882 3037/4470/4883 3088/4401/4884 3089/4400/4885
f 3037/4470/4886 3039/4472/4887 3090/4402/4888 3088/4401/4889
f 3039/4472/4890 3038/4473/4891 3091/4403/4892 3090/4402/4893
f 3038/4473/4894 3036/4471/4895 3089/4400/4896 3091/4403/4897
f 3038/4473/4898 3039/4472/4899 3092/4405/4900 3093/4404/4901
f 3039/4472/4902 3041/4474/4903 3094/4406/4904 3092/4405/4905
f 3041/4474/4906 3040/4475/4907 3095/4407/4908 3094/4406/4909
f 3040/4475/4910 3038/4473/4911 3093/4404/4912 3095/4407/4913
f 3040/4475/4914 3041/4474/4915 3096/4409/4916 3097/4408/4917
f 3041/4474/4918 3043/4476/4919 3098/4410/4920 3096/4409/4921
f 3043/4476/4922 3042/4477/4923 3099/4411/4924 3098/4410/4925
f 3042/4477/4926 3040/4475/4927 3097/4408/4928 3099/4411/4929
f 3042/4477/4930 3043/4476/4931 3100/4413/4932 3101/4412/4933
f 3043/4476/4934 3045/4478/4935 3102/4414/4936 3100/4413/4937
f 3045/4478/4938 3044/4479/4939 3103/4415/4940 3102/4414/4941
f 3044/4479/4942 3042/4477/4943 3101/4412/4944 3103/4415/4945
f 3044/4479/4946 3045/4478/4947 3104/4417/4948 3105/4416/4949
f 3045/4478/4950 3047/4480/4951 3106/4418/4952 3104/4417/4953
f 3047/4480/4954 3046/4481/4955 3107/4419/4956 3106/4418/4957
f 3046/4481/4958 3044/4479/4959 3105/4416/4960 3107/4419/4961
f 3046/4481/4962 3047/4480/4963 3108/4421/4964 3109/4420/4965
f 3047/4480/4966 3049/4482/4967 3110/4422/4968 3108/4421/4969
f 3049/4482/4970 3048/4483/4971 3111/4423/4972 3110/4422/4973
f 3048/4483/4974 3046/4481/4975 3109/4420/4976 3111/4423/4977
f 3048/4483/4978 3049/4482/4979 3112/4425/4980 3113/4424/4981
f 3049/4482/4982 3051/4484/4983 3114/4426/4984 3112/4425/4985
f 3051/4484/4986 3050/4485/4987 3115/4427/4988 3114/4426/4989
f 3050/4485/4990 3048/4483/4991 3113/4424/4992 3115/4427/4993
f 3050/4485/4994 3051/4484/4995 3116/4429/4996 3117/4428/4997
f 3051/4484/4998 3053/4486/4999 3118/4430/5000 3116/4429/5001
f 3053/4486/5002 3052/4487/5003 3119/4431/5004 3118/4430/5005
f 3052/4487/5006 3050/4485/5007 3117/4428/5008 3119/4431/5009
f 3052/4487/5010 3053/4486/5011 3120/4433/5012 3121/4432/5013
f 3053/4486/5014 3055/4488/5015 3122/4434/5016 3120/4433/5017
f 3055/4488/5018 3054/4489/5019 3123/4435/5020 3122/4434/5021
f 3054/4489/5022 3052/4487/5023 3121/4432/5024 3123/4435/5025
f 3054/4489/5026 3055/4488/5027 3124/4437/5028 3125/4436/5029
f 3055/4488/5030 3057/4490/5031 3126/4438/5032 3124/4437/5033
f 3057/4490/5034 3056/4491/5035 3127/4439/5036 3126/4438/5037
f 3056/4491/5038 3054/4489/5039 3125/4436/5040 3127/4439/5041
f 3056/4491/5042 3057/4490/5043 3128/4441/5044 3129/4440/5045
f 3057/4490/5046 3059/4492/5047 3130/4442/5048 3128/4441/5049
f 3059/4492/5050 3058/4493/5051 3131/4443/5052 3130/4442/5053
f 3058/4493/5054 3056/4491/5055 3129/4440/5056 3131/4443/5057
f 3058/4493/5058 3059/4492/5059 3132/4445/5060 3133/4444/5061
f 3059/4492/5062 3061/4494/5063 3134/4446/5064 3132/4445/5065
f 3061/4494/5066 3060/4495/5067 3135/4447/5068 3134/4446/5069
f 3060/4495/5070 3058/4493/5071 3133/4444/5072 3135/4447/5073
f 3060/4495/5074 3061/4494/5075 3136/4449/5076 3137/4448/5077
f 3061/4494/5078 3063/4496/5079 3138/4450/5080 3136/4449/5081
f 3063/4496/5082 3062/4497/5083 3139/4451/5084 3138/4450/5085
f 3062/4497/5086 3060/4495/5087 3137/4448/5088 3139/4451/5089
f 3062/4497/5090 3063/4496/5091 3140/4453/5092 3141/4452/5093
f 3063/4496/5094 3065/4498/5095 3142/4454/5096 3140/4453/5097
f 3065/4498/5098 3064/4499/5099 3143/4455/5100 3142/4454/5101
f 3064/4499/5102 3062/4497/5103 3141/4452/5104 3143/4455/5105
f 3064/4499/5106 3065/4498/5107 3144/4457/5108 3145/4456/5109
f 3065/4498/5110 3067/4465/5111 3146/4458/5112 3144/4457/5113
f 3067/4465/5114 3066/4464/5115 3147/4459/5116 3146/4458/5117
f 3066/4464/5118 3064/4499/5119 3145/4456/5120 3147/4459/5121
f 3028/4460/5122 3030/4463/5123 3148/4500/5124
f 3066/4464/5125 3028/4460/5126 3148/4500/5127
f 3030/4463/5128 3032/4467/5129 3148/4500/5130
f 3032/4467/5131 3034/4469/5132 3148/4500/5133
f 3034/4469/5134 3036/4471/5135 3148/4500/5136
f 3036/4471/5137 3038/4473/5138 3148/4500/5139
f 3038/4473/5140 3040/4475/5141 3148/4500/5142
f 3040/4475/5143 3042/4477/5144 3148/4500/5145
f 3042/4477/5146 3044/4479/5147 3148/4500/5148
f 3044/4479/5149 3046/4481/5150 3148/4500/5151
f 3046/4481/5152 3048/4483/5153 3148/4500/5154
f 3048/4483/5155 3050/4485/5156 3148/4500/5157
f 3050/4485/5158 3052/4487/5159 3148/4500/5160
f 3052/4487/5161 3054/4489/5162 3148/4500/5163
f 3054/4489/5164 3056/4491/5165 3148/4500/5166
f 3056/4491/5167 3058/4493/5168 3148/4500/5169
f 3058/4493/5170 3060/4495/5171 3148/4500/5172
f 3060/4495/5173 3062/4497/5174 3148/4500/5175
f 3062/4497/5176 3064/4499/5177 3148/4500/5178
f 3064/4499/5179 3066/4464/5180 3148/4500/5181
g default
v 689.516479 330.040100 621.267761
v 694.237244 52.386223 530.913391
v 692.815247 138.039383 558.785828
v 692.285889 93.853630 449.552490
v 691.465637 166.714478 502.523926
v 690.737122 158.440521 384.984009
v 690.394653 211.377197 457.874359
v 689.742981 239.824829 343.528656
v 689.707092 267.655426 429.207886
v 689.400146 330.040100 329.244171
v 689.470154 330.040100 419.329926
v 689.742920 420.255249 343.528656
v 689.707214 392.424805 429.207458
v 690.737305 501.639557 384.984161
v 690.394775 448.703125 457.874115
v 692.285889 566.226501 449.552551
v 691.465515 493.365540 502.523987
v 694.237305 607.693726 530.913513
v 692.815125 522.040100 558.786255
v 696.400635 621.982422 621.102783
v 694.310852 531.921021 621.152588
v 698.563782 607.693726 711.291870
v 695.806885 522.040527 683.519775
v 700.515259 566.226440 792.652710
v 697.156189 493.365356 739.781433
v 702.063660 501.639465 857.221008
v 698.227234 448.702942 784.431274
v 703.058350 420.255249 898.676575
v 698.914795 392.424805 813.098206
v 703.400818 330.040100 912.961182
v 699.151611 330.040100 822.975464
v 703.058289 239.824860 898.676514
v 698.914673 267.655426 813.097717
v 702.063660 158.440628 857.221008
v 698.227234 211.377304 784.431274
v 700.515259 93.853798 792.652710
v 697.156189 166.714706 739.781433
v 698.563721 52.386326 711.291870
v 695.806885 138.039642 683.519775
v 696.400696 38.097748 621.102722
v 694.311035 128.158890 621.152649
v 701.888000 63.455952 534.327759
v 699.888184 45.213734 528.446716
v 700.014282 103.270119 456.210724
v 697.886230 87.752319 444.984222
v 698.527405 165.282120 394.216736
v 696.297729 154.007690 378.747833
v 697.572754 243.421692 354.413910
v 695.277832 237.494354 336.221436
v 697.243713 330.040100 340.698730
v 694.926270 330.040100 321.567871
v 697.572754 416.658478 354.413818
v 695.277832 422.585754 336.221436
v 698.527466 494.798004 394.216461
v 696.297729 506.072296 378.747833
v 700.014343 556.809937 456.210724
v 697.886230 572.327759 444.984222
v 701.888000 596.624023 534.327759
v 699.888184 614.866089 528.446716
v 703.965027 610.342896 620.921082
v 702.107422 629.524048 620.965881
v 706.041870 596.623901 707.514587
v 704.326416 614.866089 713.484924
v 707.915527 556.809814 785.631775
v 706.328064 572.327576 796.947510
v 709.402527 494.797913 847.625854
v 707.916992 506.072296 863.183777
v 710.356995 416.658478 887.428284
v 708.936768 422.585754 905.710083
v 710.686096 330.040100 901.143433
v 709.288391 330.040100 920.363525
v 710.356995 243.421692 887.428284
v 708.936768 237.494415 905.710083
v 709.402527 165.282181 847.625854
v 707.916992 154.007797 863.183777
v 707.915527 103.270264 785.631653
v 706.328247 87.752502 796.947388
v 706.041809 63.455952 707.514832
v 704.326294 45.213932 713.484741
v 703.965027 49.737110 620.921082
v 702.107422 30.556179 620.965881
v 740.719788 47.111874 521.378906
v 740.226807 38.434452 518.261169
v 738.112061 76.714844 443.939484
v 739.082214 81.748070 448.216370
v 740.860657 44.651520 533.760742
v 740.074768 38.246933 531.621216
v 742.789062 30.109001 613.413818
v 742.107910 22.792229 613.820923
v 737.917969 85.892921 434.915588
v 738.692505 91.842476 439.230438
v 736.403809 144.332733 375.121765
v 737.264404 148.154358 381.014221
v 736.413452 154.701691 367.957306
v 737.134705 159.447968 374.681915
v 735.497437 228.185913 328.008148
v 736.316223 230.318954 335.491852
v 735.462769 241.118820 325.245880
v 736.261353 243.546921 332.936554
v 734.972290 323.752747 312.241150
v 735.779663 323.374573 319.862976
v 734.896973 336.217102 314.534607
v 735.766602 336.121857 322.266296
v 735.152222 418.917236 326.686768
v 736.099731 416.521118 332.340698
v 735.301147 429.809113 332.497803
v 736.250000 428.554688 337.286591
v 736.215088 505.968109 366.904999
v 737.236145 502.015167 371.502472
v 736.385803 514.042908 377.112823
v 737.419189 510.974731 381.829071
v 737.898438 575.121704 434.262024
v 738.848022 571.179077 435.963898
v 738.167847 581.590515 445.062775
v 739.165894 577.844177 448.228241
v 739.935364 621.186157 518.692078
v 740.682800 614.356384 520.503113
v 740.585876 626.600342 530.844421
v 741.217529 618.760864 533.208496
v 742.449097 640.187500 613.359314
v 742.956726 631.442932 613.166443
v 742.727661 638.546814 626.611389
v 743.135986 629.054871 626.236145
v 744.559204 625.468567 709.176147
v 744.862671 616.201660 706.164551
v 744.754578 619.400635 720.598938
v 745.556396 614.068481 719.132263
v 746.338623 581.190674 794.934204
v 747.204224 577.432556 791.317932
v 746.859619 574.890381 805.816162
v 747.335815 567.654419 799.997192
v 748.642822 517.882202 866.882446
v 748.641968 511.826691 859.021851
v 748.363464 505.034607 871.494507
v 748.866089 500.463562 865.018738
v 749.323547 431.211823 910.733704
v 749.571045 428.493713 902.114990
v 749.470215 418.803101 913.747559
v 749.881775 416.486237 906.289124
v 749.676147 336.392944 927.677734
v 750.162659 336.650757 919.865967
v 750.533936 322.763306 932.471680
v 750.721375 323.110657 922.053528
v 749.736816 240.496094 916.323364
v 749.787720 243.747681 907.549133
v 749.281006 229.079468 909.946411
v 750.242432 229.962494 905.710693
v 748.169922 155.322693 870.583313
v 749.096924 158.118484 868.263794
v 748.181274 145.087769 863.893372
v 748.812073 148.856613 858.550598
v 746.809265 84.607719 806.085754
v 747.442322 90.502823 802.314514
v 746.680969 77.247551 795.575134
v 747.389160 82.878487 791.404419
v 744.873779 38.195065 721.662109
v 745.394104 46.426846 719.114746
v 744.569763 36.086182 708.751343
v 745.244934 42.182529 706.588928
v 742.248657 24.199081 626.033752
v 743.141479 29.922180 626.650696
v 700.634705 138.883560 482.077942
v 702.214233 105.322075 547.926941
v 703.965027 93.757751 620.921082
v 699.381348 191.156784 429.819885
v 698.576538 257.024811 396.267944
v 698.299316 330.040100 384.706726
v 698.576599 403.055328 396.267883
v 699.381348 468.923309 429.819641
v 700.634705 521.196472 482.077942
v 702.214233 554.757935 547.926941
v 703.965027 566.322266 620.921082
v 705.715759 554.757812 693.915466
v 707.295044 521.196411 759.764526
v 708.548584 468.923248 812.022522
v 709.353210 403.055328 845.574219
v 709.630493 330.040100 857.135620
v 709.353088 257.024811 845.574097
v 708.548584 191.156845 812.022522
v 707.295105 138.883682 759.764465
v 705.715698 105.322075 693.915527
vt 0.856961 0.736359
vt 0.840450 0.685621
vt 0.873767 0.668633
vt 0.905150 0.711794
vt 0.803557 0.744815
vt 0.803525 0.691476
vt 0.900205 0.642176
vt 0.943388 0.673529
vt 0.917170 0.608847
vt 0.967918 0.625323
vt 0.922999 0.571917
vt 0.976336 0.571913
vt 0.917127 0.535010
vt 0.967828 0.518545
vt 0.900137 0.501742
vt 0.943243 0.470451
vt 0.873700 0.475369
vt 0.905007 0.432337
vt 0.840411 0.458466
vt 0.856876 0.407918
vt 0.803530 0.452676
vt 0.803564 0.399567
vt 0.766662 0.458560
vt 0.750281 0.408083
vt 0.733409 0.475538
vt 0.702226 0.432625
vt 0.707017 0.501948
vt 0.664083 0.470793
vt 0.690061 0.535213
vt 0.639573 0.518866
vt 0.684202 0.572085
vt 0.631092 0.572156
vt 0.690016 0.608963
vt 0.639479 0.625463
vt 0.706943 0.642242
vt 0.663931 0.673579
vt 0.733334 0.668662
vt 0.702072 0.711791
vt 0.766614 0.685630
vt 0.750183 0.736344
vt 0.803450 0.571926
vt 0.862378 0.739318
vt 0.864218 0.744434
vt 0.908010 0.721878
vt 0.905479 0.718910
vt 0.856349 0.744545
vt 0.855084 0.740767
vt 0.808170 0.749328
vt 0.807929 0.753643
vt 0.910774 0.712961
vt 0.913326 0.716468
vt 0.948553 0.682026
vt 0.945067 0.679777
vt 0.948795 0.673122
vt 0.952770 0.675915
vt 0.976285 0.632616
vt 0.971861 0.631367
vt 0.973360 0.623575
vt 0.977907 0.624997
vt 0.985531 0.576330
vt 0.981027 0.576565
vt 0.979605 0.569061
vt 0.984175 0.568990
vt 0.976970 0.520323
vt 0.973625 0.521754
vt 0.970705 0.514678
vt 0.973540 0.513918
vt 0.953234 0.469149
vt 0.950514 0.471502
vt 0.944431 0.466240
vt 0.947220 0.464407
vt 0.913551 0.428556
vt 0.912540 0.430903
vt 0.905321 0.426998
vt 0.907192 0.424764
vt 0.863864 0.401570
vt 0.862796 0.405608
vt 0.855322 0.403041
vt 0.856714 0.398415
vt 0.808200 0.390512
vt 0.808314 0.395664
vt 0.800632 0.397073
vt 0.800411 0.391486
vt 0.751893 0.399236
vt 0.753663 0.404685
vt 0.746048 0.405963
vt 0.745181 0.402805
vt 0.701507 0.425292
vt 0.703642 0.427526
vt 0.698541 0.433270
vt 0.695118 0.429008
vt 0.659245 0.462529
vt 0.663860 0.466084
vt 0.660336 0.472761
vt 0.656524 0.470064
vt 0.633449 0.513438
vt 0.638517 0.515040
vt 0.636065 0.522099
vt 0.631675 0.520730
vt 0.623447 0.569147
vt 0.628049 0.569003
vt 0.626768 0.576968
vt 0.620641 0.577169
vt 0.630069 0.625514
vt 0.635231 0.623602
vt 0.636314 0.631711
vt 0.633803 0.632222
vt 0.656894 0.675598
vt 0.658276 0.673957
vt 0.663980 0.679405
vt 0.660824 0.681621
vt 0.694789 0.717216
vt 0.697019 0.713745
vt 0.703436 0.718233
vt 0.700970 0.721550
vt 0.744445 0.744553
vt 0.745950 0.739703
vt 0.753322 0.742203
vt 0.752042 0.745797
vt 0.800737 0.752813
vt 0.800376 0.749436
vt 0.907801 0.715405
vt 0.858398 0.740588
vt 0.947002 0.676176
vt 0.972149 0.626755
vt 0.980778 0.572000
vt 0.972054 0.517288
vt 0.946849 0.467985
vt 0.907649 0.428913
vt 0.858307 0.403882
vt 0.803655 0.395322
vt 0.749034 0.404053
vt 0.699771 0.429212
vt 0.660670 0.468340
vt 0.635544 0.517620
vt 0.626849 0.572248
vt 0.635446 0.626896
vt 0.660510 0.676223
vt 0.699610 0.715397
vt 0.748931 0.740569
vt 0.803649 0.749255
vt 0.854906 0.729782
vt 0.901131 0.706218
vt 0.803679 0.737895
vt 0.937810 0.669512
vt 0.961341 0.623270
vt 0.969418 0.572037
vt 0.961259 0.520843
vt 0.937677 0.474706
vt 0.900999 0.438141
vt 0.854828 0.414714
vt 0.803685 0.406700
vt 0.752569 0.414869
vt 0.706467 0.438412
vt 0.669875 0.475029
vt 0.646363 0.521147
vt 0.638228 0.572270
vt 0.646276 0.623409
vt 0.669735 0.669565
vt 0.706325 0.706220
vt 0.752478 0.729770
vt 0.885811 0.685142
vt 0.846854 0.705004
vt 0.803679 0.711846
vt 0.916725 0.654206
vt 0.936559 0.615235
vt 0.943371 0.572055
vt 0.936500 0.528904
vt 0.916630 0.490012
vt 0.885718 0.459184
vt 0.846799 0.439428
vt 0.803685 0.432665
vt 0.760589 0.439547
vt 0.721719 0.459394
vt 0.690868 0.490267
vt 0.671047 0.529150
vt 0.664193 0.572251
vt 0.670985 0.615363
vt 0.690768 0.654270
vt 0.721618 0.685161
vt 0.760523 0.705005
vn -0.999615 -0.022066 0.016805
vn -0.999615 -0.022066 0.016805
vn -0.999770 -0.018771 0.010339
vn -0.999770 -0.018771 0.010339
vn -0.999443 -0.023202 0.023972
vn -0.999443 -0.023202 0.023972
vn -0.999894 -0.013637 0.005206
vn -0.999893 -0.013637 0.005206
vn -0.999973 -0.007170 0.001911
vn -0.999973 -0.007170 0.001911
vn -1.000000 0.000000 0.000777
vn -1.000000 0.000000 0.000777
vn -0.999972 0.007171 0.001912
vn -0.999972 0.007171 0.001912
vn -0.999894 0.013637 0.005205
vn -0.999893 0.013637 0.005205
vn -0.999770 0.018771 0.010337
vn -0.999770 0.018771 0.010337
vn -0.999615 0.022067 0.016804
vn -0.999615 0.022067 0.016804
vn -0.999443 0.023203 0.023972
vn -0.999443 0.023203 0.023972
vn -0.999271 0.022068 0.031140
vn -0.999271 0.022068 0.031140
vn -0.999116 0.018772 0.037605
vn -0.999116 0.018772 0.037605
vn -0.998993 0.013637 0.042737
vn -0.998993 0.013637 0.042737
vn -0.998914 0.007170 0.046033
vn -0.998914 0.007170 0.046033
vn -0.998887 0.000001 0.047169
vn -0.998887 0.000001 0.047169
vn -0.998914 -0.007169 0.046033
vn -0.998914 -0.007169 0.046033
vn -0.998993 -0.013637 0.042737
vn -0.998993 -0.013637 0.042737
vn -0.999116 -0.018771 0.037605
vn -0.999116 -0.018771 0.037605
vn -0.999271 -0.022067 0.031139
vn -0.999272 -0.022067 0.031139
vn -0.999765 -0.019215 0.010017
vn -0.999607 -0.022587 0.016635
vn -0.999713 -0.000000 0.023978
vn -0.999891 -0.013959 0.004764
vn -0.999972 -0.007340 0.001391
vn -1.000000 -0.000001 0.000229
vn -0.999972 0.007341 0.001391
vn -0.999891 0.013959 0.004762
vn -0.999765 0.019213 0.010016
vn -0.999606 0.022588 0.016635
vn -0.999431 0.023748 0.023971
vn -0.999255 0.022588 0.031308
vn -0.999096 0.019215 0.037926
vn -0.998970 0.013959 0.043180
vn -0.998889 0.007339 0.046551
vn -0.998861 0.000000 0.047713
vn -0.998889 -0.007339 0.046551
vn -0.998970 -0.013959 0.043179
vn -0.999096 -0.019214 0.037926
vn -0.999255 -0.022588 0.031307
vn -0.999431 -0.023749 0.023971
vn 0.995431 -0.073077 -0.061458
vn 0.995431 -0.073077 -0.061458
vn 0.995431 -0.073077 -0.061458
vn 0.995431 -0.073077 -0.061458
vn 0.993972 -0.100839 -0.043018
vn 0.993972 -0.100839 -0.043018
vn 0.993972 -0.100839 -0.043018
vn 0.993972 -0.100839 -0.043018
vn 0.993279 -0.069621 -0.092466
vn 0.993279 -0.069621 -0.092466
vn 0.993279 -0.069621 -0.092466
vn 0.993279 -0.069621 -0.092466
vn 0.995260 -0.037283 -0.089824
vn 0.995260 -0.037283 -0.089824
vn 0.995260 -0.037283 -0.089824
vn 0.995260 -0.037283 -0.089824
vn 0.994635 -0.010568 -0.102902
vn 0.994635 -0.010568 -0.102902
vn 0.994635 -0.010568 -0.102902
vn 0.994635 -0.010568 -0.102902
vn 0.991162 0.014396 -0.131874
vn 0.991162 0.014396 -0.131874
vn 0.991162 0.014396 -0.131874
vn 0.991162 0.014396 -0.131874
vn 0.983261 0.065493 -0.170023
vn 0.983261 0.065493 -0.170023
vn 0.983261 0.065493 -0.170023
vn 0.983261 0.065493 -0.170023
vn 0.978311 0.126665 -0.163903
vn 0.978311 0.126665 -0.163903
vn 0.978311 0.126665 -0.163903
vn 0.978311 0.126665 -0.163903
vn 0.988704 0.122601 -0.086213
vn 0.988704 0.122601 -0.086213
vn 0.988704 0.122601 -0.086213
vn 0.988704 0.122601 -0.086213
vn 0.997403 0.064269 -0.032505
vn 0.997403 0.064269 -0.032505
vn 0.997403 0.064269 -0.032505
vn 0.997403 0.064269 -0.032505
vn 0.999054 0.040683 -0.015384
vn 0.999054 0.040683 -0.015384
vn 0.999054 0.040683 -0.015384
vn 0.999054 0.040683 -0.015384
vn 0.987110 0.150294 0.055006
vn 0.987110 0.150294 0.055006
vn 0.987110 0.150294 0.055006
vn 0.987110 0.150294 0.055006
vn 0.999492 0.031625 0.004003
vn 0.999492 0.031625 0.004003
vn 0.999492 0.031625 0.004003
vn 0.999492 0.031625 0.004003
vn 0.998933 0.029851 0.035226
vn 0.998933 0.029851 0.035226
vn 0.998933 0.029851 0.035226
vn 0.998933 0.029851 0.035226
vn 0.998294 0.012658 0.057005
vn 0.998294 0.012658 0.057005
vn 0.998294 0.012658 0.057005
vn 0.998294 0.012658 0.057005
vn 0.999870 -0.012612 0.010052
vn 0.999870 -0.012612 0.010052
vn 0.999870 -0.012612 0.010052
vn 0.999870 -0.012612 0.010052
vn 0.969840 -0.125318 0.209059
vn 0.969840 -0.125318 0.209059
vn 0.969840 -0.125318 0.209059
vn 0.969840 -0.125318 0.209059
vn 0.995434 -0.077043 0.056347
vn 0.995434 -0.077043 0.056347
vn 0.995434 -0.077043 0.056347
vn 0.995434 -0.077043 0.056347
vn 0.996615 -0.080693 0.015751
vn 0.996615 -0.080693 0.015751
vn 0.996615 -0.080693 0.015751
vn 0.996615 -0.080693 0.015751
vn 0.991163 -0.132449 -0.007299
vn 0.991163 -0.132449 -0.007299
vn 0.991163 -0.132449 -0.007299
vn 0.991163 -0.132449 -0.007299
vn -0.801585 -0.573989 -0.167326
vn -0.805617 -0.488266 -0.335526
vn -0.805617 -0.488267 -0.335524
vn -0.801585 -0.573989 -0.167325
vn -0.808814 -0.354750 -0.469013
vn -0.808814 -0.354751 -0.469012
vn -0.810868 -0.186505 -0.554716
vn -0.810868 -0.186505 -0.554716
vn -0.811576 -0.000000 -0.584247
vn -0.811576 -0.000000 -0.584247
vn -0.810869 0.186502 -0.554714
vn -0.810869 0.186503 -0.554714
vn -0.808819 0.354746 -0.469007
vn -0.808819 0.354745 -0.469008
vn -0.805620 0.488264 -0.335522
vn -0.805620 0.488265 -0.335521
vn -0.801584 0.573991 -0.167325
vn -0.801584 0.573990 -0.167326
vn -0.797111 0.603530 0.019119
vn -0.797111 0.603530 0.019119
vn -0.792642 0.573988 0.205563
vn -0.792642 0.573988 0.205565
vn -0.788609 0.488263 0.373759
vn -0.788609 0.488262 0.373760
vn -0.785407 0.354744 0.507240
vn -0.785407 0.354743 0.507240
vn -0.783353 0.186499 0.592939
vn -0.783353 0.186499 0.592939
vn -0.782646 -0.000001 0.622467
vn -0.782646 -0.000001 0.622467
vn -0.783356 -0.186500 0.592935
vn -0.783356 -0.186500 0.592935
vn -0.785406 -0.354747 0.507240
vn -0.785406 -0.354746 0.507241
vn -0.788605 -0.488265 0.373763
vn -0.788605 -0.488265 0.373763
vn -0.792643 -0.573987 0.205565
vn -0.792643 -0.573987 0.205564
vn -0.797113 -0.603528 0.019119
vn -0.797113 -0.603528 0.019119
vn 0.175925 -0.326708 0.928608
vn 0.175925 -0.326708 0.928608
vn 0.175925 -0.326708 0.928608
vn 0.175925 -0.326708 0.928608
vn -0.251846 -0.863999 -0.435980
vn -0.251846 -0.863999 -0.435980
vn -0.251846 -0.863999 -0.435980
vn -0.251846 -0.863999 -0.435980
vn 0.147514 0.581381 -0.800147
vn 0.147514 0.581381 -0.800148
vn 0.147514 0.581381 -0.800147
vn 0.147514 0.581381 -0.800148
vn 0.484939 0.789079 0.377080
vn 0.484939 0.789079 0.377080
vn 0.484939 0.789079 0.377080
vn 0.484939 0.789079 0.377080
vn 0.126904 0.293947 -0.947360
vn 0.126904 0.293947 -0.947360
vn 0.126904 0.293947 -0.947360
vn 0.126904 0.293947 -0.947360
vn 0.450176 0.882040 0.139098
vn 0.450176 0.882040 0.139098
vn 0.450176 0.882040 0.139098
vn 0.450176 0.882039 0.139098
vn 0.182514 -0.000720 0.983203
vn 0.182514 -0.000720 0.983203
vn 0.182514 -0.000720 0.983203
vn 0.182514 -0.000720 0.983203
vn -0.186058 -0.969012 -0.162478
vn -0.186058 -0.969012 -0.162478
vn -0.186058 -0.969012 -0.162478
vn -0.186058 -0.969012 -0.162478
vn 0.170403 -0.592849 0.787079
vn 0.170403 -0.592849 0.787079
vn 0.170403 -0.592849 0.787079
vn 0.170403 -0.592849 0.787079
vn -0.217121 -0.696571 -0.683847
vn -0.217121 -0.696571 -0.683847
vn -0.217121 -0.696571 -0.683847
vn -0.217121 -0.696571 -0.683847
vn 0.146346 0.797759 -0.584947
vn 0.146346 0.797759 -0.584947
vn 0.146346 0.797759 -0.584947
vn 0.146346 0.797759 -0.584947
vn 0.472539 0.633790 0.612387
vn 0.472539 0.633790 0.612387
vn 0.472539 0.633790 0.612387
vn 0.472539 0.633790 0.612387
vn 0.163966 -0.810061 0.562954
vn 0.163966 -0.810061 0.562954
vn 0.163966 -0.810061 0.562954
vn 0.163966 -0.810061 0.562954
vn -0.250946 -0.452665 -0.855640
vn -0.250946 -0.452665 -0.855640
vn -0.250946 -0.452665 -0.855640
vn -0.250946 -0.452665 -0.855640
vn 0.158166 0.936440 -0.313152
vn 0.158166 0.936440 -0.313152
vn 0.158166 0.936440 -0.313152
vn 0.158166 0.936440 -0.313152
vn 0.484489 0.414226 0.770511
vn 0.484489 0.414226 0.770511
vn 0.484489 0.414226 0.770511
vn 0.484489 0.414226 0.770511
vn 0.162373 -0.944524 0.285500
vn 0.162373 -0.944524 0.285500
vn 0.162373 -0.944524 0.285500
vn 0.162373 -0.944524 0.285500
vn -0.247202 -0.152273 -0.956924
vn -0.247202 -0.152273 -0.956924
vn -0.247202 -0.152273 -0.956925
vn -0.247201 -0.152273 -0.956925
vn 0.160829 0.986971 -0.004836
vn 0.160829 0.986971 -0.004836
vn 0.160829 0.986970 -0.004836
vn 0.160829 0.986970 -0.004836
vn 0.484876 0.141273 0.863097
vn 0.484876 0.141273 0.863097
vn 0.484876 0.141273 0.863097
vn 0.484876 0.141273 0.863097
vn 0.147610 -0.988822 -0.021018
vn 0.147610 -0.988822 -0.021018
vn 0.147610 -0.988822 -0.021018
vn 0.147610 -0.988822 -0.021018
vn -0.205391 0.148673 -0.967321
vn -0.205391 0.148673 -0.967321
vn -0.205391 0.148673 -0.967321
vn -0.205391 0.148673 -0.967321
vn 0.168226 0.937578 0.304382
vn 0.168226 0.937578 0.304382
vn 0.168226 0.937578 0.304382
vn 0.168226 0.937578 0.304382
vn 0.469214 -0.126350 0.873999
vn 0.469214 -0.126350 0.873999
vn 0.469214 -0.126350 0.873999
vn 0.469214 -0.126350 0.873999
vn 0.144865 -0.938405 -0.313705
vn 0.144866 -0.938405 -0.313705
vn 0.144866 -0.938405 -0.313705
vn 0.144865 -0.938405 -0.313705
vn -0.209326 0.426562 -0.879902
vn -0.209326 0.426562 -0.879902
vn -0.209326 0.426562 -0.879902
vn -0.209326 0.426562 -0.879902
vn 0.180919 0.797350 0.575762
vn 0.180919 0.797350 0.575762
vn 0.180919 0.797350 0.575762
vn 0.180919 0.797350 0.575762
vn 0.495836 -0.386132 0.777849
vn 0.495836 -0.386132 0.777849
vn 0.495836 -0.386132 0.777849
vn 0.495836 -0.386132 0.777849
vn 0.139048 -0.796499 -0.588435
vn 0.139048 -0.796499 -0.588435
vn 0.139048 -0.796499 -0.588435
vn 0.139048 -0.796499 -0.588435
vn -0.200137 0.684314 -0.701184
vn -0.200137 0.684314 -0.701184
vn -0.200137 0.684314 -0.701184
vn -0.200137 0.684314 -0.701184
vn 0.192652 0.563949 0.803024
vn 0.192652 0.563949 0.803024
vn 0.192652 0.563949 0.803024
vn 0.192652 0.563949 0.803024
vn 0.498476 -0.603363 0.622475
vn 0.498476 -0.603363 0.622475
vn 0.498476 -0.603363 0.622475
vn 0.498476 -0.603363 0.622475
vn 0.140404 -0.577851 -0.803974
vn 0.140404 -0.577851 -0.803974
vn 0.140404 -0.577851 -0.803974
vn 0.140404 -0.577851 -0.803974
vn -0.221958 0.866256 -0.447588
vn -0.221958 0.866256 -0.447588
vn -0.221958 0.866256 -0.447588
vn -0.221958 0.866256 -0.447588
vn 0.185610 0.306746 0.933518
vn 0.185610 0.306746 0.933518
vn 0.185610 0.306746 0.933518
vn 0.185610 0.306746 0.933518
vn 0.495072 -0.779235 0.384314
vn 0.495072 -0.779235 0.384314
vn 0.495072 -0.779235 0.384314
vn 0.495072 -0.779235 0.384314
vn 0.136240 -0.286091 -0.948467
vn 0.136240 -0.286092 -0.948467
vn 0.136240 -0.286091 -0.948467
vn 0.136240 -0.286091 -0.948467
vn -0.272268 0.950911 -0.147097
vn -0.272268 0.950911 -0.147097
vn -0.272268 0.950911 -0.147097
vn -0.272268 0.950911 -0.147097
vn 0.187201 0.007496 0.982293
vn 0.187201 0.007496 0.982293
vn 0.187201 0.007496 0.982293
vn 0.187201 0.007496 0.982293
vn 0.490331 -0.862456 0.125478
vn 0.490331 -0.862456 0.125478
vn 0.490331 -0.862456 0.125478
vn 0.490331 -0.862456 0.125478
vn 0.127644 0.024613 -0.991515
vn 0.127644 0.024613 -0.991515
vn 0.127644 0.024613 -0.991515
vn 0.127644 0.024613 -0.991515
vn -0.235396 0.959073 0.157378
vn -0.235396 0.959073 0.157378
vn -0.235396 0.959073 0.157378
vn -0.235396 0.959073 0.157378
vn 0.179243 -0.293442 0.939023
vn 0.179243 -0.293442 0.939023
vn 0.179243 -0.293442 0.939023
vn 0.179243 -0.293442 0.939023
vn 0.441816 -0.884273 -0.151196
vn 0.441816 -0.884273 -0.151196
vn 0.441816 -0.884273 -0.151196
vn 0.441816 -0.884273 -0.151196
vn 0.134874 0.311174 -0.940734
vn 0.134874 0.311174 -0.940734
vn 0.134874 0.311174 -0.940734
vn 0.134874 0.311174 -0.940734
vn -0.174375 0.874964 0.451699
vn -0.174375 0.874964 0.451699
vn -0.174375 0.874964 0.451699
vn -0.174375 0.874964 0.451699
vn 0.181968 -0.587595 0.788429
vn 0.181968 -0.587595 0.788429
vn 0.181968 -0.587595 0.788429
vn 0.181968 -0.587595 0.788429
vn 0.468178 -0.783125 -0.409298
vn 0.468178 -0.783125 -0.409298
vn 0.468178 -0.783125 -0.409298
vn 0.468178 -0.783125 -0.409298
vn 0.127338 0.604003 -0.786743
vn 0.127338 0.604003 -0.786743
vn 0.127338 0.604003 -0.786743
vn 0.127338 0.604003 -0.786743
vn -0.228399 0.696391 0.680348
vn -0.228399 0.696391 0.680348
vn -0.228399 0.696391 0.680348
vn -0.228399 0.696391 0.680348
vn 0.171756 -0.786656 0.593020
vn 0.171756 -0.786656 0.593020
vn 0.171756 -0.786656 0.593020
vn 0.171756 -0.786656 0.593020
vn 0.434373 -0.640302 -0.633509
vn 0.434373 -0.640302 -0.633509
vn 0.434373 -0.640302 -0.633509
vn 0.434373 -0.640302 -0.633509
vn 0.136505 0.810060 -0.570237
vn 0.136505 0.810060 -0.570237
vn 0.136505 0.810060 -0.570237
vn 0.136505 0.810060 -0.570237
vn -0.186328 0.451272 0.872717
vn -0.186328 0.451272 0.872717
vn -0.186328 0.451272 0.872717
vn -0.186328 0.451272 0.872717
vn 0.163638 -0.936208 0.311027
vn 0.163638 -0.936208 0.311027
vn 0.163638 -0.936208 0.311027
vn 0.163638 -0.936208 0.311027
vn 0.421081 -0.409855 -0.809141
vn 0.421081 -0.409855 -0.809141
vn 0.421081 -0.409855 -0.809141
vn 0.421081 -0.409855 -0.809141
vn 0.144945 0.945239 -0.292427
vn 0.144945 0.945239 -0.292427
vn 0.144945 0.945239 -0.292427
vn 0.144945 0.945239 -0.292427
vn -0.188887 0.157750 0.969245
vn -0.188887 0.157750 0.969245
vn -0.188887 0.157750 0.969246
vn -0.188887 0.157750 0.969245
vn 0.159677 -0.987168 0.001715
vn 0.159677 -0.987168 0.001715
vn 0.159677 -0.987168 0.001715
vn 0.159677 -0.987168 0.001715
vn 0.434663 -0.144165 -0.888979
vn 0.434663 -0.144165 -0.888979
vn 0.434663 -0.144165 -0.888979
vn 0.434663 -0.144165 -0.888979
vn 0.164113 0.986232 0.020335
vn 0.164113 0.986232 0.020335
vn 0.164113 0.986232 0.020335
vn 0.164113 0.986232 0.020335
vn -0.271210 -0.165293 0.948221
vn -0.271210 -0.165293 0.948221
vn -0.271210 -0.165293 0.948221
vn -0.271210 -0.165293 0.948221
vn 0.157481 -0.937745 -0.309570
vn 0.157481 -0.937745 -0.309570
vn 0.157481 -0.937745 -0.309570
vn 0.157481 -0.937745 -0.309570
vn 0.463424 0.145098 -0.874177
vn 0.463424 0.145098 -0.874177
vn 0.463424 0.145098 -0.874177
vn 0.463424 0.145098 -0.874177
vn 0.171023 0.937920 0.301757
vn 0.171023 0.937920 0.301757
vn 0.171023 0.937920 0.301757
vn 0.171023 0.937920 0.301757
vn -0.166363 -0.453687 0.875495
vn -0.166363 -0.453687 0.875495
vn -0.166363 -0.453687 0.875495
vn -0.166363 -0.453687 0.875495
vn 0.152341 -0.786529 -0.598468
vn 0.152341 -0.786529 -0.598468
vn 0.152341 -0.786529 -0.598468
vn 0.152342 -0.786529 -0.598468
vn 0.484197 0.395265 -0.780589
vn 0.484197 0.395265 -0.780589
vn 0.484197 0.395265 -0.780589
vn 0.484197 0.395265 -0.780589
vn 0.166307 0.792268 0.587073
vn 0.166307 0.792268 0.587073
vn 0.166307 0.792268 0.587073
vn 0.166307 0.792268 0.587073
vn -0.188184 -0.684732 0.704081
vn -0.188184 -0.684732 0.704081
vn -0.188184 -0.684732 0.704081
vn -0.188184 -0.684732 0.704081
vn 0.143479 -0.579911 -0.801946
vn 0.143479 -0.579911 -0.801946
vn 0.143479 -0.579911 -0.801946
vn 0.143479 -0.579911 -0.801946
vn 0.453256 0.619136 -0.641271
vn 0.453256 0.619136 -0.641271
vn 0.453256 0.619136 -0.641271
vn 0.453256 0.619136 -0.641271
vn 0.175980 0.569078 0.803232
vn 0.175980 0.569078 0.803232
vn 0.175980 0.569078 0.803232
vn 0.175980 0.569078 0.803232
vn -0.224973 -0.862786 0.452755
vn -0.224973 -0.862786 0.452755
vn -0.224973 -0.862786 0.452755
vn -0.224973 -0.862786 0.452755
vn 0.138052 -0.313878 -0.939373
vn 0.138052 -0.313878 -0.939373
vn 0.138052 -0.313878 -0.939373
vn 0.138052 -0.313878 -0.939373
vn 0.463321 0.785523 -0.410229
vn 0.463321 0.785523 -0.410229
vn 0.463321 0.785523 -0.410229
vn 0.463321 0.785523 -0.410229
vn 0.180014 0.295784 0.938140
vn 0.180014 0.295784 0.938140
vn 0.180014 0.295784 0.938140
vn 0.180014 0.295784 0.938140
vn -0.187572 -0.970441 0.151862
vn -0.187572 -0.970441 0.151862
vn -0.187572 -0.970441 0.151862
vn -0.187572 -0.970441 0.151862
vn 0.137338 0.007589 -0.990495
vn 0.137338 0.007589 -0.990495
vn 0.137338 0.007589 -0.990495
vn 0.137338 0.007589 -0.990495
vn 0.466286 0.872205 -0.147770
vn 0.466286 0.872205 -0.147770
vn 0.466286 0.872205 -0.147770
vn 0.466286 0.872205 -0.147770
vn 0.999712 0.000001 -0.023980
vn 0.999712 0.000001 -0.023980
vn 0.999712 0.000001 -0.023980
vn 0.999712 0.000001 -0.023980
vn 0.999712 0.000000 -0.023979
vn 0.999712 0.000000 -0.023979
vn 0.999712 0.000000 -0.023979
vn 0.999712 0.000000 -0.023979
vn 0.999713 -0.000001 -0.023978
vn 0.999713 -0.000001 -0.023978
vn 0.999713 -0.000001 -0.023978
vn 0.999713 -0.000001 -0.023978
vn 0.999713 0.000001 -0.023977
vn 0.999713 0.000001 -0.023977
vn 0.999713 0.000001 -0.023977
vn 0.999713 0.000001 -0.023977
vn 0.999713 0.000001 -0.023978
vn 0.999713 0.000001 -0.023978
vn 0.999713 0.000001 -0.023978
vn 0.999713 0.000001 -0.023978
vn 0.999713 0.000000 -0.023979
vn 0.999712 0.000000 -0.023979
vn 0.999713 0.000000 -0.023979
vn 0.999712 0.000000 -0.023979
vn 0.999713 0.000000 -0.023977
vn 0.999713 0.000000 -0.023977
vn 0.999713 0.000000 -0.023977
vn 0.999713 0.000000 -0.023977
vn 0.999713 0.000001 -0.023977
vn 0.999713 0.000001 -0.023977
vn 0.999713 0.000001 -0.023977
vn 0.999713 0.000001 -0.023977
vn 0.999712 -0.000001 -0.023979
vn 0.999712 -0.000001 -0.023979
vn 0.999712 -0.000001 -0.023979
vn 0.999713 -0.000001 -0.023979
vn 0.999713 0.000000 -0.023979
vn 0.999713 0.000000 -0.023979
vn 0.999712 0.000000 -0.023979
vn 0.999713 0.000000 -0.023979
vn 0.999713 0.000001 -0.023977
vn 0.999713 0.000001 -0.023977
vn 0.999713 0.000001 -0.023977
vn 0.999713 0.000001 -0.023977
vn 0.999713 0.000000 -0.023978
vn 0.999713 0.000000 -0.023978
vn 0.999713 0.000000 -0.023978
vn 0.999713 0.000000 -0.023978
vn 0.999712 -0.000001 -0.023979
vn 0.999712 -0.000001 -0.023979
vn 0.999713 -0.000001 -0.023979
vn 0.999713 -0.000001 -0.023979
vn 0.999713 -0.000001 -0.023976
vn 0.999713 -0.000001 -0.023976
vn 0.999713 -0.000001 -0.023976
vn 0.999713 -0.000001 -0.023976
vn 0.999713 0.000001 -0.023978
vn 0.999713 0.000001 -0.023978
vn 0.999713 0.000001 -0.023978
vn 0.999713 0.000001 -0.023978
vn 0.999712 -0.000001 -0.023980
vn 0.999712 -0.000001 -0.023980
vn 0.999713 -0.000001 -0.023980
vn 0.999713 -0.000001 -0.023980
vn 0.999713 0.000003 -0.023977
vn 0.999713 0.000003 -0.023977
vn 0.999713 0.000003 -0.023977
vn 0.999713 0.000003 -0.023977
vn 0.999713 0.000001 -0.023979
vn 0.999713 0.000001 -0.023979
vn 0.999713 0.000001 -0.023979
vn 0.999713 0.000001 -0.023979
vn 0.999713 -0.000001 -0.023978
vn 0.999713 -0.000001 -0.023978
vn 0.999713 -0.000001 -0.023978
vn 0.999713 -0.000001 -0.023978
vn 0.999713 0.000000 -0.023976
vn 0.999713 0.000000 -0.023976
vn 0.999713 0.000000 -0.023976
vn 0.999713 0.000000 -0.023976
s 1
g CHEOPS_LowPoly group4 pCylinder39 polySurface12
usemtl lambert7SG
f 3150/4501/5182 3151/4502/5183 3153/4503/5184 3152/4504/5185
f 3151/4502/5183 3150/4501/5182 3188/4505/5186 3189/4506/5187
f 3152/4504/5185 3153/4503/5184 3155/4507/5188 3154/4508/5189
f 3154/4508/5189 3155/4507/5188 3157/4509/5190 3156/4510/5191
f 3156/4510/5191 3157/4509/5190 3159/4511/5192 3158/4512/5193
f 3158/4512/5193 3159/4511/5192 3161/4513/5194 3160/4514/5195
f 3160/4514/5195 3161/4513/5194 3163/4515/5196 3162/4516/5197
f 3162/4516/5197 3163/4515/5196 3165/4517/5198 3164/4518/5199
f 3164/4518/5199 3165/4517/5198 3167/4519/5200 3166/4520/5201
f 3166/4520/5201 3167/4519/5200 3169/4521/5202 3168/4522/5203
f 3168/4522/5203 3169/4521/5202 3171/4523/5204 3170/4524/5205
f 3170/4524/5205 3171/4523/5204 3173/4525/5206 3172/4526/5207
f 3172/4526/5207 3173/4525/5206 3175/4527/5208 3174/4528/5209
f 3174/4528/5209 3175/4527/5208 3177/4529/5210 3176/4530/5211
f 3176/4530/5211 3177/4529/5210 3179/4531/5212 3178/4532/5213
f 3178/4532/5213 3179/4531/5212 3181/4533/5214 3180/4534/5215
f 3180/4534/5215 3181/4533/5214 3183/4535/5216 3182/4536/5217
f 3182/4536/5217 3183/4535/5216 3185/4537/5218 3184/4538/5219
f 3184/4538/5219 3185/4537/5218 3187/4539/5220 3186/4540/5221
f 3186/4540/5221 3187/4539/5220 3189/4506/5187 3188/4505/5186
s 2
f 3153/4503/5222 3151/4502/5223 3149/4541/5224
f 3155/4507/5225 3153/4503/5222 3149/4541/5224
f 3157/4509/5226 3155/4507/5225 3149/4541/5224
f 3159/4511/5227 3157/4509/5226 3149/4541/5224
f 3161/4513/5228 3159/4511/5227 3149/4541/5224
f 3163/4515/5229 3161/4513/5228 3149/4541/5224
f 3165/4517/5230 3163/4515/5229 3149/4541/5224
f 3167/4519/5231 3165/4517/5230 3149/4541/5224
f 3169/4521/5232 3167/4519/5231 3149/4541/5224
f 3171/4523/5233 3169/4521/5232 3149/4541/5224
f 3173/4525/5234 3171/4523/5233 3149/4541/5224
f 3175/4527/5235 3173/4525/5234 3149/4541/5224
f 3177/4529/5236 3175/4527/5235 3149/4541/5224
f 3179/4531/5237 3177/4529/5236 3149/4541/5224
f 3181/4533/5238 3179/4531/5237 3149/4541/5224
f 3183/4535/5239 3181/4533/5238 3149/4541/5224
f 3185/4537/5240 3183/4535/5239 3149/4541/5224
f 3187/4539/5241 3185/4537/5240 3149/4541/5224
f 3189/4506/5242 3187/4539/5241 3149/4541/5224
f 3151/4502/5223 3189/4506/5242 3149/4541/5224
s off
f 3230/4542/5243 3231/4543/5244 3232/4544/5245 3233/4545/5246
f 3235/4546/5247 3234/4547/5248 3236/4548/5249 3237/4549/5250
f 3239/4550/5251 3238/4551/5252 3240/4552/5253 3241/4553/5254
f 3243/4554/5255 3242/4555/5256 3244/4556/5257 3245/4557/5258
f 3247/4558/5259 3246/4559/5260 3248/4560/5261 3249/4561/5262
f 3251/4562/5263 3250/4563/5264 3252/4564/5265 3253/4565/5266
f 3255/4566/5267 3254/4567/5268 3256/4568/5269 3257/4569/5270
f 3259/4570/5271 3258/4571/5272 3260/4572/5273 3261/4573/5274
f 3263/4574/5275 3262/4575/5276 3264/4576/5277 3265/4577/5278
f 3267/4578/5279 3266/4579/5280 3268/4580/5281 3269/4581/5282
f 3271/4582/5283 3270/4583/5284 3272/4584/5285 3273/4585/5286
f 3275/4586/5287 3274/4587/5288 3276/4588/5289 3277/4589/5290
f 3279/4590/5291 3278/4591/5292 3280/4592/5293 3281/4593/5294
f 3283/4594/5295 3282/4595/5296 3284/4596/5297 3285/4597/5298
f 3287/4598/5299 3286/4599/5300 3288/4600/5301 3289/4601/5302
f 3291/4602/5303 3290/4603/5304 3292/4604/5305 3293/4605/5306
f 3295/4606/5307 3294/4607/5308 3296/4608/5309 3297/4609/5310
f 3299/4610/5311 3298/4611/5312 3300/4612/5313 3301/4613/5314
f 3303/4614/5315 3302/4615/5316 3304/4616/5317 3305/4617/5318
f 3307/4618/5319 3306/4619/5320 3308/4620/5321 3309/4621/5322
s 3
f 3150/4501/5323 3152/4504/5324 3193/4622/5325 3191/4623/5326
f 3152/4504/5324 3154/4508/5327 3195/4624/5328 3193/4622/5325
f 3154/4508/5327 3156/4510/5329 3197/4625/5330 3195/4624/5328
f 3156/4510/5329 3158/4512/5331 3199/4626/5332 3197/4625/5330
f 3158/4512/5331 3160/4514/5333 3201/4627/5334 3199/4626/5332
f 3160/4514/5333 3162/4516/5335 3203/4628/5336 3201/4627/5334
f 3162/4516/5335 3164/4518/5337 3205/4629/5338 3203/4628/5336
f 3164/4518/5337 3166/4520/5339 3207/4630/5340 3205/4629/5338
f 3166/4520/5339 3168/4522/5341 3209/4631/5342 3207/4630/5340
f 3168/4522/5341 3170/4524/5343 3211/4632/5344 3209/4631/5342
f 3170/4524/5343 3172/4526/5345 3213/4633/5346 3211/4632/5344
f 3172/4526/5345 3174/4528/5347 3215/4634/5348 3213/4633/5346
f 3174/4528/5347 3176/4530/5349 3217/4635/5350 3215/4634/5348
f 3176/4530/5349 3178/4532/5351 3219/4636/5352 3217/4635/5350
f 3178/4532/5351 3180/4534/5353 3221/4637/5354 3219/4636/5352
f 3180/4534/5353 3182/4536/5355 3223/4638/5356 3221/4637/5354
f 3182/4536/5355 3184/4538/5357 3225/4639/5358 3223/4638/5356
f 3184/4538/5357 3186/4540/5359 3227/4640/5360 3225/4639/5358
f 3186/4540/5359 3188/4505/5361 3229/4641/5362 3227/4640/5360
f 3188/4505/5361 3150/4501/5323 3191/4623/5326 3229/4641/5362
s off
f 3190/4642/5363 3191/4623/5364 3231/4543/5365 3230/4542/5366
f 3191/4623/5367 3193/4622/5368 3232/4544/5369 3231/4543/5370
f 3193/4622/5371 3192/4643/5372 3233/4545/5373 3232/4544/5374
f 3192/4643/5375 3190/4642/5376 3230/4542/5377 3233/4545/5378
f 3191/4623/5379 3190/4642/5380 3234/4547/5381 3235/4546/5382
f 3190/4642/5383 3228/4644/5384 3236/4548/5385 3234/4547/5386
f 3228/4644/5387 3229/4641/5388 3237/4549/5389 3236/4548/5390
f 3229/4641/5391 3191/4623/5392 3235/4546/5393 3237/4549/5394
f 3192/4643/5395 3193/4622/5396 3238/4551/5397 3239/4550/5398
f 3193/4622/5399 3195/4624/5400 3240/4552/5401 3238/4551/5402
f 3195/4624/5403 3194/4645/5404 3241/4553/5405 3240/4552/5406
f 3194/4645/5407 3192/4643/5408 3239/4550/5409 3241/4553/5410
f 3194/4645/5411 3195/4624/5412 3242/4555/5413 3243/4554/5414
f 3195/4624/5415 3197/4625/5416 3244/4556/5417 3242/4555/5418
f 3197/4625/5419 3196/4646/5420 3245/4557/5421 3244/4556/5422
f 3196/4646/5423 3194/4645/5424 3243/4554/5425 3245/4557/5426
f 3196/4646/5427 3197/4625/5428 3246/4559/5429 3247/4558/5430
f 3197/4625/5431 3199/4626/5432 3248/4560/5433 3246/4559/5434
f 3199/4626/5435 3198/4647/5436 3249/4561/5437 3248/4560/5438
f 3198/4647/5439 3196/4646/5440 3247/4558/5441 3249/4561/5442
f 3198/4647/5443 3199/4626/5444 3250/4563/5445 3251/4562/5446
f 3199/4626/5447 3201/4627/5448 3252/4564/5449 3250/4563/5450
f 3201/4627/5451 3200/4648/5452 3253/4565/5453 3252/4564/5454
f 3200/4648/5455 3198/4647/5456 3251/4562/5457 3253/4565/5458
f 3200/4648/5459 3201/4627/5460 3254/4567/5461 3255/4566/5462
f 3201/4627/5463 3203/4628/5464 3256/4568/5465 3254/4567/5466
f 3203/4628/5467 3202/4649/5468 3257/4569/5469 3256/4568/5470
f 3202/4649/5471 3200/4648/5472 3255/4566/5473 3257/4569/5474
f 3202/4649/5475 3203/4628/5476 3258/4571/5477 3259/4570/5478
f 3203/4628/5479 3205/4629/5480 3260/4572/5481 3258/4571/5482
f 3205/4629/5483 3204/4650/5484 3261/4573/5485 3260/4572/5486
f 3204/4650/5487 3202/4649/5488 3259/4570/5489 3261/4573/5490
f 3204/4650/5491 3205/4629/5492 3262/4575/5493 3263/4574/5494
f 3205/4629/5495 3207/4630/5496 3264/4576/5497 3262/4575/5498
f 3207/4630/5499 3206/4651/5500 3265/4577/5501 3264/4576/5502
f 3206/4651/5503 3204/4650/5504 3263/4574/5505 3265/4577/5506
f 3206/4651/5507 3207/4630/5508 3266/4579/5509 3267/4578/5510
f 3207/4630/5511 3209/4631/5512 3268/4580/5513 3266/4579/5514
f 3209/4631/5515 3208/4652/5516 3269/4581/5517 3268/4580/5518
f 3208/4652/5519 3206/4651/5520 3267/4578/5521 3269/4581/5522
f 3208/4652/5523 3209/4631/5524 3270/4583/5525 3271/4582/5526
f 3209/4631/5527 3211/4632/5528 3272/4584/5529 3270/4583/5530
f 3211/4632/5531 3210/4653/5532 3273/4585/5533 3272/4584/5534
f 3210/4653/5535 3208/4652/5536 3271/4582/5537 3273/4585/5538
f 3210/4653/5539 3211/4632/5540 3274/4587/5541 3275/4586/5542
f 3211/4632/5543 3213/4633/5544 3276/4588/5545 3274/4587/5546
f 3213/4633/5547 3212/4654/5548 3277/4589/5549 3276/4588/5550
f 3212/4654/5551 3210/4653/5552 3275/4586/5553 3277/4589/5554
f 3212/4654/5555 3213/4633/5556 3278/4591/5557 3279/4590/5558
f 3213/4633/5559 3215/4634/5560 3280/4592/5561 3278/4591/5562
f 3215/4634/5563 3214/4655/5564 3281/4593/5565 3280/4592/5566
f 3214/4655/5567 3212/4654/5568 3279/4590/5569 3281/4593/5570
f 3214/4655/5571 3215/4634/5572 3282/4595/5573 3283/4594/5574
f 3215/4634/5575 3217/4635/5576 3284/4596/5577 3282/4595/5578
f 3217/4635/5579 3216/4656/5580 3285/4597/5581 3284/4596/5582
f 3216/4656/5583 3214/4655/5584 3283/4594/5585 3285/4597/5586
f 3216/4656/5587 3217/4635/5588 3286/4599/5589 3287/4598/5590
f 3217/4635/5591 3219/4636/5592 3288/4600/5593 3286/4599/5594
f 3219/4636/5595 3218/4657/5596 3289/4601/5597 3288/4600/5598
f 3218/4657/5599 3216/4656/5600 3287/4598/5601 3289/4601/5602
f 3218/4657/5603 3219/4636/5604 3290/4603/5605 3291/4602/5606
f 3219/4636/5607 3221/4637/5608 3292/4604/5609 3290/4603/5610
f 3221/4637/5611 3220/4658/5612 3293/4605/5613 3292/4604/5614
f 3220/4658/5615 3218/4657/5616 3291/4602/5617 3293/4605/5618
f 3220/4658/5619 3221/4637/5620 3294/4607/5621 3295/4606/5622
f 3221/4637/5623 3223/4638/5624 3296/4608/5625 3294/4607/5626
f 3223/4638/5627 3222/4659/5628 3297/4609/5629 3296/4608/5630
f 3222/4659/5631 3220/4658/5632 3295/4606/5633 3297/4609/5634
f 3222/4659/5635 3223/4638/5636 3298/4611/5637 3299/4610/5638
f 3223/4638/5639 3225/4639/5640 3300/4612/5641 3298/4611/5642
f 3225/4639/5643 3224/4660/5644 3301/4613/5645 3300/4612/5646
f 3224/4660/5647 3222/4659/5648 3299/4610/5649 3301/4613/5650
f 3224/4660/5651 3225/4639/5652 3302/4615/5653 3303/4614/5654
f 3225/4639/5655 3227/4640/5656 3304/4616/5657 3302/4615/5658
f 3227/4640/5659 3226/4661/5660 3305/4617/5661 3304/4616/5662
f 3226/4661/5663 3224/4660/5664 3303/4614/5665 3305/4617/5666
f 3226/4661/5667 3227/4640/5668 3306/4619/5669 3307/4618/5670
f 3227/4640/5671 3229/4641/5672 3308/4620/5673 3306/4619/5674
f 3229/4641/5675 3228/4644/5676 3309/4621/5677 3308/4620/5678
f 3228/4644/5679 3226/4661/5680 3307/4618/5681 3309/4621/5682
f 3190/4642/5683 3192/4643/5684 3310/4662/5685 3311/4663/5686
f 3228/4644/5687 3190/4642/5688 3311/4663/5689 3312/4664/5690
f 3192/4643/5691 3194/4645/5692 3313/4665/5693 3310/4662/5694
f 3194/4645/5695 3196/4646/5696 3314/4666/5697 3313/4665/5698
f 3196/4646/5699 3198/4647/5700 3315/4667/5701 3314/4666/5702
f 3198/4647/5703 3200/4648/5704 3316/4668/5705 3315/4667/5706
f 3200/4648/5707 3202/4649/5708 3317/4669/5709 3316/4668/5710
f 3202/4649/5711 3204/4650/5712 3318/4670/5713 3317/4669/5714
f 3204/4650/5715 3206/4651/5716 3319/4671/5717 3318/4670/5718
f 3206/4651/5719 3208/4652/5720 3320/4672/5721 3319/4671/5722
f 3208/4652/5723 3210/4653/5724 3321/4673/5725 3320/4672/5726
f 3210/4653/5727 3212/4654/5728 3322/4674/5729 3321/4673/5730
f 3212/4654/5731 3214/4655/5732 3323/4675/5733 3322/4674/5734
f 3214/4655/5735 3216/4656/5736 3324/4676/5737 3323/4675/5738
f 3216/4656/5739 3218/4657/5740 3325/4677/5741 3324/4676/5742
f 3218/4657/5743 3220/4658/5744 3326/4678/5745 3325/4677/5746
f 3220/4658/5747 3222/4659/5748 3327/4679/5749 3326/4678/5750
f 3222/4659/5751 3224/4660/5752 3328/4680/5753 3327/4679/5754
f 3224/4660/5755 3226/4661/5756 3329/4681/5757 3328/4680/5758
f 3226/4661/5759 3228/4644/5760 3312/4664/5761 3329/4681/5762
