# Blender v2.93.4 Release Candidate OBJ File: ''
# www.blender.org
mtllib Cheops.mtl
o pCylinder1_CHEOPS_LowPoly_Mesh
v -462.752686 -857.475403 -110.884926
v -537.730103 -854.372375 -93.771797
v -567.302551 -854.372375 -178.285065
v -498.012970 -857.475403 -211.653214
v -537.730103 -854.372375 -93.771797
v -462.752686 -857.475403 -110.884926
v -450.799255 -857.475403 -4.796982
v -527.704956 -854.372375 -4.796973
v -614.939636 -854.372375 -254.098969
v -554.812317 -857.475403 -302.048920
v -678.252441 -854.372375 -317.411774
v -630.302490 -857.475403 -377.539093
v -754.066223 -854.372375 -365.048828
v -720.698120 -857.475403 -434.338440
v -838.579529 -854.372375 -394.621246
v -821.466431 -857.475403 -469.598694
v -927.554382 -854.372375 -404.646332
v -927.554382 -857.475403 -481.551971
v -1016.529236 -854.372375 -394.621277
v -1033.642334 -857.475403 -469.598724
v -1101.042480 -854.372375 -365.048828
v -1134.410645 -857.475403 -434.338440
v -1176.856445 -854.372375 -317.411774
v -1224.806274 -857.475403 -377.539093
v -1240.169189 -854.372375 -254.098969
v -1300.296509 -857.475403 -302.048920
v -1287.806152 -854.372375 -178.285126
v -1357.095825 -857.475403 -211.653244
v -1317.378662 -854.372375 -93.771851
v -1392.356201 -857.475403 -110.884987
v -1327.403687 -854.372375 -4.796991
v -1404.309326 -857.475403 -4.797003
v -1317.378662 -854.372375 84.177872
v -1392.356201 -857.475403 101.290977
v -1287.806274 -854.372375 168.691177
v -1357.095825 -857.475403 202.059280
v -1240.169189 -854.372375 244.505051
v -1300.296509 -857.475403 292.454926
v -1176.856445 -854.372375 307.817871
v -1224.806396 -857.475403 367.945129
v -1101.042603 -854.372375 355.454926
v -1134.410645 -857.475403 424.744476
v -1016.529297 -854.372375 385.027374
v -1033.642456 -857.475403 460.004852
v -927.554382 -854.372375 395.052460
v -927.554443 -857.475403 471.958099
v -838.579529 -854.372375 385.027405
v -821.466431 -857.475403 460.004852
v -754.066223 -854.372375 355.454926
v -720.698120 -857.475403 424.744476
v -678.252319 -854.372375 307.817902
v -630.302429 -857.475403 367.945129
v -614.939453 -854.372375 244.505081
v -554.812256 -857.475403 292.454956
v -567.302429 -854.372375 168.691238
v -498.012848 -857.475403 202.059357
v -537.729980 -854.372375 84.177917
v -462.752441 -857.475403 101.291031
v -462.752686 -857.475403 -110.884926
v -498.012970 -857.475403 -211.653214
v -498.012970 -755.750366 -211.653198
v -462.752686 -755.750366 -110.884926
v -554.812317 -857.475403 -302.048920
v -554.812317 -755.750366 -302.048920
v -630.302490 -857.475403 -377.539093
v -630.302490 -755.750366 -377.539093
v -720.698120 -857.475403 -434.338440
v -720.698120 -755.750366 -434.338440
v -821.466431 -857.475403 -469.598694
v -821.466431 -755.750366 -469.598694
v -927.554382 -857.475403 -481.551971
v -927.554382 -755.750366 -481.551971
v -1033.642334 -857.475403 -469.598724
v -1033.642334 -755.750366 -469.598724
v -1134.410645 -857.475403 -434.338440
v -1134.410645 -755.750366 -434.338440
v -1224.806274 -857.475403 -377.539093
v -1224.806274 -755.750366 -377.539093
v -1300.296509 -857.475403 -302.048920
v -1300.296509 -755.750366 -302.048920
v -1357.095825 -857.475403 -211.653244
v -1357.095825 -755.750366 -211.653229
v -1392.356201 -857.475403 -110.884987
v -1392.356201 -755.750366 -110.884987
v -1404.309326 -857.475403 -4.797003
v -1404.309326 -755.750366 -4.796999
v -1392.356201 -857.475403 101.290977
v -1392.356201 -755.750366 101.290977
v -1357.095825 -857.475403 202.059280
v -1357.095825 -755.750366 202.059296
v -1300.296509 -857.475403 292.454926
v -1300.296509 -755.750366 292.454926
v -1224.806396 -857.475403 367.945129
v -1224.806396 -755.750366 367.945129
v -1134.410645 -857.475403 424.744476
v -1134.410645 -755.750366 424.744476
v -1033.642456 -857.475403 460.004852
v -1033.642456 -755.750366 460.004852
v -927.554443 -857.475403 471.958099
v -927.554443 -755.750366 471.958099
v -821.466431 -857.475403 460.004852
v -821.466431 -755.750366 460.004852
v -720.698120 -857.475403 424.744476
v -720.698120 -755.750366 424.744476
v -630.302429 -857.475403 367.945129
v -630.302429 -755.750366 367.945129
v -554.812256 -857.475403 292.454956
v -554.812256 -755.750366 292.454956
v -498.012848 -857.475403 202.059357
v -498.012848 -755.750366 202.059372
v -462.752441 -857.475403 101.291031
v -462.752441 -755.750366 101.291031
v -450.799255 -857.475403 -4.796982
v -450.799255 -755.750366 -4.796978
v -462.752686 -857.475403 -110.884926
v -462.752686 -755.750366 -110.884926
vt 0.375000 0.314380
vt 0.375005 0.312500
vt 0.383929 0.314380
vt 0.383933 0.312500
vt 0.624996 0.312500
vt 0.625000 0.314379
vt 0.616076 0.312500
vt 0.616072 0.314380
vt 0.392857 0.314380
vt 0.392862 0.312500
vt 0.401786 0.314380
vt 0.401790 0.312500
vt 0.410714 0.314380
vt 0.410719 0.312500
vt 0.419643 0.314380
vt 0.419648 0.312500
vt 0.428571 0.314379
vt 0.428576 0.312500
vt 0.437500 0.314380
vt 0.437505 0.312500
vt 0.446429 0.314380
vt 0.446433 0.312500
vt 0.455357 0.314379
vt 0.455362 0.312500
vt 0.464286 0.314380
vt 0.464290 0.312500
vt 0.473214 0.314380
vt 0.473219 0.312500
vt 0.482143 0.314380
vt 0.482148 0.312500
vt 0.491071 0.314379
vt 0.491076 0.312500
vt 0.500000 0.314380
vt 0.500005 0.312500
vt 0.508929 0.314380
vt 0.508933 0.312500
vt 0.517857 0.314380
vt 0.517862 0.312500
vt 0.526786 0.314380
vt 0.526790 0.312500
vt 0.535714 0.314379
vt 0.535719 0.312500
vt 0.544643 0.314380
vt 0.544648 0.312500
vt 0.553572 0.314380
vt 0.553576 0.312500
vt 0.562500 0.314380
vt 0.562505 0.312500
vt 0.571429 0.314380
vt 0.571433 0.312500
vt 0.580357 0.314379
vt 0.580362 0.312500
vt 0.589286 0.314380
vt 0.589291 0.312500
vt 0.598215 0.314380
vt 0.598219 0.312500
vt 0.607143 0.314380
vt 0.607148 0.312500
vt 0.375000 0.314380
vt 0.383929 0.314380
vt 0.375000 0.688440
vt 0.383929 0.688440
vt 0.392857 0.314380
vt 0.392857 0.688440
vt 0.401786 0.314380
vt 0.401786 0.688440
vt 0.410714 0.314380
vt 0.410714 0.688440
vt 0.419643 0.314380
vt 0.419643 0.688440
vt 0.428571 0.314379
vt 0.428571 0.688440
vt 0.437500 0.314380
vt 0.437500 0.688440
vt 0.446429 0.314380
vt 0.446429 0.688440
vt 0.455357 0.314379
vt 0.455357 0.688440
vt 0.464286 0.314380
vt 0.464286 0.688440
vt 0.473214 0.314380
vt 0.473214 0.688440
vt 0.482143 0.314380
vt 0.482143 0.688440
vt 0.491071 0.314379
vt 0.491071 0.688440
vt 0.500000 0.314380
vt 0.500000 0.688440
vt 0.508929 0.314380
vt 0.508929 0.688440
vt 0.517857 0.314380
vt 0.517857 0.688440
vt 0.526786 0.314380
vt 0.526786 0.688440
vt 0.535714 0.314379
vt 0.535714 0.688440
vt 0.544643 0.314380
vt 0.544643 0.688440
vt 0.553572 0.314380
vt 0.553572 0.688440
vt 0.562500 0.314380
vt 0.562500 0.688440
vt 0.571429 0.314380
vt 0.571429 0.688440
vt 0.580357 0.314379
vt 0.580357 0.688440
vt 0.589286 0.314380
vt 0.589286 0.688440
vt 0.598215 0.314380
vt 0.598215 0.688440
vt 0.607143 0.314380
vt 0.607143 0.688440
vt 0.616072 0.314380
vt 0.616072 0.688440
vt 0.625000 0.314379
vt 0.625000 0.688440
vn -0.0393 -0.9992 0.0090
vn -0.0363 -0.9992 0.0175
vn -0.0403 -0.9992 -0.0000
vn -0.0315 -0.9992 0.0251
vn -0.0251 -0.9992 0.0315
vn -0.0175 -0.9992 0.0363
vn -0.0090 -0.9992 0.0393
vn -0.0000 -0.9992 0.0403
vn 0.0090 -0.9992 0.0393
vn 0.0175 -0.9992 0.0363
vn 0.0251 -0.9992 0.0315
vn 0.0315 -0.9992 0.0251
vn 0.0363 -0.9992 0.0175
vn 0.0393 -0.9992 0.0090
vn 0.0403 -0.9992 -0.0000
vn 0.0393 -0.9992 -0.0090
vn 0.0363 -0.9992 -0.0175
vn 0.0315 -0.9992 -0.0251
vn 0.0251 -0.9992 -0.0315
vn 0.0175 -0.9992 -0.0363
vn 0.0090 -0.9992 -0.0393
vn -0.0000 -0.9992 -0.0403
vn -0.0090 -0.9992 -0.0393
vn -0.0175 -0.9992 -0.0363
vn -0.0251 -0.9992 -0.0315
vn -0.0315 -0.9992 -0.0251
vn -0.0363 -0.9992 -0.0175
vn -0.0393 -0.9992 -0.0090
vn 0.9749 0.0000 -0.2225
vn 0.9010 0.0000 -0.4339
vn 0.7818 0.0000 -0.6235
vn 0.6235 0.0000 -0.7818
vn 0.4339 0.0000 -0.9010
vn 0.2225 0.0000 -0.9749
vn -0.0000 0.0000 -1.0000
vn -0.2225 0.0000 -0.9749
vn -0.4339 0.0000 -0.9010
vn -0.6235 0.0000 -0.7818
vn -0.7818 0.0000 -0.6235
vn -0.9010 0.0000 -0.4339
vn -0.9749 0.0000 -0.2225
vn -1.0000 -0.0000 -0.0000
vn -0.9749 0.0000 0.2225
vn -0.9010 -0.0000 0.4339
vn -0.7818 -0.0000 0.6235
vn -0.6235 0.0000 0.7818
vn -0.4339 0.0000 0.9010
vn -0.2225 0.0000 0.9749
vn -0.0000 0.0000 1.0000
vn 0.2225 0.0000 0.9749
vn 0.4339 0.0000 0.9010
vn 0.6235 0.0000 0.7818
vn 0.7818 0.0000 0.6235
vn 0.9010 0.0000 0.4339
vn 0.9749 0.0000 0.2225
vn 1.0000 0.0000 -0.0000
usemtl tornillos
s 1
f 1/1/1 2/2/1 4/3/2
f 2/2/1 3/4/2 4/3/2
f 5/5/1 6/6/1 8/7/3
f 6/6/1 7/8/3 8/7/3
f 4/3/2 3/4/2 10/9/4
f 3/4/2 9/10/4 10/9/4
f 10/9/4 9/10/4 12/11/5
f 9/10/4 11/12/5 12/11/5
f 12/11/5 11/12/5 14/13/6
f 11/12/5 13/14/6 14/13/6
f 14/13/6 13/14/6 16/15/7
f 13/14/6 15/16/7 16/15/7
f 16/15/7 15/16/7 18/17/8
f 15/16/7 17/18/8 18/17/8
f 18/17/8 17/18/8 20/19/9
f 17/18/8 19/20/9 20/19/9
f 20/19/9 19/20/9 22/21/10
f 19/20/9 21/22/10 22/21/10
f 22/21/10 21/22/10 24/23/11
f 21/22/10 23/24/11 24/23/11
f 24/23/11 23/24/11 26/25/12
f 23/24/11 25/26/12 26/25/12
f 26/25/12 25/26/12 28/27/13
f 25/26/12 27/28/13 28/27/13
f 28/27/13 27/28/13 30/29/14
f 27/28/13 29/30/14 30/29/14
f 30/29/14 29/30/14 32/31/15
f 29/30/14 31/32/15 32/31/15
f 32/31/15 31/32/15 34/33/16
f 31/32/15 33/34/16 34/33/16
f 34/33/16 33/34/16 36/35/17
f 33/34/16 35/36/17 36/35/17
f 36/35/17 35/36/17 38/37/18
f 35/36/17 37/38/18 38/37/18
f 38/37/18 37/38/18 40/39/19
f 37/38/18 39/40/19 40/39/19
f 40/39/19 39/40/19 42/41/20
f 39/40/19 41/42/20 42/41/20
f 42/41/20 41/42/20 44/43/21
f 41/42/20 43/44/21 44/43/21
f 44/43/21 43/44/21 46/45/22
f 43/44/21 45/46/22 46/45/22
f 46/45/22 45/46/22 48/47/23
f 45/46/22 47/48/23 48/47/23
f 48/47/23 47/48/23 50/49/24
f 47/48/23 49/50/24 50/49/24
f 50/49/24 49/50/24 52/51/25
f 49/50/24 51/52/25 52/51/25
f 52/51/25 51/52/25 54/53/26
f 51/52/25 53/54/26 54/53/26
f 54/53/26 53/54/26 56/55/27
f 53/54/26 55/56/27 56/55/27
f 56/55/27 55/56/27 58/57/28
f 55/56/27 57/58/28 58/57/28
f 58/57/28 57/58/28 7/8/3
f 57/58/28 8/7/3 7/8/3
s 2
f 59/59/29 60/60/30 62/61/29
f 60/60/30 61/62/30 62/61/29
f 60/60/30 63/63/31 61/62/30
f 63/63/31 64/64/31 61/62/30
f 63/63/31 65/65/32 64/64/31
f 65/65/32 66/66/32 64/64/31
f 65/65/32 67/67/33 66/66/32
f 67/67/33 68/68/33 66/66/32
f 67/67/33 69/69/34 68/68/33
f 69/69/34 70/70/34 68/68/33
f 69/69/34 71/71/35 70/70/34
f 71/71/35 72/72/35 70/70/34
f 71/71/35 73/73/36 72/72/35
f 73/73/36 74/74/36 72/72/35
f 73/73/36 75/75/37 74/74/36
f 75/75/37 76/76/37 74/74/36
f 75/75/37 77/77/38 76/76/37
f 77/77/38 78/78/38 76/76/37
f 77/77/38 79/79/39 78/78/38
f 79/79/39 80/80/39 78/78/38
f 79/79/39 81/81/40 80/80/39
f 81/81/40 82/82/40 80/80/39
f 81/81/40 83/83/41 82/82/40
f 83/83/41 84/84/41 82/82/40
f 83/83/41 85/85/42 84/84/41
f 85/85/42 86/86/42 84/84/41
f 85/85/42 87/87/43 86/86/42
f 87/87/43 88/88/43 86/86/42
f 87/87/43 89/89/44 88/88/43
f 89/89/44 90/90/44 88/88/43
f 89/89/44 91/91/45 90/90/44
f 91/91/45 92/92/45 90/90/44
f 91/91/45 93/93/46 92/92/45
f 93/93/46 94/94/46 92/92/45
f 93/93/46 95/95/47 94/94/46
f 95/95/47 96/96/47 94/94/46
f 95/95/47 97/97/48 96/96/47
f 97/97/48 98/98/48 96/96/47
f 97/97/48 99/99/49 98/98/48
f 99/99/49 100/100/49 98/98/48
f 99/99/49 101/101/50 100/100/49
f 101/101/50 102/102/50 100/100/49
f 101/101/50 103/103/51 102/102/50
f 103/103/51 104/104/51 102/102/50
f 103/103/51 105/105/52 104/104/51
f 105/105/52 106/106/52 104/104/51
f 105/105/52 107/107/53 106/106/52
f 107/107/53 108/108/53 106/106/52
f 107/107/53 109/109/54 108/108/53
f 109/109/54 110/110/54 108/108/53
f 109/109/54 111/111/55 110/110/54
f 111/111/55 112/112/55 110/110/54
f 111/111/55 113/113/56 112/112/55
f 113/113/56 114/114/56 112/112/55
f 113/113/56 115/115/29 114/114/56
f 115/115/29 116/116/29 114/114/56
o CHEOPS_LowPoly_pCylinder6_Mesh.001
v -1149.998901 -934.932373 -9.355746
v -1152.120239 -934.932373 -13.519092
v -1152.120239 -891.974060 -13.519090
v -1149.998901 -891.974060 -9.355744
v -1155.424316 -934.932373 -16.823132
v -1155.424316 -891.974060 -16.823130
v -1159.587646 -934.932373 -18.944471
v -1159.587646 -891.974060 -18.944469
v -1164.202759 -934.932373 -19.675417
v -1164.202759 -891.974060 -19.675415
v -1168.817871 -934.932373 -18.944471
v -1168.817871 -891.974060 -18.944469
v -1172.981201 -934.932373 -16.823132
v -1172.981201 -891.974060 -16.823130
v -1176.285278 -934.932373 -13.519092
v -1176.285278 -891.974060 -13.519090
v -1178.406494 -934.932373 -9.355746
v -1178.406494 -891.974060 -9.355744
v -1179.137573 -934.932373 -4.740643
v -1179.137573 -891.974060 -4.740641
v -1178.406494 -934.932373 -0.125556
v -1178.406494 -891.974060 -0.125554
v -1176.285278 -934.932373 4.037789
v -1176.285278 -891.974060 4.037791
v -1172.981201 -934.932373 7.341846
v -1172.981201 -891.974060 7.341848
v -1168.817871 -934.932373 9.463157
v -1168.817871 -891.974060 9.463159
v -1164.202759 -934.932373 10.194116
v -1164.202759 -891.974060 10.194118
v -1159.587646 -934.932373 9.463157
v -1159.587646 -891.974060 9.463159
v -1155.424316 -934.932373 7.341846
v -1155.424316 -891.974060 7.341848
v -1152.120239 -934.932373 4.037789
v -1152.120239 -891.974060 4.037791
v -1149.998901 -934.932373 -0.125556
v -1149.998901 -891.974060 -0.125554
v -1149.267944 -934.932373 -4.740643
v -1149.267944 -891.974060 -4.740641
v -1149.998901 -934.932373 -9.355746
v -1149.998901 -891.974060 -9.355744
v -1158.697632 -942.982361 -8.740338
v -1157.731079 -942.982361 -6.843410
v -1164.202759 -942.982361 -4.740644
v -1160.203003 -942.982361 -10.245757
v -1162.099976 -942.982361 -11.212281
v -1164.202759 -942.982361 -11.545308
v -1166.305542 -942.982300 -11.212281
v -1168.202393 -942.982361 -10.245643
v -1169.707886 -942.982361 -8.740452
v -1170.674316 -942.982361 -6.843410
v -1171.007446 -942.982361 -4.740644
v -1170.674316 -942.982361 -2.637907
v -1169.707886 -942.982361 -0.741063
v -1168.202393 -942.982361 0.764455
v -1166.305542 -942.982361 1.730979
v -1164.202759 -942.982361 2.064064
v -1162.099976 -942.982300 1.730979
v -1160.203003 -942.982300 0.764341
v -1158.697632 -942.982361 -0.740949
v -1157.731079 -942.982361 -2.637877
v -1157.398071 -942.982361 -4.740673
v -1152.120239 -934.932373 -13.519092
v -1149.998901 -934.932373 -9.355746
v -1157.731079 -942.982361 -6.843410
v -1158.697632 -942.982361 -8.740338
v -1155.424316 -934.932373 -16.823132
v -1160.203003 -942.982361 -10.245757
v -1159.587646 -934.932373 -18.944471
v -1162.099976 -942.982361 -11.212281
v -1164.202759 -934.932373 -19.675417
v -1164.202759 -942.982361 -11.545308
v -1168.817871 -934.932373 -18.944471
v -1166.305542 -942.982300 -11.212281
v -1172.981201 -934.932373 -16.823132
v -1168.202393 -942.982361 -10.245643
v -1176.285278 -934.932373 -13.519092
v -1169.707886 -942.982361 -8.740452
v -1178.406494 -934.932373 -9.355746
v -1170.674316 -942.982361 -6.843410
v -1179.137573 -934.932373 -4.740643
v -1171.007446 -942.982361 -4.740644
v -1178.406494 -934.932373 -0.125556
v -1170.674316 -942.982361 -2.637907
v -1176.285278 -934.932373 4.037789
v -1169.707886 -942.982361 -0.741063
v -1172.981201 -934.932373 7.341846
v -1168.202393 -942.982361 0.764455
v -1168.817871 -934.932373 9.463157
v -1166.305542 -942.982361 1.730979
v -1164.202759 -934.932373 10.194116
v -1164.202759 -942.982361 2.064064
v -1159.587646 -934.932373 9.463157
v -1162.099976 -942.982300 1.730979
v -1155.424316 -934.932373 7.341846
v -1160.203003 -942.982300 0.764341
v -1152.120239 -934.932373 4.037789
v -1158.697632 -942.982361 -0.740949
v -1149.998901 -934.932373 -0.125556
v -1157.731079 -942.982361 -2.637877
v -1149.267944 -934.932373 -4.740643
v -1157.398071 -942.982361 -4.740673
v -912.558350 -934.932373 -246.925339
v -914.679688 -934.932373 -251.088684
v -914.679688 -896.613098 -251.088684
v -912.558350 -896.613098 -246.925339
v -917.983704 -934.932373 -254.392731
v -917.983704 -896.613098 -254.392731
v -922.147095 -934.932373 -256.514069
v -922.147095 -896.613098 -256.514069
v -926.762146 -934.932373 -257.245026
v -926.762146 -896.613098 -257.245026
v -931.377258 -934.932373 -256.514069
v -931.377258 -896.613098 -256.514069
v -935.540588 -934.932373 -254.392731
v -935.540588 -896.613098 -254.392731
v -938.844666 -934.932373 -251.088684
v -938.844666 -896.613098 -251.088684
v -940.966003 -934.932373 -246.925339
v -940.966003 -896.613098 -246.925339
v -941.696960 -934.932373 -242.310242
v -941.696960 -896.613098 -242.310242
v -940.966003 -934.932373 -237.695160
v -940.966003 -896.613098 -237.695160
v -938.844666 -934.932373 -233.531815
v -938.844666 -896.613098 -233.531815
v -935.540588 -934.932373 -230.227753
v -935.540588 -896.613098 -230.227753
v -931.377258 -934.932373 -228.106445
v -931.377258 -896.613098 -228.106445
v -926.762146 -934.932373 -227.375488
v -926.762146 -896.613098 -227.375488
v -922.147095 -934.932373 -228.106445
v -922.147095 -896.613098 -228.106445
v -917.983704 -934.932373 -230.227753
v -917.983704 -896.613098 -230.227753
v -914.679688 -934.932373 -233.531815
v -914.679688 -896.613098 -233.531815
v -912.558350 -934.932373 -237.695160
v -912.558350 -896.613098 -237.695160
v -911.827393 -934.932373 -242.310242
v -911.827393 -896.613098 -242.310242
v -912.558350 -934.932373 -246.925339
v -912.558350 -896.613098 -246.925339
v -921.257080 -942.982361 -246.309937
v -920.290527 -942.982361 -244.413010
v -926.762146 -942.982361 -242.310242
v -922.762451 -942.982361 -247.815353
v -924.659424 -942.982361 -248.781876
v -926.762146 -942.982361 -249.114899
v -928.864929 -942.982300 -248.781876
v -930.761841 -942.982361 -247.815247
v -932.267273 -942.982361 -246.310043
v -933.233826 -942.982361 -244.413010
v -933.566833 -942.982361 -242.310242
v -933.233826 -942.982361 -240.207504
v -932.267273 -942.982361 -238.310669
v -930.761841 -942.982361 -236.805145
v -928.864929 -942.982361 -235.838623
v -926.762146 -942.982361 -235.505539
v -924.659424 -942.982300 -235.838623
v -922.762451 -942.982300 -236.805252
v -921.257080 -942.982361 -238.310547
v -920.290527 -942.982361 -240.207474
v -919.957520 -942.982361 -242.310272
v -914.679688 -934.932373 -251.088684
v -912.558350 -934.932373 -246.925339
v -920.290527 -942.982361 -244.413010
v -921.257080 -942.982361 -246.309937
v -917.983704 -934.932373 -254.392731
v -922.762451 -942.982361 -247.815353
v -922.147095 -934.932373 -256.514069
v -924.659424 -942.982361 -248.781876
v -926.762146 -934.932373 -257.245026
v -926.762146 -942.982361 -249.114899
v -931.377258 -934.932373 -256.514069
v -928.864929 -942.982300 -248.781876
v -935.540588 -934.932373 -254.392731
v -930.761841 -942.982361 -247.815247
v -938.844666 -934.932373 -251.088684
v -932.267273 -942.982361 -246.310043
v -940.966003 -934.932373 -246.925339
v -933.233826 -942.982361 -244.413010
v -941.696960 -934.932373 -242.310242
v -933.566833 -942.982361 -242.310242
v -940.966003 -934.932373 -237.695160
v -933.233826 -942.982361 -240.207504
v -938.844666 -934.932373 -233.531815
v -932.267273 -942.982361 -238.310669
v -935.540588 -934.932373 -230.227753
v -930.761841 -942.982361 -236.805145
v -931.377258 -934.932373 -228.106445
v -928.864929 -942.982361 -235.838623
v -926.762146 -934.932373 -227.375488
v -926.762146 -942.982361 -235.505539
v -922.147095 -934.932373 -228.106445
v -924.659424 -942.982300 -235.838623
v -917.983704 -934.932373 -230.227753
v -922.762451 -942.982300 -236.805252
v -914.679688 -934.932373 -233.531815
v -921.257080 -942.982361 -238.310547
v -912.558350 -934.932373 -237.695160
v -920.290527 -942.982361 -240.207474
v -911.827393 -934.932373 -242.310242
v -919.957520 -942.982361 -242.310272
v -674.933472 -934.932373 -9.433558
v -677.054810 -934.932373 -13.596903
v -677.054810 -891.974060 -13.596901
v -674.933472 -891.974060 -9.433556
v -680.358887 -934.932373 -16.900944
v -680.358887 -891.974060 -16.900942
v -684.522217 -934.932373 -19.022284
v -684.522217 -891.974060 -19.022282
v -689.137329 -934.932373 -19.753229
v -689.137329 -891.974060 -19.753227
v -693.752441 -934.932373 -19.022284
v -693.752441 -891.974060 -19.022282
v -697.915771 -934.932373 -16.900944
v -697.915771 -891.974060 -16.900942
v -701.219788 -934.932373 -13.596903
v -701.219788 -891.974060 -13.596901
v -703.341125 -934.932373 -9.433558
v -703.341125 -891.974060 -9.433556
v -704.072083 -934.932373 -4.818455
v -704.072083 -891.974060 -4.818453
v -703.341125 -934.932373 -0.203368
v -703.341125 -891.974060 -0.203366
v -701.219788 -934.932373 3.959978
v -701.219788 -891.974060 3.959980
v -697.915771 -934.932373 7.264034
v -697.915771 -891.974060 7.264036
v -693.752441 -934.932373 9.385345
v -693.752441 -891.974060 9.385346
v -689.137329 -934.932373 10.116304
v -689.137329 -891.974060 10.116306
v -684.522217 -934.932373 9.385345
v -684.522217 -891.974060 9.385346
v -680.358887 -934.932373 7.264034
v -680.358887 -891.974060 7.264036
v -677.054810 -934.932373 3.959978
v -677.054810 -891.974060 3.959980
v -674.933472 -934.932373 -0.203368
v -674.933472 -891.974060 -0.203366
v -674.202515 -934.932373 -4.818455
v -674.202515 -891.974060 -4.818453
v -674.933472 -934.932373 -9.433558
v -674.933472 -891.974060 -9.433556
v -683.632202 -942.982361 -8.818150
v -682.665649 -942.982361 -6.921222
v -689.137329 -942.982361 -4.818456
v -685.137634 -942.982361 -10.323569
v -687.034546 -942.982361 -11.290092
v -689.137329 -942.982361 -11.623120
v -691.240112 -942.982300 -11.290092
v -693.137024 -942.982361 -10.323455
v -694.642456 -942.982361 -8.818264
v -695.608948 -942.982361 -6.921222
v -695.942017 -942.982361 -4.818456
v -695.608948 -942.982361 -2.715718
v -694.642395 -942.982361 -0.818875
v -693.137024 -942.982361 0.686644
v -691.240112 -942.982361 1.653167
v -689.137329 -942.982361 1.986252
v -687.034546 -942.982300 1.653167
v -685.137634 -942.982300 0.686530
v -683.632202 -942.982361 -0.818761
v -682.665649 -942.982361 -2.715690
v -682.332642 -942.982361 -4.818485
v -677.054810 -934.932373 -13.596903
v -674.933472 -934.932373 -9.433558
v -682.665649 -942.982361 -6.921222
v -683.632202 -942.982361 -8.818150
v -680.358887 -934.932373 -16.900944
v -685.137634 -942.982361 -10.323569
v -684.522217 -934.932373 -19.022284
v -687.034546 -942.982361 -11.290092
v -689.137329 -934.932373 -19.753229
v -689.137329 -942.982361 -11.623120
v -693.752441 -934.932373 -19.022284
v -691.240112 -942.982300 -11.290092
v -697.915771 -934.932373 -16.900944
v -693.137024 -942.982361 -10.323455
v -701.219788 -934.932373 -13.596903
v -694.642456 -942.982361 -8.818264
v -703.341125 -934.932373 -9.433558
v -695.608948 -942.982361 -6.921222
v -704.072083 -934.932373 -4.818455
v -695.942017 -942.982361 -4.818456
v -703.341125 -934.932373 -0.203368
v -695.608948 -942.982361 -2.715718
v -701.219788 -934.932373 3.959978
v -694.642395 -942.982361 -0.818875
v -697.915771 -934.932373 7.264034
v -693.137024 -942.982361 0.686644
v -693.752441 -934.932373 9.385345
v -691.240112 -942.982361 1.653167
v -689.137329 -934.932373 10.116304
v -689.137329 -942.982361 1.986252
v -684.522217 -934.932373 9.385345
v -687.034546 -942.982300 1.653167
v -680.358887 -934.932373 7.264034
v -685.137634 -942.982300 0.686530
v -677.054810 -934.932373 3.959978
v -683.632202 -942.982361 -0.818761
v -674.933472 -934.932373 -0.203368
v -682.665649 -942.982361 -2.715690
v -674.202515 -934.932373 -4.818455
v -682.332642 -942.982361 -4.818485
v -912.570862 -934.932373 228.232483
v -914.692200 -934.932373 224.069138
v -914.692200 -891.974060 224.069138
v -912.570862 -891.974060 228.232483
v -917.996216 -934.932373 220.765091
v -917.996216 -891.974060 220.765091
v -922.159546 -934.932373 218.643753
v -922.159546 -891.974060 218.643753
v -926.774658 -934.932373 217.912811
v -926.774658 -891.974060 217.912811
v -931.389771 -934.932373 218.643753
v -931.389771 -891.974060 218.643753
v -935.553101 -934.932373 220.765091
v -935.553101 -891.974060 220.765091
v -938.857178 -934.932373 224.069138
v -938.857178 -891.974060 224.069138
v -940.978516 -934.932373 228.232483
v -940.978516 -891.974060 228.232483
v -941.709473 -934.932373 232.847580
v -941.709473 -891.974060 232.847580
v -940.978516 -934.932373 237.462662
v -940.978516 -891.974060 237.462662
v -938.857178 -934.932373 241.626007
v -938.857178 -891.974060 241.626007
v -935.553101 -934.932373 244.930069
v -935.553101 -891.974060 244.930069
v -931.389771 -934.932373 247.051376
v -931.389771 -891.974060 247.051376
v -926.774658 -934.932373 247.782333
v -926.774658 -891.974060 247.782333
v -922.159607 -934.932373 247.051376
v -922.159607 -891.974060 247.051376
v -917.996216 -934.932373 244.930069
v -917.996216 -891.974060 244.930069
v -914.692200 -934.932373 241.626007
v -914.692200 -891.974060 241.626007
v -912.570862 -934.932373 237.462662
v -912.570862 -891.974060 237.462662
v -911.839905 -934.932373 232.847580
v -911.839905 -891.974060 232.847580
v -912.570862 -934.932373 228.232483
v -912.570862 -891.974060 228.232483
v -921.269592 -942.982361 228.847885
v -920.303040 -942.982361 230.744812
v -926.774658 -942.982361 232.847580
v -922.774963 -942.982361 227.342468
v -924.671875 -942.982361 226.375946
v -926.774658 -942.982361 226.042908
v -928.877441 -942.982300 226.375946
v -930.774353 -942.982361 227.342575
v -932.279785 -942.982361 228.847778
v -933.246338 -942.982361 230.744812
v -933.579346 -942.982361 232.847580
v -933.246338 -942.982361 234.950317
v -932.279785 -942.982361 236.847153
v -930.774353 -942.982361 238.352676
v -928.877441 -942.982361 239.319199
v -926.774658 -942.982361 239.652283
v -924.671936 -942.982300 239.319199
v -922.774963 -942.982300 238.352570
v -921.269592 -942.982361 236.847275
v -920.303040 -942.982361 234.950348
v -919.969971 -942.982361 232.847549
v -914.692200 -934.932373 224.069138
v -912.570862 -934.932373 228.232483
v -920.303040 -942.982361 230.744812
v -921.269592 -942.982361 228.847885
v -917.996216 -934.932373 220.765091
v -922.774963 -942.982361 227.342468
v -922.159546 -934.932373 218.643753
v -924.671875 -942.982361 226.375946
v -926.774658 -934.932373 217.912811
v -926.774658 -942.982361 226.042908
v -931.389771 -934.932373 218.643753
v -928.877441 -942.982300 226.375946
v -935.553101 -934.932373 220.765091
v -930.774353 -942.982361 227.342575
v -938.857178 -934.932373 224.069138
v -932.279785 -942.982361 228.847778
v -940.978516 -934.932373 228.232483
v -933.246338 -942.982361 230.744812
v -941.709473 -934.932373 232.847580
v -933.579346 -942.982361 232.847580
v -940.978516 -934.932373 237.462662
v -933.246338 -942.982361 234.950317
v -938.857178 -934.932373 241.626007
v -932.279785 -942.982361 236.847153
v -935.553101 -934.932373 244.930069
v -930.774353 -942.982361 238.352676
v -931.389771 -934.932373 247.051376
v -928.877441 -942.982361 239.319199
v -926.774658 -934.932373 247.782333
v -926.774658 -942.982361 239.652283
v -922.159607 -934.932373 247.051376
v -924.671936 -942.982300 239.319199
v -917.996216 -934.932373 244.930069
v -922.774963 -942.982300 238.352570
v -914.692200 -934.932373 241.626007
v -921.269592 -942.982361 236.847275
v -912.570862 -934.932373 237.462662
v -920.303040 -942.982361 234.950348
v -911.839905 -934.932373 232.847580
v -919.969971 -942.982361 232.847549
vt 0.375000 0.312500
vt 0.387500 0.312500
vt 0.375000 0.688440
vt 0.387500 0.688440
vt 0.400000 0.312500
vt 0.400000 0.688440
vt 0.412500 0.312500
vt 0.412500 0.688440
vt 0.425000 0.312500
vt 0.425000 0.688440
vt 0.437500 0.312500
vt 0.437500 0.688440
vt 0.450000 0.312500
vt 0.450000 0.688440
vt 0.462500 0.312500
vt 0.462500 0.688440
vt 0.475000 0.312500
vt 0.475000 0.688440
vt 0.487500 0.312500
vt 0.487500 0.688440
vt 0.500000 0.312500
vt 0.500000 0.688440
vt 0.512500 0.312500
vt 0.512500 0.688440
vt 0.525000 0.312500
vt 0.525000 0.688440
vt 0.537500 0.312500
vt 0.537500 0.688440
vt 0.550000 0.312500
vt 0.550000 0.688440
vt 0.562500 0.312500
vt 0.562500 0.688440
vt 0.575000 0.312500
vt 0.575000 0.688440
vt 0.587500 0.312500
vt 0.587500 0.688440
vt 0.600000 0.312500
vt 0.600000 0.688440
vt 0.612500 0.312500
vt 0.612500 0.688440
vt 0.625000 0.312500
vt 0.625000 0.688440
vt 0.626409 0.064408
vt 0.648603 0.107966
vt 0.500000 0.150000
vt 0.591842 0.029841
vt 0.548284 0.007647
vt 0.500000 0.000000
vt 0.451716 0.007647
vt 0.408159 0.029841
vt 0.373591 0.064409
vt 0.351397 0.107966
vt 0.343750 0.156250
vt 0.351397 0.204534
vt 0.373591 0.248091
vt 0.408159 0.282659
vt 0.451716 0.304853
vt 0.500000 0.312500
vt 0.548284 0.304853
vt 0.591841 0.282659
vt 0.626409 0.248091
vt 0.648603 0.204534
vt 0.656250 0.156250
vt 0.626409 0.064408
vt 0.648603 0.107966
vt 0.626409 0.064408
vt 0.648603 0.107966
vt 0.591842 0.029841
vt 0.591842 0.029841
vt 0.548284 0.007647
vt 0.548284 0.007647
vt 0.500000 0.000000
vt 0.500000 0.000000
vt 0.451716 0.007647
vt 0.451716 0.007647
vt 0.408159 0.029841
vt 0.408159 0.029841
vt 0.373591 0.064409
vt 0.373591 0.064409
vt 0.351397 0.107966
vt 0.351397 0.107966
vt 0.343750 0.156250
vt 0.343750 0.156250
vt 0.351397 0.204534
vt 0.351397 0.204534
vt 0.373591 0.248091
vt 0.373591 0.248091
vt 0.408159 0.282659
vt 0.408159 0.282659
vt 0.451716 0.304853
vt 0.451716 0.304853
vt 0.500000 0.312500
vt 0.500000 0.312500
vt 0.548284 0.304853
vt 0.548284 0.304853
vt 0.591841 0.282659
vt 0.591841 0.282659
vt 0.626409 0.248091
vt 0.626409 0.248091
vt 0.648603 0.204534
vt 0.648603 0.204534
vt 0.656250 0.156250
vt 0.656250 0.156250
vt 0.375000 0.312500
vt 0.387500 0.312500
vt 0.375000 0.688440
vt 0.387500 0.688440
vt 0.400000 0.312500
vt 0.400000 0.688440
vt 0.412500 0.312500
vt 0.412500 0.688440
vt 0.425000 0.312500
vt 0.425000 0.688440
vt 0.437500 0.312500
vt 0.437500 0.688440
vt 0.450000 0.312500
vt 0.450000 0.688440
vt 0.462500 0.312500
vt 0.462500 0.688440
vt 0.475000 0.312500
vt 0.475000 0.688440
vt 0.487500 0.312500
vt 0.487500 0.688440
vt 0.500000 0.312500
vt 0.500000 0.688440
vt 0.512500 0.312500
vt 0.512500 0.688440
vt 0.525000 0.312500
vt 0.525000 0.688440
vt 0.537500 0.312500
vt 0.537500 0.688440
vt 0.550000 0.312500
vt 0.550000 0.688440
vt 0.562500 0.312500
vt 0.562500 0.688440
vt 0.575000 0.312500
vt 0.575000 0.688440
vt 0.587500 0.312500
vt 0.587500 0.688440
vt 0.600000 0.312500
vt 0.600000 0.688440
vt 0.612500 0.312500
vt 0.612500 0.688440
vt 0.625000 0.312500
vt 0.625000 0.688440
vt 0.626409 0.064408
vt 0.648603 0.107966
vt 0.500000 0.150000
vt 0.591842 0.029841
vt 0.548284 0.007647
vt 0.500000 0.000000
vt 0.451716 0.007647
vt 0.408159 0.029841
vt 0.373591 0.064409
vt 0.351397 0.107966
vt 0.343750 0.156250
vt 0.351397 0.204534
vt 0.373591 0.248091
vt 0.408159 0.282659
vt 0.451716 0.304853
vt 0.500000 0.312500
vt 0.548284 0.304853
vt 0.591841 0.282659
vt 0.626409 0.248091
vt 0.648603 0.204534
vt 0.656250 0.156250
vt 0.626409 0.064408
vt 0.648603 0.107966
vt 0.626409 0.064408
vt 0.648603 0.107966
vt 0.591842 0.029841
vt 0.591842 0.029841
vt 0.548284 0.007647
vt 0.548284 0.007647
vt 0.500000 0.000000
vt 0.500000 0.000000
vt 0.451716 0.007647
vt 0.451716 0.007647
vt 0.408159 0.029841
vt 0.408159 0.029841
vt 0.373591 0.064409
vt 0.373591 0.064409
vt 0.351397 0.107966
vt 0.351397 0.107966
vt 0.343750 0.156250
vt 0.343750 0.156250
vt 0.351397 0.204534
vt 0.351397 0.204534
vt 0.373591 0.248091
vt 0.373591 0.248091
vt 0.408159 0.282659
vt 0.408159 0.282659
vt 0.451716 0.304853
vt 0.451716 0.304853
vt 0.500000 0.312500
vt 0.500000 0.312500
vt 0.548284 0.304853
vt 0.548284 0.304853
vt 0.591841 0.282659
vt 0.591841 0.282659
vt 0.626409 0.248091
vt 0.626409 0.248091
vt 0.648603 0.204534
vt 0.648603 0.204534
vt 0.656250 0.156250
vt 0.656250 0.156250
vt 0.375000 0.312500
vt 0.387500 0.312500
vt 0.375000 0.688440
vt 0.387500 0.688440
vt 0.400000 0.312500
vt 0.400000 0.688440
vt 0.412500 0.312500
vt 0.412500 0.688440
vt 0.425000 0.312500
vt 0.425000 0.688440
vt 0.437500 0.312500
vt 0.437500 0.688440
vt 0.450000 0.312500
vt 0.450000 0.688440
vt 0.462500 0.312500
vt 0.462500 0.688440
vt 0.475000 0.312500
vt 0.475000 0.688440
vt 0.487500 0.312500
vt 0.487500 0.688440
vt 0.500000 0.312500
vt 0.500000 0.688440
vt 0.512500 0.312500
vt 0.512500 0.688440
vt 0.525000 0.312500
vt 0.525000 0.688440
vt 0.537500 0.312500
vt 0.537500 0.688440
vt 0.550000 0.312500
vt 0.550000 0.688440
vt 0.562500 0.312500
vt 0.562500 0.688440
vt 0.575000 0.312500
vt 0.575000 0.688440
vt 0.587500 0.312500
vt 0.587500 0.688440
vt 0.600000 0.312500
vt 0.600000 0.688440
vt 0.612500 0.312500
vt 0.612500 0.688440
vt 0.625000 0.312500
vt 0.625000 0.688440
vt 0.626409 0.064408
vt 0.648603 0.107966
vt 0.500000 0.150000
vt 0.591842 0.029841
vt 0.548284 0.007647
vt 0.500000 0.000000
vt 0.451716 0.007647
vt 0.408159 0.029841
vt 0.373591 0.064409
vt 0.351397 0.107966
vt 0.343750 0.156250
vt 0.351397 0.204534
vt 0.373591 0.248091
vt 0.408159 0.282659
vt 0.451716 0.304853
vt 0.500000 0.312500
vt 0.548284 0.304853
vt 0.591841 0.282659
vt 0.626409 0.248091
vt 0.648603 0.204534
vt 0.656250 0.156250
vt 0.626409 0.064408
vt 0.648603 0.107966
vt 0.626409 0.064408
vt 0.648603 0.107966
vt 0.591842 0.029841
vt 0.591842 0.029841
vt 0.548284 0.007647
vt 0.548284 0.007647
vt 0.500000 0.000000
vt 0.500000 0.000000
vt 0.451716 0.007647
vt 0.451716 0.007647
vt 0.408159 0.029841
vt 0.408159 0.029841
vt 0.373591 0.064409
vt 0.373591 0.064409
vt 0.351397 0.107966
vt 0.351397 0.107966
vt 0.343750 0.156250
vt 0.343750 0.156250
vt 0.351397 0.204534
vt 0.351397 0.204534
vt 0.373591 0.248091
vt 0.373591 0.248091
vt 0.408159 0.282659
vt 0.408159 0.282659
vt 0.451716 0.304853
vt 0.451716 0.304853
vt 0.500000 0.312500
vt 0.500000 0.312500
vt 0.548284 0.304853
vt 0.548284 0.304853
vt 0.591841 0.282659
vt 0.591841 0.282659
vt 0.626409 0.248091
vt 0.626409 0.248091
vt 0.648603 0.204534
vt 0.648603 0.204534
vt 0.656250 0.156250
vt 0.656250 0.156250
vt 0.375000 0.312500
vt 0.387500 0.312500
vt 0.375000 0.688440
vt 0.387500 0.688440
vt 0.400000 0.312500
vt 0.400000 0.688440
vt 0.412500 0.312500
vt 0.412500 0.688440
vt 0.425000 0.312500
vt 0.425000 0.688440
vt 0.437500 0.312500
vt 0.437500 0.688440
vt 0.450000 0.312500
vt 0.450000 0.688440
vt 0.462500 0.312500
vt 0.462500 0.688440
vt 0.475000 0.312500
vt 0.475000 0.688440
vt 0.487500 0.312500
vt 0.487500 0.688440
vt 0.500000 0.312500
vt 0.500000 0.688440
vt 0.512500 0.312500
vt 0.512500 0.688440
vt 0.525000 0.312500
vt 0.525000 0.688440
vt 0.537500 0.312500
vt 0.537500 0.688440
vt 0.550000 0.312500
vt 0.550000 0.688440
vt 0.562500 0.312500
vt 0.562500 0.688440
vt 0.575000 0.312500
vt 0.575000 0.688440
vt 0.587500 0.312500
vt 0.587500 0.688440
vt 0.600000 0.312500
vt 0.600000 0.688440
vt 0.612500 0.312500
vt 0.612500 0.688440
vt 0.625000 0.312500
vt 0.625000 0.688440
vt 0.626409 0.064408
vt 0.648603 0.107966
vt 0.500000 0.150000
vt 0.591842 0.029841
vt 0.548284 0.007647
vt 0.500000 0.000000
vt 0.451716 0.007647
vt 0.408159 0.029841
vt 0.373591 0.064409
vt 0.351397 0.107966
vt 0.343750 0.156250
vt 0.351397 0.204534
vt 0.373591 0.248091
vt 0.408159 0.282659
vt 0.451716 0.304853
vt 0.500000 0.312500
vt 0.548284 0.304853
vt 0.591841 0.282659
vt 0.626409 0.248091
vt 0.648603 0.204534
vt 0.656250 0.156250
vt 0.626409 0.064408
vt 0.648603 0.107966
vt 0.626409 0.064408
vt 0.648603 0.107966
vt 0.591842 0.029841
vt 0.591842 0.029841
vt 0.548284 0.007647
vt 0.548284 0.007647
vt 0.500000 0.000000
vt 0.500000 0.000000
vt 0.451716 0.007647
vt 0.451716 0.007647
vt 0.408159 0.029841
vt 0.408159 0.029841
vt 0.373591 0.064409
vt 0.373591 0.064409
vt 0.351397 0.107966
vt 0.351397 0.107966
vt 0.343750 0.156250
vt 0.343750 0.156250
vt 0.351397 0.204534
vt 0.351397 0.204534
vt 0.373591 0.248091
vt 0.373591 0.248091
vt 0.408159 0.282659
vt 0.408159 0.282659
vt 0.451716 0.304853
vt 0.451716 0.304853
vt 0.500000 0.312500
vt 0.500000 0.312500
vt 0.548284 0.304853
vt 0.548284 0.304853
vt 0.591841 0.282659
vt 0.591841 0.282659
vt 0.626409 0.248091
vt 0.626409 0.248091
vt 0.648603 0.204534
vt 0.648603 0.204534
vt 0.656250 0.156250
vt 0.656250 0.156250
vn 0.9511 0.0000 -0.3090
vn 0.8090 0.0000 -0.5878
vn 0.5878 0.0000 -0.8090
vn 0.3090 0.0000 -0.9511
vn 0.0000 0.0000 -1.0000
vn -0.3090 0.0000 -0.9511
vn -0.5878 0.0000 -0.8090
vn -0.8090 0.0000 -0.5878
vn -0.9511 -0.0000 -0.3090
vn -1.0000 -0.0000 0.0000
vn -0.9511 0.0000 0.3090
vn -0.8090 0.0000 0.5878
vn -0.5878 0.0000 0.8090
vn -0.3090 -0.0000 0.9511
vn 0.0000 -0.0000 1.0000
vn 0.3090 0.0000 0.9511
vn 0.5878 0.0000 0.8090
vn 0.8090 0.0000 0.5878
vn 0.9511 0.0000 0.3090
vn 1.0000 0.0000 0.0000
vn 0.0000 -1.0000 -0.0000
vn 0.5692 -0.7106 -0.4136
vn 0.6692 -0.7106 -0.2174
vn 0.4136 -0.7106 -0.5692
vn 0.2174 -0.7106 -0.6692
vn 0.2174 -0.7106 -0.6691
vn 0.0000 -0.7106 -0.7036
vn -0.2174 -0.7106 -0.6692
vn -0.2174 -0.7106 -0.6691
vn -0.4136 -0.7106 -0.5692
vn -0.4135 -0.7106 -0.5692
vn -0.5692 -0.7106 -0.4136
vn -0.6692 -0.7106 -0.2174
vn -0.7036 -0.7106 0.0000
vn -0.6692 -0.7106 0.2174
vn -0.5692 -0.7106 0.4136
vn -0.4136 -0.7106 0.5692
vn -0.2174 -0.7106 0.6692
vn -0.2174 -0.7106 0.6691
vn 0.0000 -0.7106 0.7036
vn 0.2174 -0.7106 0.6692
vn 0.4136 -0.7106 0.5692
vn 0.4135 -0.7106 0.5692
vn 0.5692 -0.7106 0.4136
vn 0.6692 -0.7106 0.2174
vn 0.7036 -0.7106 0.0000
vn 0.2174 -0.7106 0.6691
vn -0.0000 -1.0000 0.0001
vn 0.2175 -0.7106 0.6692
usemtl tornillos.001
s 1
f 117/117/57 118/118/58 120/119/57
f 118/118/58 119/120/58 120/119/57
f 118/118/58 121/121/59 119/120/58
f 121/121/59 122/122/59 119/120/58
f 121/121/59 123/123/60 122/122/59
f 123/123/60 124/124/60 122/122/59
f 123/123/60 125/125/61 124/124/60
f 125/125/61 126/126/61 124/124/60
f 125/125/61 127/127/62 126/126/61
f 127/127/62 128/128/62 126/126/61
f 127/127/62 129/129/63 128/128/62
f 129/129/63 130/130/63 128/128/62
f 129/129/63 131/131/64 130/130/63
f 131/131/64 132/132/64 130/130/63
f 131/131/64 133/133/65 132/132/64
f 133/133/65 134/134/65 132/132/64
f 133/133/65 135/135/66 134/134/65
f 135/135/66 136/136/66 134/134/65
f 135/135/66 137/137/67 136/136/66
f 137/137/67 138/138/67 136/136/66
f 137/137/67 139/139/68 138/138/67
f 139/139/68 140/140/68 138/138/67
f 139/139/68 141/141/69 140/140/68
f 141/141/69 142/142/69 140/140/68
f 141/141/69 143/143/70 142/142/69
f 143/143/70 144/144/70 142/142/69
f 143/143/70 145/145/71 144/144/70
f 145/145/71 146/146/71 144/144/70
f 145/145/71 147/147/72 146/146/71
f 147/147/72 148/148/72 146/146/71
f 147/147/72 149/149/73 148/148/72
f 149/149/73 150/150/73 148/148/72
f 149/149/73 151/151/74 150/150/73
f 151/151/74 152/152/74 150/150/73
f 151/151/74 153/153/75 152/152/74
f 153/153/75 154/154/75 152/152/74
f 153/153/75 155/155/76 154/154/75
f 155/155/76 156/156/76 154/154/75
f 155/155/76 157/157/57 156/156/76
f 157/157/57 158/158/57 156/156/76
s 2
f 159/159/77 160/160/77 161/161/77
f 162/162/77 159/159/77 161/161/77
f 163/163/77 162/162/77 161/161/77
f 164/164/77 163/163/77 161/161/77
f 165/165/77 164/164/77 161/161/77
f 166/166/77 165/165/77 161/161/77
f 167/167/77 166/166/77 161/161/77
f 168/168/77 167/167/77 161/161/77
f 169/169/77 168/168/77 161/161/77
f 170/170/77 169/169/77 161/161/77
f 171/171/77 170/170/77 161/161/77
f 172/172/77 171/171/77 161/161/77
f 173/173/77 172/172/77 161/161/77
f 174/174/77 173/173/77 161/161/77
f 175/175/77 174/174/77 161/161/77
f 176/176/77 175/175/77 161/161/77
f 177/177/77 176/176/77 161/161/77
f 178/178/77 177/177/77 161/161/77
f 179/179/77 178/178/77 161/161/77
f 160/160/77 179/179/77 161/161/77
s 3
f 180/180/78 181/181/79 183/182/78
f 181/181/79 182/183/79 183/182/78
f 184/184/80 180/180/78 185/185/80
f 180/180/78 183/182/78 185/185/80
f 186/186/81 184/184/80 187/187/82
f 184/184/80 185/185/80 187/187/82
f 188/188/83 186/186/81 189/189/83
f 186/186/81 187/187/82 189/189/83
f 190/190/84 188/188/83 191/191/85
f 188/188/83 189/189/83 191/191/85
f 192/192/86 190/190/84 193/193/87
f 190/190/84 191/191/85 193/193/87
f 194/194/88 192/192/86 195/195/88
f 192/192/86 193/193/87 195/195/88
f 196/196/89 194/194/88 197/197/89
f 194/194/88 195/195/88 197/197/89
f 198/198/90 196/196/89 199/199/90
f 196/196/89 197/197/89 199/199/90
f 200/200/91 198/198/90 201/201/91
f 198/198/90 199/199/90 201/201/91
f 202/202/92 200/200/91 203/203/92
f 200/200/91 201/201/91 203/203/92
f 204/204/93 202/202/92 205/205/93
f 202/202/92 203/203/92 205/205/93
f 206/206/94 204/204/93 207/207/95
f 204/204/93 205/205/93 207/207/95
f 208/208/96 206/206/94 209/209/96
f 206/206/94 207/207/95 209/209/96
f 210/210/97 208/208/96 211/211/97
f 208/208/96 209/209/96 211/211/97
f 212/212/98 210/210/97 213/213/99
f 210/210/97 211/211/97 213/213/99
f 214/214/100 212/212/98 215/215/100
f 212/212/98 213/213/99 215/215/100
f 216/216/101 214/214/100 217/217/101
f 214/214/100 215/215/100 217/217/101
f 218/218/102 216/216/101 219/219/102
f 216/216/101 217/217/101 219/219/102
f 181/181/79 218/218/102 182/183/79
f 218/218/102 219/219/102 182/183/79
s 4
f 220/220/57 221/221/58 223/222/57
f 221/221/58 222/223/58 223/222/57
f 221/221/58 224/224/59 222/223/58
f 224/224/59 225/225/59 222/223/58
f 224/224/59 226/226/60 225/225/59
f 226/226/60 227/227/60 225/225/59
f 226/226/60 228/228/61 227/227/60
f 228/228/61 229/229/61 227/227/60
f 228/228/61 230/230/62 229/229/61
f 230/230/62 231/231/62 229/229/61
f 230/230/62 232/232/63 231/231/62
f 232/232/63 233/233/63 231/231/62
f 232/232/63 234/234/64 233/233/63
f 234/234/64 235/235/64 233/233/63
f 234/234/64 236/236/65 235/235/64
f 236/236/65 237/237/65 235/235/64
f 236/236/65 238/238/66 237/237/65
f 238/238/66 239/239/66 237/237/65
f 238/238/66 240/240/67 239/239/66
f 240/240/67 241/241/67 239/239/66
f 240/240/67 242/242/68 241/241/67
f 242/242/68 243/243/68 241/241/67
f 242/242/68 244/244/69 243/243/68
f 244/244/69 245/245/69 243/243/68
f 244/244/69 246/246/70 245/245/69
f 246/246/70 247/247/70 245/245/69
f 246/246/70 248/248/71 247/247/70
f 248/248/71 249/249/71 247/247/70
f 248/248/71 250/250/72 249/249/71
f 250/250/72 251/251/72 249/249/71
f 250/250/72 252/252/73 251/251/72
f 252/252/73 253/253/73 251/251/72
f 252/252/73 254/254/74 253/253/73
f 254/254/74 255/255/74 253/253/73
f 254/254/74 256/256/75 255/255/74
f 256/256/75 257/257/75 255/255/74
f 256/256/75 258/258/76 257/257/75
f 258/258/76 259/259/76 257/257/75
f 258/258/76 260/260/57 259/259/76
f 260/260/57 261/261/57 259/259/76
s 5
f 262/262/77 263/263/77 264/264/77
f 265/265/77 262/262/77 264/264/77
f 266/266/77 265/265/77 264/264/77
f 267/267/77 266/266/77 264/264/77
f 268/268/77 267/267/77 264/264/77
f 269/269/77 268/268/77 264/264/77
f 270/270/77 269/269/77 264/264/77
f 271/271/77 270/270/77 264/264/77
f 272/272/77 271/271/77 264/264/77
f 273/273/77 272/272/77 264/264/77
f 274/274/77 273/273/77 264/264/77
f 275/275/77 274/274/77 264/264/77
f 276/276/77 275/275/77 264/264/77
f 277/277/77 276/276/77 264/264/77
f 278/278/77 277/277/77 264/264/77
f 279/279/77 278/278/77 264/264/77
f 280/280/77 279/279/77 264/264/77
f 281/281/77 280/280/77 264/264/77
f 282/282/77 281/281/77 264/264/77
f 263/263/77 282/282/77 264/264/77
s 6
f 283/283/78 284/284/79 286/285/78
f 284/284/79 285/286/79 286/285/78
f 287/287/80 283/283/78 288/288/80
f 283/283/78 286/285/78 288/288/80
f 289/289/81 287/287/80 290/290/81
f 287/287/80 288/288/80 290/290/81
f 291/291/83 289/289/81 292/292/83
f 289/289/81 290/290/81 292/292/83
f 293/293/84 291/291/83 294/294/84
f 291/291/83 292/292/83 294/294/84
f 295/295/86 293/293/84 296/296/86
f 293/293/84 294/294/84 296/296/86
f 297/297/88 295/295/86 298/298/88
f 295/295/86 296/296/86 298/298/88
f 299/299/89 297/297/88 300/300/89
f 297/297/88 298/298/88 300/300/89
f 301/301/90 299/299/89 302/302/90
f 299/299/89 300/300/89 302/302/90
f 303/303/91 301/301/90 304/304/91
f 301/301/90 302/302/90 304/304/91
f 305/305/92 303/303/91 306/306/92
f 303/303/91 304/304/91 306/306/92
f 307/307/93 305/305/92 308/308/93
f 305/305/92 306/306/92 308/308/93
f 309/309/94 307/307/93 310/310/95
f 307/307/93 308/308/93 310/310/95
f 311/311/96 309/309/94 312/312/96
f 309/309/94 310/310/95 312/312/96
f 313/313/103 311/311/96 314/314/97
f 311/311/96 312/312/96 314/314/97
f 315/315/98 313/313/103 316/316/99
f 313/313/103 314/314/97 316/316/99
f 317/317/100 315/315/98 318/318/100
f 315/315/98 316/316/99 318/318/100
f 319/319/101 317/317/100 320/320/101
f 317/317/100 318/318/100 320/320/101
f 321/321/102 319/319/101 322/322/102
f 319/319/101 320/320/101 322/322/102
f 284/284/79 321/321/102 285/286/79
f 321/321/102 322/322/102 285/286/79
s 7
f 323/323/57 324/324/58 326/325/57
f 324/324/58 325/326/58 326/325/57
f 324/324/58 327/327/59 325/326/58
f 327/327/59 328/328/59 325/326/58
f 327/327/59 329/329/60 328/328/59
f 329/329/60 330/330/60 328/328/59
f 329/329/60 331/331/61 330/330/60
f 331/331/61 332/332/61 330/330/60
f 331/331/61 333/333/62 332/332/61
f 333/333/62 334/334/62 332/332/61
f 333/333/62 335/335/63 334/334/62
f 335/335/63 336/336/63 334/334/62
f 335/335/63 337/337/64 336/336/63
f 337/337/64 338/338/64 336/336/63
f 337/337/64 339/339/65 338/338/64
f 339/339/65 340/340/65 338/338/64
f 339/339/65 341/341/66 340/340/65
f 341/341/66 342/342/66 340/340/65
f 341/341/66 343/343/67 342/342/66
f 343/343/67 344/344/67 342/342/66
f 343/343/67 345/345/68 344/344/67
f 345/345/68 346/346/68 344/344/67
f 345/345/68 347/347/69 346/346/68
f 347/347/69 348/348/69 346/346/68
f 347/347/69 349/349/70 348/348/69
f 349/349/70 350/350/70 348/348/69
f 349/349/70 351/351/71 350/350/70
f 351/351/71 352/352/71 350/350/70
f 351/351/71 353/353/72 352/352/71
f 353/353/72 354/354/72 352/352/71
f 353/353/72 355/355/73 354/354/72
f 355/355/73 356/356/73 354/354/72
f 355/355/73 357/357/74 356/356/73
f 357/357/74 358/358/74 356/356/73
f 357/357/74 359/359/75 358/358/74
f 359/359/75 360/360/75 358/358/74
f 359/359/75 361/361/76 360/360/75
f 361/361/76 362/362/76 360/360/75
f 361/361/76 363/363/57 362/362/76
f 363/363/57 364/364/57 362/362/76
s 8
f 365/365/77 366/366/77 367/367/77
f 368/368/77 365/365/77 367/367/77
f 369/369/77 368/368/77 367/367/77
f 370/370/77 369/369/77 367/367/77
f 371/371/77 370/370/77 367/367/77
f 372/372/77 371/371/77 367/367/77
f 373/373/77 372/372/77 367/367/77
f 374/374/77 373/373/77 367/367/77
f 375/375/77 374/374/77 367/367/77
f 376/376/77 375/375/77 367/367/77
f 377/377/77 376/376/77 367/367/77
f 378/378/77 377/377/77 367/367/77
f 379/379/77 378/378/77 367/367/77
f 380/380/77 379/379/77 367/367/77
f 381/381/77 380/380/77 367/367/77
f 382/382/104 381/381/77 367/367/77
f 383/383/77 382/382/104 367/367/77
f 384/384/77 383/383/77 367/367/77
f 385/385/77 384/384/77 367/367/77
f 366/366/77 385/385/77 367/367/77
s 9
f 386/386/78 387/387/79 389/388/78
f 387/387/79 388/389/79 389/388/78
f 390/390/80 386/386/78 391/391/80
f 386/386/78 389/388/78 391/391/80
f 392/392/81 390/390/80 393/393/81
f 390/390/80 391/391/80 393/393/81
f 394/394/83 392/392/81 395/395/83
f 392/392/81 393/393/81 395/395/83
f 396/396/84 394/394/83 397/397/84
f 394/394/83 395/395/83 397/397/84
f 398/398/86 396/396/84 399/399/87
f 396/396/84 397/397/84 399/399/87
f 400/400/88 398/398/86 401/401/88
f 398/398/86 399/399/87 401/401/88
f 402/402/89 400/400/88 403/403/89
f 400/400/88 401/401/88 403/403/89
f 404/404/90 402/402/89 405/405/90
f 402/402/89 403/403/89 405/405/90
f 406/406/91 404/404/90 407/407/91
f 404/404/90 405/405/90 407/407/91
f 408/408/92 406/406/91 409/409/92
f 406/406/91 407/407/91 409/409/92
f 410/410/93 408/408/92 411/411/93
f 408/408/92 409/409/92 411/411/93
f 412/412/94 410/410/93 413/413/94
f 410/410/93 411/411/93 413/413/94
f 414/414/96 412/412/94 415/415/96
f 412/412/94 413/413/94 415/415/96
f 416/416/97 414/414/96 417/417/105
f 414/414/96 415/415/96 417/417/105
f 418/418/98 416/416/97 419/419/98
f 416/416/97 417/417/105 419/419/98
f 420/420/100 418/418/98 421/421/100
f 418/418/98 419/419/98 421/421/100
f 422/422/101 420/420/100 423/423/101
f 420/420/100 421/421/100 423/423/101
f 424/424/102 422/422/101 425/425/102
f 422/422/101 423/423/101 425/425/102
f 387/387/79 424/424/102 388/389/79
f 424/424/102 425/425/102 388/389/79
s 10
f 426/426/57 427/427/58 429/428/57
f 427/427/58 428/429/58 429/428/57
f 427/427/58 430/430/59 428/429/58
f 430/430/59 431/431/59 428/429/58
f 430/430/59 432/432/60 431/431/59
f 432/432/60 433/433/60 431/431/59
f 432/432/60 434/434/61 433/433/60
f 434/434/61 435/435/61 433/433/60
f 434/434/61 436/436/62 435/435/61
f 436/436/62 437/437/62 435/435/61
f 436/436/62 438/438/63 437/437/62
f 438/438/63 439/439/63 437/437/62
f 438/438/63 440/440/64 439/439/63
f 440/440/64 441/441/64 439/439/63
f 440/440/64 442/442/65 441/441/64
f 442/442/65 443/443/65 441/441/64
f 442/442/65 444/444/66 443/443/65
f 444/444/66 445/445/66 443/443/65
f 444/444/66 446/446/67 445/445/66
f 446/446/67 447/447/67 445/445/66
f 446/446/67 448/448/68 447/447/67
f 448/448/68 449/449/68 447/447/67
f 448/448/68 450/450/69 449/449/68
f 450/450/69 451/451/69 449/449/68
f 450/450/69 452/452/70 451/451/69
f 452/452/70 453/453/70 451/451/69
f 452/452/70 454/454/71 453/453/70
f 454/454/71 455/455/71 453/453/70
f 454/454/71 456/456/72 455/455/71
f 456/456/72 457/457/72 455/455/71
f 456/456/72 458/458/73 457/457/72
f 458/458/73 459/459/73 457/457/72
f 458/458/73 460/460/74 459/459/73
f 460/460/74 461/461/74 459/459/73
f 460/460/74 462/462/75 461/461/74
f 462/462/75 463/463/75 461/461/74
f 462/462/75 464/464/76 463/463/75
f 464/464/76 465/465/76 463/463/75
f 464/464/76 466/466/57 465/465/76
f 466/466/57 467/467/57 465/465/76
s 11
f 468/468/77 469/469/77 470/470/77
f 471/471/77 468/468/77 470/470/77
f 472/472/77 471/471/77 470/470/77
f 473/473/77 472/472/77 470/470/77
f 474/474/77 473/473/77 470/470/77
f 475/475/77 474/474/77 470/470/77
f 476/476/77 475/475/77 470/470/77
f 477/477/77 476/476/77 470/470/77
f 478/478/77 477/477/77 470/470/77
f 479/479/77 478/478/77 470/470/77
f 480/480/77 479/479/77 470/470/77
f 481/481/77 480/480/77 470/470/77
f 482/482/77 481/481/77 470/470/77
f 483/483/77 482/482/77 470/470/77
f 484/484/77 483/483/77 470/470/77
f 485/485/77 484/484/77 470/470/77
f 486/486/77 485/485/77 470/470/77
f 487/487/77 486/486/77 470/470/77
f 488/488/77 487/487/77 470/470/77
f 469/469/77 488/488/77 470/470/77
s 12
f 489/489/78 490/490/79 492/491/78
f 490/490/79 491/492/79 492/491/78
f 493/493/80 489/489/78 494/494/80
f 489/489/78 492/491/78 494/494/80
f 495/495/81 493/493/80 496/496/81
f 493/493/80 494/494/80 496/496/81
f 497/497/83 495/495/81 498/498/83
f 495/495/81 496/496/81 498/498/83
f 499/499/84 497/497/83 500/500/84
f 497/497/83 498/498/83 500/500/84
f 501/501/86 499/499/84 502/502/87
f 499/499/84 500/500/84 502/502/87
f 503/503/88 501/501/86 504/504/88
f 501/501/86 502/502/87 504/504/88
f 505/505/89 503/503/88 506/506/89
f 503/503/88 504/504/88 506/506/89
f 507/507/90 505/505/89 508/508/90
f 505/505/89 506/506/89 508/508/90
f 509/509/91 507/507/90 510/510/91
f 507/507/90 508/508/90 510/510/91
f 511/511/92 509/509/91 512/512/92
f 509/509/91 510/510/91 512/512/92
f 513/513/93 511/511/92 514/514/93
f 511/511/92 512/512/92 514/514/93
f 515/515/94 513/513/93 516/516/95
f 513/513/93 514/514/93 516/516/95
f 517/517/96 515/515/94 518/518/96
f 515/515/94 516/516/95 518/518/96
f 519/519/97 517/517/96 520/520/105
f 517/517/96 518/518/96 520/520/105
f 521/521/98 519/519/97 522/522/98
f 519/519/97 520/520/105 522/522/98
f 523/523/100 521/521/98 524/524/100
f 521/521/98 522/522/98 524/524/100
f 525/525/101 523/523/100 526/526/101
f 523/523/100 524/524/100 526/526/101
f 527/527/102 525/525/101 528/528/102
f 525/525/101 526/526/101 528/528/102
f 490/490/79 527/527/102 491/492/79
f 527/527/102 528/528/102 491/492/79
o CHEOPS_LowPoly_pCylinder19_Mesh.002
v -213.959412 -205.510834 -91.442688
v -214.120117 -191.936707 -87.032204
v -214.120117 -153.552185 -162.366089
v -213.959351 -165.098999 -170.755386
v -213.959412 -219.435623 -3.523874
v -214.120117 -205.162933 -3.523874
v -214.120117 -93.766800 -222.151443
v -213.959412 -102.156067 -233.698303
v -214.120117 -18.432846 -260.535980
v -213.959351 -22.843384 -274.110107
v -214.120117 65.075439 -273.762360
v -213.959412 65.075439 -288.035065
v -214.120178 148.583710 -260.535950
v -213.959412 152.994202 -274.110077
v -214.120117 223.917633 -222.151398
v -213.959351 232.306946 -233.698242
v -214.120117 283.702942 -162.366013
v -213.959412 295.249817 -170.755295
v -214.120178 322.087402 -87.032150
v -213.959351 335.661560 -91.442619
v -214.120117 335.313782 -3.523848
v -213.959412 349.586548 -3.523849
v -214.120178 322.087402 79.984390
v -213.959351 335.661560 84.394882
v -214.120117 283.702942 155.318329
v -213.959412 295.249817 163.707596
v -214.120117 223.917572 215.103653
v -213.959351 232.306854 226.650467
v -214.120178 148.583710 253.488129
v -213.959412 152.994202 267.062286
v -214.120117 65.075439 266.714508
v -213.959412 65.075439 280.987213
v -214.120117 -18.432800 253.488129
v -213.959351 -22.843338 267.062225
v -214.120117 -93.766724 215.103638
v -213.959412 -102.155991 226.650436
v -214.120117 -153.552032 155.318283
v -213.959351 -165.098846 163.707550
v -214.120117 -191.936584 79.984360
v -213.959412 -205.510681 84.394844
v -180.953247 -205.510834 -91.442688
v -180.792419 -191.936707 -87.032204
v -180.792480 -205.162949 -3.523874
v -180.953186 -219.435638 -3.523874
v -180.953186 -165.098999 -170.755386
v -180.792480 -153.552200 -162.366089
v -180.953247 -102.156052 -233.698303
v -180.792480 -93.766800 -222.151443
v -180.953186 -22.843369 -274.110107
v -180.792419 -18.432846 -260.535980
v -180.953186 65.075439 -288.035065
v -180.792480 65.075439 -273.762360
v -180.953247 152.994202 -274.110077
v -180.792480 148.583710 -260.535950
v -180.953186 232.306946 -233.698242
v -180.792419 223.917633 -222.151398
v -180.953247 295.249817 -170.755295
v -180.792480 283.702942 -162.366013
v -180.953186 335.661560 -91.442619
v -180.792480 322.087402 -87.032150
v -180.953186 349.586548 -3.523849
v -180.792480 335.313782 -3.523848
v -180.953186 335.661560 84.394882
v -180.792480 322.087402 79.984390
v -180.953247 295.249817 163.707596
v -180.792480 283.702942 155.318329
v -180.953186 232.306885 226.650467
v -180.792419 223.917572 215.103653
v -180.953247 152.994202 267.062286
v -180.792480 148.583710 253.488129
v -180.953186 65.075439 280.987213
v -180.792480 65.075439 266.714508
v -180.953186 -22.843338 267.062225
v -180.792419 -18.432800 253.488129
v -180.953247 -102.155991 226.650436
v -180.792480 -93.766724 215.103638
v -180.953186 -165.098846 163.707550
v -180.792419 -153.552032 155.318283
v -180.953247 -205.510681 84.394844
v -180.792419 -191.936584 79.984360
v -213.959412 -205.510834 -91.442688
v -213.959351 -165.098999 -170.755386
v -180.953186 -165.098999 -170.755386
v -180.953247 -205.510834 -91.442688
v -213.959412 -102.156067 -233.698303
v -180.953247 -102.156052 -233.698303
v -213.959351 -22.843384 -274.110107
v -180.953186 -22.843369 -274.110107
v -213.959412 65.075439 -288.035065
v -180.953186 65.075439 -288.035065
v -213.959412 152.994202 -274.110077
v -180.953247 152.994202 -274.110077
v -213.959351 232.306946 -233.698242
v -180.953186 232.306946 -233.698242
v -213.959412 295.249817 -170.755295
v -180.953247 295.249817 -170.755295
v -213.959351 335.661560 -91.442619
v -180.953186 335.661560 -91.442619
v -213.959412 349.586548 -3.523849
v -180.953186 349.586548 -3.523849
v -213.959351 335.661560 84.394882
v -180.953186 335.661560 84.394882
v -213.959412 295.249817 163.707596
v -180.953247 295.249817 163.707596
v -213.959351 232.306854 226.650467
v -180.953186 232.306885 226.650467
v -213.959412 152.994202 267.062286
v -180.953247 152.994202 267.062286
v -213.959412 65.075439 280.987213
v -180.953186 65.075439 280.987213
v -213.959351 -22.843338 267.062225
v -180.953186 -22.843338 267.062225
v -213.959412 -102.155991 226.650436
v -180.953247 -102.155991 226.650436
v -213.959351 -165.098846 163.707550
v -180.953186 -165.098846 163.707550
v -213.959412 -205.510681 84.394844
v -180.953247 -205.510681 84.394844
v -213.959412 -219.435623 -3.523874
v -180.953186 -219.435638 -3.523874
v -214.120117 -153.552185 -162.366089
v -214.120117 -191.936707 -87.032204
v -180.792419 -191.936707 -87.032204
v -180.792480 -153.552200 -162.366089
v -214.120117 -205.162933 -3.523874
v -180.792480 -205.162949 -3.523874
v -214.120117 -93.766800 -222.151443
v -180.792480 -93.766800 -222.151443
v -214.120117 -18.432846 -260.535980
v -180.792419 -18.432846 -260.535980
v -214.120117 65.075439 -273.762360
v -180.792480 65.075439 -273.762360
v -214.120178 148.583710 -260.535950
v -180.792480 148.583710 -260.535950
v -214.120117 223.917633 -222.151398
v -180.792419 223.917633 -222.151398
v -214.120117 283.702942 -162.366013
v -180.792480 283.702942 -162.366013
v -214.120178 322.087402 -87.032150
v -180.792480 322.087402 -87.032150
v -214.120117 335.313782 -3.523848
v -180.792480 335.313782 -3.523848
v -214.120178 322.087402 79.984390
v -180.792480 322.087402 79.984390
v -214.120117 283.702942 155.318329
v -180.792480 283.702942 155.318329
v -214.120117 223.917572 215.103653
v -180.792419 223.917572 215.103653
v -214.120178 148.583710 253.488129
v -180.792480 148.583710 253.488129
v -214.120117 65.075439 266.714508
v -180.792480 65.075439 266.714508
v -214.120117 -18.432800 253.488129
v -180.792419 -18.432800 253.488129
v -214.120117 -93.766724 215.103638
v -180.792480 -93.766724 215.103638
v -214.120117 -153.552032 155.318283
v -180.792419 -153.552032 155.318283
v -214.120117 -191.936584 79.984360
v -180.792419 -191.936584 79.984360
vt 0.358533 0.031282
vt 0.355656 0.047336
vt 0.437824 0.022405
vt 0.431948 0.039748
vt 0.279331 0.096110
vt 0.279542 0.082533
vt 0.508612 0.065092
vt 0.499713 0.081855
vt 0.560009 0.163503
vt 0.548610 0.177225
vt 0.581258 0.312086
vt 0.568563 0.320197
vt 0.565525 0.492742
vt 0.553274 0.493427
vt 0.513514 0.677326
vt 0.503493 0.670318
vt 0.434187 0.835958
vt 0.427646 0.822700
vt 0.341611 0.946598
vt 0.338944 0.929610
vt 0.250030 1.000000
vt 0.250871 0.981953
vt 0.170227 0.998425
vt 0.173785 0.981467
vt 0.108446 0.950965
vt 0.113829 0.936503
vt 0.067179 0.868992
vt 0.073582 0.857791
vt 0.046550 0.763372
vt 0.053321 0.755767
vt 0.045518 0.643411
vt 0.052142 0.639498
vt 0.062626 0.516885
vt 0.068681 0.516660
vt 0.096352 0.390606
vt 0.101454 0.394030
vt 0.145117 0.271172
vt 0.148879 0.278177
vt 0.207054 0.165718
vt 0.209058 0.176166
vt 0.310678 0.010354
vt 0.307261 0.026438
vt 0.233196 0.063494
vt 0.232415 0.077035
vt 0.381816 0.017440
vt 0.388195 0.000000
vt 0.447713 0.058923
vt 0.457073 0.042008
vt 0.494763 0.154817
vt 0.506577 0.140935
vt 0.513067 0.299638
vt 0.526129 0.291423
vt 0.496525 0.475830
vt 0.509101 0.475160
vt 0.446099 0.656185
vt 0.456415 0.663351
vt 0.370374 0.811768
vt 0.377207 0.825304
vt 0.282589 0.921050
vt 0.285573 0.938379
vt 0.196090 0.974734
vt 0.195616 0.993132
vt 0.120976 0.974661
vt 0.117846 0.991946
vt 0.063106 0.929411
vt 0.058210 0.944165
vt 0.024813 0.849937
vt 0.018945 0.861395
vt 0.006199 0.746834
vt 0.000000 0.754667
vt 0.006251 0.629262
vt 0.000222 0.633377
vt 0.023549 0.504937
vt 0.018103 0.505342
vt 0.056587 0.380652
vt 0.052096 0.377386
vt 0.103785 0.262991
vt 0.100627 0.256114
vt 0.163266 0.159052
vt 0.161854 0.148692
vt 0.358533 0.031282
vt 0.437824 0.022405
vt 0.310678 0.010354
vt 0.388195 0.000000
vt 0.508612 0.065092
vt 0.457073 0.042008
vt 0.560009 0.163503
vt 0.506577 0.140935
vt 0.581258 0.312086
vt 0.526129 0.291423
vt 0.565525 0.492742
vt 0.509101 0.475160
vt 0.513514 0.677326
vt 0.456415 0.663351
vt 0.434187 0.835958
vt 0.377207 0.825304
vt 0.341611 0.946598
vt 0.285573 0.938379
vt 0.250030 1.000000
vt 0.195616 0.993132
vt 0.170227 0.998425
vt 0.117846 0.991946
vt 0.108446 0.950965
vt 0.058210 0.944165
vt 0.067179 0.868992
vt 0.018945 0.861395
vt 0.046550 0.763372
vt 0.000000 0.754667
vt 0.045518 0.643411
vt 0.000222 0.633377
vt 0.062626 0.516885
vt 0.018103 0.505342
vt 0.096352 0.390606
vt 0.052096 0.377386
vt 0.145117 0.271172
vt 0.100627 0.256114
vt 0.207054 0.165718
vt 0.161854 0.148692
vt 0.279542 0.082533
vt 0.233196 0.063494
vt 0.431948 0.039748
vt 0.355656 0.047336
vt 0.381816 0.017440
vt 0.307261 0.026438
vt 0.279331 0.096110
vt 0.232415 0.077035
vt 0.499713 0.081855
vt 0.447713 0.058923
vt 0.548610 0.177225
vt 0.494763 0.154817
vt 0.568563 0.320197
vt 0.513067 0.299638
vt 0.553274 0.493427
vt 0.496525 0.475830
vt 0.503493 0.670318
vt 0.446099 0.656185
vt 0.427646 0.822700
vt 0.370374 0.811768
vt 0.338944 0.929610
vt 0.282589 0.921050
vt 0.250871 0.981953
vt 0.196090 0.974734
vt 0.173785 0.981467
vt 0.120976 0.974661
vt 0.113829 0.936503
vt 0.063106 0.929411
vt 0.073582 0.857791
vt 0.024813 0.849937
vt 0.053321 0.755767
vt 0.006199 0.746834
vt 0.052142 0.639498
vt 0.006251 0.629262
vt 0.068681 0.516660
vt 0.023549 0.504937
vt 0.101454 0.394030
vt 0.056587 0.380652
vt 0.148879 0.278177
vt 0.103785 0.262991
vt 0.209058 0.176166
vt 0.163266 0.159052
vn -0.9999 -0.0107 -0.0035
vn -0.9999 -0.0091 -0.0066
vn -0.9999 -0.0113 0.0000
vn -0.9999 -0.0066 -0.0091
vn -0.9999 -0.0035 -0.0107
vn -0.9999 -0.0000 -0.0113
vn -0.9999 0.0035 -0.0107
vn -0.9999 0.0066 -0.0091
vn -0.9999 0.0091 -0.0066
vn -0.9999 0.0107 -0.0035
vn -0.9999 0.0113 0.0000
vn -0.9999 0.0107 0.0035
vn -0.9999 0.0091 0.0066
vn -0.9999 0.0066 0.0091
vn -0.9999 0.0035 0.0107
vn -0.9999 -0.0000 0.0113
vn -0.9999 -0.0035 0.0107
vn -0.9999 -0.0066 0.0091
vn -0.9999 -0.0091 0.0066
vn -0.9999 -0.0107 0.0035
vn 0.9999 -0.0107 -0.0035
vn 0.9999 -0.0113 0.0000
vn 0.9999 -0.0091 -0.0066
vn 0.9999 -0.0066 -0.0091
vn 0.9999 -0.0035 -0.0107
vn 0.9999 -0.0000 -0.0113
vn 0.9999 0.0035 -0.0107
vn 0.9999 0.0066 -0.0091
vn 0.9999 0.0091 -0.0066
vn 0.9999 0.0107 -0.0035
vn 0.9999 0.0113 -0.0000
vn 0.9999 0.0107 0.0035
vn 0.9999 0.0091 0.0066
vn 0.9999 0.0066 0.0091
vn 0.9999 0.0035 0.0107
vn 0.9999 0.0000 0.0113
vn 0.9999 -0.0035 0.0107
vn 0.9999 -0.0066 0.0091
vn 0.9999 -0.0091 0.0066
vn 0.9999 -0.0107 0.0035
vn -0.0000 -0.9511 -0.3090
vn 0.0000 -0.8090 -0.5878
vn 0.0000 -0.5878 -0.8090
vn 0.0000 -0.3090 -0.9511
vn 0.0000 0.0000 -1.0000
vn 0.0000 0.3090 -0.9511
vn 0.0000 0.5878 -0.8090
vn 0.0000 0.8090 -0.5878
vn 0.0000 0.9511 -0.3090
vn 0.0000 1.0000 0.0000
vn 0.0000 0.9511 0.3090
vn 0.0000 0.8090 0.5878
vn -0.0000 0.5878 0.8090
vn 0.0000 0.3090 0.9511
vn 0.0000 -0.0000 1.0000
vn 0.0000 -0.3090 0.9511
vn 0.0000 -0.5878 0.8090
vn 0.0000 -0.8090 0.5878
vn 0.0000 -0.9511 0.3090
vn -0.0000 -1.0000 0.0000
usemtl tornillos.002
s 1
f 529/529/106 530/530/106 532/531/107
f 530/530/106 531/532/107 532/531/107
f 530/530/106 529/529/106 534/533/108
f 529/529/106 533/534/108 534/533/108
f 532/531/107 531/532/107 536/535/109
f 531/532/107 535/536/109 536/535/109
f 536/535/109 535/536/109 538/537/110
f 535/536/109 537/538/110 538/537/110
f 538/537/110 537/538/110 540/539/111
f 537/538/110 539/540/111 540/539/111
f 540/539/111 539/540/111 542/541/112
f 539/540/111 541/542/112 542/541/112
f 542/541/112 541/542/112 544/543/113
f 541/542/112 543/544/113 544/543/113
f 544/543/113 543/544/113 546/545/114
f 543/544/113 545/546/114 546/545/114
f 546/545/114 545/546/114 548/547/115
f 545/546/114 547/548/115 548/547/115
f 548/547/115 547/548/115 550/549/116
f 547/548/115 549/550/116 550/549/116
f 550/549/116 549/550/116 552/551/117
f 549/550/116 551/552/117 552/551/117
f 552/551/117 551/552/117 554/553/118
f 551/552/117 553/554/118 554/553/118
f 554/553/118 553/554/118 556/555/119
f 553/554/118 555/556/119 556/555/119
f 556/555/119 555/556/119 558/557/120
f 555/556/119 557/558/120 558/557/120
f 558/557/120 557/558/120 560/559/121
f 557/558/120 559/560/121 560/559/121
f 560/559/121 559/560/121 562/561/122
f 559/560/121 561/562/122 562/561/122
f 562/561/122 561/562/122 564/563/123
f 561/562/122 563/564/123 564/563/123
f 564/563/123 563/564/123 566/565/124
f 563/564/123 565/566/124 566/565/124
f 566/565/124 565/566/124 568/567/125
f 565/566/124 567/568/125 568/567/125
f 568/567/125 567/568/125 533/534/108
f 567/568/125 534/533/108 533/534/108
s 2
f 569/569/126 570/570/126 572/571/127
f 570/570/126 571/572/127 572/571/127
f 570/570/126 569/569/126 574/573/128
f 569/569/126 573/574/128 574/573/128
f 574/573/128 573/574/128 576/575/129
f 573/574/128 575/576/129 576/575/129
f 576/575/129 575/576/129 578/577/130
f 575/576/129 577/578/130 578/577/130
f 578/577/130 577/578/130 580/579/131
f 577/578/130 579/580/131 580/579/131
f 580/579/131 579/580/131 582/581/132
f 579/580/131 581/582/132 582/581/132
f 582/581/132 581/582/132 584/583/133
f 581/582/132 583/584/133 584/583/133
f 584/583/133 583/584/133 586/585/134
f 583/584/133 585/586/134 586/585/134
f 586/585/134 585/586/134 588/587/135
f 585/586/134 587/588/135 588/587/135
f 588/587/135 587/588/135 590/589/136
f 587/588/135 589/590/136 590/589/136
f 590/589/136 589/590/136 592/591/137
f 589/590/136 591/592/137 592/591/137
f 592/591/137 591/592/137 594/593/138
f 591/592/137 593/594/138 594/593/138
f 594/593/138 593/594/138 596/595/139
f 593/594/138 595/596/139 596/595/139
f 596/595/139 595/596/139 598/597/140
f 595/596/139 597/598/140 598/597/140
f 598/597/140 597/598/140 600/599/141
f 597/598/140 599/600/141 600/599/141
f 600/599/141 599/600/141 602/601/142
f 599/600/141 601/602/142 602/601/142
f 602/601/142 601/602/142 604/603/143
f 601/602/142 603/604/143 604/603/143
f 604/603/143 603/604/143 606/605/144
f 603/604/143 605/606/144 606/605/144
f 606/605/144 605/606/144 608/607/145
f 605/606/144 607/608/145 608/607/145
f 608/607/145 607/608/145 571/572/127
f 607/608/145 572/571/127 571/572/127
s 3
f 609/609/146 610/610/147 612/611/146
f 610/610/147 611/612/147 612/611/146
f 610/610/147 613/613/148 611/612/147
f 613/613/148 614/614/148 611/612/147
f 613/613/148 615/615/149 614/614/148
f 615/615/149 616/616/149 614/614/148
f 615/615/149 617/617/150 616/616/149
f 617/617/150 618/618/150 616/616/149
f 617/617/150 619/619/151 618/618/150
f 619/619/151 620/620/151 618/618/150
f 619/619/151 621/621/152 620/620/151
f 621/621/152 622/622/152 620/620/151
f 621/621/152 623/623/153 622/622/152
f 623/623/153 624/624/153 622/622/152
f 623/623/153 625/625/154 624/624/153
f 625/625/154 626/626/154 624/624/153
f 625/625/154 627/627/155 626/626/154
f 627/627/155 628/628/155 626/626/154
f 627/627/155 629/629/156 628/628/155
f 629/629/156 630/630/156 628/628/155
f 629/629/156 631/631/157 630/630/156
f 631/631/157 632/632/157 630/630/156
f 631/631/157 633/633/158 632/632/157
f 633/633/158 634/634/158 632/632/157
f 633/633/158 635/635/159 634/634/158
f 635/635/159 636/636/159 634/634/158
f 635/635/159 637/637/160 636/636/159
f 637/637/160 638/638/160 636/636/159
f 637/637/160 639/639/161 638/638/160
f 639/639/161 640/640/161 638/638/160
f 639/639/161 641/641/162 640/640/161
f 641/641/162 642/642/162 640/640/161
f 641/641/162 643/643/163 642/642/162
f 643/643/163 644/644/163 642/642/162
f 643/643/163 645/645/164 644/644/163
f 645/645/164 646/646/164 644/644/163
f 645/645/164 647/647/165 646/646/164
f 647/647/165 648/648/165 646/646/164
f 647/647/165 609/609/146 648/648/165
f 609/609/146 612/611/146 648/648/165
s 4
f 649/649/157 650/650/156 652/651/157
f 650/650/156 651/652/156 652/651/157
f 650/650/156 653/653/155 651/652/156
f 653/653/155 654/654/155 651/652/156
f 655/655/158 649/649/157 656/656/158
f 649/649/157 652/651/157 656/656/158
f 657/657/159 655/655/158 658/658/159
f 655/655/158 656/656/158 658/658/159
f 659/659/160 657/657/159 660/660/160
f 657/657/159 658/658/159 660/660/160
f 661/661/161 659/659/160 662/662/161
f 659/659/160 660/660/160 662/662/161
f 663/663/162 661/661/161 664/664/162
f 661/661/161 662/662/161 664/664/162
f 665/665/163 663/663/162 666/666/163
f 663/663/162 664/664/162 666/666/163
f 667/667/164 665/665/163 668/668/164
f 665/665/163 666/666/163 668/668/164
f 669/669/165 667/667/164 670/670/165
f 667/667/164 668/668/164 670/670/165
f 671/671/146 669/669/165 672/672/146
f 669/669/165 670/670/165 672/672/146
f 673/673/147 671/671/146 674/674/147
f 671/671/146 672/672/146 674/674/147
f 675/675/148 673/673/147 676/676/148
f 673/673/147 674/674/147 676/676/148
f 677/677/149 675/675/148 678/678/149
f 675/675/148 676/676/148 678/678/149
f 679/679/150 677/677/149 680/680/150
f 677/677/149 678/678/149 680/680/150
f 681/681/151 679/679/150 682/682/151
f 679/679/150 680/680/150 682/682/151
f 683/683/152 681/681/151 684/684/152
f 681/681/151 682/682/151 684/684/152
f 685/685/153 683/683/152 686/686/153
f 683/683/152 684/684/152 686/686/153
f 687/687/154 685/685/153 688/688/154
f 685/685/153 686/686/153 688/688/154
f 653/653/155 687/687/154 654/654/155
f 687/687/154 688/688/154 654/654/155
o CHEOPS_LowPoly_pCylinder26_Mesh.003
v -794.329529 -172.234528 -81.097404
v -794.329590 -96.988861 -56.648624
v -794.329590 -105.308182 -4.120091
v -794.329468 -184.426178 -4.120104
v -794.329590 -96.988861 -56.648624
v -794.329529 -172.234528 -81.097404
v -794.329468 -136.852005 -150.539581
v -794.329590 -72.844193 -104.035255
v -794.329590 -72.844193 -104.035255
v -794.329468 -81.742081 -205.649261
v -794.329590 -35.237793 -141.641464
v -794.329590 -35.237793 -141.641464
v -794.329468 -12.300110 -241.031799
v -794.329590 12.148895 -165.786133
v -794.329590 12.148895 -165.786133
v -794.329468 64.677429 -253.223831
v -794.329590 64.677460 -174.105927
v -794.329590 64.677460 -174.105927
v -794.329468 141.654724 -241.031799
v -794.329590 117.205841 -165.786102
v -794.329590 117.205841 -165.786102
v -794.329468 211.096741 -205.649185
v -794.329590 164.592407 -141.641418
v -794.329590 164.592407 -141.641418
v -794.329468 266.206482 -150.539536
v -794.329590 202.198730 -104.035133
v -794.329590 202.198730 -104.035133
v -794.329468 301.588989 -81.097343
v -794.329590 226.343353 -56.648525
v -794.329590 226.343353 -56.648525
v -794.329468 313.780884 -4.120083
v -794.329590 234.662933 -4.120074
v -794.329590 234.662933 -4.120074
v -794.329468 301.588989 72.857170
v -794.329590 226.343353 48.408382
v -794.329590 226.343353 48.408382
v -794.329468 266.206482 142.299393
v -794.329590 202.198730 95.794991
v -794.329590 202.198730 95.794991
v -794.329468 211.096741 197.409012
v -794.329590 164.592377 133.401169
v -794.329590 164.592377 133.401169
v -794.329468 141.654724 232.791550
v -794.329590 117.205872 157.546005
v -794.329590 117.205872 157.546005
v -794.329468 64.677429 244.983536
v -794.329590 64.677460 165.865631
v -794.329590 64.677460 165.865631
v -794.329468 -12.299988 232.791550
v -794.329590 12.148926 157.545837
v -794.329590 12.148926 157.545837
v -794.329468 -81.742004 197.408997
v -794.329590 -35.237686 133.401199
v -794.329590 -35.237686 133.401199
v -794.329468 -136.851654 142.299347
v -794.329590 -72.844070 95.794991
v -794.329590 -72.844070 95.794991
v -794.329529 -172.234406 72.857140
v -794.329590 -96.988678 48.408382
v -794.329590 -96.988678 48.408382
v -794.329590 -105.308182 -4.120091
vt 0.625000 0.684727
vt 0.624875 0.688440
vt 0.612500 0.684727
vt 0.612625 0.688440
vt 0.375125 0.688440
vt 0.375000 0.684727
vt 0.387375 0.688440
vt 0.387500 0.684727
vt 0.387625 0.688440
vt 0.399875 0.688440
vt 0.400000 0.684727
vt 0.400125 0.688440
vt 0.412375 0.688440
vt 0.412500 0.684727
vt 0.412625 0.688440
vt 0.424875 0.688440
vt 0.425000 0.684727
vt 0.425125 0.688440
vt 0.437375 0.688440
vt 0.437500 0.684727
vt 0.437625 0.688440
vt 0.449875 0.688440
vt 0.450000 0.684727
vt 0.450125 0.688440
vt 0.462375 0.688440
vt 0.462500 0.684727
vt 0.462625 0.688440
vt 0.474875 0.688440
vt 0.475000 0.684727
vt 0.475125 0.688440
vt 0.487375 0.688440
vt 0.487500 0.684727
vt 0.487625 0.688440
vt 0.499875 0.688440
vt 0.500000 0.684727
vt 0.500125 0.688440
vt 0.512375 0.688440
vt 0.512500 0.684727
vt 0.512625 0.688440
vt 0.524875 0.688440
vt 0.525000 0.684727
vt 0.525125 0.688440
vt 0.537375 0.688440
vt 0.537500 0.684726
vt 0.537625 0.688440
vt 0.549875 0.688440
vt 0.550000 0.684727
vt 0.550125 0.688440
vt 0.562375 0.688440
vt 0.562500 0.684727
vt 0.562625 0.688440
vt 0.574875 0.688440
vt 0.575000 0.684727
vt 0.575125 0.688440
vt 0.587375 0.688440
vt 0.587500 0.684727
vt 0.587625 0.688440
vt 0.599875 0.688440
vt 0.600000 0.684727
vt 0.600125 0.688440
vt 0.612375 0.688440
vn 1.0000 0.0000 -0.0000
usemtl Body
s 1
f 689/689/166 690/690/166 692/691/166
f 690/690/166 691/692/166 692/691/166
s 2
f 693/693/166 694/694/166 696/695/166
f 694/694/166 695/696/166 696/695/166
s 3
f 697/697/166 695/696/166 699/698/166
f 695/696/166 698/699/166 699/698/166
s 4
f 700/700/166 698/699/166 702/701/166
f 698/699/166 701/702/166 702/701/166
s 5
f 703/703/166 701/702/166 705/704/166
f 701/702/166 704/705/166 705/704/166
s 6
f 706/706/166 704/705/166 708/707/166
f 704/705/166 707/708/166 708/707/166
s 7
f 709/709/166 707/708/166 711/710/166
f 707/708/166 710/711/166 711/710/166
s 8
f 712/712/166 710/711/166 714/713/166
f 710/711/166 713/714/166 714/713/166
s 9
f 715/715/166 713/714/166 717/716/166
f 713/714/166 716/717/166 717/716/166
s 10
f 718/718/166 716/717/166 720/719/166
f 716/717/166 719/720/166 720/719/166
s 11
f 721/721/166 719/720/166 723/722/166
f 719/720/166 722/723/166 723/722/166
s 12
f 724/724/166 722/723/166 726/725/166
f 722/723/166 725/726/166 726/725/166
s 13
f 727/727/166 725/726/166 729/728/166
f 725/726/166 728/729/166 729/728/166
s 14
f 730/730/166 728/729/166 732/731/166
f 728/729/166 731/732/166 732/731/166
s 15
f 733/733/166 731/732/166 735/734/166
f 731/732/166 734/735/166 735/734/166
s 16
f 736/736/166 734/735/166 738/737/166
f 734/735/166 737/738/166 738/737/166
s 17
f 739/739/166 737/738/166 741/740/166
f 737/738/166 740/741/166 741/740/166
s 18
f 742/742/166 740/741/166 744/743/166
f 740/741/166 743/744/166 744/743/166
s 19
f 745/745/166 743/744/166 747/746/166
f 743/744/166 746/747/166 747/746/166
s 20
f 748/748/166 746/747/166 749/749/166
f 746/747/166 692/691/166 749/749/166
o CHEOPS_LowPoly_pCylinder33_Mesh.004
v -839.145508 -172.234512 -81.097397
v -839.145630 -96.988876 -56.648628
v -839.145630 -105.308197 -4.120091
v -839.145508 -184.426163 -4.120104
v -839.145630 -96.988876 -56.648628
v -839.145508 -172.234512 -81.097397
v -839.145508 -136.852020 -150.539581
v -839.145630 -72.844208 -104.035248
v -839.145630 -72.844208 -104.035248
v -839.145508 -81.742096 -205.649246
v -839.145630 -35.237793 -141.641464
v -839.145630 -35.237793 -141.641464
v -839.145508 -12.300110 -241.031784
v -839.145630 12.148865 -165.786133
v -839.145630 12.148865 -165.786133
v -839.145508 64.677429 -253.223831
v -839.145630 64.677429 -174.105927
v -839.145630 64.677429 -174.105927
v -839.145508 141.654724 -241.031784
v -839.145630 117.205811 -165.786102
v -839.145630 117.205811 -165.786102
v -839.145508 211.096741 -205.649170
v -839.145630 164.592377 -141.641403
v -839.145630 164.592377 -141.641403
v -839.145508 266.206543 -150.539536
v -839.145630 202.198730 -104.035133
v -839.145630 202.198730 -104.035133
v -839.145508 301.588989 -81.097343
v -839.145630 226.343353 -56.648521
v -839.145630 226.343353 -56.648521
v -839.145508 313.780884 -4.120083
v -839.145630 234.662903 -4.120074
v -839.145630 234.662903 -4.120074
v -839.145508 301.588989 72.857170
v -839.145630 226.343353 48.408379
v -839.145630 226.343353 48.408379
v -839.145508 266.206543 142.299408
v -839.145630 202.198730 95.794991
v -839.145630 202.198730 95.794991
v -839.145508 211.096741 197.409012
v -839.145630 164.592377 133.401169
v -839.145630 164.592377 133.401169
v -839.145508 141.654724 232.791565
v -839.145630 117.205841 157.546021
v -839.145630 117.205841 157.546021
v -839.145508 64.677429 244.983536
v -839.145630 64.677429 165.865631
v -839.145630 64.677429 165.865631
v -839.145508 -12.299988 232.791565
v -839.145630 12.148926 157.545837
v -839.145630 12.148926 157.545837
v -839.145508 -81.742004 197.408997
v -839.145630 -35.237701 133.401199
v -839.145630 -35.237701 133.401199
v -839.145508 -136.851669 142.299362
v -839.145630 -72.844086 95.794991
v -839.145630 -72.844086 95.794991
v -839.145508 -172.234406 72.857140
v -839.145630 -96.988678 48.408379
v -839.145630 -96.988678 48.408379
v -839.145630 -105.308197 -4.120091
v -757.314758 -172.234512 -81.097397
v -757.314819 -96.988876 -56.648628
v -757.314819 -105.308197 -4.120091
v -757.314758 -184.426163 -4.120104
v -757.314819 -96.988876 -56.648628
v -757.314758 -172.234512 -81.097397
v -757.314758 -136.852020 -150.539581
v -757.314819 -72.844208 -104.035248
v -757.314819 -72.844208 -104.035248
v -757.314758 -81.742096 -205.649246
v -757.314819 -35.237793 -141.641464
v -757.314819 -35.237793 -141.641464
v -757.314758 -12.300110 -241.031784
v -757.314819 12.148865 -165.786133
v -757.314819 12.148865 -165.786133
v -757.314758 64.677429 -253.223831
v -757.314819 64.677429 -174.105927
v -757.314819 64.677429 -174.105927
v -757.314758 141.654724 -241.031784
v -757.314819 117.205811 -165.786102
v -757.314819 117.205811 -165.786102
v -757.314758 211.096741 -205.649170
v -757.314819 164.592377 -141.641403
v -757.314819 164.592377 -141.641403
v -757.314758 266.206543 -150.539536
v -757.314819 202.198730 -104.035133
v -757.314819 202.198730 -104.035133
v -757.314758 301.588989 -81.097343
v -757.314819 226.343353 -56.648521
v -757.314819 226.343353 -56.648521
v -757.314758 313.780884 -4.120083
v -757.314819 234.662903 -4.120074
v -757.314819 234.662903 -4.120074
v -757.314758 301.588989 72.857170
v -757.314819 226.343353 48.408379
v -757.314819 226.343353 48.408379
v -757.314758 266.206543 142.299408
v -757.314819 202.198730 95.794991
v -757.314819 202.198730 95.794991
v -757.314758 211.096741 197.409012
v -757.314819 164.592377 133.401169
v -757.314819 164.592377 133.401169
v -757.314758 141.654724 232.791565
v -757.314819 117.205841 157.546021
v -757.314819 117.205841 157.546021
v -757.314758 64.677429 244.983536
v -757.314819 64.677429 165.865631
v -757.314819 64.677429 165.865631
v -757.314758 -12.299988 232.791565
v -757.314819 12.148926 157.545837
v -757.314819 12.148926 157.545837
v -757.314758 -81.742004 197.408997
v -757.314819 -35.237701 133.401199
v -757.314819 -35.237701 133.401199
v -757.314758 -136.851669 142.299362
v -757.314819 -72.844086 95.794991
v -757.314819 -72.844086 95.794991
v -757.314758 -172.234406 72.857140
v -757.314819 -96.988678 48.408379
v -757.314819 -96.988678 48.408379
v -757.314819 -105.308197 -4.120091
v -701.861145 -172.234512 -81.097397
v -701.861267 -96.988876 -56.648628
v -701.861267 -105.308197 -4.120091
v -701.861145 -184.426163 -4.120104
v -701.861267 -96.988876 -56.648628
v -701.861145 -172.234512 -81.097397
v -701.861145 -136.852020 -150.539581
v -701.861267 -72.844208 -104.035248
v -701.861267 -72.844208 -104.035248
v -701.861145 -81.742096 -205.649246
v -701.861267 -35.237793 -141.641464
v -701.861267 -35.237793 -141.641464
v -701.861145 -12.300110 -241.031784
v -701.861267 12.148865 -165.786133
v -701.861267 12.148865 -165.786133
v -701.861145 64.677429 -253.223831
v -701.861267 64.677429 -174.105927
v -701.861267 64.677429 -174.105927
v -701.861145 141.654724 -241.031784
v -701.861267 117.205811 -165.786102
v -701.861267 117.205811 -165.786102
v -701.861145 211.096741 -205.649170
v -701.861267 164.592377 -141.641403
v -701.861267 164.592377 -141.641403
v -701.861145 266.206543 -150.539536
v -701.861267 202.198730 -104.035133
v -701.861267 202.198730 -104.035133
v -701.861145 301.588989 -81.097343
v -701.861267 226.343353 -56.648521
v -701.861267 226.343353 -56.648521
v -701.861145 313.780884 -4.120083
v -701.861267 234.662903 -4.120074
v -701.861267 234.662903 -4.120074
v -701.861145 301.588989 72.857170
v -701.861267 226.343353 48.408379
v -701.861267 226.343353 48.408379
v -701.861145 266.206543 142.299408
v -701.861267 202.198730 95.794991
v -701.861267 202.198730 95.794991
v -701.861145 211.096741 197.409012
v -701.861267 164.592377 133.401169
v -701.861267 164.592377 133.401169
v -701.861145 141.654724 232.791565
v -701.861267 117.205841 157.546021
v -701.861267 117.205841 157.546021
v -701.861145 64.677429 244.983536
v -701.861267 64.677429 165.865631
v -701.861267 64.677429 165.865631
v -701.861145 -12.299988 232.791565
v -701.861267 12.148926 157.545837
v -701.861267 12.148926 157.545837
v -701.861145 -81.742004 197.408997
v -701.861267 -35.237701 133.401199
v -701.861267 -35.237701 133.401199
v -701.861145 -136.851669 142.299362
v -701.861267 -72.844086 95.794991
v -701.861267 -72.844086 95.794991
v -701.861145 -172.234406 72.857140
v -701.861267 -96.988678 48.408379
v -701.861267 -96.988678 48.408379
v -701.861267 -105.308197 -4.120091
v -651.515137 -172.234512 -81.097397
v -651.515259 -96.988876 -56.648628
v -651.515259 -105.308197 -4.120091
v -651.515137 -184.426163 -4.120104
v -651.515259 -96.988876 -56.648628
v -651.515137 -172.234512 -81.097397
v -651.515137 -136.852020 -150.539581
v -651.515259 -72.844208 -104.035248
v -651.515259 -72.844208 -104.035248
v -651.515137 -81.742096 -205.649246
v -651.515259 -35.237793 -141.641464
v -651.515259 -35.237793 -141.641464
v -651.515137 -12.300110 -241.031784
v -651.515259 12.148865 -165.786133
v -651.515259 12.148865 -165.786133
v -651.515137 64.677429 -253.223831
v -651.515259 64.677429 -174.105927
v -651.515259 64.677429 -174.105927
v -651.515137 141.654724 -241.031784
v -651.515259 117.205811 -165.786102
v -651.515259 117.205811 -165.786102
v -651.515137 211.096741 -205.649170
v -651.515259 164.592377 -141.641403
v -651.515259 164.592377 -141.641403
v -651.515137 266.206543 -150.539536
v -651.515259 202.198730 -104.035133
v -651.515259 202.198730 -104.035133
v -651.515137 301.588989 -81.097343
v -651.515259 226.343353 -56.648521
v -651.515259 226.343353 -56.648521
v -651.515137 313.780884 -4.120083
v -651.515259 234.662903 -4.120074
v -651.515259 234.662903 -4.120074
v -651.515137 301.588989 72.857170
v -651.515259 226.343353 48.408379
v -651.515259 226.343353 48.408379
v -651.515137 266.206543 142.299408
v -651.515259 202.198730 95.794991
v -651.515259 202.198730 95.794991
v -651.515137 211.096741 197.409012
v -651.515259 164.592377 133.401169
v -651.515259 164.592377 133.401169
v -651.515137 141.654724 232.791565
v -651.515259 117.205841 157.546021
v -651.515259 117.205841 157.546021
v -651.515137 64.677429 244.983536
v -651.515259 64.677429 165.865631
v -651.515259 64.677429 165.865631
v -651.515137 -12.299988 232.791565
v -651.515259 12.148926 157.545837
v -651.515259 12.148926 157.545837
v -651.515137 -81.742004 197.408997
v -651.515259 -35.237701 133.401199
v -651.515259 -35.237701 133.401199
v -651.515137 -136.851669 142.299362
v -651.515259 -72.844086 95.794991
v -651.515259 -72.844086 95.794991
v -651.515137 -172.234406 72.857140
v -651.515259 -96.988678 48.408379
v -651.515259 -96.988678 48.408379
v -651.515259 -105.308197 -4.120091
v -598.348389 -172.234512 -81.097397
v -598.348511 -96.988876 -56.648628
v -598.348511 -105.308197 -4.120091
v -598.348389 -184.426163 -4.120104
v -598.348511 -96.988876 -56.648628
v -598.348389 -172.234512 -81.097397
v -598.348389 -136.852020 -150.539581
v -598.348511 -72.844208 -104.035248
v -598.348511 -72.844208 -104.035248
v -598.348389 -81.742096 -205.649246
v -598.348511 -35.237793 -141.641464
v -598.348511 -35.237793 -141.641464
v -598.348389 -12.300110 -241.031784
v -598.348511 12.148865 -165.786133
v -598.348511 12.148865 -165.786133
v -598.348389 64.677429 -253.223831
v -598.348511 64.677429 -174.105927
v -598.348511 64.677429 -174.105927
v -598.348389 141.654724 -241.031784
v -598.348511 117.205811 -165.786102
v -598.348511 117.205811 -165.786102
v -598.348389 211.096741 -205.649170
v -598.348511 164.592377 -141.641403
v -598.348511 164.592377 -141.641403
v -598.348389 266.206543 -150.539536
v -598.348511 202.198730 -104.035133
v -598.348511 202.198730 -104.035133
v -598.348389 301.588989 -81.097343
v -598.348511 226.343353 -56.648521
v -598.348511 226.343353 -56.648521
v -598.348389 313.780884 -4.120083
v -598.348511 234.662903 -4.120074
v -598.348511 234.662903 -4.120074
v -598.348389 301.588989 72.857170
v -598.348511 226.343353 48.408379
v -598.348511 226.343353 48.408379
v -598.348389 266.206543 142.299408
v -598.348511 202.198730 95.794991
v -598.348511 202.198730 95.794991
v -598.348389 211.096741 197.409012
v -598.348511 164.592377 133.401169
v -598.348511 164.592377 133.401169
v -598.348389 141.654724 232.791565
v -598.348511 117.205841 157.546021
v -598.348511 117.205841 157.546021
v -598.348389 64.677429 244.983536
v -598.348511 64.677429 165.865631
v -598.348511 64.677429 165.865631
v -598.348389 -12.299988 232.791565
v -598.348511 12.148926 157.545837
v -598.348511 12.148926 157.545837
v -598.348389 -81.742004 197.408997
v -598.348511 -35.237701 133.401199
v -598.348511 -35.237701 133.401199
v -598.348389 -136.851669 142.299362
v -598.348511 -72.844086 95.794991
v -598.348511 -72.844086 95.794991
v -598.348389 -172.234406 72.857140
v -598.348511 -96.988678 48.408379
v -598.348511 -96.988678 48.408379
v -598.348511 -105.308197 -4.120091
v -545.159668 -172.234512 -81.097397
v -545.159729 -96.988876 -56.648628
v -545.159729 -105.308197 -4.120091
v -545.159668 -184.426163 -4.120104
v -545.159729 -96.988876 -56.648628
v -545.159668 -172.234512 -81.097397
v -545.159668 -136.852020 -150.539581
v -545.159729 -72.844208 -104.035248
v -545.159729 -72.844208 -104.035248
v -545.159668 -81.742096 -205.649246
v -545.159729 -35.237793 -141.641464
v -545.159729 -35.237793 -141.641464
v -545.159668 -12.300110 -241.031784
v -545.159729 12.148865 -165.786133
v -545.159729 12.148865 -165.786133
v -545.159668 64.677429 -253.223831
v -545.159729 64.677429 -174.105927
v -545.159729 64.677429 -174.105927
v -545.159668 141.654724 -241.031784
v -545.159729 117.205811 -165.786102
v -545.159729 117.205811 -165.786102
v -545.159668 211.096741 -205.649170
v -545.159729 164.592377 -141.641403
v -545.159729 164.592377 -141.641403
v -545.159668 266.206543 -150.539536
v -545.159729 202.198730 -104.035133
v -545.159729 202.198730 -104.035133
v -545.159668 301.588989 -81.097343
v -545.159729 226.343353 -56.648521
v -545.159729 226.343353 -56.648521
v -545.159668 313.780884 -4.120083
v -545.159729 234.662903 -4.120074
v -545.159729 234.662903 -4.120074
v -545.159668 301.588989 72.857170
v -545.159729 226.343353 48.408379
v -545.159729 226.343353 48.408379
v -545.159668 266.206543 142.299408
v -545.159729 202.198730 95.794991
v -545.159729 202.198730 95.794991
v -545.159668 211.096741 197.409012
v -545.159729 164.592377 133.401169
v -545.159729 164.592377 133.401169
v -545.159668 141.654724 232.791565
v -545.159729 117.205841 157.546021
v -545.159729 117.205841 157.546021
v -545.159668 64.677429 244.983536
v -545.159729 64.677429 165.865631
v -545.159729 64.677429 165.865631
v -545.159668 -12.299988 232.791565
v -545.159729 12.148926 157.545837
v -545.159729 12.148926 157.545837
v -545.159668 -81.742004 197.408997
v -545.159729 -35.237701 133.401199
v -545.159729 -35.237701 133.401199
v -545.159668 -136.851669 142.299362
v -545.159729 -72.844086 95.794991
v -545.159729 -72.844086 95.794991
v -545.159668 -172.234406 72.857140
v -545.159729 -96.988678 48.408379
v -545.159729 -96.988678 48.408379
v -545.159729 -105.308197 -4.120091
v -490.971985 -172.234512 -81.097397
v -490.972076 -96.988876 -56.648628
v -490.972076 -105.308197 -4.120091
v -490.971985 -184.426163 -4.120104
v -490.972076 -96.988876 -56.648628
v -490.971985 -172.234512 -81.097397
v -490.971985 -136.852020 -150.539581
v -490.972076 -72.844208 -104.035248
v -490.972076 -72.844208 -104.035248
v -490.971985 -81.742096 -205.649246
v -490.972076 -35.237793 -141.641464
v -490.972076 -35.237793 -141.641464
v -490.971985 -12.300110 -241.031784
v -490.972076 12.148865 -165.786133
v -490.972076 12.148865 -165.786133
v -490.971985 64.677429 -253.223831
v -490.972076 64.677429 -174.105927
v -490.972076 64.677429 -174.105927
v -490.971985 141.654724 -241.031784
v -490.972076 117.205811 -165.786102
v -490.972076 117.205811 -165.786102
v -490.971985 211.096741 -205.649170
v -490.972076 164.592377 -141.641403
v -490.972076 164.592377 -141.641403
v -490.971985 266.206543 -150.539536
v -490.972076 202.198730 -104.035133
v -490.972076 202.198730 -104.035133
v -490.971985 301.588989 -81.097343
v -490.972076 226.343353 -56.648521
v -490.972076 226.343353 -56.648521
v -490.971985 313.780884 -4.120083
v -490.972076 234.662903 -4.120074
v -490.972076 234.662903 -4.120074
v -490.971985 301.588989 72.857170
v -490.972076 226.343353 48.408379
v -490.972076 226.343353 48.408379
v -490.971985 266.206543 142.299408
v -490.972076 202.198730 95.794991
v -490.972076 202.198730 95.794991
v -490.971985 211.096741 197.409012
v -490.972076 164.592377 133.401169
v -490.972076 164.592377 133.401169
v -490.971985 141.654724 232.791565
v -490.972076 117.205841 157.546021
v -490.972076 117.205841 157.546021
v -490.971985 64.677429 244.983536
v -490.972076 64.677429 165.865631
v -490.972076 64.677429 165.865631
v -490.971985 -12.299988 232.791565
v -490.972076 12.148926 157.545837
v -490.972076 12.148926 157.545837
v -490.971985 -81.742004 197.408997
v -490.972076 -35.237701 133.401199
v -490.972076 -35.237701 133.401199
v -490.971985 -136.851669 142.299362
v -490.972076 -72.844086 95.794991
v -490.972076 -72.844086 95.794991
v -490.971985 -172.234406 72.857140
v -490.972076 -96.988678 48.408379
v -490.972076 -96.988678 48.408379
v -490.972076 -105.308197 -4.120091
v -436.243042 -172.234512 -81.097397
v -436.243164 -96.988876 -56.648628
v -436.243164 -105.308197 -4.120091
v -436.243042 -184.426163 -4.120104
v -436.243164 -96.988876 -56.648628
v -436.243042 -172.234512 -81.097397
v -436.243042 -136.852020 -150.539581
v -436.243164 -72.844208 -104.035248
v -436.243164 -72.844208 -104.035248
v -436.243042 -81.742096 -205.649246
v -436.243164 -35.237793 -141.641464
v -436.243164 -35.237793 -141.641464
v -436.243042 -12.300110 -241.031784
v -436.243164 12.148865 -165.786133
v -436.243164 12.148865 -165.786133
v -436.243042 64.677429 -253.223831
v -436.243164 64.677429 -174.105927
v -436.243164 64.677429 -174.105927
v -436.243042 141.654724 -241.031784
v -436.243164 117.205811 -165.786102
v -436.243164 117.205811 -165.786102
v -436.243042 211.096741 -205.649170
v -436.243164 164.592377 -141.641403
v -436.243164 164.592377 -141.641403
v -436.243042 266.206543 -150.539536
v -436.243164 202.198730 -104.035133
v -436.243164 202.198730 -104.035133
v -436.243042 301.588989 -81.097343
v -436.243164 226.343353 -56.648521
v -436.243164 226.343353 -56.648521
v -436.243042 313.780884 -4.120083
v -436.243164 234.662903 -4.120074
v -436.243164 234.662903 -4.120074
v -436.243042 301.588989 72.857170
v -436.243164 226.343353 48.408379
v -436.243164 226.343353 48.408379
v -436.243042 266.206543 142.299408
v -436.243164 202.198730 95.794991
v -436.243164 202.198730 95.794991
v -436.243042 211.096741 197.409012
v -436.243164 164.592377 133.401169
v -436.243164 164.592377 133.401169
v -436.243042 141.654724 232.791565
v -436.243164 117.205841 157.546021
v -436.243164 117.205841 157.546021
v -436.243042 64.677429 244.983536
v -436.243164 64.677429 165.865631
v -436.243164 64.677429 165.865631
v -436.243042 -12.299988 232.791565
v -436.243164 12.148926 157.545837
v -436.243164 12.148926 157.545837
v -436.243042 -81.742004 197.408997
v -436.243164 -35.237701 133.401199
v -436.243164 -35.237701 133.401199
v -436.243042 -136.851669 142.299362
v -436.243164 -72.844086 95.794991
v -436.243164 -72.844086 95.794991
v -436.243042 -172.234406 72.857140
v -436.243164 -96.988678 48.408379
v -436.243164 -96.988678 48.408379
v -436.243164 -105.308197 -4.120091
v -345.226685 -204.072510 -91.442184
v -345.226807 -96.581467 -56.516251
v -345.226807 -104.879837 -4.120091
v -345.226685 -217.902557 -4.120098
v -345.226807 -96.581467 -56.516251
v -345.226685 -204.072510 -91.442184
v -345.226685 -163.935028 -170.216522
v -345.226807 -72.497650 -103.783463
v -345.226807 -72.497650 -103.783463
v -345.226685 -101.419037 -232.732254
v -345.226807 -34.986023 -141.294907
v -345.226807 -34.986023 -141.294907
v -345.226685 -22.644897 -272.869751
v -345.226807 12.281250 -165.378754
v -345.226807 12.281250 -165.378754
v -345.226685 64.677429 -286.700256
v -345.226807 64.677429 -173.677551
v -345.226807 64.677429 -173.677551
v -345.226685 151.999512 -272.869720
v -345.226807 117.073425 -165.378693
v -345.226807 117.073425 -165.378693
v -345.226685 230.773621 -232.732147
v -345.226807 164.340576 -141.294846
v -345.226807 164.340576 -141.294846
v -345.226685 293.289490 -170.216461
v -345.226807 201.852112 -103.783333
v -345.226807 201.852112 -103.783333
v -345.226685 333.426941 -91.442116
v -345.226807 225.935944 -56.516151
v -345.226807 225.935944 -56.516151
v -345.226685 347.257263 -4.120073
v -345.226807 234.234558 -4.120074
v -345.226807 234.234558 -4.120074
v -345.226685 333.426941 83.201958
v -345.226807 225.935944 48.276009
v -345.226807 225.935944 48.276009
v -345.226685 293.289490 161.976349
v -345.226807 201.852112 95.543198
v -345.226807 201.852112 95.543198
v -345.226685 230.773621 224.491989
v -345.226807 164.340576 133.054611
v -345.226807 164.340576 133.054611
v -345.226685 151.999512 264.629547
v -345.226807 117.073456 157.138596
v -345.226807 117.073456 157.138596
v -345.226685 64.677429 278.459930
v -345.226807 64.677429 165.437241
v -345.226807 64.677429 165.437241
v -345.226685 -22.644791 264.629517
v -345.226807 12.281281 157.138443
v -345.226807 12.281281 157.138443
v -345.226685 -101.418930 224.491959
v -345.226807 -34.985901 133.054626
v -345.226807 -34.985901 133.054626
v -345.226685 -163.934662 161.976288
v -345.226807 -72.497528 95.543198
v -345.226807 -72.497528 95.543198
v -345.226685 -204.072388 83.201920
v -345.226807 -96.581284 48.276005
v -345.226807 -96.581284 48.276005
v -345.226807 -104.879837 -4.120091
v -394.672424 -204.072510 -91.442184
v -394.672546 -118.714798 -63.707790
v -394.672546 -128.152130 -4.120083
v -394.672424 -217.902557 -4.120098
v -394.672546 -118.714798 -63.707790
v -394.672424 -204.072510 -91.442184
v -394.672424 -163.935028 -170.216522
v -394.672546 -91.325394 -117.462585
v -394.672546 -91.325394 -117.462585
v -394.672424 -101.419037 -232.732254
v -394.672546 -48.665161 -160.122604
v -394.672546 -48.665161 -160.122604
v -394.672424 -22.644897 -272.869751
v -394.672546 5.089691 -187.512024
v -394.672546 5.089691 -187.512024
v -394.672424 64.677429 -286.700256
v -394.672546 64.677429 -196.949890
v -394.672546 64.677429 -196.949890
v -394.672424 151.999512 -272.869720
v -394.672546 124.264954 -187.511978
v -394.672546 124.264954 -187.511978
v -394.672424 230.773621 -232.732147
v -394.672546 178.019714 -160.122543
v -394.672546 178.019714 -160.122543
v -394.672424 293.289490 -170.216461
v -394.672546 220.679840 -117.462448
v -394.672546 220.679840 -117.462448
v -394.672424 333.426941 -91.442116
v -394.672546 248.069214 -63.707680
v -394.672546 248.069214 -63.707680
v -394.672424 347.257263 -4.120073
v -394.672546 257.506836 -4.120063
v -394.672546 257.506836 -4.120063
v -394.672424 333.426941 83.201958
v -394.672546 248.069214 55.467556
v -394.672546 248.069214 55.467556
v -394.672424 293.289490 161.976349
v -394.672546 220.679840 109.222328
v -394.672546 220.679840 109.222328
v -394.672424 230.773621 224.491989
v -394.672546 178.019684 151.882309
v -394.672546 178.019684 151.882309
v -394.672424 151.999512 264.629547
v -394.672546 124.265015 179.271912
v -394.672546 124.265015 179.271912
v -394.672424 64.677429 278.459930
v -394.672546 64.677429 188.709579
v -394.672546 64.677429 188.709579
v -394.672424 -22.644791 264.629517
v -394.672546 5.089752 179.271713
v -394.672546 5.089752 179.271713
v -394.672424 -101.418930 224.491959
v -394.672546 -48.665039 151.882339
v -394.672546 -48.665039 151.882339
v -394.672424 -163.934662 161.976288
v -394.672546 -91.325256 109.222328
v -394.672546 -91.325256 109.222328
v -394.672424 -204.072388 83.201920
v -394.672546 -118.714569 55.467560
v -394.672546 -118.714569 55.467560
v -394.672546 -128.152130 -4.120083
v -228.885925 -204.072510 -91.442184
v -228.886047 -140.530807 -70.796249
v -228.886047 -151.090805 -4.120075
v -228.885925 -217.902557 -4.120098
v -228.886047 -140.530807 -70.796249
v -228.885925 -204.072510 -91.442184
v -228.885925 -163.935028 -170.216522
v -228.886047 -109.883209 -130.945602
v -228.886047 -109.883209 -130.945602
v -228.885925 -101.419037 -232.732254
v -228.886047 -62.148178 -178.680405
v -228.886047 -62.148178 -178.680405
v -228.885925 -22.644897 -272.869751
v -228.886047 -1.998749 -209.328018
v -228.886047 -1.998749 -209.328018
v -228.885925 64.677429 -286.700256
v -228.886047 64.677460 -219.888596
v -228.886047 64.677460 -219.888596
v -228.885925 151.999512 -272.869720
v -228.886047 131.353394 -209.327972
v -228.886047 131.353394 -209.327972
v -228.885925 230.773621 -232.732147
v -228.886047 191.502716 -178.680313
v -228.886047 191.502716 -178.680313
v -228.885925 293.289490 -170.216461
v -228.886047 239.237640 -130.945465
v -228.886047 239.237640 -130.945465
v -228.885925 333.426941 -91.442116
v -228.886047 269.885254 -70.796120
v -228.886047 269.885254 -70.796120
v -228.885925 347.257263 -4.120073
v -228.886047 280.445496 -4.120052
v -228.886047 280.445496 -4.120052
v -228.885925 333.426941 83.201958
v -228.886047 269.885254 62.556011
v -228.886047 269.885254 62.556011
v -228.885925 293.289490 161.976349
v -228.886047 239.237640 122.705360
v -228.886047 239.237640 122.705360
v -228.885925 230.773621 224.491989
v -228.886047 191.502716 170.440109
v -228.886047 191.502716 170.440109
v -228.885925 151.999512 264.629547
v -228.886047 131.353455 201.087906
v -228.886047 131.353455 201.087906
v -228.885925 64.677429 278.459930
v -228.886047 64.677460 211.648285
v -228.886047 64.677460 211.648285
v -228.885925 -22.644791 264.629517
v -228.886047 -1.998688 201.087708
v -228.886047 -1.998688 201.087708
v -228.885925 -101.418930 224.491959
v -228.886047 -62.148056 170.440140
v -228.886047 -62.148056 170.440140
v -228.885925 -163.934662 161.976288
v -228.886047 -109.883057 122.705368
v -228.886047 -109.883057 122.705368
v -228.885925 -204.072388 83.201920
v -228.886047 -140.530579 62.556007
v -228.886047 -140.530579 62.556007
v -228.886047 -151.090805 -4.120075
vt 0.625000 0.684727
vt 0.624875 0.688440
vt 0.612500 0.684727
vt 0.612625 0.688440
vt 0.375125 0.688440
vt 0.375000 0.684727
vt 0.387375 0.688440
vt 0.387500 0.684727
vt 0.387625 0.688440
vt 0.399875 0.688440
vt 0.400000 0.684727
vt 0.400125 0.688440
vt 0.412375 0.688440
vt 0.412500 0.684727
vt 0.412625 0.688440
vt 0.424875 0.688440
vt 0.425000 0.684727
vt 0.425125 0.688440
vt 0.437375 0.688440
vt 0.437500 0.684727
vt 0.437625 0.688440
vt 0.449875 0.688440
vt 0.450000 0.684727
vt 0.450125 0.688440
vt 0.462375 0.688440
vt 0.462500 0.684727
vt 0.462625 0.688440
vt 0.474875 0.688440
vt 0.475000 0.684727
vt 0.475125 0.688440
vt 0.487375 0.688440
vt 0.487500 0.684727
vt 0.487625 0.688440
vt 0.499875 0.688440
vt 0.500000 0.684727
vt 0.500125 0.688440
vt 0.512375 0.688440
vt 0.512500 0.684727
vt 0.512625 0.688440
vt 0.524875 0.688440
vt 0.525000 0.684727
vt 0.525125 0.688440
vt 0.537375 0.688440
vt 0.537500 0.684726
vt 0.537625 0.688440
vt 0.549875 0.688440
vt 0.550000 0.684727
vt 0.550125 0.688440
vt 0.562375 0.688440
vt 0.562500 0.684727
vt 0.562625 0.688440
vt 0.574875 0.688440
vt 0.575000 0.684727
vt 0.575125 0.688440
vt 0.587375 0.688440
vt 0.587500 0.684727
vt 0.587625 0.688440
vt 0.599875 0.688440
vt 0.600000 0.684727
vt 0.600125 0.688440
vt 0.612375 0.688440
vt 0.625000 0.684727
vt 0.624875 0.688440
vt 0.612500 0.684727
vt 0.612625 0.688440
vt 0.375125 0.688440
vt 0.375000 0.684727
vt 0.387375 0.688440
vt 0.387500 0.684727
vt 0.387625 0.688440
vt 0.399875 0.688440
vt 0.400000 0.684727
vt 0.400125 0.688440
vt 0.412375 0.688440
vt 0.412500 0.684727
vt 0.412625 0.688440
vt 0.424875 0.688440
vt 0.425000 0.684727
vt 0.425125 0.688440
vt 0.437375 0.688440
vt 0.437500 0.684727
vt 0.437625 0.688440
vt 0.449875 0.688440
vt 0.450000 0.684727
vt 0.450125 0.688440
vt 0.462375 0.688440
vt 0.462500 0.684727
vt 0.462625 0.688440
vt 0.474875 0.688440
vt 0.475000 0.684727
vt 0.475125 0.688440
vt 0.487375 0.688440
vt 0.487500 0.684727
vt 0.487625 0.688440
vt 0.499875 0.688440
vt 0.500000 0.684727
vt 0.500125 0.688440
vt 0.512375 0.688440
vt 0.512500 0.684727
vt 0.512625 0.688440
vt 0.524875 0.688440
vt 0.525000 0.684727
vt 0.525125 0.688440
vt 0.537375 0.688440
vt 0.537500 0.684726
vt 0.537625 0.688440
vt 0.549875 0.688440
vt 0.550000 0.684727
vt 0.550125 0.688440
vt 0.562375 0.688440
vt 0.562500 0.684727
vt 0.562625 0.688440
vt 0.574875 0.688440
vt 0.575000 0.684727
vt 0.575125 0.688440
vt 0.587375 0.688440
vt 0.587500 0.684727
vt 0.587625 0.688440
vt 0.599875 0.688440
vt 0.600000 0.684727
vt 0.600125 0.688440
vt 0.612375 0.688440
vt 0.625000 0.684727
vt 0.624875 0.688440
vt 0.612500 0.684727
vt 0.612625 0.688440
vt 0.375125 0.688440
vt 0.375000 0.684727
vt 0.387375 0.688440
vt 0.387500 0.684727
vt 0.387625 0.688440
vt 0.399875 0.688440
vt 0.400000 0.684727
vt 0.400125 0.688440
vt 0.412375 0.688440
vt 0.412500 0.684727
vt 0.412625 0.688440
vt 0.424875 0.688440
vt 0.425000 0.684727
vt 0.425125 0.688440
vt 0.437375 0.688440
vt 0.437500 0.684727
vt 0.437625 0.688440
vt 0.449875 0.688440
vt 0.450000 0.684727
vt 0.450125 0.688440
vt 0.462375 0.688440
vt 0.462500 0.684727
vt 0.462625 0.688440
vt 0.474875 0.688440
vt 0.475000 0.684727
vt 0.475125 0.688440
vt 0.487375 0.688440
vt 0.487500 0.684727
vt 0.487625 0.688440
vt 0.499875 0.688440
vt 0.500000 0.684727
vt 0.500125 0.688440
vt 0.512375 0.688440
vt 0.512500 0.684727
vt 0.512625 0.688440
vt 0.524875 0.688440
vt 0.525000 0.684727
vt 0.525125 0.688440
vt 0.537375 0.688440
vt 0.537500 0.684726
vt 0.537625 0.688440
vt 0.549875 0.688440
vt 0.550000 0.684727
vt 0.550125 0.688440
vt 0.562375 0.688440
vt 0.562500 0.684727
vt 0.562625 0.688440
vt 0.574875 0.688440
vt 0.575000 0.684727
vt 0.575125 0.688440
vt 0.587375 0.688440
vt 0.587500 0.684727
vt 0.587625 0.688440
vt 0.599875 0.688440
vt 0.600000 0.684727
vt 0.600125 0.688440
vt 0.612375 0.688440
vt 0.625000 0.684727
vt 0.624875 0.688440
vt 0.612500 0.684727
vt 0.612625 0.688440
vt 0.375125 0.688440
vt 0.375000 0.684727
vt 0.387375 0.688440
vt 0.387500 0.684727
vt 0.387625 0.688440
vt 0.399875 0.688440
vt 0.400000 0.684727
vt 0.400125 0.688440
vt 0.412375 0.688440
vt 0.412500 0.684727
vt 0.412625 0.688440
vt 0.424875 0.688440
vt 0.425000 0.684727
vt 0.425125 0.688440
vt 0.437375 0.688440
vt 0.437500 0.684727
vt 0.437625 0.688440
vt 0.449875 0.688440
vt 0.450000 0.684727
vt 0.450125 0.688440
vt 0.462375 0.688440
vt 0.462500 0.684727
vt 0.462625 0.688440
vt 0.474875 0.688440
vt 0.475000 0.684727
vt 0.475125 0.688440
vt 0.487375 0.688440
vt 0.487500 0.684727
vt 0.487625 0.688440
vt 0.499875 0.688440
vt 0.500000 0.684727
vt 0.500125 0.688440
vt 0.512375 0.688440
vt 0.512500 0.684727
vt 0.512625 0.688440
vt 0.524875 0.688440
vt 0.525000 0.684727
vt 0.525125 0.688440
vt 0.537375 0.688440
vt 0.537500 0.684726
vt 0.537625 0.688440
vt 0.549875 0.688440
vt 0.550000 0.684727
vt 0.550125 0.688440
vt 0.562375 0.688440
vt 0.562500 0.684727
vt 0.562625 0.688440
vt 0.574875 0.688440
vt 0.575000 0.684727
vt 0.575125 0.688440
vt 0.587375 0.688440
vt 0.587500 0.684727
vt 0.587625 0.688440
vt 0.599875 0.688440
vt 0.600000 0.684727
vt 0.600125 0.688440
vt 0.612375 0.688440
vt 0.625000 0.684727
vt 0.624875 0.688440
vt 0.612500 0.684727
vt 0.612625 0.688440
vt 0.375125 0.688440
vt 0.375000 0.684727
vt 0.387375 0.688440
vt 0.387500 0.684727
vt 0.387625 0.688440
vt 0.399875 0.688440
vt 0.400000 0.684727
vt 0.400125 0.688440
vt 0.412375 0.688440
vt 0.412500 0.684727
vt 0.412625 0.688440
vt 0.424875 0.688440
vt 0.425000 0.684727
vt 0.425125 0.688440
vt 0.437375 0.688440
vt 0.437500 0.684727
vt 0.437625 0.688440
vt 0.449875 0.688440
vt 0.450000 0.684727
vt 0.450125 0.688440
vt 0.462375 0.688440
vt 0.462500 0.684727
vt 0.462625 0.688440
vt 0.474875 0.688440
vt 0.475000 0.684727
vt 0.475125 0.688440
vt 0.487375 0.688440
vt 0.487500 0.684727
vt 0.487625 0.688440
vt 0.499875 0.688440
vt 0.500000 0.684727
vt 0.500125 0.688440
vt 0.512375 0.688440
vt 0.512500 0.684727
vt 0.512625 0.688440
vt 0.524875 0.688440
vt 0.525000 0.684727
vt 0.525125 0.688440
vt 0.537375 0.688440
vt 0.537500 0.684726
vt 0.537625 0.688440
vt 0.549875 0.688440
vt 0.550000 0.684727
vt 0.550125 0.688440
vt 0.562375 0.688440
vt 0.562500 0.684727
vt 0.562625 0.688440
vt 0.574875 0.688440
vt 0.575000 0.684727
vt 0.575125 0.688440
vt 0.587375 0.688440
vt 0.587500 0.684727
vt 0.587625 0.688440
vt 0.599875 0.688440
vt 0.600000 0.684727
vt 0.600125 0.688440
vt 0.612375 0.688440
vt 0.625000 0.684727
vt 0.624875 0.688440
vt 0.612500 0.684727
vt 0.612625 0.688440
vt 0.375125 0.688440
vt 0.375000 0.684727
vt 0.387375 0.688440
vt 0.387500 0.684727
vt 0.387625 0.688440
vt 0.399875 0.688440
vt 0.400000 0.684727
vt 0.400125 0.688440
vt 0.412375 0.688440
vt 0.412500 0.684727
vt 0.412625 0.688440
vt 0.424875 0.688440
vt 0.425000 0.684727
vt 0.425125 0.688440
vt 0.437375 0.688440
vt 0.437500 0.684727
vt 0.437625 0.688440
vt 0.449875 0.688440
vt 0.450000 0.684727
vt 0.450125 0.688440
vt 0.462375 0.688440
vt 0.462500 0.684727
vt 0.462625 0.688440
vt 0.474875 0.688440
vt 0.475000 0.684727
vt 0.475125 0.688440
vt 0.487375 0.688440
vt 0.487500 0.684727
vt 0.487625 0.688440
vt 0.499875 0.688440
vt 0.500000 0.684727
vt 0.500125 0.688440
vt 0.512375 0.688440
vt 0.512500 0.684727
vt 0.512625 0.688440
vt 0.524875 0.688440
vt 0.525000 0.684727
vt 0.525125 0.688440
vt 0.537375 0.688440
vt 0.537500 0.684726
vt 0.537625 0.688440
vt 0.549875 0.688440
vt 0.550000 0.684727
vt 0.550125 0.688440
vt 0.562375 0.688440
vt 0.562500 0.684727
vt 0.562625 0.688440
vt 0.574875 0.688440
vt 0.575000 0.684727
vt 0.575125 0.688440
vt 0.587375 0.688440
vt 0.587500 0.684727
vt 0.587625 0.688440
vt 0.599875 0.688440
vt 0.600000 0.684727
vt 0.600125 0.688440
vt 0.612375 0.688440
vt 0.625000 0.684727
vt 0.624875 0.688440
vt 0.612500 0.684727
vt 0.612625 0.688440
vt 0.375125 0.688440
vt 0.375000 0.684727
vt 0.387375 0.688440
vt 0.387500 0.684727
vt 0.387625 0.688440
vt 0.399875 0.688440
vt 0.400000 0.684727
vt 0.400125 0.688440
vt 0.412375 0.688440
vt 0.412500 0.684727
vt 0.412625 0.688440
vt 0.424875 0.688440
vt 0.425000 0.684727
vt 0.425125 0.688440
vt 0.437375 0.688440
vt 0.437500 0.684727
vt 0.437625 0.688440
vt 0.449875 0.688440
vt 0.450000 0.684727
vt 0.450125 0.688440
vt 0.462375 0.688440
vt 0.462500 0.684727
vt 0.462625 0.688440
vt 0.474875 0.688440
vt 0.475000 0.684727
vt 0.475125 0.688440
vt 0.487375 0.688440
vt 0.487500 0.684727
vt 0.487625 0.688440
vt 0.499875 0.688440
vt 0.500000 0.684727
vt 0.500125 0.688440
vt 0.512375 0.688440
vt 0.512500 0.684727
vt 0.512625 0.688440
vt 0.524875 0.688440
vt 0.525000 0.684727
vt 0.525125 0.688440
vt 0.537375 0.688440
vt 0.537500 0.684726
vt 0.537625 0.688440
vt 0.549875 0.688440
vt 0.550000 0.684727
vt 0.550125 0.688440
vt 0.562375 0.688440
vt 0.562500 0.684727
vt 0.562625 0.688440
vt 0.574875 0.688440
vt 0.575000 0.684727
vt 0.575125 0.688440
vt 0.587375 0.688440
vt 0.587500 0.684727
vt 0.587625 0.688440
vt 0.599875 0.688440
vt 0.600000 0.684727
vt 0.600125 0.688440
vt 0.612375 0.688440
vt 0.625000 0.684727
vt 0.624875 0.688440
vt 0.612500 0.684727
vt 0.612625 0.688440
vt 0.375125 0.688440
vt 0.375000 0.684727
vt 0.387375 0.688440
vt 0.387500 0.684727
vt 0.387625 0.688440
vt 0.399875 0.688440
vt 0.400000 0.684727
vt 0.400125 0.688440
vt 0.412375 0.688440
vt 0.412500 0.684727
vt 0.412625 0.688440
vt 0.424875 0.688440
vt 0.425000 0.684727
vt 0.425125 0.688440
vt 0.437375 0.688440
vt 0.437500 0.684727
vt 0.437625 0.688440
vt 0.449875 0.688440
vt 0.450000 0.684727
vt 0.450125 0.688440
vt 0.462375 0.688440
vt 0.462500 0.684727
vt 0.462625 0.688440
vt 0.474875 0.688440
vt 0.475000 0.684727
vt 0.475125 0.688440
vt 0.487375 0.688440
vt 0.487500 0.684727
vt 0.487625 0.688440
vt 0.499875 0.688440
vt 0.500000 0.684727
vt 0.500125 0.688440
vt 0.512375 0.688440
vt 0.512500 0.684727
vt 0.512625 0.688440
vt 0.524875 0.688440
vt 0.525000 0.684727
vt 0.525125 0.688440
vt 0.537375 0.688440
vt 0.537500 0.684726
vt 0.537625 0.688440
vt 0.549875 0.688440
vt 0.550000 0.684727
vt 0.550125 0.688440
vt 0.562375 0.688440
vt 0.562500 0.684727
vt 0.562625 0.688440
vt 0.574875 0.688440
vt 0.575000 0.684727
vt 0.575125 0.688440
vt 0.587375 0.688440
vt 0.587500 0.684727
vt 0.587625 0.688440
vt 0.599875 0.688440
vt 0.600000 0.684727
vt 0.600125 0.688440
vt 0.612375 0.688440
vt 0.625000 0.684727
vt 0.624875 0.688440
vt 0.612500 0.684727
vt 0.612625 0.688440
vt 0.375125 0.688440
vt 0.375000 0.684727
vt 0.387375 0.688440
vt 0.387500 0.684727
vt 0.387625 0.688440
vt 0.399875 0.688440
vt 0.400000 0.684727
vt 0.400125 0.688440
vt 0.412375 0.688440
vt 0.412500 0.684727
vt 0.412625 0.688440
vt 0.424875 0.688440
vt 0.425000 0.684727
vt 0.425125 0.688440
vt 0.437375 0.688440
vt 0.437500 0.684727
vt 0.437625 0.688440
vt 0.449875 0.688440
vt 0.450000 0.684727
vt 0.450125 0.688440
vt 0.462375 0.688440
vt 0.462500 0.684727
vt 0.462625 0.688440
vt 0.474875 0.688440
vt 0.475000 0.684727
vt 0.475125 0.688440
vt 0.487375 0.688440
vt 0.487500 0.684727
vt 0.487625 0.688440
vt 0.499875 0.688440
vt 0.500000 0.684727
vt 0.500125 0.688440
vt 0.512375 0.688440
vt 0.512500 0.684727
vt 0.512625 0.688440
vt 0.524875 0.688440
vt 0.525000 0.684727
vt 0.525125 0.688440
vt 0.537375 0.688440
vt 0.537500 0.684726
vt 0.537625 0.688440
vt 0.549875 0.688440
vt 0.550000 0.684727
vt 0.550125 0.688440
vt 0.562375 0.688440
vt 0.562500 0.684727
vt 0.562625 0.688440
vt 0.574875 0.688440
vt 0.575000 0.684727
vt 0.575125 0.688440
vt 0.587375 0.688440
vt 0.587500 0.684727
vt 0.587625 0.688440
vt 0.599875 0.688440
vt 0.600000 0.684727
vt 0.600125 0.688440
vt 0.612375 0.688440
vt 0.625000 0.684727
vt 0.624875 0.688440
vt 0.612500 0.684727
vt 0.612625 0.688440
vt 0.375125 0.688440
vt 0.375000 0.684727
vt 0.387375 0.688440
vt 0.387500 0.684727
vt 0.387625 0.688440
vt 0.399875 0.688440
vt 0.400000 0.684727
vt 0.400125 0.688440
vt 0.412375 0.688440
vt 0.412500 0.684727
vt 0.412625 0.688440
vt 0.424875 0.688440
vt 0.425000 0.684727
vt 0.425125 0.688440
vt 0.437375 0.688440
vt 0.437500 0.684727
vt 0.437625 0.688440
vt 0.449875 0.688440
vt 0.450000 0.684727
vt 0.450125 0.688440
vt 0.462375 0.688440
vt 0.462500 0.684727
vt 0.462625 0.688440
vt 0.474875 0.688440
vt 0.475000 0.684727
vt 0.475125 0.688440
vt 0.487375 0.688440
vt 0.487500 0.684727
vt 0.487625 0.688440
vt 0.499875 0.688440
vt 0.500000 0.684727
vt 0.500125 0.688440
vt 0.512375 0.688440
vt 0.512500 0.684727
vt 0.512625 0.688440
vt 0.524875 0.688440
vt 0.525000 0.684727
vt 0.525125 0.688440
vt 0.537375 0.688440
vt 0.537500 0.684726
vt 0.537625 0.688440
vt 0.549875 0.688440
vt 0.550000 0.684727
vt 0.550125 0.688440
vt 0.562375 0.688440
vt 0.562500 0.684727
vt 0.562625 0.688440
vt 0.574875 0.688440
vt 0.575000 0.684727
vt 0.575125 0.688440
vt 0.587375 0.688440
vt 0.587500 0.684727
vt 0.587625 0.688440
vt 0.599875 0.688440
vt 0.600000 0.684727
vt 0.600125 0.688440
vt 0.612375 0.688440
vt 0.625000 0.684727
vt 0.624875 0.688440
vt 0.612500 0.684727
vt 0.612625 0.688440
vt 0.375125 0.688440
vt 0.375000 0.684727
vt 0.387375 0.688440
vt 0.387500 0.684727
vt 0.387625 0.688440
vt 0.399875 0.688440
vt 0.400000 0.684727
vt 0.400125 0.688440
vt 0.412375 0.688440
vt 0.412500 0.684727
vt 0.412625 0.688440
vt 0.424875 0.688440
vt 0.425000 0.684727
vt 0.425125 0.688440
vt 0.437375 0.688440
vt 0.437500 0.684727
vt 0.437625 0.688440
vt 0.449875 0.688440
vt 0.450000 0.684727
vt 0.450125 0.688440
vt 0.462375 0.688440
vt 0.462500 0.684727
vt 0.462625 0.688440
vt 0.474875 0.688440
vt 0.475000 0.684727
vt 0.475125 0.688440
vt 0.487375 0.688440
vt 0.487500 0.684727
vt 0.487625 0.688440
vt 0.499875 0.688440
vt 0.500000 0.684727
vt 0.500125 0.688440
vt 0.512375 0.688440
vt 0.512500 0.684727
vt 0.512625 0.688440
vt 0.524875 0.688440
vt 0.525000 0.684727
vt 0.525125 0.688440
vt 0.537375 0.688440
vt 0.537500 0.684726
vt 0.537625 0.688440
vt 0.549875 0.688440
vt 0.550000 0.684727
vt 0.550125 0.688440
vt 0.562375 0.688440
vt 0.562500 0.684727
vt 0.562625 0.688440
vt 0.574875 0.688440
vt 0.575000 0.684727
vt 0.575125 0.688440
vt 0.587375 0.688440
vt 0.587500 0.684727
vt 0.587625 0.688440
vt 0.599875 0.688440
vt 0.600000 0.684727
vt 0.600125 0.688440
vt 0.612375 0.688440
vn 1.0000 0.0000 0.0000
usemtl Body.001
s 1
f 750/750/167 751/751/167 753/752/167
f 751/751/167 752/753/167 753/752/167
s 2
f 754/754/167 755/755/167 757/756/167
f 755/755/167 756/757/167 757/756/167
s 3
f 758/758/167 756/757/167 760/759/167
f 756/757/167 759/760/167 760/759/167
s 4
f 761/761/167 759/760/167 763/762/167
f 759/760/167 762/763/167 763/762/167
s 5
f 764/764/167 762/763/167 766/765/167
f 762/763/167 765/766/167 766/765/167
s 6
f 767/767/167 765/766/167 769/768/167
f 765/766/167 768/769/167 769/768/167
s 7
f 770/770/167 768/769/167 772/771/167
f 768/769/167 771/772/167 772/771/167
s 8
f 773/773/167 771/772/167 775/774/167
f 771/772/167 774/775/167 775/774/167
s 9
f 776/776/167 774/775/167 778/777/167
f 774/775/167 777/778/167 778/777/167
s 10
f 779/779/167 777/778/167 781/780/167
f 777/778/167 780/781/167 781/780/167
s 11
f 782/782/167 780/781/167 784/783/167
f 780/781/167 783/784/167 784/783/167
s 12
f 785/785/167 783/784/167 787/786/167
f 783/784/167 786/787/167 787/786/167
s 13
f 788/788/167 786/787/167 790/789/167
f 786/787/167 789/790/167 790/789/167
s 14
f 791/791/167 789/790/167 793/792/167
f 789/790/167 792/793/167 793/792/167
s 15
f 794/794/167 792/793/167 796/795/167
f 792/793/167 795/796/167 796/795/167
s 16
f 797/797/167 795/796/167 799/798/167
f 795/796/167 798/799/167 799/798/167
s 17
f 800/800/167 798/799/167 802/801/167
f 798/799/167 801/802/167 802/801/167
s 18
f 803/803/167 801/802/167 805/804/167
f 801/802/167 804/805/167 805/804/167
s 19
f 806/806/167 804/805/167 808/807/167
f 804/805/167 807/808/167 808/807/167
s 20
f 809/809/167 807/808/167 810/810/167
f 807/808/167 753/752/167 810/810/167
s 21
f 811/811/167 812/812/167 814/813/167
f 812/812/167 813/814/167 814/813/167
s 22
f 815/815/167 816/816/167 818/817/167
f 816/816/167 817/818/167 818/817/167
s 23
f 819/819/167 817/818/167 821/820/167
f 817/818/167 820/821/167 821/820/167
s 24
f 822/822/167 820/821/167 824/823/167
f 820/821/167 823/824/167 824/823/167
s 25
f 825/825/167 823/824/167 827/826/167
f 823/824/167 826/827/167 827/826/167
s 26
f 828/828/167 826/827/167 830/829/167
f 826/827/167 829/830/167 830/829/167
s 27
f 831/831/167 829/830/167 833/832/167
f 829/830/167 832/833/167 833/832/167
s 28
f 834/834/167 832/833/167 836/835/167
f 832/833/167 835/836/167 836/835/167
s 29
f 837/837/167 835/836/167 839/838/167
f 835/836/167 838/839/167 839/838/167
s 30
f 840/840/167 838/839/167 842/841/167
f 838/839/167 841/842/167 842/841/167
s 31
f 843/843/167 841/842/167 845/844/167
f 841/842/167 844/845/167 845/844/167
s 32
f 846/846/167 844/845/167 848/847/167
f 844/845/167 847/848/167 848/847/167
s 33
f 849/849/167 847/848/167 851/850/167
f 847/848/167 850/851/167 851/850/167
s 34
f 852/852/167 850/851/167 854/853/167
f 850/851/167 853/854/167 854/853/167
s 35
f 855/855/167 853/854/167 857/856/167
f 853/854/167 856/857/167 857/856/167
s 36
f 858/858/167 856/857/167 860/859/167
f 856/857/167 859/860/167 860/859/167
s 37
f 861/861/167 859/860/167 863/862/167
f 859/860/167 862/863/167 863/862/167
s 38
f 864/864/167 862/863/167 866/865/167
f 862/863/167 865/866/167 866/865/167
s 39
f 867/867/167 865/866/167 869/868/167
f 865/866/167 868/869/167 869/868/167
s 40
f 870/870/167 868/869/167 871/871/167
f 868/869/167 814/813/167 871/871/167
s 41
f 872/872/167 873/873/167 875/874/167
f 873/873/167 874/875/167 875/874/167
s 42
f 876/876/167 877/877/167 879/878/167
f 877/877/167 878/879/167 879/878/167
s 43
f 880/880/167 878/879/167 882/881/167
f 878/879/167 881/882/167 882/881/167
s 44
f 883/883/167 881/882/167 885/884/167
f 881/882/167 884/885/167 885/884/167
s 45
f 886/886/167 884/885/167 888/887/167
f 884/885/167 887/888/167 888/887/167
s 46
f 889/889/167 887/888/167 891/890/167
f 887/888/167 890/891/167 891/890/167
s 47
f 892/892/167 890/891/167 894/893/167
f 890/891/167 893/894/167 894/893/167
s 48
f 895/895/167 893/894/167 897/896/167
f 893/894/167 896/897/167 897/896/167
s 49
f 898/898/167 896/897/167 900/899/167
f 896/897/167 899/900/167 900/899/167
s 50
f 901/901/167 899/900/167 903/902/167
f 899/900/167 902/903/167 903/902/167
s 51
f 904/904/167 902/903/167 906/905/167
f 902/903/167 905/906/167 906/905/167
s 52
f 907/907/167 905/906/167 909/908/167
f 905/906/167 908/909/167 909/908/167
s 53
f 910/910/167 908/909/167 912/911/167
f 908/909/167 911/912/167 912/911/167
s 54
f 913/913/167 911/912/167 915/914/167
f 911/912/167 914/915/167 915/914/167
s 55
f 916/916/167 914/915/167 918/917/167
f 914/915/167 917/918/167 918/917/167
s 56
f 919/919/167 917/918/167 921/920/167
f 917/918/167 920/921/167 921/920/167
s 57
f 922/922/167 920/921/167 924/923/167
f 920/921/167 923/924/167 924/923/167
s 58
f 925/925/167 923/924/167 927/926/167
f 923/924/167 926/927/167 927/926/167
s 59
f 928/928/167 926/927/167 930/929/167
f 926/927/167 929/930/167 930/929/167
s 60
f 931/931/167 929/930/167 932/932/167
f 929/930/167 875/874/167 932/932/167
s 61
f 933/933/167 934/934/167 936/935/167
f 934/934/167 935/936/167 936/935/167
s 62
f 937/937/167 938/938/167 940/939/167
f 938/938/167 939/940/167 940/939/167
s 63
f 941/941/167 939/940/167 943/942/167
f 939/940/167 942/943/167 943/942/167
s 64
f 944/944/167 942/943/167 946/945/167
f 942/943/167 945/946/167 946/945/167
s 65
f 947/947/167 945/946/167 949/948/167
f 945/946/167 948/949/167 949/948/167
s 66
f 950/950/167 948/949/167 952/951/167
f 948/949/167 951/952/167 952/951/167
s 67
f 953/953/167 951/952/167 955/954/167
f 951/952/167 954/955/167 955/954/167
s 68
f 956/956/167 954/955/167 958/957/167
f 954/955/167 957/958/167 958/957/167
s 69
f 959/959/167 957/958/167 961/960/167
f 957/958/167 960/961/167 961/960/167
s 70
f 962/962/167 960/961/167 964/963/167
f 960/961/167 963/964/167 964/963/167
s 71
f 965/965/167 963/964/167 967/966/167
f 963/964/167 966/967/167 967/966/167
s 72
f 968/968/167 966/967/167 970/969/167
f 966/967/167 969/970/167 970/969/167
s 73
f 971/971/167 969/970/167 973/972/167
f 969/970/167 972/973/167 973/972/167
s 74
f 974/974/167 972/973/167 976/975/167
f 972/973/167 975/976/167 976/975/167
s 75
f 977/977/167 975/976/167 979/978/167
f 975/976/167 978/979/167 979/978/167
s 76
f 980/980/167 978/979/167 982/981/167
f 978/979/167 981/982/167 982/981/167
s 77
f 983/983/167 981/982/167 985/984/167
f 981/982/167 984/985/167 985/984/167
s 78
f 986/986/167 984/985/167 988/987/167
f 984/985/167 987/988/167 988/987/167
s 79
f 989/989/167 987/988/167 991/990/167
f 987/988/167 990/991/167 991/990/167
s 80
f 992/992/167 990/991/167 993/993/167
f 990/991/167 936/935/167 993/993/167
s 81
f 994/994/167 995/995/167 997/996/167
f 995/995/167 996/997/167 997/996/167
s 82
f 998/998/167 999/999/167 1001/1000/167
f 999/999/167 1000/1001/167 1001/1000/167
s 83
f 1002/1002/167 1000/1001/167 1004/1003/167
f 1000/1001/167 1003/1004/167 1004/1003/167
s 84
f 1005/1005/167 1003/1004/167 1007/1006/167
f 1003/1004/167 1006/1007/167 1007/1006/167
s 85
f 1008/1008/167 1006/1007/167 1010/1009/167
f 1006/1007/167 1009/1010/167 1010/1009/167
s 86
f 1011/1011/167 1009/1010/167 1013/1012/167
f 1009/1010/167 1012/1013/167 1013/1012/167
s 87
f 1014/1014/167 1012/1013/167 1016/1015/167
f 1012/1013/167 1015/1016/167 1016/1015/167
s 88
f 1017/1017/167 1015/1016/167 1019/1018/167
f 1015/1016/167 1018/1019/167 1019/1018/167
s 89
f 1020/1020/167 1018/1019/167 1022/1021/167
f 1018/1019/167 1021/1022/167 1022/1021/167
s 90
f 1023/1023/167 1021/1022/167 1025/1024/167
f 1021/1022/167 1024/1025/167 1025/1024/167
s 91
f 1026/1026/167 1024/1025/167 1028/1027/167
f 1024/1025/167 1027/1028/167 1028/1027/167
s 92
f 1029/1029/167 1027/1028/167 1031/1030/167
f 1027/1028/167 1030/1031/167 1031/1030/167
s 93
f 1032/1032/167 1030/1031/167 1034/1033/167
f 1030/1031/167 1033/1034/167 1034/1033/167
s 94
f 1035/1035/167 1033/1034/167 1037/1036/167
f 1033/1034/167 1036/1037/167 1037/1036/167
s 95
f 1038/1038/167 1036/1037/167 1040/1039/167
f 1036/1037/167 1039/1040/167 1040/1039/167
s 96
f 1041/1041/167 1039/1040/167 1043/1042/167
f 1039/1040/167 1042/1043/167 1043/1042/167
s 97
f 1044/1044/167 1042/1043/167 1046/1045/167
f 1042/1043/167 1045/1046/167 1046/1045/167
s 98
f 1047/1047/167 1045/1046/167 1049/1048/167
f 1045/1046/167 1048/1049/167 1049/1048/167
s 99
f 1050/1050/167 1048/1049/167 1052/1051/167
f 1048/1049/167 1051/1052/167 1052/1051/167
s 100
f 1053/1053/167 1051/1052/167 1054/1054/167
f 1051/1052/167 997/996/167 1054/1054/167
s 101
f 1055/1055/167 1056/1056/167 1058/1057/167
f 1056/1056/167 1057/1058/167 1058/1057/167
s 102
f 1059/1059/167 1060/1060/167 1062/1061/167
f 1060/1060/167 1061/1062/167 1062/1061/167
s 103
f 1063/1063/167 1061/1062/167 1065/1064/167
f 1061/1062/167 1064/1065/167 1065/1064/167
s 104
f 1066/1066/167 1064/1065/167 1068/1067/167
f 1064/1065/167 1067/1068/167 1068/1067/167
s 105
f 1069/1069/167 1067/1068/167 1071/1070/167
f 1067/1068/167 1070/1071/167 1071/1070/167
s 106
f 1072/1072/167 1070/1071/167 1074/1073/167
f 1070/1071/167 1073/1074/167 1074/1073/167
s 107
f 1075/1075/167 1073/1074/167 1077/1076/167
f 1073/1074/167 1076/1077/167 1077/1076/167
s 108
f 1078/1078/167 1076/1077/167 1080/1079/167
f 1076/1077/167 1079/1080/167 1080/1079/167
s 109
f 1081/1081/167 1079/1080/167 1083/1082/167
f 1079/1080/167 1082/1083/167 1083/1082/167
s 110
f 1084/1084/167 1082/1083/167 1086/1085/167
f 1082/1083/167 1085/1086/167 1086/1085/167
s 111
f 1087/1087/167 1085/1086/167 1089/1088/167
f 1085/1086/167 1088/1089/167 1089/1088/167
s 112
f 1090/1090/167 1088/1089/167 1092/1091/167
f 1088/1089/167 1091/1092/167 1092/1091/167
s 113
f 1093/1093/167 1091/1092/167 1095/1094/167
f 1091/1092/167 1094/1095/167 1095/1094/167
s 114
f 1096/1096/167 1094/1095/167 1098/1097/167
f 1094/1095/167 1097/1098/167 1098/1097/167
s 115
f 1099/1099/167 1097/1098/167 1101/1100/167
f 1097/1098/167 1100/1101/167 1101/1100/167
s 116
f 1102/1102/167 1100/1101/167 1104/1103/167
f 1100/1101/167 1103/1104/167 1104/1103/167
s 117
f 1105/1105/167 1103/1104/167 1107/1106/167
f 1103/1104/167 1106/1107/167 1107/1106/167
s 118
f 1108/1108/167 1106/1107/167 1110/1109/167
f 1106/1107/167 1109/1110/167 1110/1109/167
s 119
f 1111/1111/167 1109/1110/167 1113/1112/167
f 1109/1110/167 1112/1113/167 1113/1112/167
s 120
f 1114/1114/167 1112/1113/167 1115/1115/167
f 1112/1113/167 1058/1057/167 1115/1115/167
s 121
f 1116/1116/167 1117/1117/167 1119/1118/167
f 1117/1117/167 1118/1119/167 1119/1118/167
s 122
f 1120/1120/167 1121/1121/167 1123/1122/167
f 1121/1121/167 1122/1123/167 1123/1122/167
s 123
f 1124/1124/167 1122/1123/167 1126/1125/167
f 1122/1123/167 1125/1126/167 1126/1125/167
s 124
f 1127/1127/167 1125/1126/167 1129/1128/167
f 1125/1126/167 1128/1129/167 1129/1128/167
s 125
f 1130/1130/167 1128/1129/167 1132/1131/167
f 1128/1129/167 1131/1132/167 1132/1131/167
s 126
f 1133/1133/167 1131/1132/167 1135/1134/167
f 1131/1132/167 1134/1135/167 1135/1134/167
s 127
f 1136/1136/167 1134/1135/167 1138/1137/167
f 1134/1135/167 1137/1138/167 1138/1137/167
s 128
f 1139/1139/167 1137/1138/167 1141/1140/167
f 1137/1138/167 1140/1141/167 1141/1140/167
s 129
f 1142/1142/167 1140/1141/167 1144/1143/167
f 1140/1141/167 1143/1144/167 1144/1143/167
s 130
f 1145/1145/167 1143/1144/167 1147/1146/167
f 1143/1144/167 1146/1147/167 1147/1146/167
s 131
f 1148/1148/167 1146/1147/167 1150/1149/167
f 1146/1147/167 1149/1150/167 1150/1149/167
s 132
f 1151/1151/167 1149/1150/167 1153/1152/167
f 1149/1150/167 1152/1153/167 1153/1152/167
s 133
f 1154/1154/167 1152/1153/167 1156/1155/167
f 1152/1153/167 1155/1156/167 1156/1155/167
s 134
f 1157/1157/167 1155/1156/167 1159/1158/167
f 1155/1156/167 1158/1159/167 1159/1158/167
s 135
f 1160/1160/167 1158/1159/167 1162/1161/167
f 1158/1159/167 1161/1162/167 1162/1161/167
s 136
f 1163/1163/167 1161/1162/167 1165/1164/167
f 1161/1162/167 1164/1165/167 1165/1164/167
s 137
f 1166/1166/167 1164/1165/167 1168/1167/167
f 1164/1165/167 1167/1168/167 1168/1167/167
s 138
f 1169/1169/167 1167/1168/167 1171/1170/167
f 1167/1168/167 1170/1171/167 1171/1170/167
s 139
f 1172/1172/167 1170/1171/167 1174/1173/167
f 1170/1171/167 1173/1174/167 1174/1173/167
s 140
f 1175/1175/167 1173/1174/167 1176/1176/167
f 1173/1174/167 1119/1118/167 1176/1176/167
s 141
f 1177/1177/167 1178/1178/167 1180/1179/167
f 1178/1178/167 1179/1180/167 1180/1179/167
s 142
f 1181/1181/167 1182/1182/167 1184/1183/167
f 1182/1182/167 1183/1184/167 1184/1183/167
s 143
f 1185/1185/167 1183/1184/167 1187/1186/167
f 1183/1184/167 1186/1187/167 1187/1186/167
s 144
f 1188/1188/167 1186/1187/167 1190/1189/167
f 1186/1187/167 1189/1190/167 1190/1189/167
s 145
f 1191/1191/167 1189/1190/167 1193/1192/167
f 1189/1190/167 1192/1193/167 1193/1192/167
s 146
f 1194/1194/167 1192/1193/167 1196/1195/167
f 1192/1193/167 1195/1196/167 1196/1195/167
s 147
f 1197/1197/167 1195/1196/167 1199/1198/167
f 1195/1196/167 1198/1199/167 1199/1198/167
s 148
f 1200/1200/167 1198/1199/167 1202/1201/167
f 1198/1199/167 1201/1202/167 1202/1201/167
s 149
f 1203/1203/167 1201/1202/167 1205/1204/167
f 1201/1202/167 1204/1205/167 1205/1204/167
s 150
f 1206/1206/167 1204/1205/167 1208/1207/167
f 1204/1205/167 1207/1208/167 1208/1207/167
s 151
f 1209/1209/167 1207/1208/167 1211/1210/167
f 1207/1208/167 1210/1211/167 1211/1210/167
s 152
f 1212/1212/167 1210/1211/167 1214/1213/167
f 1210/1211/167 1213/1214/167 1214/1213/167
s 153
f 1215/1215/167 1213/1214/167 1217/1216/167
f 1213/1214/167 1216/1217/167 1217/1216/167
s 154
f 1218/1218/167 1216/1217/167 1220/1219/167
f 1216/1217/167 1219/1220/167 1220/1219/167
s 155
f 1221/1221/167 1219/1220/167 1223/1222/167
f 1219/1220/167 1222/1223/167 1223/1222/167
s 156
f 1224/1224/167 1222/1223/167 1226/1225/167
f 1222/1223/167 1225/1226/167 1226/1225/167
s 157
f 1227/1227/167 1225/1226/167 1229/1228/167
f 1225/1226/167 1228/1229/167 1229/1228/167
s 158
f 1230/1230/167 1228/1229/167 1232/1231/167
f 1228/1229/167 1231/1232/167 1232/1231/167
s 159
f 1233/1233/167 1231/1232/167 1235/1234/167
f 1231/1232/167 1234/1235/167 1235/1234/167
s 160
f 1236/1236/167 1234/1235/167 1237/1237/167
f 1234/1235/167 1180/1179/167 1237/1237/167
s 161
f 1238/1238/167 1239/1239/167 1241/1240/167
f 1239/1239/167 1240/1241/167 1241/1240/167
s 162
f 1242/1242/167 1243/1243/167 1245/1244/167
f 1243/1243/167 1244/1245/167 1245/1244/167
s 163
f 1246/1246/167 1244/1245/167 1248/1247/167
f 1244/1245/167 1247/1248/167 1248/1247/167
s 164
f 1249/1249/167 1247/1248/167 1251/1250/167
f 1247/1248/167 1250/1251/167 1251/1250/167
s 165
f 1252/1252/167 1250/1251/167 1254/1253/167
f 1250/1251/167 1253/1254/167 1254/1253/167
s 166
f 1255/1255/167 1253/1254/167 1257/1256/167
f 1253/1254/167 1256/1257/167 1257/1256/167
s 167
f 1258/1258/167 1256/1257/167 1260/1259/167
f 1256/1257/167 1259/1260/167 1260/1259/167
s 168
f 1261/1261/167 1259/1260/167 1263/1262/167
f 1259/1260/167 1262/1263/167 1263/1262/167
s 169
f 1264/1264/167 1262/1263/167 1266/1265/167
f 1262/1263/167 1265/1266/167 1266/1265/167
s 170
f 1267/1267/167 1265/1266/167 1269/1268/167
f 1265/1266/167 1268/1269/167 1269/1268/167
s 171
f 1270/1270/167 1268/1269/167 1272/1271/167
f 1268/1269/167 1271/1272/167 1272/1271/167
s 172
f 1273/1273/167 1271/1272/167 1275/1274/167
f 1271/1272/167 1274/1275/167 1275/1274/167
s 173
f 1276/1276/167 1274/1275/167 1278/1277/167
f 1274/1275/167 1277/1278/167 1278/1277/167
s 174
f 1279/1279/167 1277/1278/167 1281/1280/167
f 1277/1278/167 1280/1281/167 1281/1280/167
s 175
f 1282/1282/167 1280/1281/167 1284/1283/167
f 1280/1281/167 1283/1284/167 1284/1283/167
s 176
f 1285/1285/167 1283/1284/167 1287/1286/167
f 1283/1284/167 1286/1287/167 1287/1286/167
s 177
f 1288/1288/167 1286/1287/167 1290/1289/167
f 1286/1287/167 1289/1290/167 1290/1289/167
s 178
f 1291/1291/167 1289/1290/167 1293/1292/167
f 1289/1290/167 1292/1293/167 1293/1292/167
s 179
f 1294/1294/167 1292/1293/167 1296/1295/167
f 1292/1293/167 1295/1296/167 1296/1295/167
s 180
f 1297/1297/167 1295/1296/167 1298/1298/167
f 1295/1296/167 1241/1240/167 1298/1298/167
s 181
f 1299/1299/167 1300/1300/167 1302/1301/167
f 1300/1300/167 1301/1302/167 1302/1301/167
s 182
f 1303/1303/167 1304/1304/167 1306/1305/167
f 1304/1304/167 1305/1306/167 1306/1305/167
s 183
f 1307/1307/167 1305/1306/167 1309/1308/167
f 1305/1306/167 1308/1309/167 1309/1308/167
s 184
f 1310/1310/167 1308/1309/167 1312/1311/167
f 1308/1309/167 1311/1312/167 1312/1311/167
s 185
f 1313/1313/167 1311/1312/167 1315/1314/167
f 1311/1312/167 1314/1315/167 1315/1314/167
s 186
f 1316/1316/167 1314/1315/167 1318/1317/167
f 1314/1315/167 1317/1318/167 1318/1317/167
s 187
f 1319/1319/167 1317/1318/167 1321/1320/167
f 1317/1318/167 1320/1321/167 1321/1320/167
s 188
f 1322/1322/167 1320/1321/167 1324/1323/167
f 1320/1321/167 1323/1324/167 1324/1323/167
s 189
f 1325/1325/167 1323/1324/167 1327/1326/167
f 1323/1324/167 1326/1327/167 1327/1326/167
s 190
f 1328/1328/167 1326/1327/167 1330/1329/167
f 1326/1327/167 1329/1330/167 1330/1329/167
s 191
f 1331/1331/167 1329/1330/167 1333/1332/167
f 1329/1330/167 1332/1333/167 1333/1332/167
s 192
f 1334/1334/167 1332/1333/167 1336/1335/167
f 1332/1333/167 1335/1336/167 1336/1335/167
s 193
f 1337/1337/167 1335/1336/167 1339/1338/167
f 1335/1336/167 1338/1339/167 1339/1338/167
s 194
f 1340/1340/167 1338/1339/167 1342/1341/167
f 1338/1339/167 1341/1342/167 1342/1341/167
s 195
f 1343/1343/167 1341/1342/167 1345/1344/167
f 1341/1342/167 1344/1345/167 1345/1344/167
s 196
f 1346/1346/167 1344/1345/167 1348/1347/167
f 1344/1345/167 1347/1348/167 1348/1347/167
s 197
f 1349/1349/167 1347/1348/167 1351/1350/167
f 1347/1348/167 1350/1351/167 1351/1350/167
s 198
f 1352/1352/167 1350/1351/167 1354/1353/167
f 1350/1351/167 1353/1354/167 1354/1353/167
s 199
f 1355/1355/167 1353/1354/167 1357/1356/167
f 1353/1354/167 1356/1357/167 1357/1356/167
s 200
f 1358/1358/167 1356/1357/167 1359/1359/167
f 1356/1357/167 1302/1301/167 1359/1359/167
s 201
f 1360/1360/167 1361/1361/167 1363/1362/167
f 1361/1361/167 1362/1363/167 1363/1362/167
s 202
f 1364/1364/167 1365/1365/167 1367/1366/167
f 1365/1365/167 1366/1367/167 1367/1366/167
s 203
f 1368/1368/167 1366/1367/167 1370/1369/167
f 1366/1367/167 1369/1370/167 1370/1369/167
s 204
f 1371/1371/167 1369/1370/167 1373/1372/167
f 1369/1370/167 1372/1373/167 1373/1372/167
s 205
f 1374/1374/167 1372/1373/167 1376/1375/167
f 1372/1373/167 1375/1376/167 1376/1375/167
s 206
f 1377/1377/167 1375/1376/167 1379/1378/167
f 1375/1376/167 1378/1379/167 1379/1378/167
s 207
f 1380/1380/167 1378/1379/167 1382/1381/167
f 1378/1379/167 1381/1382/167 1382/1381/167
s 208
f 1383/1383/167 1381/1382/167 1385/1384/167
f 1381/1382/167 1384/1385/167 1385/1384/167
s 209
f 1386/1386/167 1384/1385/167 1388/1387/167
f 1384/1385/167 1387/1388/167 1388/1387/167
s 210
f 1389/1389/167 1387/1388/167 1391/1390/167
f 1387/1388/167 1390/1391/167 1391/1390/167
s 211
f 1392/1392/167 1390/1391/167 1394/1393/167
f 1390/1391/167 1393/1394/167 1394/1393/167
s 212
f 1395/1395/167 1393/1394/167 1397/1396/167
f 1393/1394/167 1396/1397/167 1397/1396/167
s 213
f 1398/1398/167 1396/1397/167 1400/1399/167
f 1396/1397/167 1399/1400/167 1400/1399/167
s 214
f 1401/1401/167 1399/1400/167 1403/1402/167
f 1399/1400/167 1402/1403/167 1403/1402/167
s 215
f 1404/1404/167 1402/1403/167 1406/1405/167
f 1402/1403/167 1405/1406/167 1406/1405/167
s 216
f 1407/1407/167 1405/1406/167 1409/1408/167
f 1405/1406/167 1408/1409/167 1409/1408/167
s 217
f 1410/1410/167 1408/1409/167 1412/1411/167
f 1408/1409/167 1411/1412/167 1412/1411/167
s 218
f 1413/1413/167 1411/1412/167 1415/1414/167
f 1411/1412/167 1414/1415/167 1415/1414/167
s 219
f 1416/1416/167 1414/1415/167 1418/1417/167
f 1414/1415/167 1417/1418/167 1418/1417/167
s 220
f 1419/1419/167 1417/1418/167 1420/1420/167
f 1417/1418/167 1363/1362/167 1420/1420/167
o CHEOPS_LowPoly_pCube18_Mesh.005
v -1339.455078 497.082458 -27.899105
v -1338.455078 497.082458 -27.899105
v -1338.455078 498.082458 -27.899105
v -1339.455078 498.082458 -27.899105
v -1339.455078 498.082458 -27.899105
v -1338.455078 498.082458 -27.899105
v -1338.455078 498.082458 -28.899105
v -1339.455078 498.082458 -28.899105
v -1339.455078 498.082458 -28.899105
v -1338.455078 498.082458 -28.899105
v -1338.455078 497.082458 -28.899105
v -1339.455078 497.082458 -28.899105
v -1339.455078 497.082458 -28.899105
v -1338.455078 497.082458 -28.899105
v -1338.455078 497.082458 -27.899105
v -1339.455078 497.082458 -27.899105
v -1338.455078 497.082458 -27.899105
v -1338.455078 497.082458 -28.899105
v -1338.455078 498.082458 -28.899105
v -1338.455078 498.082458 -27.899105
v -1339.455078 497.082458 -28.899105
v -1339.455078 497.082458 -27.899105
v -1339.455078 498.082458 -27.899105
v -1339.455078 498.082458 -28.899105
vt 0.375000 0.000000
vt 0.625000 0.000000
vt 0.375000 0.250000
vt 0.625000 0.250000
vt 0.375000 0.250000
vt 0.625000 0.250000
vt 0.375000 0.500000
vt 0.625000 0.500000
vt 0.375000 0.500000
vt 0.625000 0.500000
vt 0.375000 0.750000
vt 0.625000 0.750000
vt 0.375000 0.750000
vt 0.625000 0.750000
vt 0.375000 1.000000
vt 0.625000 1.000000
vt 0.625000 0.000000
vt 0.875000 0.000000
vt 0.625000 0.250000
vt 0.875000 0.250000
vt 0.125000 0.000000
vt 0.375000 0.000000
vt 0.125000 0.250000
vt 0.375000 0.250000
vn 0.0000 0.0000 1.0000
vn 0.0000 1.0000 0.0000
vn 0.0000 0.0000 -1.0000
vn 0.0000 -1.0000 0.0000
vn 1.0000 0.0000 0.0000
vn -1.0000 0.0000 0.0000
usemtl Body.002
s 1
f 1421/1421/168 1422/1422/168 1424/1423/168
f 1422/1422/168 1423/1424/168 1424/1423/168
s 2
f 1425/1425/169 1426/1426/169 1428/1427/169
f 1426/1426/169 1427/1428/169 1428/1427/169
s 3
f 1429/1429/170 1430/1430/170 1432/1431/170
f 1430/1430/170 1431/1432/170 1432/1431/170
s 4
f 1433/1433/171 1434/1434/171 1436/1435/171
f 1434/1434/171 1435/1436/171 1436/1435/171
s 5
f 1437/1437/172 1438/1438/172 1440/1439/172
f 1438/1438/172 1439/1440/172 1440/1439/172
s 6
f 1441/1441/173 1442/1442/173 1444/1443/173
f 1442/1442/173 1443/1444/173 1444/1443/173
o CHEOPS_LowPoly_pCylinder35_Mesh.006
v -834.471313 -15.595856 -397.800293
v -810.464050 36.764313 -345.666443
v -810.463989 -18.171341 -400.602173
v -810.464050 36.764313 -345.666443
v -834.471313 -15.595856 -397.800293
v -856.128540 -7.894897 -389.895172
v -810.464050 36.764313 -345.666443
v -873.315857 4.177643 -377.660553
v -810.464050 36.764313 -345.666443
v -884.350769 19.439911 -362.294250
v -810.464050 36.764313 -345.666443
v -888.153198 36.398102 -345.300201
v -810.464050 36.764313 -345.666443
v -882.653381 52.906189 -328.843964
v -810.464050 36.764313 -345.666443
v -871.687378 64.936432 -316.917114
v -810.464050 36.764313 -345.666443
v -854.311829 73.026367 -308.990997
v -810.464050 36.764313 -345.666443
v -829.910645 78.055359 -304.192078
v -810.464050 36.764313 -345.666443
v -804.250671 77.838440 -304.650940
v -810.464050 36.764313 -345.666443
v -783.742554 78.436188 -304.246552
v -810.464050 36.764313 -345.666443
v -766.161560 75.334442 -307.514069
v -810.464050 36.764313 -345.666443
v -747.767700 67.732178 -315.289764
v -810.464050 36.764313 -345.666443
v -736.577271 54.088776 -329.038696
v -810.464050 36.764313 -345.666443
v -732.774902 37.130615 -346.032684
v -810.464050 36.764313 -345.666443
v -736.577271 20.136597 -362.990875
v -810.464050 36.764313 -345.666443
v -747.612183 4.770294 -378.253143
v -810.464050 36.764313 -345.666443
v -764.799500 -7.464264 -390.325653
v -810.464050 36.764313 -345.666443
v -786.456787 -15.369476 -398.026642
v -810.464050 36.764313 -345.666443
v -834.958679 3.998291 -416.708038
v -827.236572 19.834381 -400.944702
v -810.645569 18.165741 -402.769775
v -810.645569 1.552948 -419.382599
v -827.236572 19.834381 -400.944702
v -834.958679 3.998291 -416.708038
v -856.891846 11.324310 -409.175171
v -842.203552 24.833588 -395.804352
v -842.203552 24.833588 -395.804352
v -874.298096 22.813965 -397.521423
v -854.081421 32.674011 -387.851959
v -854.081421 32.674011 -387.851959
v -885.473633 37.342377 -382.887634
v -861.707458 42.588074 -377.865997
v -861.707458 42.588074 -377.865997
v -889.324463 53.487579 -366.706116
v -864.335205 53.605377 -366.823914
v -864.335205 53.605377 -366.823914
v -885.473633 69.669037 -350.560974
v -861.707397 64.647400 -355.806641
v -861.707397 64.647400 -355.806641
v -874.298096 84.302795 -336.032532
v -854.081360 74.633331 -345.892609
v -854.081360 74.633331 -345.892609
v -856.891846 95.956543 -324.542908
v -842.203491 82.585724 -338.052185
v -842.203491 82.585724 -338.052185
v -834.958679 101.789429 -318.916809
v -827.236572 87.726044 -333.052948
v -827.236572 87.726044 -333.052948
v -810.645569 102.611816 -318.323669
v -810.645569 89.551147 -331.384277
v -810.645569 89.551147 -331.384277
v -786.332458 102.018677 -319.146057
v -794.054565 87.882477 -333.209381
v -794.054565 87.882477 -333.209381
v -764.399292 96.392578 -324.978943
v -779.087585 82.883270 -338.349731
v -779.087585 82.883270 -338.349731
v -746.993042 84.902954 -336.632690
v -767.209717 75.042877 -346.302155
v -767.209717 75.042877 -346.302155
v -735.817505 70.374573 -351.266479
v -759.583618 65.128845 -356.288086
v -759.583618 65.128845 -356.288086
v -731.966675 54.229401 -367.447968
v -756.955933 54.111603 -367.330139
v -756.955933 54.111603 -367.330139
v -735.817505 38.047913 -383.593140
v -759.583740 43.069519 -378.347412
v -759.583740 43.069519 -378.347412
v -746.993042 23.414154 -398.121552
v -767.209717 33.083557 -388.261475
v -767.209717 33.083557 -388.261475
v -764.399292 11.760437 -409.611145
v -779.087585 25.131165 -396.101898
v -779.087585 25.131165 -396.101898
v -786.332458 4.227539 -416.937256
v -794.054565 19.990845 -401.101074
v -794.054565 19.990845 -401.101074
v -810.645569 18.165741 -402.769775
v -835.115967 20.679535 -433.389282
v -827.393860 36.515625 -417.625977
v -810.802856 34.847015 -419.451050
v -810.802856 18.234222 -436.063843
v -827.393860 36.515625 -417.625977
v -835.115967 20.679535 -433.389282
v -857.049133 28.005585 -425.856445
v -842.360840 41.514862 -412.485626
v -842.360840 41.514862 -412.485626
v -874.455383 39.495239 -414.202698
v -854.238647 49.355255 -404.533234
v -854.238647 49.355255 -404.533234
v -885.630920 54.023651 -399.568909
v -861.864746 59.269318 -394.547241
v -861.864746 59.269318 -394.547241
v -889.481750 70.168854 -383.387390
v -864.492493 70.286621 -383.505188
v -864.492493 70.286621 -383.505188
v -885.630920 86.350311 -367.242218
v -861.864685 81.328674 -372.487885
v -861.864685 81.328674 -372.487885
v -874.455383 100.984100 -352.713806
v -854.238647 91.314606 -362.573822
v -854.238647 91.314606 -362.573822
v -857.049133 112.637817 -341.224182
v -842.360779 99.266998 -354.733429
v -842.360779 99.266998 -354.733429
v -835.115967 119.794434 -334.274353
v -827.393799 104.407349 -349.734222
v -827.393799 104.407349 -349.734222
v -810.802856 120.993042 -333.304993
v -810.802856 106.232422 -348.065552
v -810.802856 106.232422 -348.065552
v -786.489746 120.399902 -334.127380
v -794.211792 104.563782 -349.890656
v -794.211792 104.563782 -349.890656
v -764.556519 113.073853 -341.660217
v -779.244873 99.564545 -355.030975
v -779.244873 99.564545 -355.030975
v -747.150269 101.584259 -353.313965
v -767.367065 91.724152 -362.983368
v -767.367065 91.724152 -362.983368
v -735.974792 87.055847 -367.947723
v -759.740967 81.810120 -372.969330
v -759.740967 81.810120 -372.969330
v -732.123962 70.910675 -384.129242
v -757.113220 70.792847 -384.011414
v -757.113220 70.792847 -384.011414
v -735.974792 54.729187 -400.274414
v -759.740967 59.750793 -395.028687
v -759.740967 59.750793 -395.028687
v -747.150269 40.095428 -414.802826
v -767.367004 49.764832 -404.942749
v -767.367004 49.764832 -404.942749
v -764.556519 28.441681 -426.292419
v -779.244873 41.812439 -412.783142
v -779.244873 41.812439 -412.783142
v -786.489746 20.908813 -433.618500
v -794.211792 36.672119 -417.782349
v -794.211792 36.672119 -417.782349
v -810.802856 34.847015 -419.451050
v -835.393188 50.081848 -462.791595
v -827.671082 65.917938 -447.028290
v -811.080078 64.249298 -448.853333
v -811.080078 47.636536 -465.466156
v -827.671082 65.917938 -447.028290
v -835.393188 50.081848 -462.791595
v -857.326355 57.407898 -455.258759
v -842.638062 70.917175 -441.887939
v -842.638062 70.917175 -441.887939
v -874.732605 68.897552 -443.604980
v -854.515869 78.757599 -433.935547
v -854.515869 78.757599 -433.935547
v -885.908142 83.425934 -428.971191
v -862.141968 88.671661 -423.949524
v -862.141968 88.671661 -423.949524
v -889.758972 99.571136 -412.789673
v -864.769714 99.688934 -412.907471
v -864.769714 99.688934 -412.907471
v -885.908142 115.752625 -396.644501
v -862.141907 110.730988 -401.890198
v -862.141907 110.730988 -401.890198
v -874.732605 130.386383 -382.116119
v -854.515869 120.716949 -391.976166
v -854.515869 120.716949 -391.976166
v -857.326355 142.040131 -370.626495
v -842.638000 128.669342 -384.135742
v -842.638000 128.669342 -384.135742
v -835.393188 149.572968 -363.300446
v -827.671021 133.809662 -379.136536
v -827.671021 133.809662 -379.136536
v -811.080078 152.247589 -360.855072
v -811.080078 135.634766 -377.467865
v -811.080078 135.634766 -377.467865
v -786.766968 149.802216 -363.529694
v -794.489075 133.966095 -379.292969
v -794.489075 133.966095 -379.292969
v -764.833740 142.476166 -371.062531
v -779.522095 128.966888 -384.433319
v -779.522095 128.966888 -384.433319
v -747.427490 130.986542 -382.716278
v -767.644287 121.126495 -392.385681
v -767.644287 121.126495 -392.385681
v -736.252014 116.458160 -397.350037
v -760.018188 111.212433 -402.371643
v -760.018188 111.212433 -402.371643
v -732.401184 100.312988 -413.531494
v -757.390442 100.195160 -413.413696
v -757.390442 100.195160 -413.413696
v -736.252014 84.131500 -429.676697
v -760.018188 89.153107 -424.430969
v -760.018188 89.153107 -424.430969
v -747.427490 69.497711 -444.205109
v -767.644287 79.167145 -434.345062
v -767.644287 79.167145 -434.345062
v -764.833740 57.843994 -455.694733
v -779.522095 71.214752 -442.185455
v -779.522095 71.214752 -442.185455
v -786.766968 50.311127 -463.020813
v -794.489014 66.074432 -447.184662
v -794.489014 66.074432 -447.184662
v -811.080078 64.249298 -448.853333
v -835.717041 84.433258 -497.142975
v -827.994995 100.269348 -481.379669
v -811.403931 98.600739 -483.204742
v -811.403931 81.987946 -499.817535
v -827.994995 100.269348 -481.379669
v -835.717041 84.433258 -497.142975
v -857.650208 91.759308 -489.610138
v -842.961914 105.268585 -476.239319
v -842.961914 105.268585 -476.239319
v -875.056519 103.248932 -477.956360
v -854.839783 113.108978 -468.286926
v -854.839783 113.108978 -468.286926
v -886.231995 117.777344 -463.322601
v -862.465820 123.023041 -458.300934
v -862.465820 123.023041 -458.300934
v -890.082825 133.922546 -447.141083
v -865.093628 134.040375 -447.258881
v -865.093628 134.040375 -447.258881
v -886.231995 150.104034 -430.995911
v -862.465820 145.082397 -436.241608
v -862.465820 145.082397 -436.241608
v -875.056519 164.737823 -416.467499
v -854.839783 155.068329 -426.327576
v -854.839783 155.068329 -426.327576
v -857.650208 176.391571 -404.977875
v -842.961914 163.020721 -418.487152
v -842.961914 163.020721 -418.487152
v -835.717041 183.924377 -397.651855
v -827.994934 168.161041 -413.487946
v -827.994934 168.161041 -413.487946
v -811.403931 186.598999 -395.206482
v -811.403931 169.986176 -411.819275
v -811.403931 169.986176 -411.819275
v -787.090820 184.153625 -397.881104
v -794.812927 168.317474 -413.644379
v -794.812927 168.317474 -413.644379
v -765.157654 176.827606 -405.413940
v -779.845947 163.318268 -418.784698
v -779.845947 163.318268 -418.784698
v -747.751404 165.337982 -417.067657
v -767.968140 155.477875 -426.737091
v -767.968140 155.477875 -426.737091
v -736.575928 150.809570 -431.701447
v -760.342041 145.563843 -436.723053
v -760.342041 145.563843 -436.723053
v -732.725098 134.664398 -447.882904
v -757.714294 134.546600 -447.765106
v -757.714294 134.546600 -447.765106
v -736.575928 118.482910 -464.028107
v -760.342102 123.504517 -458.782379
v -760.342102 123.504517 -458.782379
v -747.751404 103.849152 -478.556488
v -767.968140 113.518555 -468.696442
v -767.968140 113.518555 -468.696442
v -765.157654 92.195404 -490.046112
v -779.845947 105.566132 -476.536835
v -779.845947 105.566132 -476.536835
v -787.090820 84.662506 -497.372192
v -794.812927 100.425812 -481.536041
v -794.812927 100.425812 -481.536041
v -811.403931 98.600739 -483.204742
vt 0.625000 0.684727
vt 0.618750 0.688440
vt 0.612500 0.684727
vt 0.381250 0.688440
vt 0.375000 0.684727
vt 0.387500 0.684727
vt 0.393750 0.688440
vt 0.400000 0.684727
vt 0.406250 0.688440
vt 0.412500 0.684727
vt 0.418750 0.688440
vt 0.425000 0.684727
vt 0.431250 0.688440
vt 0.437500 0.684727
vt 0.443750 0.688440
vt 0.450000 0.684727
vt 0.456250 0.688440
vt 0.462500 0.684727
vt 0.468750 0.688440
vt 0.475000 0.684727
vt 0.481250 0.688440
vt 0.487500 0.684727
vt 0.493750 0.688440
vt 0.500000 0.684727
vt 0.506250 0.688440
vt 0.512500 0.684727
vt 0.518750 0.688440
vt 0.525000 0.684727
vt 0.531250 0.688440
vt 0.537500 0.684726
vt 0.543750 0.688440
vt 0.550000 0.684727
vt 0.556250 0.688440
vt 0.562500 0.684727
vt 0.568750 0.688440
vt 0.575000 0.684727
vt 0.581250 0.688440
vt 0.587500 0.684727
vt 0.593750 0.688440
vt 0.600000 0.684727
vt 0.606250 0.688440
vt 0.625000 0.684727
vt 0.624875 0.688440
vt 0.612500 0.684727
vt 0.612625 0.688440
vt 0.375125 0.688440
vt 0.375000 0.684727
vt 0.387375 0.688440
vt 0.387500 0.684727
vt 0.387625 0.688440
vt 0.399875 0.688440
vt 0.400000 0.684727
vt 0.400125 0.688440
vt 0.412375 0.688440
vt 0.412500 0.684727
vt 0.412625 0.688440
vt 0.424875 0.688440
vt 0.425000 0.684727
vt 0.425125 0.688440
vt 0.437500 0.684727
vt 0.437375 0.688440
vt 0.437625 0.688440
vt 0.450000 0.684727
vt 0.449875 0.688440
vt 0.450125 0.688440
vt 0.462500 0.684727
vt 0.462375 0.688440
vt 0.462625 0.688440
vt 0.475000 0.684727
vt 0.474875 0.688440
vt 0.475125 0.688440
vt 0.487500 0.684727
vt 0.487375 0.688440
vt 0.487625 0.688440
vt 0.499875 0.688440
vt 0.500000 0.684727
vt 0.500125 0.688440
vt 0.512375 0.688440
vt 0.512500 0.684727
vt 0.512625 0.688440
vt 0.524875 0.688440
vt 0.525000 0.684727
vt 0.525125 0.688440
vt 0.537375 0.688440
vt 0.537500 0.684726
vt 0.537625 0.688440
vt 0.549875 0.688440
vt 0.550000 0.684727
vt 0.550125 0.688440
vt 0.562500 0.684727
vt 0.562375 0.688440
vt 0.562625 0.688440
vt 0.575000 0.684727
vt 0.574875 0.688440
vt 0.575125 0.688440
vt 0.587500 0.684727
vt 0.587375 0.688440
vt 0.587625 0.688440
vt 0.600000 0.684727
vt 0.599875 0.688440
vt 0.600125 0.688440
vt 0.612375 0.688440
vt 0.625000 0.684727
vt 0.624875 0.688440
vt 0.612500 0.684727
vt 0.612625 0.688440
vt 0.375125 0.688440
vt 0.375000 0.684727
vt 0.387375 0.688440
vt 0.387500 0.684727
vt 0.387625 0.688440
vt 0.399875 0.688440
vt 0.400000 0.684727
vt 0.400125 0.688440
vt 0.412375 0.688440
vt 0.412500 0.684727
vt 0.412625 0.688440
vt 0.424875 0.688440
vt 0.425000 0.684727
vt 0.425125 0.688440
vt 0.437500 0.684727
vt 0.437375 0.688440
vt 0.437625 0.688440
vt 0.450000 0.684727
vt 0.449875 0.688440
vt 0.450125 0.688440
vt 0.462500 0.684727
vt 0.462375 0.688440
vt 0.462625 0.688440
vt 0.475000 0.684727
vt 0.474875 0.688440
vt 0.475125 0.688440
vt 0.487500 0.684727
vt 0.487375 0.688440
vt 0.487625 0.688440
vt 0.499875 0.688440
vt 0.500000 0.684727
vt 0.500125 0.688440
vt 0.512375 0.688440
vt 0.512500 0.684727
vt 0.512625 0.688440
vt 0.524875 0.688440
vt 0.525000 0.684727
vt 0.525125 0.688440
vt 0.537375 0.688440
vt 0.537500 0.684726
vt 0.537625 0.688440
vt 0.549875 0.688440
vt 0.550000 0.684727
vt 0.550125 0.688440
vt 0.562500 0.684727
vt 0.562375 0.688440
vt 0.562625 0.688440
vt 0.575000 0.684727
vt 0.574875 0.688440
vt 0.575125 0.688440
vt 0.587500 0.684727
vt 0.587375 0.688440
vt 0.587625 0.688440
vt 0.600000 0.684727
vt 0.599875 0.688440
vt 0.600125 0.688440
vt 0.612375 0.688440
vt 0.625000 0.684727
vt 0.624875 0.688440
vt 0.612500 0.684727
vt 0.612625 0.688440
vt 0.375125 0.688440
vt 0.375000 0.684727
vt 0.387375 0.688440
vt 0.387500 0.684727
vt 0.387625 0.688440
vt 0.399875 0.688440
vt 0.400000 0.684727
vt 0.400125 0.688440
vt 0.412375 0.688440
vt 0.412500 0.684727
vt 0.412625 0.688440
vt 0.424875 0.688440
vt 0.425000 0.684727
vt 0.425125 0.688440
vt 0.437500 0.684727
vt 0.437375 0.688440
vt 0.437625 0.688440
vt 0.450000 0.684727
vt 0.449875 0.688440
vt 0.450125 0.688440
vt 0.462500 0.684727
vt 0.462375 0.688440
vt 0.462625 0.688440
vt 0.475000 0.684727
vt 0.474875 0.688440
vt 0.475125 0.688440
vt 0.487500 0.684727
vt 0.487375 0.688440
vt 0.487625 0.688440
vt 0.499875 0.688440
vt 0.500000 0.684727
vt 0.500125 0.688440
vt 0.512375 0.688440
vt 0.512500 0.684727
vt 0.512625 0.688440
vt 0.524875 0.688440
vt 0.525000 0.684727
vt 0.525125 0.688440
vt 0.537375 0.688440
vt 0.537500 0.684726
vt 0.537625 0.688440
vt 0.549875 0.688440
vt 0.550000 0.684727
vt 0.550125 0.688440
vt 0.562500 0.684727
vt 0.562375 0.688440
vt 0.562625 0.688440
vt 0.575000 0.684727
vt 0.574875 0.688440
vt 0.575125 0.688440
vt 0.587500 0.684727
vt 0.587375 0.688440
vt 0.587625 0.688440
vt 0.600000 0.684727
vt 0.599875 0.688440
vt 0.600125 0.688440
vt 0.612375 0.688440
vt 0.625000 0.684727
vt 0.624875 0.688440
vt 0.612500 0.684727
vt 0.612625 0.688440
vt 0.375125 0.688440
vt 0.375000 0.684727
vt 0.387375 0.688440
vt 0.387500 0.684727
vt 0.387625 0.688440
vt 0.399875 0.688440
vt 0.400000 0.684727
vt 0.400125 0.688440
vt 0.412375 0.688440
vt 0.412500 0.684727
vt 0.412625 0.688440
vt 0.424875 0.688440
vt 0.425000 0.684727
vt 0.425125 0.688440
vt 0.437500 0.684727
vt 0.437375 0.688440
vt 0.437625 0.688440
vt 0.450000 0.684727
vt 0.449875 0.688440
vt 0.450125 0.688440
vt 0.462500 0.684727
vt 0.462375 0.688440
vt 0.462625 0.688440
vt 0.475000 0.684727
vt 0.474875 0.688440
vt 0.475125 0.688440
vt 0.487500 0.684727
vt 0.487375 0.688440
vt 0.487625 0.688440
vt 0.499875 0.688440
vt 0.500000 0.684727
vt 0.500125 0.688440
vt 0.512375 0.688440
vt 0.512500 0.684727
vt 0.512625 0.688440
vt 0.524875 0.688440
vt 0.525000 0.684727
vt 0.525125 0.688440
vt 0.537375 0.688440
vt 0.537500 0.684726
vt 0.537625 0.688440
vt 0.549875 0.688440
vt 0.550000 0.684727
vt 0.550125 0.688440
vt 0.562500 0.684727
vt 0.562375 0.688440
vt 0.562625 0.688440
vt 0.575000 0.684727
vt 0.574875 0.688440
vt 0.575125 0.688440
vt 0.587500 0.684727
vt 0.587375 0.688440
vt 0.587625 0.688440
vt 0.600000 0.684727
vt 0.599875 0.688440
vt 0.600125 0.688440
vt 0.612375 0.688440
vn -0.0067 0.7071 -0.7071
usemtl solarpanels
s 1
f 1445/1445/174 1446/1446/174 1447/1447/174
s 2
f 1448/1448/174 1449/1449/174 1450/1450/174
s 3
f 1451/1451/174 1450/1450/174 1452/1452/174
s 4
f 1453/1453/174 1452/1452/174 1454/1454/174
s 5
f 1455/1455/174 1454/1454/174 1456/1456/174
s 6
f 1457/1457/174 1456/1456/174 1458/1458/174
s 7
f 1459/1459/174 1458/1458/174 1460/1460/174
s 8
f 1461/1461/174 1460/1460/174 1462/1462/174
s 9
f 1463/1463/174 1462/1462/174 1464/1464/174
s 10
f 1465/1465/174 1464/1464/174 1466/1466/174
s 11
f 1467/1467/174 1466/1466/174 1468/1468/174
s 12
f 1469/1469/174 1468/1468/174 1470/1470/174
s 13
f 1471/1471/174 1470/1470/174 1472/1472/174
s 14
f 1473/1473/174 1472/1472/174 1474/1474/174
s 15
f 1475/1475/174 1474/1474/174 1476/1476/174
s 16
f 1477/1477/174 1476/1476/174 1478/1478/174
s 17
f 1479/1479/174 1478/1478/174 1480/1480/174
s 18
f 1481/1481/174 1480/1480/174 1482/1482/174
s 19
f 1483/1483/174 1482/1482/174 1484/1484/174
s 20
f 1485/1485/174 1484/1484/174 1447/1447/174
s 21
f 1486/1486/174 1487/1487/174 1489/1488/174
f 1487/1487/174 1488/1489/174 1489/1488/174
s 22
f 1490/1490/174 1491/1491/174 1493/1492/174
f 1491/1491/174 1492/1493/174 1493/1492/174
s 23
f 1494/1494/174 1492/1493/174 1496/1495/174
f 1492/1493/174 1495/1496/174 1496/1495/174
s 24
f 1497/1497/174 1495/1496/174 1499/1498/174
f 1495/1496/174 1498/1499/174 1499/1498/174
s 25
f 1500/1500/174 1498/1499/174 1502/1501/174
f 1498/1499/174 1501/1502/174 1502/1501/174
s 26
f 1503/1503/174 1501/1502/174 1504/1504/174
f 1503/1503/174 1504/1504/174 1505/1505/174
s 27
f 1506/1506/174 1504/1504/174 1507/1507/174
f 1506/1506/174 1507/1507/174 1508/1508/174
s 28
f 1509/1509/174 1507/1507/174 1510/1510/174
f 1509/1509/174 1510/1510/174 1511/1511/174
s 29
f 1512/1512/174 1510/1510/174 1513/1513/174
f 1512/1512/174 1513/1513/174 1514/1514/174
s 30
f 1515/1515/174 1513/1513/174 1516/1516/174
f 1515/1515/174 1516/1516/174 1517/1517/174
s 31
f 1518/1518/174 1516/1516/174 1520/1519/174
f 1516/1516/174 1519/1520/174 1520/1519/174
s 32
f 1521/1521/174 1519/1520/174 1523/1522/174
f 1519/1520/174 1522/1523/174 1523/1522/174
s 33
f 1524/1524/174 1522/1523/174 1526/1525/174
f 1522/1523/174 1525/1526/174 1526/1525/174
s 34
f 1527/1527/174 1525/1526/174 1529/1528/174
f 1525/1526/174 1528/1529/174 1529/1528/174
s 35
f 1530/1530/174 1528/1529/174 1532/1531/174
f 1528/1529/174 1531/1532/174 1532/1531/174
s 36
f 1533/1533/174 1531/1532/174 1534/1534/174
f 1533/1533/174 1534/1534/174 1535/1535/174
s 37
f 1536/1536/174 1534/1534/174 1537/1537/174
f 1536/1536/174 1537/1537/174 1538/1538/174
s 38
f 1539/1539/174 1537/1537/174 1540/1540/174
f 1539/1539/174 1540/1540/174 1541/1541/174
s 39
f 1542/1542/174 1540/1540/174 1543/1543/174
f 1542/1542/174 1543/1543/174 1544/1544/174
s 40
f 1545/1545/174 1543/1543/174 1489/1488/174
f 1545/1545/174 1489/1488/174 1546/1546/174
s 41
f 1547/1547/174 1548/1548/174 1550/1549/174
f 1548/1548/174 1549/1550/174 1550/1549/174
s 42
f 1551/1551/174 1552/1552/174 1554/1553/174
f 1552/1552/174 1553/1554/174 1554/1553/174
s 43
f 1555/1555/174 1553/1554/174 1557/1556/174
f 1553/1554/174 1556/1557/174 1557/1556/174
s 44
f 1558/1558/174 1556/1557/174 1560/1559/174
f 1556/1557/174 1559/1560/174 1560/1559/174
s 45
f 1561/1561/174 1559/1560/174 1563/1562/174
f 1559/1560/174 1562/1563/174 1563/1562/174
s 46
f 1564/1564/174 1562/1563/174 1565/1565/174
f 1564/1564/174 1565/1565/174 1566/1566/174
s 47
f 1567/1567/174 1565/1565/174 1568/1568/174
f 1567/1567/174 1568/1568/174 1569/1569/174
s 48
f 1570/1570/174 1568/1568/174 1571/1571/174
f 1570/1570/174 1571/1571/174 1572/1572/174
s 49
f 1573/1573/174 1571/1571/174 1574/1574/174
f 1573/1573/174 1574/1574/174 1575/1575/174
s 50
f 1576/1576/174 1574/1574/174 1577/1577/174
f 1576/1576/174 1577/1577/174 1578/1578/174
s 51
f 1579/1579/174 1577/1577/174 1581/1580/174
f 1577/1577/174 1580/1581/174 1581/1580/174
s 52
f 1582/1582/174 1580/1581/174 1584/1583/174
f 1580/1581/174 1583/1584/174 1584/1583/174
s 53
f 1585/1585/174 1583/1584/174 1587/1586/174
f 1583/1584/174 1586/1587/174 1587/1586/174
s 54
f 1588/1588/174 1586/1587/174 1590/1589/174
f 1586/1587/174 1589/1590/174 1590/1589/174
s 55
f 1591/1591/174 1589/1590/174 1593/1592/174
f 1589/1590/174 1592/1593/174 1593/1592/174
s 56
f 1594/1594/174 1592/1593/174 1595/1595/174
f 1594/1594/174 1595/1595/174 1596/1596/174
s 57
f 1597/1597/174 1595/1595/174 1598/1598/174
f 1597/1597/174 1598/1598/174 1599/1599/174
s 58
f 1600/1600/174 1598/1598/174 1601/1601/174
f 1600/1600/174 1601/1601/174 1602/1602/174
s 59
f 1603/1603/174 1601/1601/174 1604/1604/174
f 1603/1603/174 1604/1604/174 1605/1605/174
s 60
f 1606/1606/174 1604/1604/174 1550/1549/174
f 1606/1606/174 1550/1549/174 1607/1607/174
s 61
f 1608/1608/174 1609/1609/174 1611/1610/174
f 1609/1609/174 1610/1611/174 1611/1610/174
s 62
f 1612/1612/174 1613/1613/174 1615/1614/174
f 1613/1613/174 1614/1615/174 1615/1614/174
s 63
f 1616/1616/174 1614/1615/174 1618/1617/174
f 1614/1615/174 1617/1618/174 1618/1617/174
s 64
f 1619/1619/174 1617/1618/174 1621/1620/174
f 1617/1618/174 1620/1621/174 1621/1620/174
s 65
f 1622/1622/174 1620/1621/174 1624/1623/174
f 1620/1621/174 1623/1624/174 1624/1623/174
s 66
f 1625/1625/174 1623/1624/174 1626/1626/174
f 1625/1625/174 1626/1626/174 1627/1627/174
s 67
f 1628/1628/174 1626/1626/174 1629/1629/174
f 1628/1628/174 1629/1629/174 1630/1630/174
s 68
f 1631/1631/174 1629/1629/174 1632/1632/174
f 1631/1631/174 1632/1632/174 1633/1633/174
s 69
f 1634/1634/174 1632/1632/174 1635/1635/174
f 1634/1634/174 1635/1635/174 1636/1636/174
s 70
f 1637/1637/174 1635/1635/174 1638/1638/174
f 1637/1637/174 1638/1638/174 1639/1639/174
s 71
f 1640/1640/174 1638/1638/174 1642/1641/174
f 1638/1638/174 1641/1642/174 1642/1641/174
s 72
f 1643/1643/174 1641/1642/174 1645/1644/174
f 1641/1642/174 1644/1645/174 1645/1644/174
s 73
f 1646/1646/174 1644/1645/174 1648/1647/174
f 1644/1645/174 1647/1648/174 1648/1647/174
s 74
f 1649/1649/174 1647/1648/174 1651/1650/174
f 1647/1648/174 1650/1651/174 1651/1650/174
s 75
f 1652/1652/174 1650/1651/174 1654/1653/174
f 1650/1651/174 1653/1654/174 1654/1653/174
s 76
f 1655/1655/174 1653/1654/174 1656/1656/174
f 1655/1655/174 1656/1656/174 1657/1657/174
s 77
f 1658/1658/174 1656/1656/174 1659/1659/174
f 1658/1658/174 1659/1659/174 1660/1660/174
s 78
f 1661/1661/174 1659/1659/174 1662/1662/174
f 1661/1661/174 1662/1662/174 1663/1663/174
s 79
f 1664/1664/174 1662/1662/174 1665/1665/174
f 1664/1664/174 1665/1665/174 1666/1666/174
s 80
f 1667/1667/174 1665/1665/174 1611/1610/174
f 1667/1667/174 1611/1610/174 1668/1668/174
s 81
f 1669/1669/174 1670/1670/174 1672/1671/174
f 1670/1670/174 1671/1672/174 1672/1671/174
s 82
f 1673/1673/174 1674/1674/174 1676/1675/174
f 1674/1674/174 1675/1676/174 1676/1675/174
s 83
f 1677/1677/174 1675/1676/174 1679/1678/174
f 1675/1676/174 1678/1679/174 1679/1678/174
s 84
f 1680/1680/174 1678/1679/174 1682/1681/174
f 1678/1679/174 1681/1682/174 1682/1681/174
s 85
f 1683/1683/174 1681/1682/174 1685/1684/174
f 1681/1682/174 1684/1685/174 1685/1684/174
s 86
f 1686/1686/174 1684/1685/174 1687/1687/174
f 1686/1686/174 1687/1687/174 1688/1688/174
s 87
f 1689/1689/174 1687/1687/174 1690/1690/174
f 1689/1689/174 1690/1690/174 1691/1691/174
s 88
f 1692/1692/174 1690/1690/174 1693/1693/174
f 1692/1692/174 1693/1693/174 1694/1694/174
s 89
f 1695/1695/174 1693/1693/174 1696/1696/174
f 1695/1695/174 1696/1696/174 1697/1697/174
s 90
f 1698/1698/174 1696/1696/174 1699/1699/174
f 1698/1698/174 1699/1699/174 1700/1700/174
s 91
f 1701/1701/174 1699/1699/174 1703/1702/174
f 1699/1699/174 1702/1703/174 1703/1702/174
s 92
f 1704/1704/174 1702/1703/174 1706/1705/174
f 1702/1703/174 1705/1706/174 1706/1705/174
s 93
f 1707/1707/174 1705/1706/174 1709/1708/174
f 1705/1706/174 1708/1709/174 1709/1708/174
s 94
f 1710/1710/174 1708/1709/174 1712/1711/174
f 1708/1709/174 1711/1712/174 1712/1711/174
s 95
f 1713/1713/174 1711/1712/174 1715/1714/174
f 1711/1712/174 1714/1715/174 1715/1714/174
s 96
f 1716/1716/174 1714/1715/174 1717/1717/174
f 1716/1716/174 1717/1717/174 1718/1718/174
s 97
f 1719/1719/174 1717/1717/174 1720/1720/174
f 1719/1719/174 1720/1720/174 1721/1721/174
s 98
f 1722/1722/174 1720/1720/174 1723/1723/174
f 1722/1722/174 1723/1723/174 1724/1724/174
s 99
f 1725/1725/174 1723/1723/174 1726/1726/174
f 1725/1725/174 1726/1726/174 1727/1727/174
s 100
f 1728/1728/174 1726/1726/174 1672/1671/174
f 1728/1728/174 1672/1671/174 1729/1729/174
o CHEOPS_LowPoly_pCylinder42_Mesh.007
v -786.308777 -15.595886 388.926758
v -810.316040 36.764313 336.792908
v -810.316040 -18.171371 391.728638
v -810.316040 36.764313 336.792908
v -786.308777 -15.595886 388.926758
v -764.651489 -7.894958 381.021637
v -810.316040 36.764313 336.792908
v -747.464233 4.177582 368.787018
v -810.316040 36.764313 336.792908
v -736.429321 19.439850 353.420715
v -810.316040 36.764313 336.792908
v -732.626892 36.398102 336.426666
v -810.316040 36.764313 336.792908
v -738.126709 52.906189 319.970428
v -810.316040 36.764313 336.792908
v -749.092651 64.936432 308.043579
v -810.316040 36.764313 336.792908
v -766.468262 73.026367 300.117462
v -810.316040 36.764313 336.792908
v -790.869446 78.055359 295.318542
v -810.316040 36.764313 336.792908
v -816.529419 77.838440 295.777405
v -810.316040 36.764313 336.792908
v -837.037537 78.436188 295.373016
v -810.316040 36.764313 336.792908
v -854.618530 75.334442 298.640533
v -810.316040 36.764313 336.792908
v -873.012390 67.732178 306.416229
v -810.316040 36.764313 336.792908
v -884.202820 54.088776 320.165161
v -810.316040 36.764313 336.792908
v -888.005188 37.130615 337.159149
v -810.316040 36.764313 336.792908
v -884.202820 20.136536 354.117340
v -810.316040 36.764313 336.792908
v -873.167847 4.770233 369.379608
v -810.316040 36.764313 336.792908
v -855.980591 -7.464325 381.452118
v -810.316040 36.764313 336.792908
v -834.323303 -15.369507 389.153107
v -810.316040 36.764313 336.792908
v -785.821411 3.998230 407.834503
v -793.543457 19.834320 392.071167
v -810.134521 18.165680 393.896240
v -810.134521 1.552887 410.509064
v -793.543457 19.834320 392.071167
v -785.821411 3.998230 407.834503
v -763.888245 11.324249 400.301636
v -778.576538 24.833527 386.930817
v -778.576538 24.833527 386.930817
v -746.481934 22.813904 388.647888
v -766.698669 32.673950 378.978424
v -766.698669 32.673950 378.978424
v -735.306458 37.342316 374.014099
v -759.072632 42.588013 368.992462
v -759.072632 42.588013 368.992462
v -731.455627 53.487518 357.832581
v -756.444824 53.605316 357.950378
v -756.444824 53.605316 357.950378
v -735.306458 69.669006 341.687439
v -759.072632 64.647369 346.933105
v -759.072632 64.647369 346.933105
v -746.481995 84.302795 327.159058
v -766.698730 74.633331 337.019073
v -766.698730 74.633331 337.019073
v -763.888245 95.956543 315.669434
v -778.576538 82.585724 329.178711
v -778.576538 82.585724 329.178711
v -785.821411 101.789429 310.043335
v -793.543518 87.726044 324.179474
v -793.543518 87.726044 324.179474
v -810.134521 102.611816 309.450195
v -810.134521 89.551147 322.510803
v -810.134521 89.551147 322.510803
v -834.447632 102.018677 310.272583
v -826.725525 87.882477 324.335907
v -826.725525 87.882477 324.335907
v -856.380798 96.392578 316.105469
v -841.692505 82.883270 329.476257
v -841.692505 82.883270 329.476257
v -873.787048 84.902954 327.759216
v -853.570312 75.042877 337.428619
v -853.570312 75.042877 337.428619
v -884.962585 70.374542 342.392944
v -861.196411 65.128815 347.414551
v -861.196411 65.128815 347.414551
v -888.813354 54.229340 358.574432
v -863.824158 54.111542 358.456604
v -863.824158 54.111542 358.456604
v -884.962585 38.047852 374.719604
v -861.196350 43.069458 369.473877
v -861.196350 43.069458 369.473877
v -873.787048 23.414093 389.248016
v -853.570312 33.083496 379.387939
v -853.570312 33.083496 379.387939
v -856.380798 11.760376 400.737610
v -841.692505 25.131104 387.228363
v -841.692505 25.131104 387.228363
v -834.447632 4.227478 408.063721
v -826.725525 19.990784 392.227539
v -826.725525 19.990784 392.227539
v -810.134521 18.165680 393.896240
v -785.664124 20.679474 424.515747
v -793.386230 36.515564 408.752441
v -809.977234 34.846954 410.577515
v -809.977234 18.234161 427.190308
v -793.386230 36.515564 408.752441
v -785.664124 20.679474 424.515747
v -763.730957 28.005524 416.982910
v -778.419250 41.514801 403.612091
v -778.419250 41.514801 403.612091
v -746.324707 39.495178 405.329163
v -766.541382 49.355194 395.659698
v -766.541382 49.355194 395.659698
v -735.149170 54.023590 390.695374
v -758.915344 59.269257 385.673706
v -758.915344 59.269257 385.673706
v -731.298340 70.168793 374.513855
v -756.287598 70.286560 374.631653
v -756.287598 70.286560 374.631653
v -735.149170 86.350250 358.368744
v -758.915405 81.328613 363.614410
v -758.915405 81.328613 363.614410
v -746.324707 100.984070 343.840332
v -766.541382 91.314545 353.700348
v -766.541382 91.314545 353.700348
v -763.730957 112.637817 332.350708
v -778.419312 99.266968 345.859955
v -778.419312 99.266968 345.859955
v -785.664124 119.794434 325.400879
v -793.386230 104.407318 340.860748
v -793.386230 104.407318 340.860748
v -809.977234 120.993042 324.431519
v -809.977234 106.232422 339.192078
v -809.977234 106.232422 339.192078
v -834.290344 120.399902 325.253906
v -826.568237 104.563751 341.017181
v -826.568237 104.563751 341.017181
v -856.223511 113.073853 332.786743
v -841.535217 99.564514 346.157501
v -841.535217 99.564514 346.157501
v -873.629761 101.584229 344.440491
v -853.413025 91.724091 354.109894
v -853.413025 91.724091 354.109894
v -884.805298 87.055786 359.074249
v -861.039124 81.810059 364.095856
v -861.039124 81.810059 364.095856
v -888.656128 70.910614 375.255707
v -863.666870 70.792786 375.137878
v -863.666870 70.792786 375.137878
v -884.805298 54.729126 391.400879
v -861.039062 59.750732 386.155151
v -861.039062 59.750732 386.155151
v -873.629761 40.095367 405.929291
v -853.413025 49.764771 396.069214
v -853.413025 49.764771 396.069214
v -856.223511 28.441620 417.418884
v -841.535217 41.812378 403.909607
v -841.535217 41.812378 403.909607
v -834.290344 20.908752 424.744965
v -826.568237 36.672058 408.908813
v -826.568237 36.672058 408.908813
v -809.977234 34.846954 410.577515
v -785.386902 50.081787 453.918060
v -793.109009 65.917877 438.154755
v -809.700012 64.249237 439.979797
v -809.700012 47.636475 456.592621
v -793.109009 65.917877 438.154755
v -785.386902 50.081787 453.918060
v -763.453735 57.407837 446.385223
v -778.142029 70.917114 433.014404
v -778.142029 70.917114 433.014404
v -746.047485 68.897491 434.731445
v -766.264160 78.757538 425.062012
v -766.264160 78.757538 425.062012
v -734.871948 83.425873 420.097717
v -758.638123 88.671600 415.076050
v -758.638123 88.671600 415.076050
v -731.021118 99.571075 403.916199
v -756.010376 99.688873 404.033997
v -756.010376 99.688873 404.033997
v -734.871948 115.752563 387.771027
v -758.638123 110.730927 393.016724
v -758.638123 110.730927 393.016724
v -746.047485 130.386322 373.242645
v -766.264160 120.716888 383.102692
v -766.264160 120.716888 383.102692
v -763.453735 142.040070 361.753021
v -778.142090 128.669281 375.262268
v -778.142090 128.669281 375.262268
v -785.386902 149.572906 354.426971
v -793.109009 133.809601 370.263062
v -793.109009 133.809601 370.263062
v -809.700012 152.247528 351.981598
v -809.700012 135.634705 368.594391
v -809.700012 135.634705 368.594391
v -834.013123 149.802155 354.656219
v -826.291016 133.966034 370.419495
v -826.291016 133.966034 370.419495
v -855.946289 142.476105 362.189056
v -841.257996 128.966827 375.559845
v -841.257996 128.966827 375.559845
v -873.352539 130.986481 373.842804
v -853.135803 121.126434 383.512207
v -853.135803 121.126434 383.512207
v -884.528076 116.458099 388.476562
v -860.761902 111.212372 393.498169
v -860.761902 111.212372 393.498169
v -888.378906 100.312927 404.658020
v -863.389648 100.195099 404.540222
v -863.389648 100.195099 404.540222
v -884.528076 84.131439 420.803223
v -860.761841 89.153046 415.557495
v -860.761841 89.153046 415.557495
v -873.352539 69.497650 435.331573
v -853.135803 79.167084 425.471527
v -853.135803 79.167084 425.471527
v -855.946289 57.843933 446.821198
v -841.257996 71.214691 433.311920
v -841.257996 71.214691 433.311920
v -834.013123 50.311066 454.147278
v -826.291016 66.074371 438.311127
v -826.291016 66.074371 438.311127
v -809.700012 64.249237 439.979797
v -785.062988 84.433197 488.269501
v -792.785095 100.269287 472.506195
v -809.376099 98.600677 474.331268
v -809.376099 81.987885 490.944061
v -792.785095 100.269287 472.506195
v -785.062988 84.433197 488.269501
v -763.129822 91.759247 480.736664
v -777.818115 105.268524 467.365845
v -777.818115 105.268524 467.365845
v -745.723572 103.248871 469.082886
v -765.940308 113.108917 459.413452
v -765.940308 113.108917 459.413452
v -734.548096 117.777283 454.449127
v -758.314209 123.022980 449.427460
v -758.314209 123.022980 449.427460
v -730.697266 133.922485 438.267609
v -755.686462 134.040314 438.385406
v -755.686462 134.040314 438.385406
v -734.548096 150.103973 422.122437
v -758.314209 145.082336 427.368134
v -758.314209 145.082336 427.368134
v -745.723572 164.737762 407.594025
v -765.940308 155.068268 417.454102
v -765.940308 155.068268 417.454102
v -763.129883 176.391510 396.104401
v -777.818176 163.020660 409.613678
v -777.818176 163.020660 409.613678
v -785.062988 183.924316 388.778381
v -792.785156 168.160980 404.614471
v -792.785156 168.160980 404.614471
v -809.376099 186.598938 386.333008
v -809.376099 169.986115 402.945801
v -809.376099 169.986115 402.945801
v -833.689209 184.153564 389.007629
v -825.967102 168.317413 404.770905
v -825.967102 168.317413 404.770905
v -855.622437 176.827545 396.540466
v -840.934082 163.318207 409.911224
v -840.934082 163.318207 409.911224
v -873.028687 165.337921 408.194183
v -852.811951 155.477814 417.863617
v -852.811951 155.477814 417.863617
v -884.204163 150.809509 422.827972
v -860.438049 145.563782 427.849579
v -860.438049 145.563782 427.849579
v -888.054993 134.664337 439.009430
v -863.065735 134.546539 438.891632
v -863.065735 134.546539 438.891632
v -884.204163 118.482849 455.154633
v -860.437988 123.504456 449.908905
v -860.437988 123.504456 449.908905
v -873.028687 103.849091 469.683014
v -852.811951 113.518494 459.822968
v -852.811951 113.518494 459.822968
v -855.622375 92.195343 481.172638
v -840.934082 105.566071 467.663361
v -840.934082 105.566071 467.663361
v -833.689209 84.662445 488.498718
v -825.967102 100.425751 472.662567
v -825.967102 100.425751 472.662567
v -809.376099 98.600677 474.331268
vt 0.625000 0.684727
vt 0.618750 0.688440
vt 0.612500 0.684727
vt 0.381250 0.688440
vt 0.375000 0.684727
vt 0.387500 0.684727
vt 0.393750 0.688440
vt 0.400000 0.684727
vt 0.406250 0.688440
vt 0.412500 0.684727
vt 0.418750 0.688440
vt 0.425000 0.684727
vt 0.431250 0.688440
vt 0.437500 0.684727
vt 0.443750 0.688440
vt 0.450000 0.684727
vt 0.456250 0.688440
vt 0.462500 0.684727
vt 0.468750 0.688440
vt 0.475000 0.684727
vt 0.481250 0.688440
vt 0.487500 0.684727
vt 0.493750 0.688440
vt 0.500000 0.684727
vt 0.506250 0.688440
vt 0.512500 0.684727
vt 0.518750 0.688440
vt 0.525000 0.684727
vt 0.531250 0.688440
vt 0.537500 0.684726
vt 0.543750 0.688440
vt 0.550000 0.684727
vt 0.556250 0.688440
vt 0.562500 0.684727
vt 0.568750 0.688440
vt 0.575000 0.684727
vt 0.581250 0.688440
vt 0.587500 0.684727
vt 0.593750 0.688440
vt 0.600000 0.684727
vt 0.606250 0.688440
vt 0.625000 0.684727
vt 0.624875 0.688440
vt 0.612500 0.684727
vt 0.612625 0.688440
vt 0.375125 0.688440
vt 0.375000 0.684727
vt 0.387375 0.688440
vt 0.387500 0.684727
vt 0.387625 0.688440
vt 0.399875 0.688440
vt 0.400000 0.684727
vt 0.400125 0.688440
vt 0.412375 0.688440
vt 0.412500 0.684727
vt 0.412625 0.688440
vt 0.424875 0.688440
vt 0.425000 0.684727
vt 0.425125 0.688440
vt 0.437500 0.684727
vt 0.437375 0.688440
vt 0.437625 0.688440
vt 0.450000 0.684727
vt 0.449875 0.688440
vt 0.450125 0.688440
vt 0.462500 0.684727
vt 0.462375 0.688440
vt 0.462625 0.688440
vt 0.475000 0.684727
vt 0.474875 0.688440
vt 0.475125 0.688440
vt 0.487500 0.684727
vt 0.487375 0.688440
vt 0.487625 0.688440
vt 0.499875 0.688440
vt 0.500000 0.684727
vt 0.500125 0.688440
vt 0.512375 0.688440
vt 0.512500 0.684727
vt 0.512625 0.688440
vt 0.524875 0.688440
vt 0.525000 0.684727
vt 0.525125 0.688440
vt 0.537375 0.688440
vt 0.537500 0.684726
vt 0.537625 0.688440
vt 0.549875 0.688440
vt 0.550000 0.684727
vt 0.550125 0.688440
vt 0.562500 0.684727
vt 0.562375 0.688440
vt 0.562625 0.688440
vt 0.575000 0.684727
vt 0.574875 0.688440
vt 0.575125 0.688440
vt 0.587500 0.684727
vt 0.587375 0.688440
vt 0.587625 0.688440
vt 0.600000 0.684727
vt 0.599875 0.688440
vt 0.600125 0.688440
vt 0.612375 0.688440
vt 0.625000 0.684727
vt 0.624875 0.688440
vt 0.612500 0.684727
vt 0.612625 0.688440
vt 0.375125 0.688440
vt 0.375000 0.684727
vt 0.387375 0.688440
vt 0.387500 0.684727
vt 0.387625 0.688440
vt 0.399875 0.688440
vt 0.400000 0.684727
vt 0.400125 0.688440
vt 0.412375 0.688440
vt 0.412500 0.684727
vt 0.412625 0.688440
vt 0.424875 0.688440
vt 0.425000 0.684727
vt 0.425125 0.688440
vt 0.437500 0.684727
vt 0.437375 0.688440
vt 0.437625 0.688440
vt 0.450000 0.684727
vt 0.449875 0.688440
vt 0.450125 0.688440
vt 0.462500 0.684727
vt 0.462375 0.688440
vt 0.462625 0.688440
vt 0.475000 0.684727
vt 0.474875 0.688440
vt 0.475125 0.688440
vt 0.487500 0.684727
vt 0.487375 0.688440
vt 0.487625 0.688440
vt 0.499875 0.688440
vt 0.500000 0.684727
vt 0.500125 0.688440
vt 0.512375 0.688440
vt 0.512500 0.684727
vt 0.512625 0.688440
vt 0.524875 0.688440
vt 0.525000 0.684727
vt 0.525125 0.688440
vt 0.537375 0.688440
vt 0.537500 0.684726
vt 0.537625 0.688440
vt 0.549875 0.688440
vt 0.550000 0.684727
vt 0.550125 0.688440
vt 0.562500 0.684727
vt 0.562375 0.688440
vt 0.562625 0.688440
vt 0.575000 0.684727
vt 0.574875 0.688440
vt 0.575125 0.688440
vt 0.587500 0.684727
vt 0.587375 0.688440
vt 0.587625 0.688440
vt 0.600000 0.684727
vt 0.599875 0.688440
vt 0.600125 0.688440
vt 0.612375 0.688440
vt 0.625000 0.684727
vt 0.624875 0.688440
vt 0.612500 0.684727
vt 0.612625 0.688440
vt 0.375125 0.688440
vt 0.375000 0.684727
vt 0.387375 0.688440
vt 0.387500 0.684727
vt 0.387625 0.688440
vt 0.399875 0.688440
vt 0.400000 0.684727
vt 0.400125 0.688440
vt 0.412375 0.688440
vt 0.412500 0.684727
vt 0.412625 0.688440
vt 0.424875 0.688440
vt 0.425000 0.684727
vt 0.425125 0.688440
vt 0.437500 0.684727
vt 0.437375 0.688440
vt 0.437625 0.688440
vt 0.450000 0.684727
vt 0.449875 0.688440
vt 0.450125 0.688440
vt 0.462500 0.684727
vt 0.462375 0.688440
vt 0.462625 0.688440
vt 0.475000 0.684727
vt 0.474875 0.688440
vt 0.475125 0.688440
vt 0.487500 0.684727
vt 0.487375 0.688440
vt 0.487625 0.688440
vt 0.499875 0.688440
vt 0.500000 0.684727
vt 0.500125 0.688440
vt 0.512375 0.688440
vt 0.512500 0.684727
vt 0.512625 0.688440
vt 0.524875 0.688440
vt 0.525000 0.684727
vt 0.525125 0.688440
vt 0.537375 0.688440
vt 0.537500 0.684726
vt 0.537625 0.688440
vt 0.549875 0.688440
vt 0.550000 0.684727
vt 0.550125 0.688440
vt 0.562500 0.684727
vt 0.562375 0.688440
vt 0.562625 0.688440
vt 0.575000 0.684727
vt 0.574875 0.688440
vt 0.575125 0.688440
vt 0.587500 0.684727
vt 0.587375 0.688440
vt 0.587625 0.688440
vt 0.600000 0.684727
vt 0.599875 0.688440
vt 0.600125 0.688440
vt 0.612375 0.688440
vt 0.625000 0.684727
vt 0.624875 0.688440
vt 0.612500 0.684727
vt 0.612625 0.688440
vt 0.375125 0.688440
vt 0.375000 0.684727
vt 0.387375 0.688440
vt 0.387500 0.684727
vt 0.387625 0.688440
vt 0.399875 0.688440
vt 0.400000 0.684727
vt 0.400125 0.688440
vt 0.412375 0.688440
vt 0.412500 0.684727
vt 0.412625 0.688440
vt 0.424875 0.688440
vt 0.425000 0.684727
vt 0.425125 0.688440
vt 0.437500 0.684727
vt 0.437375 0.688440
vt 0.437625 0.688440
vt 0.450000 0.684727
vt 0.449875 0.688440
vt 0.450125 0.688440
vt 0.462500 0.684727
vt 0.462375 0.688440
vt 0.462625 0.688440
vt 0.475000 0.684727
vt 0.474875 0.688440
vt 0.475125 0.688440
vt 0.487500 0.684727
vt 0.487375 0.688440
vt 0.487625 0.688440
vt 0.499875 0.688440
vt 0.500000 0.684727
vt 0.500125 0.688440
vt 0.512375 0.688440
vt 0.512500 0.684727
vt 0.512625 0.688440
vt 0.524875 0.688440
vt 0.525000 0.684727
vt 0.525125 0.688440
vt 0.537375 0.688440
vt 0.537500 0.684726
vt 0.537625 0.688440
vt 0.549875 0.688440
vt 0.550000 0.684727
vt 0.550125 0.688440
vt 0.562500 0.684727
vt 0.562375 0.688440
vt 0.562625 0.688440
vt 0.575000 0.684727
vt 0.574875 0.688440
vt 0.575125 0.688440
vt 0.587500 0.684727
vt 0.587375 0.688440
vt 0.587625 0.688440
vt 0.600000 0.684727
vt 0.599875 0.688440
vt 0.600125 0.688440
vt 0.612375 0.688440
vn 0.0067 0.7071 0.7071
usemtl solarpanels.001
s 1
f 1730/1730/175 1731/1731/175 1732/1732/175
s 2
f 1733/1733/175 1734/1734/175 1735/1735/175
s 3
f 1736/1736/175 1735/1735/175 1737/1737/175
s 4
f 1738/1738/175 1737/1737/175 1739/1739/175
s 5
f 1740/1740/175 1739/1739/175 1741/1741/175
s 6
f 1742/1742/175 1741/1741/175 1743/1743/175
s 7
f 1744/1744/175 1743/1743/175 1745/1745/175
s 8
f 1746/1746/175 1745/1745/175 1747/1747/175
s 9
f 1748/1748/175 1747/1747/175 1749/1749/175
s 10
f 1750/1750/175 1749/1749/175 1751/1751/175
s 11
f 1752/1752/175 1751/1751/175 1753/1753/175
s 12
f 1754/1754/175 1753/1753/175 1755/1755/175
s 13
f 1756/1756/175 1755/1755/175 1757/1757/175
s 14
f 1758/1758/175 1757/1757/175 1759/1759/175
s 15
f 1760/1760/175 1759/1759/175 1761/1761/175
s 16
f 1762/1762/175 1761/1761/175 1763/1763/175
s 17
f 1764/1764/175 1763/1763/175 1765/1765/175
s 18
f 1766/1766/175 1765/1765/175 1767/1767/175
s 19
f 1768/1768/175 1767/1767/175 1769/1769/175
s 20
f 1770/1770/175 1769/1769/175 1732/1732/175
s 21
f 1771/1771/175 1772/1772/175 1774/1773/175
f 1772/1772/175 1773/1774/175 1774/1773/175
s 22
f 1775/1775/175 1776/1776/175 1778/1777/175
f 1776/1776/175 1777/1778/175 1778/1777/175
s 23
f 1779/1779/175 1777/1778/175 1781/1780/175
f 1777/1778/175 1780/1781/175 1781/1780/175
s 24
f 1782/1782/175 1780/1781/175 1784/1783/175
f 1780/1781/175 1783/1784/175 1784/1783/175
s 25
f 1785/1785/175 1783/1784/175 1787/1786/175
f 1783/1784/175 1786/1787/175 1787/1786/175
s 26
f 1788/1788/175 1786/1787/175 1789/1789/175
f 1788/1788/175 1789/1789/175 1790/1790/175
s 27
f 1791/1791/175 1789/1789/175 1792/1792/175
f 1791/1791/175 1792/1792/175 1793/1793/175
s 28
f 1794/1794/175 1792/1792/175 1795/1795/175
f 1794/1794/175 1795/1795/175 1796/1796/175
s 29
f 1797/1797/175 1795/1795/175 1798/1798/175
f 1797/1797/175 1798/1798/175 1799/1799/175
s 30
f 1800/1800/175 1798/1798/175 1801/1801/175
f 1800/1800/175 1801/1801/175 1802/1802/175
s 31
f 1803/1803/175 1801/1801/175 1805/1804/175
f 1801/1801/175 1804/1805/175 1805/1804/175
s 32
f 1806/1806/175 1804/1805/175 1808/1807/175
f 1804/1805/175 1807/1808/175 1808/1807/175
s 33
f 1809/1809/175 1807/1808/175 1811/1810/175
f 1807/1808/175 1810/1811/175 1811/1810/175
s 34
f 1812/1812/175 1810/1811/175 1814/1813/175
f 1810/1811/175 1813/1814/175 1814/1813/175
s 35
f 1815/1815/175 1813/1814/175 1817/1816/175
f 1813/1814/175 1816/1817/175 1817/1816/175
s 36
f 1818/1818/175 1816/1817/175 1819/1819/175
f 1818/1818/175 1819/1819/175 1820/1820/175
s 37
f 1821/1821/175 1819/1819/175 1822/1822/175
f 1821/1821/175 1822/1822/175 1823/1823/175
s 38
f 1824/1824/175 1822/1822/175 1825/1825/175
f 1824/1824/175 1825/1825/175 1826/1826/175
s 39
f 1827/1827/175 1825/1825/175 1828/1828/175
f 1827/1827/175 1828/1828/175 1829/1829/175
s 40
f 1830/1830/175 1828/1828/175 1774/1773/175
f 1830/1830/175 1774/1773/175 1831/1831/175
s 41
f 1832/1832/175 1833/1833/175 1835/1834/175
f 1833/1833/175 1834/1835/175 1835/1834/175
s 42
f 1836/1836/175 1837/1837/175 1839/1838/175
f 1837/1837/175 1838/1839/175 1839/1838/175
s 43
f 1840/1840/175 1838/1839/175 1842/1841/175
f 1838/1839/175 1841/1842/175 1842/1841/175
s 44
f 1843/1843/175 1841/1842/175 1845/1844/175
f 1841/1842/175 1844/1845/175 1845/1844/175
s 45
f 1846/1846/175 1844/1845/175 1848/1847/175
f 1844/1845/175 1847/1848/175 1848/1847/175
s 46
f 1849/1849/175 1847/1848/175 1850/1850/175
f 1849/1849/175 1850/1850/175 1851/1851/175
s 47
f 1852/1852/175 1850/1850/175 1853/1853/175
f 1852/1852/175 1853/1853/175 1854/1854/175
s 48
f 1855/1855/175 1853/1853/175 1856/1856/175
f 1855/1855/175 1856/1856/175 1857/1857/175
s 49
f 1858/1858/175 1856/1856/175 1859/1859/175
f 1858/1858/175 1859/1859/175 1860/1860/175
s 50
f 1861/1861/175 1859/1859/175 1862/1862/175
f 1861/1861/175 1862/1862/175 1863/1863/175
s 51
f 1864/1864/175 1862/1862/175 1866/1865/175
f 1862/1862/175 1865/1866/175 1866/1865/175
s 52
f 1867/1867/175 1865/1866/175 1869/1868/175
f 1865/1866/175 1868/1869/175 1869/1868/175
s 53
f 1870/1870/175 1868/1869/175 1872/1871/175
f 1868/1869/175 1871/1872/175 1872/1871/175
s 54
f 1873/1873/175 1871/1872/175 1875/1874/175
f 1871/1872/175 1874/1875/175 1875/1874/175
s 55
f 1876/1876/175 1874/1875/175 1878/1877/175
f 1874/1875/175 1877/1878/175 1878/1877/175
s 56
f 1879/1879/175 1877/1878/175 1880/1880/175
f 1879/1879/175 1880/1880/175 1881/1881/175
s 57
f 1882/1882/175 1880/1880/175 1883/1883/175
f 1882/1882/175 1883/1883/175 1884/1884/175
s 58
f 1885/1885/175 1883/1883/175 1886/1886/175
f 1885/1885/175 1886/1886/175 1887/1887/175
s 59
f 1888/1888/175 1886/1886/175 1889/1889/175
f 1888/1888/175 1889/1889/175 1890/1890/175
s 60
f 1891/1891/175 1889/1889/175 1835/1834/175
f 1891/1891/175 1835/1834/175 1892/1892/175
s 61
f 1893/1893/175 1894/1894/175 1896/1895/175
f 1894/1894/175 1895/1896/175 1896/1895/175
s 62
f 1897/1897/175 1898/1898/175 1900/1899/175
f 1898/1898/175 1899/1900/175 1900/1899/175
s 63
f 1901/1901/175 1899/1900/175 1903/1902/175
f 1899/1900/175 1902/1903/175 1903/1902/175
s 64
f 1904/1904/175 1902/1903/175 1906/1905/175
f 1902/1903/175 1905/1906/175 1906/1905/175
s 65
f 1907/1907/175 1905/1906/175 1909/1908/175
f 1905/1906/175 1908/1909/175 1909/1908/175
s 66
f 1910/1910/175 1908/1909/175 1911/1911/175
f 1910/1910/175 1911/1911/175 1912/1912/175
s 67
f 1913/1913/175 1911/1911/175 1914/1914/175
f 1913/1913/175 1914/1914/175 1915/1915/175
s 68
f 1916/1916/175 1914/1914/175 1917/1917/175
f 1916/1916/175 1917/1917/175 1918/1918/175
s 69
f 1919/1919/175 1917/1917/175 1920/1920/175
f 1919/1919/175 1920/1920/175 1921/1921/175
s 70
f 1922/1922/175 1920/1920/175 1923/1923/175
f 1922/1922/175 1923/1923/175 1924/1924/175
s 71
f 1925/1925/175 1923/1923/175 1927/1926/175
f 1923/1923/175 1926/1927/175 1927/1926/175
s 72
f 1928/1928/175 1926/1927/175 1930/1929/175
f 1926/1927/175 1929/1930/175 1930/1929/175
s 73
f 1931/1931/175 1929/1930/175 1933/1932/175
f 1929/1930/175 1932/1933/175 1933/1932/175
s 74
f 1934/1934/175 1932/1933/175 1936/1935/175
f 1932/1933/175 1935/1936/175 1936/1935/175
s 75
f 1937/1937/175 1935/1936/175 1939/1938/175
f 1935/1936/175 1938/1939/175 1939/1938/175
s 76
f 1940/1940/175 1938/1939/175 1941/1941/175
f 1940/1940/175 1941/1941/175 1942/1942/175
s 77
f 1943/1943/175 1941/1941/175 1944/1944/175
f 1943/1943/175 1944/1944/175 1945/1945/175
s 78
f 1946/1946/175 1944/1944/175 1947/1947/175
f 1946/1946/175 1947/1947/175 1948/1948/175
s 79
f 1949/1949/175 1947/1947/175 1950/1950/175
f 1949/1949/175 1950/1950/175 1951/1951/175
s 80
f 1952/1952/175 1950/1950/175 1896/1895/175
f 1952/1952/175 1896/1895/175 1953/1953/175
s 81
f 1954/1954/175 1955/1955/175 1957/1956/175
f 1955/1955/175 1956/1957/175 1957/1956/175
s 82
f 1958/1958/175 1959/1959/175 1961/1960/175
f 1959/1959/175 1960/1961/175 1961/1960/175
s 83
f 1962/1962/175 1960/1961/175 1964/1963/175
f 1960/1961/175 1963/1964/175 1964/1963/175
s 84
f 1965/1965/175 1963/1964/175 1967/1966/175
f 1963/1964/175 1966/1967/175 1967/1966/175
s 85
f 1968/1968/175 1966/1967/175 1970/1969/175
f 1966/1967/175 1969/1970/175 1970/1969/175
s 86
f 1971/1971/175 1969/1970/175 1972/1972/175
f 1971/1971/175 1972/1972/175 1973/1973/175
s 87
f 1974/1974/175 1972/1972/175 1975/1975/175
f 1974/1974/175 1975/1975/175 1976/1976/175
s 88
f 1977/1977/175 1975/1975/175 1978/1978/175
f 1977/1977/175 1978/1978/175 1979/1979/175
s 89
f 1980/1980/175 1978/1978/175 1981/1981/175
f 1980/1980/175 1981/1981/175 1982/1982/175
s 90
f 1983/1983/175 1981/1981/175 1984/1984/175
f 1983/1983/175 1984/1984/175 1985/1985/175
s 91
f 1986/1986/175 1984/1984/175 1988/1987/175
f 1984/1984/175 1987/1988/175 1988/1987/175
s 92
f 1989/1989/175 1987/1988/175 1991/1990/175
f 1987/1988/175 1990/1991/175 1991/1990/175
s 93
f 1992/1992/175 1990/1991/175 1994/1993/175
f 1990/1991/175 1993/1994/175 1994/1993/175
s 94
f 1995/1995/175 1993/1994/175 1997/1996/175
f 1993/1994/175 1996/1997/175 1997/1996/175
s 95
f 1998/1998/175 1996/1997/175 2000/1999/175
f 1996/1997/175 1999/2000/175 2000/1999/175
s 96
f 2001/2001/175 1999/2000/175 2002/2002/175
f 2001/2001/175 2002/2002/175 2003/2003/175
s 97
f 2004/2004/175 2002/2002/175 2005/2005/175
f 2004/2004/175 2005/2005/175 2006/2006/175
s 98
f 2007/2007/175 2005/2005/175 2008/2008/175
f 2007/2007/175 2008/2008/175 2009/2009/175
s 99
f 2010/2010/175 2008/2008/175 2011/2011/175
f 2010/2010/175 2011/2011/175 2012/2012/175
s 100
f 2013/2013/175 2011/2011/175 1957/1956/175
f 2013/2013/175 1957/1956/175 2014/2014/175
o CHEOPS_LowPoly_pCylinder14_Mesh.008
v -367.757385 -861.800476 275.036041
v -370.385498 -861.800476 272.567993
v -370.385498 -857.417175 272.567993
v -367.757385 -857.417175 275.036041
v -373.841797 -861.800476 271.813080
v -373.841797 -857.417175 271.813080
v -382.769592 -861.800476 273.831696
v -382.769592 -857.417175 273.831696
v -379.290771 -861.800476 287.447754
v -370.120972 -861.800476 284.651550
v -370.120972 -857.417175 284.651550
v -379.290771 -857.417175 287.447754
v -367.574585 -861.800476 281.920593
v -367.574585 -857.417175 281.920593
v -366.707031 -861.800476 278.873169
v -366.707031 -857.417175 278.873169
v -367.757385 -861.800476 275.036041
v -367.757385 -857.417175 275.036041
v -370.385498 -861.800476 272.567993
v -367.757385 -861.800476 275.036041
v -376.393311 -861.800476 279.504608
v -373.841797 -861.800476 271.813080
v -382.769592 -861.800476 273.831696
v -382.524841 -861.800476 275.964569
v -383.473389 -861.800476 279.504608
v -382.524841 -861.800476 283.044647
v -379.933350 -861.800476 285.636108
v -379.290771 -861.800476 287.447754
v -370.120972 -861.800476 284.651550
v -367.574585 -861.800476 281.920593
v -366.707031 -861.800476 278.873169
v -401.560974 -861.800476 339.151367
v -399.042175 -861.800476 336.571838
v -399.042175 -857.417175 336.571838
v -401.560974 -857.417175 339.151367
v -398.220093 -861.800476 333.130920
v -398.220093 -857.417175 333.130920
v -400.064453 -861.800476 324.165466
v -400.064453 -857.417175 324.165466
v -413.745667 -861.800476 327.378418
v -411.128601 -861.800476 336.600983
v -411.128601 -857.417175 336.600983
v -413.745667 -857.417175 327.378418
v -408.447815 -861.800476 339.200043
v -408.447815 -857.417175 339.200043
v -405.417847 -861.800476 340.126831
v -405.417847 -857.417175 340.126831
v -401.560974 -861.800476 339.151367
v -401.560974 -857.417175 339.151367
v -399.042175 -861.800476 336.571838
v -401.560974 -861.800476 339.151367
v -405.860474 -861.800476 330.430054
v -398.220093 -861.800476 333.130920
v -400.064453 -861.800476 324.165466
v -402.201660 -861.800476 324.368652
v -405.722534 -861.800476 323.351349
v -409.280396 -861.800476 324.230743
v -411.921875 -861.800476 326.771271
v -413.745667 -861.800476 327.378418
v -411.128601 -861.800476 336.600983
v -408.447815 -861.800476 339.200043
v -405.417847 -861.800476 340.126831
v -431.643494 -861.800476 241.387482
v -434.152130 -861.800476 243.976837
v -434.152130 -857.417175 243.976837
v -431.643494 -857.417175 241.387482
v -434.960754 -861.800476 247.420959
v -434.960754 -857.417175 247.420959
v -433.081329 -861.800476 256.379120
v -433.081329 -857.417175 256.379120
v -419.412781 -861.800476 253.112625
v -422.065948 -861.800476 243.900391
v -422.065948 -857.417175 243.900391
v -419.412781 -857.417175 253.112625
v -424.756927 -861.800476 241.311844
v -424.756927 -857.417175 241.311844
v -427.790497 -861.800476 240.396927
v -427.790497 -857.417175 240.396927
v -431.643494 -861.800476 241.387482
v -431.643494 -857.417175 241.387482
v -434.152130 -861.800476 243.976837
v -431.643494 -861.800476 241.387482
v -427.309875 -861.800476 250.091888
v -434.960754 -861.800476 247.420959
v -433.081329 -861.800476 256.379120
v -430.944916 -861.800476 256.167572
v -427.420074 -861.800476 257.171082
v -423.865692 -861.800476 256.277771
v -421.234192 -861.800476 253.726929
v -419.412781 -861.800476 253.112625
v -422.065948 -861.800476 243.900391
v -424.756927 -861.800476 241.311844
v -427.790497 -861.800476 240.396927
v -465.414856 -861.800476 305.339813
v -462.783081 -861.800476 307.803925
v -462.783081 -857.417175 307.803925
v -465.414856 -857.417175 305.339813
v -459.325653 -861.800476 308.553650
v -459.325653 -857.417175 308.553650
v -450.400879 -861.800476 306.521637
v -450.400879 -857.417175 306.521637
v -453.900116 -861.800476 292.910828
v -463.065765 -861.800476 295.720764
v -463.065765 -857.417175 295.720764
v -453.900116 -857.417175 292.910828
v -465.608002 -861.800476 298.455536
v -465.608002 -857.417175 298.455536
v -466.471039 -861.800476 301.504272
v -466.471039 -857.417175 301.504272
v -465.414856 -861.800476 305.339813
v -465.414856 -857.417175 305.339813
v -462.783081 -861.800476 307.803925
v -465.414856 -861.800476 305.339813
v -456.785675 -861.800476 300.858307
v -459.325653 -861.800476 308.553650
v -450.400879 -861.800476 306.521637
v -450.648865 -861.800476 304.389130
v -449.705627 -861.800476 300.847687
v -450.659485 -861.800476 297.309082
v -453.254852 -861.800476 294.721497
v -453.900116 -861.800476 292.910828
v -463.065765 -861.800476 295.720764
v -465.608002 -861.800476 298.455536
v -466.471039 -861.800476 301.504272
vt 0.375000 0.312500
vt 0.395833 0.312500
vt 0.375000 0.688440
vt 0.395833 0.688440
vt 0.416667 0.312500
vt 0.416667 0.688440
vt 0.437500 0.312500
vt 0.437500 0.688440
vt 0.541667 0.312500
vt 0.562500 0.312500
vt 0.541667 0.688440
vt 0.562500 0.688440
vt 0.583333 0.312500
vt 0.583333 0.688440
vt 0.604167 0.312500
vt 0.604167 0.688440
vt 0.625000 0.312500
vt 0.625000 0.688440
vt 0.578125 0.020934
vt 0.635316 0.078125
vt 0.500000 0.150000
vt 0.500000 0.000000
vt 0.421875 0.020934
vt 0.364684 0.078125
vt 0.343750 0.156250
vt 0.364684 0.234375
vt 0.421875 0.291566
vt 0.500000 0.312500
vt 0.578125 0.291566
vt 0.635316 0.234375
vt 0.656250 0.156250
vt 0.375000 0.312500
vt 0.395833 0.312500
vt 0.375000 0.688440
vt 0.395833 0.688440
vt 0.416667 0.312500
vt 0.416667 0.688440
vt 0.437500 0.312500
vt 0.437500 0.688440
vt 0.541667 0.312500
vt 0.562500 0.312500
vt 0.541667 0.688440
vt 0.562500 0.688440
vt 0.583333 0.312500
vt 0.583333 0.688440
vt 0.604167 0.312500
vt 0.604167 0.688440
vt 0.625000 0.312500
vt 0.625000 0.688440
vt 0.578125 0.020934
vt 0.635316 0.078125
vt 0.500000 0.150000
vt 0.500000 0.000000
vt 0.421875 0.020934
vt 0.364684 0.078125
vt 0.343750 0.156250
vt 0.364684 0.234375
vt 0.421875 0.291566
vt 0.500000 0.312500
vt 0.578125 0.291566
vt 0.635316 0.234375
vt 0.656250 0.156250
vt 0.375000 0.312500
vt 0.395833 0.312500
vt 0.375000 0.688440
vt 0.395833 0.688440
vt 0.416667 0.312500
vt 0.416667 0.688440
vt 0.437500 0.312500
vt 0.437500 0.688440
vt 0.541667 0.312500
vt 0.562500 0.312500
vt 0.541667 0.688440
vt 0.562500 0.688440
vt 0.583333 0.312500
vt 0.583333 0.688440
vt 0.604167 0.312500
vt 0.604167 0.688440
vt 0.625000 0.312500
vt 0.625000 0.688440
vt 0.578125 0.020934
vt 0.635316 0.078125
vt 0.500000 0.150000
vt 0.500000 0.000000
vt 0.421875 0.020934
vt 0.364684 0.078125
vt 0.343750 0.156250
vt 0.364684 0.234375
vt 0.421875 0.291566
vt 0.500000 0.312500
vt 0.578125 0.291566
vt 0.635316 0.234375
vt 0.656250 0.156250
vt 0.375000 0.312500
vt 0.395833 0.312500
vt 0.375000 0.688440
vt 0.395833 0.688440
vt 0.416667 0.312500
vt 0.416667 0.688440
vt 0.437500 0.312500
vt 0.437500 0.688440
vt 0.541667 0.312500
vt 0.562500 0.312500
vt 0.541667 0.688440
vt 0.562500 0.688440
vt 0.583333 0.312500
vt 0.583333 0.688440
vt 0.604167 0.312500
vt 0.604167 0.688440
vt 0.625000 0.312500
vt 0.625000 0.688440
vt 0.578125 0.020934
vt 0.635316 0.078125
vt 0.500000 0.150000
vt 0.500000 0.000000
vt 0.421875 0.020934
vt 0.364684 0.078125
vt 0.343750 0.156250
vt 0.364684 0.234375
vt 0.421875 0.291566
vt 0.500000 0.312500
vt 0.578125 0.291566
vt 0.635316 0.234375
vt 0.656250 0.156250
vn 0.8638 0.0000 -0.5039
vn 0.4680 0.0000 -0.8837
vn 0.4681 0.0000 -0.8837
vn -0.1015 0.0000 -0.9948
vn -0.2205 0.0000 -0.9754
vn 0.2917 0.0000 0.9565
vn 0.4266 0.0000 0.9044
vn 0.4267 0.0000 0.9044
vn 0.8610 0.0000 0.5087
vn 0.9996 0.0000 -0.0265
vn 0.0000 -1.0000 0.0000
vn 0.0000 -1.0000 -0.0001
vn 0.4870 0.0000 0.8734
vn 0.8744 -0.0000 0.4852
vn 0.9966 0.0000 -0.0821
vn 0.9795 0.0000 -0.2015
vn -0.9620 0.0000 0.2730
vn -0.9125 -0.0000 0.4090
vn -0.5253 0.0000 0.8509
vn 0.0070 0.0000 1.0000
vn 0.0071 0.0000 1.0000
vn -0.4904 0.0000 -0.8715
vn -0.8763 -0.0000 -0.4818
vn -0.9963 0.0000 0.0860
vn -0.9787 0.0000 0.2053
vn 0.9609 0.0000 -0.2768
vn 0.9109 0.0000 -0.4126
vn 0.9109 0.0000 -0.4125
vn 0.5220 -0.0000 -0.8530
vn -0.0110 0.0000 -0.9999
vn 0.0000 -1.0000 0.0001
vn -0.8630 0.0000 0.5052
vn -0.4667 -0.0000 0.8844
vn 0.1030 0.0000 0.9947
vn 0.1030 -0.0001 0.9947
vn 0.2220 0.0000 0.9750
vn -0.2931 0.0000 -0.9561
vn -0.4280 -0.0000 -0.9038
vn -0.8617 -0.0000 -0.5073
vn -0.8617 0.0000 -0.5074
vn -0.9996 0.0000 0.0280
vn -0.8630 -0.0001 0.5052
usemtl tornillos.003
s 1
f 2015/2015/176 2016/2016/177 2018/2017/176
f 2016/2016/177 2017/2018/178 2018/2017/176
f 2016/2016/177 2019/2019/179 2017/2018/178
f 2019/2019/179 2020/2020/179 2017/2018/178
f 2019/2019/179 2021/2021/180 2020/2020/179
f 2021/2021/180 2022/2022/180 2020/2020/179
s 2
f 2023/2023/181 2024/2024/182 2026/2025/181
f 2024/2024/182 2025/2026/183 2026/2025/181
f 2024/2024/182 2027/2027/184 2025/2026/183
f 2027/2027/184 2028/2028/184 2025/2026/183
f 2027/2027/184 2029/2029/185 2028/2028/184
f 2029/2029/185 2030/2030/185 2028/2028/184
f 2029/2029/185 2031/2031/176 2030/2030/185
f 2031/2031/176 2032/2032/176 2030/2030/185
s 3
f 2033/2033/186 2034/2034/186 2035/2035/186
f 2036/2036/186 2033/2033/186 2035/2035/186
f 2037/2037/186 2036/2036/186 2035/2035/186
f 2038/2038/187 2037/2037/186 2035/2035/186
f 2039/2039/186 2038/2038/187 2035/2035/186
f 2040/2040/186 2039/2039/186 2035/2035/186
f 2041/2041/186 2040/2040/186 2035/2035/186
f 2042/2042/186 2041/2041/186 2035/2035/186
f 2043/2043/186 2042/2042/186 2035/2035/186
f 2044/2044/186 2043/2043/186 2035/2035/186
f 2045/2045/186 2044/2044/186 2035/2035/186
f 2034/2034/186 2045/2045/186 2035/2035/186
s 4
f 2046/2046/188 2047/2047/189 2049/2048/188
f 2047/2047/189 2048/2049/189 2049/2048/188
f 2047/2047/189 2050/2050/190 2048/2049/189
f 2050/2050/190 2051/2051/190 2048/2049/189
f 2050/2050/190 2052/2052/191 2051/2051/190
f 2052/2052/191 2053/2053/191 2051/2051/190
s 5
f 2054/2054/192 2055/2055/193 2057/2056/192
f 2055/2055/193 2056/2057/193 2057/2056/192
f 2055/2055/193 2058/2058/194 2056/2057/193
f 2058/2058/194 2059/2059/194 2056/2057/193
f 2058/2058/194 2060/2060/195 2059/2059/194
f 2060/2060/195 2061/2061/196 2059/2059/194
f 2060/2060/195 2062/2062/188 2061/2061/196
f 2062/2062/188 2063/2063/188 2061/2061/196
s 6
f 2064/2064/186 2065/2065/186 2066/2066/186
f 2067/2067/186 2064/2064/186 2066/2066/186
f 2068/2068/186 2067/2067/186 2066/2066/186
f 2069/2069/186 2068/2068/186 2066/2066/186
f 2070/2070/186 2069/2069/186 2066/2066/186
f 2071/2071/186 2070/2070/186 2066/2066/186
f 2072/2072/186 2071/2071/186 2066/2066/186
f 2073/2073/186 2072/2072/186 2066/2066/186
f 2074/2074/186 2073/2073/186 2066/2066/186
f 2075/2075/186 2074/2074/186 2066/2066/186
f 2076/2076/186 2075/2075/186 2066/2066/186
f 2065/2065/186 2076/2076/186 2066/2066/186
s 7
f 2077/2077/197 2078/2078/198 2080/2079/197
f 2078/2078/198 2079/2080/198 2080/2079/197
f 2078/2078/198 2081/2081/199 2079/2080/198
f 2081/2081/199 2082/2082/199 2079/2080/198
f 2081/2081/199 2083/2083/200 2082/2082/199
f 2083/2083/200 2084/2084/200 2082/2082/199
s 8
f 2085/2085/201 2086/2086/202 2088/2087/201
f 2086/2086/202 2087/2088/203 2088/2087/201
f 2086/2086/202 2089/2089/204 2087/2088/203
f 2089/2089/204 2090/2090/204 2087/2088/203
f 2089/2089/204 2091/2091/205 2090/2090/204
f 2091/2091/205 2092/2092/205 2090/2090/204
f 2091/2091/205 2093/2093/197 2092/2092/205
f 2093/2093/197 2094/2094/197 2092/2092/205
s 9
f 2095/2095/186 2096/2096/186 2097/2097/186
f 2098/2098/186 2095/2095/186 2097/2097/186
f 2099/2099/186 2098/2098/186 2097/2097/186
f 2100/2100/186 2099/2099/186 2097/2097/186
f 2101/2101/186 2100/2100/186 2097/2097/186
f 2102/2102/186 2101/2101/186 2097/2097/186
f 2103/2103/206 2102/2102/186 2097/2097/186
f 2104/2104/186 2103/2103/206 2097/2097/186
f 2105/2105/186 2104/2104/186 2097/2097/186
f 2106/2106/186 2105/2105/186 2097/2097/186
f 2107/2107/186 2106/2106/186 2097/2097/186
f 2096/2096/186 2107/2107/186 2097/2097/186
s 10
f 2108/2108/207 2109/2109/208 2111/2110/207
f 2109/2109/208 2110/2111/208 2111/2110/207
f 2109/2109/208 2112/2112/209 2110/2111/208
f 2112/2112/209 2113/2113/210 2110/2111/208
f 2112/2112/209 2114/2114/211 2113/2113/210
f 2114/2114/211 2115/2115/211 2113/2113/210
s 11
f 2116/2116/212 2117/2117/213 2119/2118/212
f 2117/2117/213 2118/2119/213 2119/2118/212
f 2117/2117/213 2120/2120/214 2118/2119/213
f 2120/2120/214 2121/2121/215 2118/2119/213
f 2120/2120/214 2122/2122/216 2121/2121/215
f 2122/2122/216 2123/2123/216 2121/2121/215
f 2122/2122/216 2124/2124/207 2123/2123/216
f 2124/2124/207 2125/2125/217 2123/2123/216
s 12
f 2126/2126/186 2127/2127/186 2128/2128/186
f 2129/2129/186 2126/2126/186 2128/2128/186
f 2130/2130/186 2129/2129/186 2128/2128/186
f 2131/2131/186 2130/2130/186 2128/2128/186
f 2132/2132/186 2131/2131/186 2128/2128/186
f 2133/2133/186 2132/2132/186 2128/2128/186
f 2134/2134/186 2133/2133/186 2128/2128/186
f 2135/2135/186 2134/2134/186 2128/2128/186
f 2136/2136/186 2135/2135/186 2128/2128/186
f 2137/2137/186 2136/2136/186 2128/2128/186
f 2138/2138/186 2137/2137/186 2128/2128/186
f 2127/2127/186 2138/2138/186 2128/2128/186
o CHEOPS_LowPoly_pCylinder9_Mesh.009
v -379.278198 -867.713074 278.076660
v -384.852051 -867.713074 267.137238
v -384.852051 -849.558167 267.137238
v -379.278198 -849.558167 278.076660
v -393.533630 -867.713074 258.455688
v -393.533630 -849.558167 258.455688
v -404.473022 -867.713074 252.881851
v -404.473022 -849.558167 252.881851
v -416.599426 -867.713074 250.961197
v -416.599426 -849.558167 250.961197
v -428.725830 -867.713074 252.881851
v -428.725830 -849.558167 252.881851
v -439.665253 -867.713074 258.455688
v -439.665253 -849.558167 258.455688
v -448.346771 -867.713074 267.137238
v -448.346771 -849.558167 267.137238
v -453.920654 -867.713074 278.076660
v -453.920654 -849.558167 278.076660
v -455.841278 -867.713074 290.203064
v -455.841278 -849.558167 290.203064
v -453.920654 -867.713074 302.329437
v -453.920654 -849.558167 302.329437
v -448.346771 -867.713074 313.268829
v -448.346771 -849.558167 313.268829
v -439.665253 -867.713074 321.950409
v -439.665253 -849.558167 321.950409
v -428.725830 -867.713074 327.524261
v -428.725830 -849.558167 327.524261
v -416.599426 -867.713074 329.444885
v -416.599426 -849.558167 329.444885
v -404.473022 -867.713074 327.524261
v -404.473022 -849.558167 327.524261
v -393.533630 -867.713074 321.950409
v -393.533630 -849.558167 321.950409
v -384.852112 -867.713074 313.268829
v -384.852112 -849.558167 313.268829
v -379.278198 -867.713074 302.329437
v -379.278198 -849.558167 302.329437
v -377.357605 -867.713074 290.203064
v -377.357605 -849.558167 290.203064
v -379.278198 -867.713074 278.076660
v -379.278198 -849.558167 278.076660
v -403.273987 -883.869812 280.521698
v -400.934631 -883.869812 285.113251
v -416.599426 -885.568787 290.203064
v -406.917969 -883.869812 276.877747
v -411.509644 -883.869812 274.538177
v -416.599426 -883.869812 273.732056
v -421.689240 -883.869812 274.538177
v -426.280853 -883.869812 276.877747
v -429.924774 -883.869812 280.521698
v -432.264313 -883.869812 285.113251
v -433.070465 -883.869812 290.203094
v -432.264313 -883.869812 295.292908
v -429.924744 -883.869812 299.884521
v -426.280853 -883.869812 303.528442
v -421.689240 -883.869812 305.867981
v -416.599426 -883.869812 306.674103
v -411.509644 -883.869812 305.867981
v -406.917969 -883.869812 303.528442
v -403.274109 -883.869812 299.884521
v -400.934631 -883.869812 295.292908
v -400.128418 -883.869812 290.203094
v -390.750122 -880.207764 281.804108
v -383.664185 -875.414490 279.501740
v -381.969299 -875.414490 290.203064
v -389.419861 -880.207764 290.203094
v -383.664185 -875.414490 279.501740
v -390.750122 -880.207764 281.804108
v -394.610596 -880.207764 274.227325
v -388.583008 -875.414490 269.847961
v -394.610596 -880.207764 274.227325
v -400.623596 -880.207764 268.214325
v -396.244263 -875.414490 262.186676
v -389.419861 -880.207764 290.203094
v -383.664185 -875.414490 300.904388
v -390.750122 -880.207764 298.602020
v -400.623596 -880.207764 268.214325
v -408.200439 -880.207764 264.353729
v -405.898071 -875.414490 257.267792
v -390.750122 -880.207764 298.602020
v -388.583008 -875.414490 310.558197
v -394.610657 -880.207764 306.178864
v -408.200439 -880.207764 264.353729
v -416.599426 -880.207764 263.023468
v -416.599426 -875.414490 255.572876
v -416.599426 -880.207764 263.023468
v -424.998352 -880.207764 264.353729
v -427.300751 -875.414490 257.267822
v -424.998352 -880.207764 264.353729
v -432.575195 -880.207764 268.214325
v -436.954559 -875.414490 262.186676
v -432.575195 -880.207764 268.214325
v -438.588196 -880.207764 274.227325
v -444.615814 -875.414551 269.847961
v -438.588196 -880.207764 274.227325
v -442.448761 -880.207764 281.804108
v -449.534698 -875.414490 279.501740
v -442.448761 -880.207764 281.804108
v -443.779083 -880.207764 290.203094
v -451.229645 -875.414490 290.203064
v -443.779083 -880.207764 290.203094
v -442.448761 -880.207764 298.602020
v -449.534698 -875.414490 300.904388
v -442.448761 -880.207764 298.602020
v -438.588196 -880.207764 306.178864
v -444.615845 -875.414490 310.558197
v -438.588196 -880.207764 306.178864
v -432.575195 -880.207764 312.191803
v -436.954559 -875.414490 318.219452
v -432.575195 -880.207764 312.191803
v -424.998352 -880.207764 316.052429
v -427.300751 -875.414490 323.138367
v -424.998352 -880.207764 316.052429
v -416.599426 -880.207764 317.382690
v -416.599426 -875.414490 324.833282
v -416.599426 -880.207764 317.382690
v -408.200439 -880.207764 316.052429
v -405.898132 -875.414490 323.138367
v -408.200439 -880.207764 316.052429
v -400.623596 -880.207764 312.191803
v -396.244263 -875.414490 318.219452
v -400.623596 -880.207764 312.191803
v -394.610657 -880.207764 306.178864
v -400.934631 -883.869812 285.113251
v -403.273987 -883.869812 280.521698
v -400.934631 -883.869812 285.113251
v -400.128418 -883.869812 290.203094
v -403.273987 -883.869812 280.521698
v -406.917969 -883.869812 276.877747
v -400.128418 -883.869812 290.203094
v -400.934631 -883.869812 295.292908
v -406.917969 -883.869812 276.877747
v -411.509644 -883.869812 274.538177
v -411.509644 -883.869812 274.538177
v -416.599426 -883.869812 273.732056
v -416.599426 -883.869812 273.732056
v -421.689240 -883.869812 274.538177
v -421.689240 -883.869812 274.538177
v -426.280853 -883.869812 276.877747
v -426.280853 -883.869812 276.877747
v -429.924774 -883.869812 280.521698
v -429.924774 -883.869812 280.521698
v -432.264313 -883.869812 285.113251
v -432.264313 -883.869812 285.113251
v -433.070465 -883.869812 290.203094
v -433.070465 -883.869812 290.203094
v -432.264313 -883.869812 295.292908
v -432.264313 -883.869812 295.292908
v -429.924744 -883.869812 299.884521
v -429.924744 -883.869812 299.884521
v -426.280853 -883.869812 303.528442
v -426.280853 -883.869812 303.528442
v -421.689240 -883.869812 305.867981
v -421.689240 -883.869812 305.867981
v -416.599426 -883.869812 306.674103
v -416.599426 -883.869812 306.674103
v -411.509644 -883.869812 305.867981
v -411.509644 -883.869812 305.867981
v -406.917969 -883.869812 303.528442
v -406.917969 -883.869812 303.528442
v -403.274109 -883.869812 299.884521
v -403.274109 -883.869812 299.884521
v -400.934631 -883.869812 295.292908
v -379.278198 -867.713074 278.076660
v -384.852051 -867.713074 267.137238
v -379.278198 -867.713074 278.076660
v -377.357605 -867.713074 290.203064
v -393.533630 -867.713074 258.455688
v -404.473022 -867.713074 252.881851
v -416.599426 -867.713074 250.961197
v -428.725830 -867.713074 252.881851
v -439.665253 -867.713074 258.455688
v -448.346771 -867.713074 267.137238
v -453.920654 -867.713074 278.076660
v -455.841278 -867.713074 290.203064
v -453.920654 -867.713074 302.329437
v -448.346771 -867.713074 313.268829
v -439.665253 -867.713074 321.950409
v -428.725830 -867.713074 327.524261
v -416.599426 -867.713074 329.444885
v -404.473022 -867.713074 327.524261
v -393.533630 -867.713074 321.950409
v -384.852112 -867.713074 313.268829
v -379.278198 -867.713074 302.329437
vt 0.375000 0.313252
vt 0.387500 0.313252
vt 0.375000 0.688439
vt 0.387500 0.688439
vt 0.400000 0.313252
vt 0.400000 0.688439
vt 0.412500 0.313252
vt 0.412500 0.688439
vt 0.425000 0.313252
vt 0.425000 0.688439
vt 0.437500 0.313252
vt 0.437500 0.688439
vt 0.450000 0.313252
vt 0.450000 0.688439
vt 0.462500 0.313252
vt 0.462500 0.688439
vt 0.475000 0.313252
vt 0.475000 0.688439
vt 0.487500 0.313252
vt 0.487500 0.688439
vt 0.500000 0.313252
vt 0.500000 0.688439
vt 0.512500 0.313252
vt 0.512500 0.688439
vt 0.525000 0.313252
vt 0.525000 0.688439
vt 0.537500 0.313252
vt 0.537500 0.688439
vt 0.550000 0.313252
vt 0.550000 0.688439
vt 0.562500 0.313252
vt 0.562500 0.688439
vt 0.575000 0.313252
vt 0.575000 0.688439
vt 0.587500 0.313252
vt 0.587500 0.688439
vt 0.600000 0.313252
vt 0.600000 0.688439
vt 0.612500 0.313252
vt 0.612500 0.688439
vt 0.625000 0.313252
vt 0.625000 0.688439
vt 0.609911 0.075579
vt 0.629208 0.113452
vt 0.500000 0.150000
vt 0.579855 0.045523
vt 0.541982 0.026226
vt 0.500000 0.019577
vt 0.458018 0.026226
vt 0.420145 0.045523
vt 0.390089 0.075579
vt 0.370792 0.113452
vt 0.364143 0.155434
vt 0.370792 0.197417
vt 0.390089 0.235289
vt 0.420145 0.265345
vt 0.458018 0.284642
vt 0.500000 0.291292
vt 0.541982 0.284643
vt 0.579855 0.265345
vt 0.609911 0.235289
vt 0.629208 0.197417
vt 0.635858 0.155435
vt 0.624832 0.312729
vt 0.624995 0.313095
vt 0.612639 0.312737
vt 0.612495 0.313095
vt 0.375002 0.313096
vt 0.375139 0.312737
vt 0.387495 0.313095
vt 0.387333 0.312729
vt 0.387639 0.312737
vt 0.399995 0.313096
vt 0.399832 0.312729
vt 0.612332 0.312729
vt 0.600139 0.312737
vt 0.599995 0.313095
vt 0.400139 0.312737
vt 0.412495 0.313096
vt 0.412333 0.312729
vt 0.599832 0.312729
vt 0.587639 0.312737
vt 0.587495 0.313095
vt 0.412639 0.312737
vt 0.424995 0.313095
vt 0.424833 0.312729
vt 0.425139 0.312737
vt 0.437495 0.313096
vt 0.437333 0.312729
vt 0.437639 0.312737
vt 0.449995 0.313095
vt 0.449833 0.312729
vt 0.450139 0.312737
vt 0.462495 0.313096
vt 0.462333 0.312729
vt 0.462639 0.312737
vt 0.474995 0.313095
vt 0.474833 0.312729
vt 0.475139 0.312737
vt 0.487495 0.313095
vt 0.487333 0.312729
vt 0.487639 0.312737
vt 0.499995 0.313095
vt 0.499833 0.312729
vt 0.500139 0.312737
vt 0.512495 0.313096
vt 0.512332 0.312729
vt 0.512639 0.312737
vt 0.524995 0.313095
vt 0.524832 0.312729
vt 0.525139 0.312737
vt 0.537495 0.313096
vt 0.537332 0.312729
vt 0.537639 0.312737
vt 0.549995 0.313095
vt 0.549832 0.312729
vt 0.550139 0.312737
vt 0.562495 0.313095
vt 0.562332 0.312729
vt 0.562639 0.312737
vt 0.574995 0.313096
vt 0.574832 0.312729
vt 0.575139 0.312737
vt 0.587332 0.312729
vt 0.375372 0.312522
vt 0.387061 0.312500
vt 0.624561 0.312500
vt 0.612872 0.312522
vt 0.387872 0.312522
vt 0.399561 0.312500
vt 0.612061 0.312500
vt 0.600372 0.312522
vt 0.400372 0.312522
vt 0.412061 0.312500
vt 0.412872 0.312522
vt 0.424561 0.312500
vt 0.425372 0.312522
vt 0.437061 0.312500
vt 0.437872 0.312522
vt 0.449561 0.312500
vt 0.450372 0.312522
vt 0.462061 0.312500
vt 0.462872 0.312522
vt 0.474561 0.312500
vt 0.475372 0.312522
vt 0.487061 0.312500
vt 0.487872 0.312522
vt 0.499561 0.312500
vt 0.500372 0.312522
vt 0.512061 0.312500
vt 0.512872 0.312522
vt 0.524561 0.312500
vt 0.525372 0.312522
vt 0.537061 0.312500
vt 0.537872 0.312522
vt 0.549561 0.312500
vt 0.550372 0.312522
vt 0.562061 0.312500
vt 0.562872 0.312522
vt 0.574561 0.312500
vt 0.575372 0.312522
vt 0.587061 0.312500
vt 0.587872 0.312522
vt 0.599561 0.312500
vt 0.375000 0.313252
vt 0.387500 0.313252
vt 0.625000 0.313252
vt 0.612500 0.313252
vt 0.400000 0.313252
vt 0.412500 0.313252
vt 0.425000 0.313252
vt 0.437500 0.313252
vt 0.450000 0.313252
vt 0.462500 0.313252
vt 0.475000 0.313252
vt 0.487500 0.313252
vt 0.500000 0.313252
vt 0.512500 0.313252
vt 0.525000 0.313252
vt 0.537500 0.313252
vt 0.550000 0.313252
vt 0.562500 0.313252
vt 0.575000 0.313252
vt 0.587500 0.313252
vt 0.600000 0.313252
vn 0.9511 0.0000 -0.3090
vn 0.8090 0.0000 -0.5878
vn 0.5878 0.0000 -0.8090
vn 0.3090 0.0000 -0.9511
vn -0.0000 0.0000 -1.0000
vn -0.3090 0.0000 -0.9511
vn -0.5878 0.0000 -0.8090
vn -0.8090 0.0000 -0.5878
vn -0.9511 0.0000 -0.3090
vn -1.0000 0.0000 0.0000
vn -0.9511 0.0000 0.3090
vn -0.8090 0.0000 0.5878
vn -0.5878 0.0000 0.8090
vn -0.3090 0.0000 0.9511
vn 0.0000 0.0000 1.0000
vn 0.3090 0.0000 0.9511
vn 0.5878 0.0000 0.8090
vn 0.8090 0.0000 0.5878
vn 0.9511 0.0000 0.3090
vn 1.0000 0.0000 0.0000
vn 0.2071 -0.9667 -0.1504
vn 0.2434 -0.9667 -0.0791
vn 0.0000 -1.0000 -0.0000
vn 0.1504 -0.9667 -0.2071
vn 0.0791 -0.9667 -0.2434
vn -0.0000 -0.9667 -0.2559
vn -0.0791 -0.9667 -0.2435
vn -0.1504 -0.9667 -0.2071
vn -0.2071 -0.9667 -0.1504
vn -0.2434 -0.9667 -0.0791
vn -0.2559 -0.9667 -0.0000
vn -0.2435 -0.9667 0.0791
vn -0.2071 -0.9667 0.1504
vn -0.1504 -0.9667 0.2071
vn -0.0791 -0.9667 0.2435
vn -0.0000 -0.9667 0.2559
vn 0.0791 -0.9667 0.2434
vn 0.1505 -0.9667 0.2071
vn 0.2071 -0.9667 0.1504
vn 0.2434 -0.9667 0.0791
vn 0.2560 -0.9667 -0.0000
vn 0.4288 -0.8926 -0.1393
vn 0.7079 -0.6678 -0.2300
vn 0.4508 -0.8926 0.0000
vn 0.7444 -0.6678 0.0000
vn 0.6022 -0.6678 -0.4375
vn 0.3647 -0.8926 -0.2650
vn 0.4375 -0.6678 -0.6022
vn 0.2650 -0.8926 -0.3647
vn 0.4288 -0.8926 0.1393
vn 0.7079 -0.6678 0.2300
vn 0.2300 -0.6678 -0.7079
vn 0.1393 -0.8926 -0.4288
vn 0.3647 -0.8926 0.2650
vn 0.6022 -0.6678 0.4375
vn 0.0000 -0.6678 -0.7444
vn 0.0000 -0.8926 -0.4508
vn -0.2300 -0.6678 -0.7079
vn -0.1393 -0.8926 -0.4288
vn -0.4375 -0.6678 -0.6022
vn -0.2650 -0.8926 -0.3647
vn -0.6022 -0.6678 -0.4375
vn -0.3647 -0.8926 -0.2650
vn -0.7079 -0.6678 -0.2300
vn -0.4288 -0.8926 -0.1394
vn -0.4288 -0.8926 -0.1393
vn -0.7444 -0.6678 -0.0000
vn -0.4508 -0.8926 -0.0000
vn -0.7079 -0.6678 0.2300
vn -0.4288 -0.8926 0.1393
vn -0.6022 -0.6678 0.4375
vn -0.3647 -0.8926 0.2650
vn -0.4375 -0.6678 0.6022
vn -0.2650 -0.8926 0.3647
vn -0.2300 -0.6678 0.7080
vn -0.1393 -0.8926 0.4288
vn -0.0000 -0.6678 0.7444
vn 0.0000 -0.8926 0.4508
vn 0.2300 -0.6678 0.7080
vn 0.1393 -0.8926 0.4288
vn 0.4375 -0.6678 0.6022
vn 0.2650 -0.8926 0.3647
vn -0.0000 -0.9667 -0.2560
vn -0.0791 -0.9667 -0.2434
vn -0.1505 -0.9667 -0.2071
vn -0.2071 -0.9667 -0.1505
vn -0.2560 -0.9667 0.0000
vn -0.2434 -0.9667 0.0791
vn -0.2071 -0.9667 0.1505
vn -0.0791 -0.9667 0.2434
vn 0.0000 -0.9667 0.2560
vn 0.1504 -0.9667 0.2071
vn 0.2071 -0.9667 0.1505
vn 0.8159 -0.5137 -0.2651
vn 0.6941 -0.5137 -0.5043
vn 0.8160 -0.5137 -0.2651
vn 0.8579 -0.5137 0.0000
vn 0.5043 -0.5137 -0.6941
vn 0.2651 -0.5137 -0.8160
vn 0.0000 -0.5137 -0.8579
vn -0.2651 -0.5137 -0.8160
vn -0.5043 -0.5137 -0.6941
vn -0.6941 -0.5137 -0.5043
vn -0.8160 -0.5137 -0.2651
vn -0.8579 -0.5137 -0.0000
vn -0.8160 -0.5137 0.2651
vn -0.6941 -0.5137 0.5043
vn -0.5043 -0.5137 0.6941
vn -0.2651 -0.5137 0.8160
vn 0.0000 -0.5137 0.8579
vn 0.2651 -0.5137 0.8160
vn 0.5043 -0.5137 0.6941
vn 0.6941 -0.5137 0.5043
vn 0.8160 -0.5137 0.2651
usemtl tornillos.004
s 1
f 2139/2139/218 2140/2140/219 2142/2141/218
f 2140/2140/219 2141/2142/219 2142/2141/218
f 2140/2140/219 2143/2143/220 2141/2142/219
f 2143/2143/220 2144/2144/220 2141/2142/219
f 2143/2143/220 2145/2145/221 2144/2144/220
f 2145/2145/221 2146/2146/221 2144/2144/220
f 2145/2145/221 2147/2147/222 2146/2146/221
f 2147/2147/222 2148/2148/222 2146/2146/221
f 2147/2147/222 2149/2149/223 2148/2148/222
f 2149/2149/223 2150/2150/223 2148/2148/222
f 2149/2149/223 2151/2151/224 2150/2150/223
f 2151/2151/224 2152/2152/224 2150/2150/223
f 2151/2151/224 2153/2153/225 2152/2152/224
f 2153/2153/225 2154/2154/225 2152/2152/224
f 2153/2153/225 2155/2155/226 2154/2154/225
f 2155/2155/226 2156/2156/226 2154/2154/225
f 2155/2155/226 2157/2157/227 2156/2156/226
f 2157/2157/227 2158/2158/227 2156/2156/226
f 2157/2157/227 2159/2159/228 2158/2158/227
f 2159/2159/228 2160/2160/228 2158/2158/227
f 2159/2159/228 2161/2161/229 2160/2160/228
f 2161/2161/229 2162/2162/229 2160/2160/228
f 2161/2161/229 2163/2163/230 2162/2162/229
f 2163/2163/230 2164/2164/230 2162/2162/229
f 2163/2163/230 2165/2165/231 2164/2164/230
f 2165/2165/231 2166/2166/231 2164/2164/230
f 2165/2165/231 2167/2167/232 2166/2166/231
f 2167/2167/232 2168/2168/232 2166/2166/231
f 2167/2167/232 2169/2169/233 2168/2168/232
f 2169/2169/233 2170/2170/233 2168/2168/232
f 2169/2169/233 2171/2171/234 2170/2170/233
f 2171/2171/234 2172/2172/234 2170/2170/233
f 2171/2171/234 2173/2173/235 2172/2172/234
f 2173/2173/235 2174/2174/235 2172/2172/234
f 2173/2173/235 2175/2175/236 2174/2174/235
f 2175/2175/236 2176/2176/236 2174/2174/235
f 2175/2175/236 2177/2177/237 2176/2176/236
f 2177/2177/237 2178/2178/237 2176/2176/236
f 2177/2177/237 2179/2179/218 2178/2178/237
f 2179/2179/218 2180/2180/218 2178/2178/237
s 2
f 2181/2181/238 2182/2182/239 2183/2183/240
f 2184/2184/241 2181/2181/238 2183/2183/240
f 2185/2185/242 2184/2184/241 2183/2183/240
f 2186/2186/243 2185/2185/242 2183/2183/240
f 2187/2187/244 2186/2186/243 2183/2183/240
f 2188/2188/245 2187/2187/244 2183/2183/240
f 2189/2189/246 2188/2188/245 2183/2183/240
f 2190/2190/247 2189/2189/246 2183/2183/240
f 2191/2191/248 2190/2190/247 2183/2183/240
f 2192/2192/249 2191/2191/248 2183/2183/240
f 2193/2193/250 2192/2192/249 2183/2183/240
f 2194/2194/251 2193/2193/250 2183/2183/240
f 2195/2195/252 2194/2194/251 2183/2183/240
f 2196/2196/253 2195/2195/252 2183/2183/240
f 2197/2197/254 2196/2196/253 2183/2183/240
f 2198/2198/255 2197/2197/254 2183/2183/240
f 2199/2199/256 2198/2198/255 2183/2183/240
f 2200/2200/257 2199/2199/256 2183/2183/240
f 2201/2201/258 2200/2200/257 2183/2183/240
f 2182/2182/239 2201/2201/258 2183/2183/240
s 3
f 2202/2202/259 2203/2203/260 2205/2204/261
f 2203/2203/260 2204/2205/262 2205/2204/261
f 2206/2206/260 2207/2207/259 2209/2208/263
f 2207/2207/259 2208/2209/264 2209/2208/263
f 2209/2208/263 2210/2210/264 2212/2211/265
f 2210/2210/264 2211/2212/266 2212/2211/265
f 2213/2213/261 2204/2205/262 2215/2214/267
f 2204/2205/262 2214/2215/268 2215/2214/267
f 2212/2211/265 2216/2216/266 2218/2217/269
f 2216/2216/266 2217/2218/270 2218/2217/269
f 2219/2219/267 2214/2215/268 2221/2220/271
f 2214/2215/268 2220/2221/272 2221/2220/271
f 2218/2217/269 2222/2222/270 2224/2223/273
f 2222/2222/270 2223/2224/274 2224/2223/273
f 2224/2223/273 2225/2225/274 2227/2226/275
f 2225/2225/274 2226/2227/276 2227/2226/275
f 2227/2226/275 2228/2228/276 2230/2229/277
f 2228/2228/276 2229/2230/278 2230/2229/277
f 2230/2229/277 2231/2231/278 2233/2232/279
f 2231/2231/278 2232/2233/280 2233/2232/279
f 2233/2232/279 2234/2234/280 2236/2235/281
f 2234/2234/280 2235/2236/282 2236/2235/281
f 2236/2235/281 2237/2237/283 2239/2238/284
f 2237/2237/283 2238/2239/285 2239/2238/284
f 2239/2238/284 2240/2240/285 2242/2241/286
f 2240/2240/285 2241/2242/287 2242/2241/286
f 2242/2241/286 2243/2243/287 2245/2244/288
f 2243/2243/287 2244/2245/289 2245/2244/288
f 2245/2244/288 2246/2246/289 2248/2247/290
f 2246/2246/289 2247/2248/291 2248/2247/290
f 2248/2247/290 2249/2249/291 2251/2250/292
f 2249/2249/291 2250/2251/293 2251/2250/292
f 2251/2250/292 2252/2252/293 2254/2253/294
f 2252/2252/293 2253/2254/295 2254/2253/294
f 2254/2253/294 2255/2255/295 2257/2256/296
f 2255/2255/295 2256/2257/297 2257/2256/296
f 2257/2256/296 2258/2258/297 2260/2259/298
f 2258/2258/297 2259/2260/299 2260/2259/298
f 2260/2259/298 2261/2261/299 2220/2221/272
f 2261/2261/299 2262/2262/271 2220/2221/272
f 2207/2207/259 2263/2263/239 2208/2209/264
f 2263/2263/239 2264/2264/238 2208/2209/264
f 2265/2265/239 2202/2202/259 2266/2266/258
f 2202/2202/259 2205/2204/261 2266/2266/258
f 2210/2210/264 2267/2267/238 2211/2212/266
f 2267/2267/238 2268/2268/241 2211/2212/266
f 2269/2269/258 2213/2213/261 2270/2270/257
f 2213/2213/261 2215/2214/267 2270/2270/257
f 2216/2216/266 2271/2271/241 2217/2218/270
f 2271/2271/241 2272/2272/242 2217/2218/270
f 2222/2222/270 2273/2273/242 2223/2224/274
f 2273/2273/242 2274/2274/300 2223/2224/274
f 2225/2225/274 2275/2275/300 2226/2227/276
f 2275/2275/300 2276/2276/244 2226/2227/276
f 2228/2228/276 2277/2277/301 2229/2230/278
f 2277/2277/301 2278/2278/302 2229/2230/278
f 2231/2231/278 2279/2279/245 2232/2233/280
f 2279/2279/245 2280/2280/303 2232/2233/280
f 2234/2234/280 2281/2281/303 2235/2236/282
f 2281/2281/303 2282/2282/247 2235/2236/282
f 2237/2237/283 2283/2283/247 2238/2239/285
f 2283/2283/247 2284/2284/304 2238/2239/285
f 2240/2240/285 2285/2285/304 2241/2242/287
f 2285/2285/304 2286/2286/305 2241/2242/287
f 2243/2243/287 2287/2287/305 2244/2245/289
f 2287/2287/305 2288/2288/306 2244/2245/289
f 2246/2246/289 2289/2289/250 2247/2248/291
f 2289/2289/250 2290/2290/251 2247/2248/291
f 2249/2249/291 2291/2291/251 2250/2251/293
f 2291/2291/251 2292/2292/307 2250/2251/293
f 2252/2252/293 2293/2293/307 2253/2254/295
f 2293/2293/307 2294/2294/308 2253/2254/295
f 2255/2255/295 2295/2295/253 2256/2257/297
f 2295/2295/253 2296/2296/254 2256/2257/297
f 2258/2258/297 2297/2297/254 2259/2260/299
f 2297/2297/254 2298/2298/255 2259/2260/299
f 2261/2261/299 2299/2299/309 2262/2262/271
f 2299/2299/309 2300/2300/256 2262/2262/271
f 2221/2220/271 2301/2301/310 2219/2219/267
f 2301/2301/310 2302/2302/257 2219/2219/267
f 2303/2303/311 2206/2206/260 2304/2304/312
f 2206/2206/260 2209/2208/263 2304/2304/312
f 2203/2203/260 2305/2305/313 2204/2205/262
f 2305/2305/313 2306/2306/314 2204/2205/262
f 2304/2304/312 2209/2208/263 2307/2307/315
f 2209/2208/263 2212/2211/265 2307/2307/315
f 2307/2307/315 2212/2211/265 2308/2308/316
f 2212/2211/265 2218/2217/269 2308/2308/316
f 2308/2308/316 2218/2217/269 2309/2309/317
f 2218/2217/269 2224/2223/273 2309/2309/317
f 2309/2309/317 2224/2223/273 2310/2310/318
f 2224/2223/273 2227/2226/275 2310/2310/318
f 2310/2310/318 2227/2226/275 2311/2311/319
f 2227/2226/275 2230/2229/277 2311/2311/319
f 2311/2311/319 2230/2229/277 2312/2312/320
f 2230/2229/277 2233/2232/279 2312/2312/320
f 2312/2312/320 2233/2232/279 2313/2313/321
f 2233/2232/279 2236/2235/281 2313/2313/321
f 2313/2313/321 2236/2235/281 2314/2314/322
f 2236/2235/281 2239/2238/284 2314/2314/322
f 2314/2314/322 2239/2238/284 2315/2315/323
f 2239/2238/284 2242/2241/286 2315/2315/323
f 2315/2315/323 2242/2241/286 2316/2316/324
f 2242/2241/286 2245/2244/288 2316/2316/324
f 2316/2316/324 2245/2244/288 2317/2317/325
f 2245/2244/288 2248/2247/290 2317/2317/325
f 2317/2317/325 2248/2247/290 2318/2318/326
f 2248/2247/290 2251/2250/292 2318/2318/326
f 2318/2318/326 2251/2250/292 2319/2319/327
f 2251/2250/292 2254/2253/294 2319/2319/327
f 2319/2319/327 2254/2253/294 2320/2320/328
f 2254/2253/294 2257/2256/296 2320/2320/328
f 2320/2320/328 2257/2256/296 2321/2321/329
f 2257/2256/296 2260/2259/298 2321/2321/329
f 2321/2321/329 2260/2259/298 2322/2322/330
f 2260/2259/298 2220/2221/272 2322/2322/330
f 2322/2322/330 2220/2221/272 2323/2323/331
f 2220/2221/272 2214/2215/268 2323/2323/331
f 2323/2323/331 2214/2215/268 2306/2306/314
f 2214/2215/268 2204/2205/262 2306/2306/314
o CHEOPS_LowPoly_pCylinder43_Mesh.010
v -1352.447998 552.469666 -363.810455
v -1355.922363 552.469666 -362.847656
v -1355.922363 548.086365 -362.847656
v -1352.447998 548.086365 -363.810455
v -1359.333252 552.469666 -363.786652
v -1359.333252 548.086365 -363.786652
v -1366.298218 552.469666 -369.725433
v -1366.298218 548.086365 -369.725433
v -1356.886597 552.469666 -380.161865
v -1350.068970 552.469666 -373.422119
v -1350.068970 548.086365 -373.422119
v -1356.886597 548.086365 -380.161865
v -1349.084595 552.469666 -369.820312
v -1349.084595 548.086365 -369.820312
v -1349.733765 552.469666 -366.718994
v -1349.733765 548.086365 -366.718994
v -1352.447998 552.469666 -363.810455
v -1352.447998 548.086365 -363.810455
v -1355.922363 552.469666 -362.847656
v -1352.447998 552.469666 -363.810455
v -1358.015259 552.469666 -371.782440
v -1359.333252 552.469666 -363.786652
v -1366.298218 552.469666 -369.725433
v -1365.089722 552.469666 -371.499786
v -1364.283203 552.469666 -375.074921
v -1361.797241 552.469666 -377.767731
v -1358.297974 552.469666 -378.856812
v -1356.886597 552.469666 -380.161865
v -1350.068970 552.469666 -373.422119
v -1349.084595 552.469666 -369.820312
v -1349.733765 552.469666 -366.718994
v -1352.558472 552.469666 -436.291077
v -1351.528076 552.469666 -432.836121
v -1351.528076 548.086365 -432.836121
v -1352.558472 548.086365 -436.291077
v -1352.400513 552.469666 -429.407654
v -1352.400513 548.086365 -429.407654
v -1358.202515 552.469666 -422.328247
v -1358.202515 548.086365 -422.328247
v -1368.820190 552.469666 -431.534851
v -1362.214600 552.469666 -438.482513
v -1362.214600 548.086365 -438.482513
v -1368.820190 548.086365 -431.534851
v -1358.632690 552.469666 -439.536774
v -1358.632690 548.086365 -439.536774
v -1355.519287 552.469666 -438.948242
v -1355.519287 548.086365 -438.948242
v -1355.519287 552.469666 -438.948242
v -1355.519287 548.086365 -438.948242
v -1351.528076 552.469666 -432.836121
v -1352.558472 552.469666 -436.291077
v -1360.420410 552.469666 -430.569580
v -1352.400513 552.469666 -429.407654
v -1358.202515 552.469666 -422.328247
v -1360.000000 552.469666 -423.502014
v -1363.590088 552.469666 -424.238678
v -1366.330933 552.469666 -426.671722
v -1367.488037 552.469666 -430.149261
v -1368.820190 552.469666 -431.534851
v -1362.214600 552.469666 -438.482513
v -1358.632690 552.469666 -439.536774
v -1355.519287 552.469666 -438.948242
v -1424.653687 552.469666 -363.730682
v -1425.670410 552.469666 -367.189606
v -1425.670410 548.086365 -367.189606
v -1424.653687 548.086365 -363.730682
v -1424.784668 552.469666 -370.614685
v -1424.784668 548.086365 -370.614685
v -1418.954956 552.469666 -377.671295
v -1418.954956 548.086365 -377.671295
v -1408.373291 552.469666 -368.423187
v -1415.006104 552.469666 -361.501465
v -1415.006104 548.086365 -361.501465
v -1408.373291 548.086365 -368.423187
v -1418.592163 552.469666 -360.461212
v -1418.592163 548.086365 -360.461212
v -1421.703247 552.469666 -361.061981
v -1421.703247 548.086365 -361.061981
v -1421.703247 552.469666 -361.061981
v -1421.703247 548.086365 -361.061981
v -1425.670410 552.469666 -367.189606
v -1424.653687 552.469666 -363.730682
v -1416.769287 552.469666 -369.421356
v -1424.784668 552.469666 -370.614685
v -1418.954956 552.469666 -377.671295
v -1417.161987 552.469666 -376.490509
v -1413.574707 552.469666 -375.739746
v -1410.843506 552.469666 -373.296021
v -1409.700073 552.469666 -369.814026
v -1408.373291 552.469666 -368.423187
v -1415.006104 552.469666 -361.501465
v -1418.592163 552.469666 -360.461212
v -1421.703247 552.469666 -361.061981
v -1424.811279 552.469666 -436.052032
v -1421.335571 552.469666 -437.009674
v -1421.335571 548.086365 -437.009674
v -1424.811279 548.086365 -436.052032
v -1417.926025 552.469666 -436.065552
v -1417.926025 548.086365 -436.065552
v -1410.969971 552.469666 -430.116302
v -1410.969971 548.086365 -430.116302
v -1420.397217 552.469666 -419.694031
v -1427.204834 552.469666 -426.443970
v -1427.204834 548.086365 -426.443970
v -1420.397217 548.086365 -419.694031
v -1428.183716 552.469666 -430.047272
v -1428.183716 548.086365 -430.047272
v -1427.530029 552.469666 -433.147644
v -1427.530029 548.086365 -433.147644
v -1424.811279 552.469666 -436.052032
v -1424.811279 548.086365 -436.052032
v -1421.335571 552.469666 -437.009674
v -1424.811279 552.469666 -436.052032
v -1419.255981 552.469666 -428.071747
v -1417.926025 552.469666 -436.065552
v -1410.969971 552.469666 -430.116302
v -1412.181152 552.469666 -428.343781
v -1412.993042 552.469666 -424.769928
v -1415.483032 552.469666 -422.080750
v -1418.984009 552.469666 -420.996948
v -1420.397217 552.469666 -419.694031
v -1427.204834 552.469666 -426.443970
v -1428.183716 552.469666 -430.047272
v -1427.530029 552.469666 -433.147644
vt 0.272646 0.689719
vt 0.272646 0.758031
vt 0.186462 0.689719
vt 0.186462 0.758031
vt 0.272646 0.825099
vt 0.186462 0.825099
vt 0.272646 0.962045
vt 0.186462 0.962045
vt 0.180411 0.676504
vt 0.180411 0.809021
vt 0.094226 0.676504
vt 0.094226 0.809021
vt 0.180411 0.879841
vt 0.094226 0.879841
vt 0.180411 0.940819
vt 0.094226 0.940819
vt 0.180411 0.998008
vt 0.094226 0.998008
vt 0.550113 0.001992
vt 0.618426 0.020922
vt 0.508961 0.177668
vt 0.483046 0.020454
vt 0.346100 0.137223
vt 0.369862 0.172110
vt 0.385720 0.242406
vt 0.434600 0.295351
vt 0.503403 0.316765
vt 0.531154 0.342425
vt 0.665203 0.209908
vt 0.684557 0.139089
vt 0.671794 0.078110
vt 0.220389 0.398332
vt 0.220389 0.466264
vt 0.134205 0.398332
vt 0.134205 0.466264
vt 0.220389 0.533674
vt 0.134205 0.533674
vt 0.220389 0.672870
vt 0.134205 0.672870
vt 0.463168 0.951243
vt 0.463168 0.821361
vt 0.549353 0.951243
vt 0.549353 0.821361
vt 0.463168 0.750934
vt 0.549353 0.750934
vt 0.463168 0.689718
vt 0.549353 0.689718
vt 0.220389 0.346086
vt 0.134205 0.346086
vt 0.432580 0.346086
vt 0.500511 0.366345
vt 0.388014 0.520928
vt 0.365169 0.363239
vt 0.225973 0.477319
vt 0.249051 0.512662
vt 0.263536 0.583251
vt 0.311375 0.637141
vt 0.379750 0.659891
vt 0.406994 0.686086
vt 0.543600 0.556204
vt 0.564328 0.485776
vt 0.552757 0.424561
vt 0.128621 0.398557
vt 0.128621 0.466567
vt 0.042436 0.398557
vt 0.042436 0.466567
vt 0.128621 0.533912
vt 0.042436 0.533912
vt 0.128621 0.672660
vt 0.042436 0.672660
vt 0.457118 0.689718
vt 0.457118 0.820133
vt 0.370933 0.689718
vt 0.370933 0.820133
vt 0.457118 0.890642
vt 0.370933 0.890642
vt 0.457118 0.951812
vt 0.370933 0.951812
vt 0.128621 0.346086
vt 0.042436 0.346086
vt 0.702206 0.686155
vt 0.634196 0.666165
vt 0.746087 0.511141
vt 0.769550 0.668740
vt 0.908298 0.554117
vt 0.885081 0.518863
vt 0.870319 0.448331
vt 0.822271 0.394628
vt 0.753808 0.372147
vt 0.726461 0.346058
vt 0.590365 0.476474
vt 0.569912 0.546983
vt 0.581724 0.608154
vt 0.278698 0.961868
vt 0.278698 0.893527
vt 0.364882 0.961868
vt 0.364882 0.893527
vt 0.278698 0.826490
vt 0.364882 0.826490
vt 0.278698 0.689718
vt 0.364882 0.689718
vt 0.087998 0.676295
vt 0.087998 0.809012
vt 0.001813 0.676295
vt 0.001813 0.809012
vt 0.087998 0.879860
vt 0.001813 0.879860
vt 0.087998 0.940820
vt 0.001813 0.940820
vt 0.087998 0.997927
vt 0.001813 0.997927
vt 0.136462 0.342454
vt 0.068121 0.323624
vt 0.177350 0.166715
vt 0.203500 0.323891
vt 0.340272 0.206916
vt 0.316456 0.172064
vt 0.300493 0.101795
vt 0.251535 0.048920
vt 0.182698 0.027610
vt 0.154910 0.001992
vt 0.021060 0.134710
vt 0.001813 0.205558
vt 0.014666 0.266518
vn 0.5304 -0.0000 0.8478
vn 0.0034 0.0000 1.0000
vn 0.5303 0.0000 0.8478
vn -0.5525 0.0000 0.8335
vn -0.6488 0.0000 0.7609
vn 0.7030 0.0000 -0.7112
vn 0.7983 -0.0000 -0.6023
vn 0.9988 -0.0000 -0.0500
vn 0.9988 0.0000 -0.0499
vn 0.8726 0.0000 0.4884
vn 0.0000 1.0000 0.0000
vn 0.8373 -0.0000 -0.5468
vn 0.9997 0.0000 -0.0229
vn 0.8373 0.0000 -0.5467
vn 0.8441 0.0000 0.5362
vn 0.7734 0.0000 0.6339
vn -0.7247 0.0000 -0.6890
vn -0.6177 -0.0000 -0.7864
vn -0.0694 0.0000 -0.9976
vn 0.4713 -0.0000 -0.8820
vn -0.8394 0.0000 0.5435
vn -0.9998 0.0000 0.0190
vn -0.8394 0.0000 0.5434
vn -0.8420 0.0000 -0.5395
vn -0.8420 -0.0000 -0.5394
vn -0.7709 0.0000 -0.6369
vn 0.7220 0.0000 0.6919
vn 0.6146 0.0000 0.7888
vn 0.0655 0.0000 0.9979
vn -0.4747 -0.0000 0.8801
vn -0.5291 -0.0000 -0.8486
vn -0.0019 0.0000 -1.0000
vn -0.0020 0.0000 -1.0000
vn 0.5538 0.0000 -0.8327
vn 0.5537 0.0000 -0.8327
vn 0.6500 0.0000 -0.7600
vn -0.7041 0.0000 0.7101
vn -0.7992 0.0000 0.6011
vn -0.9988 -0.0000 0.0484
vn -0.8719 0.0000 -0.4897
vn -0.5290 -0.0000 -0.8486
usemtl solarpanels.002
s 1
f 2324/2324/332 2325/2325/333 2327/2326/334
f 2325/2325/333 2326/2327/333 2327/2326/334
f 2325/2325/333 2328/2328/335 2326/2327/333
f 2328/2328/335 2329/2329/335 2326/2327/333
f 2328/2328/335 2330/2330/336 2329/2329/335
f 2330/2330/336 2331/2331/336 2329/2329/335
s 2
f 2332/2332/337 2333/2333/338 2335/2334/337
f 2333/2333/338 2334/2335/338 2335/2334/337
f 2333/2333/338 2336/2336/339 2334/2335/338
f 2336/2336/339 2337/2337/340 2334/2335/338
f 2336/2336/339 2338/2338/341 2337/2337/340
f 2338/2338/341 2339/2339/341 2337/2337/340
f 2338/2338/341 2340/2340/334 2339/2339/341
f 2340/2340/334 2341/2341/334 2339/2339/341
s 3
f 2342/2342/342 2343/2343/342 2344/2344/342
f 2345/2345/342 2342/2342/342 2344/2344/342
f 2346/2346/342 2345/2345/342 2344/2344/342
f 2347/2347/342 2346/2346/342 2344/2344/342
f 2348/2348/342 2347/2347/342 2344/2344/342
f 2349/2349/342 2348/2348/342 2344/2344/342
f 2350/2350/342 2349/2349/342 2344/2344/342
f 2351/2351/342 2350/2350/342 2344/2344/342
f 2352/2352/342 2351/2351/342 2344/2344/342
f 2353/2353/342 2352/2352/342 2344/2344/342
f 2354/2354/342 2353/2353/342 2344/2344/342
f 2343/2343/342 2354/2354/342 2344/2344/342
s 4
f 2355/2355/343 2356/2356/344 2358/2357/345
f 2356/2356/344 2357/2358/344 2358/2357/345
f 2356/2356/344 2359/2359/346 2357/2358/344
f 2359/2359/346 2360/2360/346 2357/2358/344
f 2359/2359/346 2361/2361/347 2360/2360/346
f 2361/2361/347 2362/2362/347 2360/2360/346
s 5
f 2363/2363/348 2364/2364/349 2366/2365/348
f 2364/2364/349 2365/2366/349 2366/2365/348
f 2364/2364/349 2367/2367/350 2365/2366/349
f 2367/2367/350 2368/2368/350 2365/2366/349
f 2367/2367/350 2369/2369/351 2368/2368/350
f 2369/2369/351 2370/2370/351 2368/2368/350
s 4
f 2371/2371/351 2355/2355/343 2372/2372/351
f 2355/2355/343 2358/2357/345 2372/2372/351
s 6
f 2373/2373/342 2374/2374/342 2375/2375/342
f 2376/2376/342 2373/2373/342 2375/2375/342
f 2377/2377/342 2376/2376/342 2375/2375/342
f 2378/2378/342 2377/2377/342 2375/2375/342
f 2379/2379/342 2378/2378/342 2375/2375/342
f 2380/2380/342 2379/2379/342 2375/2375/342
f 2381/2381/342 2380/2380/342 2375/2375/342
f 2382/2382/342 2381/2381/342 2375/2375/342
f 2383/2383/342 2382/2382/342 2375/2375/342
f 2384/2384/342 2383/2383/342 2375/2375/342
f 2385/2385/342 2384/2384/342 2375/2375/342
f 2374/2374/342 2385/2385/342 2375/2375/342
s 7
f 2386/2386/352 2387/2387/353 2389/2388/354
f 2387/2387/353 2388/2389/353 2389/2388/354
f 2387/2387/353 2390/2390/355 2388/2389/353
f 2390/2390/355 2391/2391/356 2388/2389/353
f 2390/2390/355 2392/2392/357 2391/2391/356
f 2392/2392/357 2393/2393/357 2391/2391/356
s 8
f 2394/2394/358 2395/2395/359 2397/2396/358
f 2395/2395/359 2396/2397/359 2397/2396/358
f 2395/2395/359 2398/2398/360 2396/2397/359
f 2398/2398/360 2399/2399/360 2396/2397/359
f 2398/2398/360 2400/2400/361 2399/2399/360
f 2400/2400/361 2401/2401/361 2399/2399/360
s 7
f 2402/2402/361 2386/2386/352 2403/2403/361
f 2386/2386/352 2389/2388/354 2403/2403/361
s 9
f 2404/2404/342 2405/2405/342 2406/2406/342
f 2407/2407/342 2404/2404/342 2406/2406/342
f 2408/2408/342 2407/2407/342 2406/2406/342
f 2409/2409/342 2408/2408/342 2406/2406/342
f 2410/2410/342 2409/2409/342 2406/2406/342
f 2411/2411/342 2410/2410/342 2406/2406/342
f 2412/2412/342 2411/2411/342 2406/2406/342
f 2413/2413/342 2412/2412/342 2406/2406/342
f 2414/2414/342 2413/2413/342 2406/2406/342
f 2415/2415/342 2414/2414/342 2406/2406/342
f 2416/2416/342 2415/2415/342 2406/2406/342
f 2405/2405/342 2416/2416/342 2406/2406/342
s 10
f 2417/2417/362 2418/2418/363 2420/2419/362
f 2418/2418/363 2419/2420/364 2420/2419/362
f 2418/2418/363 2421/2421/365 2419/2420/364
f 2421/2421/365 2422/2422/366 2419/2420/364
f 2421/2421/365 2423/2423/367 2422/2422/366
f 2423/2423/367 2424/2424/367 2422/2422/366
s 11
f 2425/2425/368 2426/2426/369 2428/2427/368
f 2426/2426/369 2427/2428/369 2428/2427/368
f 2426/2426/369 2429/2429/370 2427/2428/369
f 2429/2429/370 2430/2430/370 2427/2428/369
f 2429/2429/370 2431/2431/371 2430/2430/370
f 2431/2431/371 2432/2432/371 2430/2430/370
f 2431/2431/371 2433/2433/372 2432/2432/371
f 2433/2433/372 2434/2434/372 2432/2432/371
s 12
f 2435/2435/342 2436/2436/342 2437/2437/342
f 2438/2438/342 2435/2435/342 2437/2437/342
f 2439/2439/342 2438/2438/342 2437/2437/342
f 2440/2440/342 2439/2439/342 2437/2437/342
f 2441/2441/342 2440/2440/342 2437/2437/342
f 2442/2442/342 2441/2441/342 2437/2437/342
f 2443/2443/342 2442/2442/342 2437/2437/342
f 2444/2444/342 2443/2443/342 2437/2437/342
f 2445/2445/342 2444/2444/342 2437/2437/342
f 2446/2446/342 2445/2445/342 2437/2437/342
f 2447/2447/342 2446/2446/342 2437/2437/342
f 2436/2436/342 2447/2447/342 2437/2437/342
o CHEOPS_LowPoly_pCylinder44_Mesh.011
v -1361.233398 558.382324 -371.859863
v -1371.255005 558.382324 -364.767273
v -1371.255005 540.227417 -364.767273
v -1361.233398 540.227417 -371.859863
v -1382.977905 558.382324 -361.118744
v -1382.977905 540.227417 -361.118744
v -1395.254517 558.382324 -361.271423
v -1395.254517 540.227417 -361.271423
v -1406.883057 558.382324 -365.210266
v -1406.883057 540.227417 -365.210266
v -1416.725342 558.382324 -372.549774
v -1416.725342 540.227417 -372.549774
v -1423.817993 558.382324 -382.571442
v -1423.817993 540.227417 -382.571442
v -1423.817993 558.382324 -382.571442
v -1427.466431 558.382324 -394.294342
v -1427.466431 540.227417 -394.294342
v -1423.817993 540.227417 -382.571442
v -1427.313843 558.382324 -406.570984
v -1427.313843 540.227417 -406.570984
v -1423.375000 558.382324 -418.199554
v -1423.375000 540.227417 -418.199554
v -1416.035522 558.382324 -428.041809
v -1416.035522 540.227417 -428.041809
v -1406.013794 558.382324 -435.134338
v -1406.013794 540.227417 -435.134338
v -1394.290894 558.382324 -438.782898
v -1394.290894 540.227417 -438.782898
v -1382.014282 558.382324 -438.630249
v -1382.014282 540.227417 -438.630249
v -1370.385742 558.382324 -434.691376
v -1370.385742 540.227417 -434.691376
v -1360.543457 558.382324 -427.351929
v -1360.543457 540.227417 -427.351929
v -1353.450806 558.382324 -417.330231
v -1353.450806 540.227417 -417.330231
v -1349.802368 558.382324 -405.607269
v -1349.802368 540.227417 -405.607269
v -1349.802368 558.382324 -405.607269
v -1349.955078 558.382324 -393.330688
v -1349.955078 540.227417 -393.330688
v -1349.802368 540.227417 -405.607269
v -1353.893799 558.382324 -381.702148
v -1353.893799 540.227417 -381.702148
v -1381.339600 574.539001 -385.183258
v -1377.133301 574.539001 -388.160217
v -1388.634399 576.238037 -399.950836
v -1386.260132 574.539001 -383.651825
v -1391.413086 574.539001 -383.715942
v -1396.293945 574.539001 -385.369171
v -1400.425049 574.539001 -388.449768
v -1403.401978 574.539001 -392.656189
v -1404.933350 574.539001 -397.576691
v -1404.869385 574.539001 -402.729523
v -1403.216064 574.539001 -407.610443
v -1400.135498 574.539001 -411.741516
v -1395.929077 574.539001 -414.718506
v -1391.008545 574.539001 -416.249878
v -1385.855713 574.539001 -416.185822
v -1380.974854 574.539001 -414.532562
v -1376.843750 574.539001 -411.451965
v -1373.866699 574.539001 -407.245514
v -1372.335449 574.539001 -402.325104
v -1372.399414 574.539001 -397.172211
v -1374.052734 574.539001 -392.291351
v -1369.656006 570.876953 -380.494507
v -1364.453491 566.083740 -375.161102
v -1357.976562 566.083740 -383.846741
v -1364.572510 570.876953 -387.311523
v -1376.597046 570.876953 -375.582123
v -1373.297363 566.083740 -368.902039
v -1384.716553 570.876953 -373.055054
v -1383.642578 566.083740 -365.682281
v -1354.500610 566.083740 -394.108704
v -1361.844360 570.876953 -395.365662
v -1393.219604 570.876953 -373.160797
v -1394.476562 566.083740 -365.816986
v -1354.365845 566.083740 -404.942566
v -1361.738647 570.876953 -403.868622
v -1401.273804 570.876953 -375.888916
v -1404.738525 566.083740 -369.292938
v -1408.090698 570.876953 -380.972351
v -1413.424194 566.083740 -375.769928
v -1413.003174 570.876953 -387.913574
v -1419.683228 566.083740 -384.613861
v -1415.530151 570.876953 -396.033112
v -1422.902954 566.083862 -394.959106
v -1415.424438 570.876953 -404.536041
v -1422.768311 566.083740 -405.792999
v -1412.696289 570.876953 -412.590271
v -1419.292236 566.083740 -416.055023
v -1407.612793 570.876953 -419.407196
v -1412.815308 566.083740 -424.740601
v -1400.671631 570.876953 -424.319611
v -1403.971436 566.083740 -430.999664
v -1392.552124 570.876953 -426.846588
v -1393.626099 566.083740 -434.219391
v -1384.049072 570.876953 -426.740906
v -1382.792236 566.083740 -434.084717
v -1375.994995 570.876953 -424.012787
v -1372.530273 566.083740 -430.608765
v -1369.178101 570.876953 -418.929321
v -1363.844604 566.083740 -424.131805
v -1364.265625 570.876953 -411.988068
v -1357.585571 566.083740 -415.287811
v -1361.233398 558.382324 -371.859863
v -1371.255005 558.382324 -364.767273
v -1353.893799 558.382324 -381.702148
v -1382.977905 558.382324 -361.118744
v -1395.254517 558.382324 -361.271423
v -1406.883057 558.382324 -365.210266
v -1416.725342 558.382324 -372.549774
v -1423.817993 558.382324 -382.571442
v -1427.466431 558.382324 -394.294342
v -1427.313843 558.382324 -406.570984
v -1423.375000 558.382324 -418.199554
v -1416.035522 558.382324 -428.041809
v -1406.013794 558.382324 -435.134338
v -1394.290894 558.382324 -438.782898
v -1382.014282 558.382324 -438.630249
v -1370.385742 558.382324 -434.691376
v -1360.543457 558.382324 -427.351929
v -1353.450806 558.382324 -417.330231
v -1349.802368 558.382324 -405.607269
v -1349.955078 558.382324 -393.330688
vt 1.275749 0.257119
vt 1.168730 0.289386
vt 1.228036 0.098869
vt 1.121017 0.131136
vt 1.061711 0.321653
vt 1.013998 0.163403
vt 0.954693 0.353920
vt 0.906979 0.195670
vt 0.847674 0.386187
vt 0.799960 0.227937
vt 0.740655 0.418454
vt 0.692941 0.260204
vt 0.633636 0.450721
vt 0.585922 0.292471
vt 0.633636 0.450721
vt 0.526617 0.482988
vt 0.585922 0.292471
vt 0.478904 0.324738
vt 0.419598 0.515255
vt 0.371885 0.357005
vt 0.312579 0.547522
vt 0.264866 0.389272
vt 0.205561 0.579789
vt 0.157847 0.421539
vt 0.098542 0.612056
vt 0.050828 0.453806
vt -0.008477 0.644323
vt -0.056190 0.486074
vt -0.115496 0.676590
vt -0.163209 0.518341
vt -0.222515 0.708857
vt -0.270228 0.550608
vt -0.329534 0.741124
vt -0.377247 0.582875
vt -0.436553 0.773391
vt -0.484266 0.615142
vt -0.543572 0.805658
vt -0.591285 0.647409
vt 1.596805 0.160318
vt 1.489787 0.192585
vt 1.549092 0.002068
vt 1.442073 0.034335
vt 1.382768 0.224851
vt 1.335055 0.066602
vt 0.644892 0.611131
vt 0.634385 0.655150
vt 0.500671 0.599971
vt 0.641282 0.566017
vt 0.623907 0.524228
vt 0.594470 0.489853
vt 0.555851 0.466257
vt 0.511830 0.455750
vt 0.466717 0.459361
vt 0.424928 0.476735
vt 0.390553 0.506172
vt 0.366957 0.544791
vt 0.356450 0.588812
vt 0.360060 0.633925
vt 0.377435 0.675714
vt 0.406872 0.710089
vt 0.445491 0.733685
vt 0.489512 0.744192
vt 0.534624 0.740582
vt 0.576414 0.723207
vt 0.610789 0.693770
vt 0.725988 0.693294
vt 0.798180 0.723621
vt 0.686121 0.758353
vt 0.745409 0.809504
vt 0.821829 0.625634
vt 0.743798 0.619101
vt 0.814041 0.525135
vt 0.737810 0.543034
vt 0.628102 0.807909
vt 0.668681 0.874877
vt 0.775578 0.431961
vt 0.708609 0.472540
vt 0.557609 0.837110
vt 0.575507 0.913341
vt 0.710205 0.355233
vt 0.659054 0.414521
vt 0.624322 0.302462
vt 0.593995 0.374655
vt 0.526335 0.278813
vt 0.519801 0.356844
vt 0.425837 0.286602
vt 0.443734 0.362832
vt 0.332663 0.325063
vt 0.373242 0.392032
vt 0.255934 0.390436
vt 0.315221 0.441588
vt 0.203163 0.476319
vt 0.275355 0.506647
vt 0.179513 0.574306
vt 0.257544 0.580841
vt 0.187301 0.674806
vt 0.263532 0.656908
vt 0.225763 0.767980
vt 0.292733 0.727402
vt 0.291136 0.844708
vt 0.342288 0.785421
vt 0.377020 0.897480
vt 0.407347 0.825287
vt 0.475008 0.921129
vt 0.481542 0.843099
vt 0.872068 0.755096
vt 0.901827 0.632736
vt 0.805954 0.862271
vt 0.892318 0.507168
vt 0.844472 0.390686
vt 0.762973 0.294689
vt 0.655798 0.228575
vt 0.533438 0.198815
vt 0.407871 0.208324
vt 0.291388 0.256169
vt 0.195390 0.337668
vt 0.129276 0.444843
vt 0.099516 0.567203
vt 0.109024 0.692771
vt 0.156869 0.809255
vt 0.238369 0.905253
vt 0.345545 0.971367
vt 0.467906 1.001127
vt 0.593474 0.991617
vt 0.709957 0.943771
vn 0.6983 0.0000 0.7158
vn 0.4429 0.0000 0.8966
vn 0.1441 0.0000 0.9896
vn -0.1687 0.0000 0.9857
vn -0.4650 0.0000 0.8853
vn -0.7158 0.0000 0.6983
vn -0.8966 -0.0000 0.4429
vn -0.9896 0.0000 0.1441
vn -0.9857 0.0000 -0.1687
vn -0.8853 0.0000 -0.4650
vn -0.6983 0.0000 -0.7158
vn -0.4429 0.0000 -0.8966
vn -0.1441 0.0000 -0.9896
vn 0.1687 0.0000 -0.9857
vn 0.4650 0.0000 -0.8853
vn 0.7158 0.0000 -0.6983
vn 0.8966 0.0000 -0.4429
vn 0.9896 -0.0000 -0.1441
vn 0.9896 -0.0001 -0.1442
vn 0.9857 0.0000 0.1687
vn 0.9896 0.0000 -0.1442
vn 0.8853 0.0000 0.4650
vn 0.1134 0.9667 0.2295
vn 0.1788 0.9667 0.1833
vn 0.0000 1.0000 -0.0000
vn 0.0369 0.9667 0.2533
vn -0.0432 0.9667 0.2523
vn -0.1190 0.9667 0.2266
vn -0.1832 0.9667 0.1787
vn -0.2295 0.9667 0.1134
vn -0.2533 0.9667 0.0369
vn -0.2523 0.9667 -0.0432
vn -0.2266 0.9667 -0.1191
vn -0.1787 0.9667 -0.1833
vn -0.1133 0.9667 -0.2295
vn -0.0369 0.9667 -0.2533
vn 0.0432 0.9667 -0.2523
vn 0.1190 0.9667 -0.2266
vn 0.1832 0.9667 -0.1787
vn 0.2295 0.9667 -0.1134
vn 0.2533 0.9667 -0.0369
vn 0.2523 0.9667 0.0432
vn 0.2266 0.9667 0.1191
vn 0.3148 0.8926 0.3227
vn 0.5198 0.6677 0.5329
vn 0.3991 0.8926 0.2096
vn 0.6590 0.6677 0.3462
vn 0.3297 0.6678 0.6674
vn 0.1997 0.8926 0.4042
vn 0.1073 0.6677 0.7366
vn 0.0650 0.8926 0.4461
vn 0.4444 0.8926 0.0760
vn 0.7337 0.6677 0.1256
vn -0.1256 0.6678 0.7337
vn -0.0761 0.8926 0.4444
vn 0.4461 0.8926 -0.0650
vn 0.7366 0.6677 -0.1073
vn -0.3462 0.6677 0.6590
vn -0.2097 0.8926 0.3991
vn -0.5329 0.6677 0.5198
vn -0.3227 0.8926 0.3148
vn -0.6674 0.6677 0.3297
vn -0.4042 0.8926 0.1997
vn -0.7366 0.6677 0.1073
vn -0.4461 0.8926 0.0650
vn -0.7337 0.6677 -0.1256
vn -0.4444 0.8926 -0.0761
vn -0.6590 0.6678 -0.3462
vn -0.3991 0.8926 -0.2096
vn -0.5198 0.6677 -0.5329
vn -0.3148 0.8926 -0.3227
vn -0.3297 0.6677 -0.6674
vn -0.1997 0.8926 -0.4042
vn -0.1073 0.6677 -0.7366
vn -0.0650 0.8926 -0.4461
vn 0.1256 0.6678 -0.7337
vn 0.0761 0.8926 -0.4444
vn 0.3462 0.6677 -0.6590
vn 0.2096 0.8926 -0.3991
vn 0.5329 0.6677 -0.5198
vn 0.3227 0.8926 -0.3148
vn 0.6674 0.6677 -0.3297
vn 0.4042 0.8926 -0.1997
vn 0.5991 0.5137 0.6142
vn 0.3800 0.5138 0.7692
vn 0.7595 0.5137 0.3990
vn 0.1237 0.5137 0.8490
vn -0.1447 0.5137 0.8456
vn -0.3990 0.5137 0.7595
vn -0.6142 0.5137 0.5991
vn -0.7692 0.5138 0.3800
vn -0.8490 0.5137 0.1237
vn -0.8457 0.5137 -0.1447
vn -0.7595 0.5138 -0.3990
vn -0.5991 0.5137 -0.6142
vn -0.3800 0.5137 -0.7692
vn -0.1237 0.5137 -0.8490
vn 0.1447 0.5137 -0.8456
vn 0.3990 0.5137 -0.7595
vn 0.6142 0.5137 -0.5991
vn 0.7692 0.5137 -0.3800
vn 0.8490 0.5137 -0.1237
vn 0.8456 0.5138 0.1447
usemtl Body.003
s 1
f 2448/2448/373 2449/2449/374 2451/2450/373
f 2449/2449/374 2450/2451/374 2451/2450/373
f 2449/2449/374 2452/2452/375 2450/2451/374
f 2452/2452/375 2453/2453/375 2450/2451/374
f 2452/2452/375 2454/2454/376 2453/2453/375
f 2454/2454/376 2455/2455/376 2453/2453/375
f 2454/2454/376 2456/2456/377 2455/2455/376
f 2456/2456/377 2457/2457/377 2455/2455/376
f 2456/2456/377 2458/2458/378 2457/2457/377
f 2458/2458/378 2459/2459/378 2457/2457/377
f 2458/2458/378 2460/2460/379 2459/2459/378
f 2460/2460/379 2461/2461/379 2459/2459/378
s 2
f 2462/2462/379 2463/2463/380 2465/2464/379
f 2463/2463/380 2464/2465/380 2465/2464/379
f 2463/2463/380 2466/2466/381 2464/2465/380
f 2466/2466/381 2467/2467/381 2464/2465/380
f 2466/2466/381 2468/2468/382 2467/2467/381
f 2468/2468/382 2469/2469/382 2467/2467/381
f 2468/2468/382 2470/2470/383 2469/2469/382
f 2470/2470/383 2471/2471/383 2469/2469/382
f 2470/2470/383 2472/2472/384 2471/2471/383
f 2472/2472/384 2473/2473/384 2471/2471/383
f 2472/2472/384 2474/2474/385 2473/2473/384
f 2474/2474/385 2475/2475/385 2473/2473/384
f 2474/2474/385 2476/2476/386 2475/2475/385
f 2476/2476/386 2477/2477/386 2475/2475/385
f 2476/2476/386 2478/2478/387 2477/2477/386
f 2478/2478/387 2479/2479/387 2477/2477/386
f 2478/2478/387 2480/2480/388 2479/2479/387
f 2480/2480/388 2481/2481/388 2479/2479/387
f 2480/2480/388 2482/2482/389 2481/2481/388
f 2482/2482/389 2483/2483/389 2481/2481/388
f 2482/2482/389 2484/2484/390 2483/2483/389
f 2484/2484/390 2485/2485/390 2483/2483/389
s 1
f 2486/2486/391 2487/2487/392 2489/2488/393
f 2487/2487/392 2488/2489/392 2489/2488/393
f 2487/2487/392 2490/2490/394 2488/2489/392
f 2490/2490/394 2491/2491/394 2488/2489/392
f 2490/2490/394 2448/2448/373 2491/2491/394
f 2448/2448/373 2451/2450/373 2491/2491/394
s 3
f 2492/2492/395 2493/2493/396 2494/2494/397
f 2495/2495/398 2492/2492/395 2494/2494/397
f 2496/2496/399 2495/2495/398 2494/2494/397
f 2497/2497/400 2496/2496/399 2494/2494/397
f 2498/2498/401 2497/2497/400 2494/2494/397
f 2499/2499/402 2498/2498/401 2494/2494/397
f 2500/2500/403 2499/2499/402 2494/2494/397
f 2501/2501/404 2500/2500/403 2494/2494/397
f 2502/2502/405 2501/2501/404 2494/2494/397
f 2503/2503/406 2502/2502/405 2494/2494/397
f 2504/2504/407 2503/2503/406 2494/2494/397
f 2505/2505/408 2504/2504/407 2494/2494/397
f 2506/2506/409 2505/2505/408 2494/2494/397
f 2507/2507/410 2506/2506/409 2494/2494/397
f 2508/2508/411 2507/2507/410 2494/2494/397
f 2509/2509/412 2508/2508/411 2494/2494/397
f 2510/2510/413 2509/2509/412 2494/2494/397
f 2511/2511/414 2510/2510/413 2494/2494/397
f 2512/2512/415 2511/2511/414 2494/2494/397
f 2493/2493/396 2512/2512/415 2494/2494/397
f 2513/2513/416 2514/2514/417 2516/2515/418
f 2514/2514/417 2515/2516/419 2516/2515/418
f 2514/2514/417 2513/2513/416 2518/2517/420
f 2513/2513/416 2517/2518/421 2518/2517/420
f 2518/2517/420 2517/2518/421 2520/2519/422
f 2517/2518/421 2519/2520/423 2520/2519/422
f 2516/2515/418 2515/2516/419 2522/2521/424
f 2515/2516/419 2521/2522/425 2522/2521/424
f 2520/2519/422 2519/2520/423 2524/2523/426
f 2519/2520/423 2523/2524/427 2524/2523/426
f 2522/2521/424 2521/2522/425 2526/2525/428
f 2521/2522/425 2525/2526/429 2526/2525/428
f 2524/2523/426 2523/2524/427 2528/2527/430
f 2523/2524/427 2527/2528/431 2528/2527/430
f 2528/2527/430 2527/2528/431 2530/2529/432
f 2527/2528/431 2529/2530/433 2530/2529/432
f 2530/2529/432 2529/2530/433 2532/2531/434
f 2529/2530/433 2531/2532/435 2532/2531/434
f 2532/2531/434 2531/2532/435 2534/2533/436
f 2531/2532/435 2533/2534/437 2534/2533/436
f 2534/2533/436 2533/2534/437 2536/2535/438
f 2533/2534/437 2535/2536/439 2536/2535/438
f 2536/2535/438 2535/2536/439 2538/2537/440
f 2535/2536/439 2537/2538/441 2538/2537/440
f 2538/2537/440 2537/2538/441 2540/2539/442
f 2537/2538/441 2539/2540/443 2540/2539/442
f 2540/2539/442 2539/2540/443 2542/2541/444
f 2539/2540/443 2541/2542/445 2542/2541/444
f 2542/2541/444 2541/2542/445 2544/2543/446
f 2541/2542/445 2543/2544/447 2544/2543/446
f 2544/2543/446 2543/2544/447 2546/2545/448
f 2543/2544/447 2545/2546/449 2546/2545/448
f 2546/2545/448 2545/2546/449 2548/2547/450
f 2545/2546/449 2547/2548/451 2548/2547/450
f 2548/2547/450 2547/2548/451 2550/2549/452
f 2547/2548/451 2549/2550/453 2550/2549/452
f 2550/2549/452 2549/2550/453 2552/2551/454
f 2549/2550/453 2551/2552/455 2552/2551/454
f 2552/2551/454 2551/2552/455 2525/2526/429
f 2551/2552/455 2526/2525/428 2525/2526/429
f 2513/2513/416 2493/2493/396 2517/2518/421
f 2493/2493/396 2492/2492/395 2517/2518/421
f 2493/2493/396 2513/2513/416 2512/2512/415
f 2513/2513/416 2516/2515/418 2512/2512/415
f 2517/2518/421 2492/2492/395 2519/2520/423
f 2492/2492/395 2495/2495/398 2519/2520/423
f 2512/2512/415 2516/2515/418 2511/2511/414
f 2516/2515/418 2522/2521/424 2511/2511/414
f 2519/2520/423 2495/2495/398 2523/2524/427
f 2495/2495/398 2496/2496/399 2523/2524/427
f 2523/2524/427 2496/2496/399 2527/2528/431
f 2496/2496/399 2497/2497/400 2527/2528/431
f 2527/2528/431 2497/2497/400 2529/2530/433
f 2497/2497/400 2498/2498/401 2529/2530/433
f 2529/2530/433 2498/2498/401 2531/2532/435
f 2498/2498/401 2499/2499/402 2531/2532/435
f 2531/2532/435 2499/2499/402 2533/2534/437
f 2499/2499/402 2500/2500/403 2533/2534/437
f 2533/2534/437 2500/2500/403 2535/2536/439
f 2500/2500/403 2501/2501/404 2535/2536/439
f 2535/2536/439 2501/2501/404 2537/2538/441
f 2501/2501/404 2502/2502/405 2537/2538/441
f 2537/2538/441 2502/2502/405 2539/2540/443
f 2502/2502/405 2503/2503/406 2539/2540/443
f 2539/2540/443 2503/2503/406 2541/2542/445
f 2503/2503/406 2504/2504/407 2541/2542/445
f 2541/2542/445 2504/2504/407 2543/2544/447
f 2504/2504/407 2505/2505/408 2543/2544/447
f 2543/2544/447 2505/2505/408 2545/2546/449
f 2505/2505/408 2506/2506/409 2545/2546/449
f 2545/2546/449 2506/2506/409 2547/2548/451
f 2506/2506/409 2507/2507/410 2547/2548/451
f 2547/2548/451 2507/2507/410 2549/2550/453
f 2507/2507/410 2508/2508/411 2549/2550/453
f 2549/2550/453 2508/2508/411 2551/2552/455
f 2508/2508/411 2509/2509/412 2551/2552/455
f 2551/2552/455 2509/2509/412 2526/2525/428
f 2509/2509/412 2510/2510/413 2526/2525/428
f 2526/2525/428 2510/2510/413 2522/2521/424
f 2510/2510/413 2511/2511/414 2522/2521/424
f 2553/2553/456 2514/2514/417 2554/2554/457
f 2514/2514/417 2518/2517/420 2554/2554/457
f 2514/2514/417 2553/2553/456 2515/2516/419
f 2553/2553/456 2555/2555/458 2515/2516/419
f 2554/2554/457 2518/2517/420 2556/2556/459
f 2518/2517/420 2520/2519/422 2556/2556/459
f 2556/2556/459 2520/2519/422 2557/2557/460
f 2520/2519/422 2524/2523/426 2557/2557/460
f 2557/2557/460 2524/2523/426 2558/2558/461
f 2524/2523/426 2528/2527/430 2558/2558/461
f 2558/2558/461 2528/2527/430 2559/2559/462
f 2528/2527/430 2530/2529/432 2559/2559/462
f 2559/2559/462 2530/2529/432 2560/2560/463
f 2530/2529/432 2532/2531/434 2560/2560/463
f 2560/2560/463 2532/2531/434 2561/2561/464
f 2532/2531/434 2534/2533/436 2561/2561/464
f 2561/2561/464 2534/2533/436 2562/2562/465
f 2534/2533/436 2536/2535/438 2562/2562/465
f 2562/2562/465 2536/2535/438 2563/2563/466
f 2536/2535/438 2538/2537/440 2563/2563/466
f 2563/2563/466 2538/2537/440 2564/2564/467
f 2538/2537/440 2540/2539/442 2564/2564/467
f 2564/2564/467 2540/2539/442 2565/2565/468
f 2540/2539/442 2542/2541/444 2565/2565/468
f 2565/2565/468 2542/2541/444 2566/2566/469
f 2542/2541/444 2544/2543/446 2566/2566/469
f 2566/2566/469 2544/2543/446 2567/2567/470
f 2544/2543/446 2546/2545/448 2567/2567/470
f 2567/2567/470 2546/2545/448 2568/2568/471
f 2546/2545/448 2548/2547/450 2568/2568/471
f 2568/2568/471 2548/2547/450 2569/2569/472
f 2548/2547/450 2550/2549/452 2569/2569/472
f 2569/2569/472 2550/2549/452 2570/2570/473
f 2550/2549/452 2552/2551/454 2570/2570/473
f 2570/2570/473 2552/2551/454 2571/2571/474
f 2552/2551/454 2525/2526/429 2571/2571/474
f 2571/2571/474 2525/2526/429 2572/2572/475
f 2525/2526/429 2521/2522/425 2572/2572/475
f 2572/2572/475 2521/2522/425 2555/2555/458
f 2521/2522/425 2515/2516/419 2555/2555/458
o CHEOPS_LowPoly_pCube11_Mesh.012
v -423.970520 -893.370178 -319.377411
v -420.051941 -893.370178 -326.247070
v -423.154236 -893.370178 -328.118134
v -427.072815 -893.370178 -321.248474
v -427.072815 -893.370178 -321.248474
v -423.154236 -893.370178 -328.118134
v -423.154236 -904.405457 -328.118134
v -427.072815 -904.405457 -321.248474
v -427.072815 -904.405457 -321.248474
v -423.154236 -904.405457 -328.118134
v -420.051941 -904.405457 -326.247070
v -423.970520 -904.405457 -319.377411
v -420.051941 -904.405457 -326.247070
v -423.154236 -904.405457 -328.118134
v -423.154236 -893.370178 -328.118134
v -420.051941 -893.370178 -326.247070
v -427.072815 -904.405457 -321.248474
v -423.970520 -904.405457 -319.377411
v -423.970520 -893.370178 -319.377411
v -427.072815 -893.370178 -321.248474
v -389.739441 -893.345581 -334.497833
v -382.892639 -893.345581 -330.539429
v -381.003601 -893.345581 -333.630798
v -387.850403 -893.345581 -337.589203
v -387.850403 -893.345581 -337.589203
v -381.003601 -893.345581 -333.630798
v -381.003601 -904.380859 -333.630798
v -387.850403 -904.380859 -337.589203
v -387.850403 -904.380859 -337.589203
v -381.003601 -904.380859 -333.630798
v -382.892639 -904.380859 -330.539429
v -389.739441 -904.380859 -334.497833
v -382.892639 -904.380859 -330.539429
v -381.003601 -904.380859 -333.630798
v -381.003601 -893.345581 -333.630798
v -382.892639 -893.345581 -330.539429
v -387.850403 -904.380859 -337.589203
v -389.739441 -904.380859 -334.497833
v -389.739441 -893.345581 -334.497833
v -387.850403 -893.345581 -337.589203
v -374.666260 -893.345581 -300.218048
v -378.550476 -893.345581 -293.328888
v -375.438843 -893.345581 -291.473358
v -371.554626 -893.345581 -298.362488
v -371.554626 -893.345581 -298.362488
v -375.438843 -893.345581 -291.473358
v -375.438843 -904.380859 -291.473358
v -371.554626 -904.380859 -298.362488
v -371.554626 -904.380859 -298.362488
v -375.438843 -904.380859 -291.473358
v -378.550476 -904.380859 -293.328888
v -374.666260 -904.380859 -300.218048
v -378.550476 -904.380859 -293.328888
v -375.438843 -904.380859 -291.473358
v -375.438843 -893.345581 -291.473358
v -378.550476 -893.345581 -293.328888
v -371.554626 -904.380859 -298.362488
v -374.666260 -904.380859 -300.218048
v -374.666260 -893.345581 -300.218048
v -371.554626 -893.345581 -298.362488
v -408.890564 -893.345581 -285.165192
v -415.748657 -893.345581 -289.104034
v -417.628876 -893.345581 -286.007233
v -410.770752 -893.345581 -282.068420
v -410.770752 -893.345581 -282.068420
v -417.628876 -893.345581 -286.007233
v -417.628876 -904.380859 -286.007233
v -410.770752 -904.380859 -282.068420
v -410.770752 -904.380859 -282.068420
v -417.628876 -904.380859 -286.007233
v -415.748657 -904.380859 -289.104034
v -408.890564 -904.380859 -285.165192
v -415.748657 -904.380859 -289.104034
v -417.628876 -904.380859 -286.007233
v -417.628876 -893.345581 -286.007233
v -415.748657 -893.345581 -289.104034
v -410.770752 -904.380859 -282.068420
v -408.890564 -904.380859 -285.165192
v -408.890564 -893.345581 -285.165192
v -410.770752 -893.345581 -282.068420
vt 0.375000 0.250000
vt 0.625000 0.250000
vt 0.375000 0.500000
vt 0.625000 0.500000
vt 0.375000 0.500000
vt 0.625000 0.500000
vt 0.375000 0.750000
vt 0.625000 0.750000
vt 0.375000 0.750000
vt 0.625000 0.750000
vt 0.625000 1.000000
vt 0.375000 1.000000
vt 0.625000 0.000000
vt 0.875000 0.000000
vt 0.625000 0.250000
vt 0.875000 0.250000
vt 0.125000 0.000000
vt 0.375000 0.000000
vt 0.125000 0.250000
vt 0.375000 0.250000
vt 0.375000 0.250000
vt 0.625000 0.250000
vt 0.375000 0.500000
vt 0.625000 0.500000
vt 0.375000 0.500000
vt 0.625000 0.500000
vt 0.375000 0.750000
vt 0.625000 0.750000
vt 0.375000 0.750000
vt 0.625000 0.750000
vt 0.625000 1.000000
vt 0.375000 1.000000
vt 0.625000 0.000000
vt 0.875000 0.000000
vt 0.625000 0.250000
vt 0.875000 0.250000
vt 0.125000 0.000000
vt 0.375000 0.000000
vt 0.125000 0.250000
vt 0.375000 0.250000
vt 0.375000 0.250000
vt 0.625000 0.250000
vt 0.375000 0.500000
vt 0.625000 0.500000
vt 0.375000 0.500000
vt 0.625000 0.500000
vt 0.375000 0.750000
vt 0.625000 0.750000
vt 0.375000 0.750000
vt 0.625000 0.750000
vt 0.625000 1.000000
vt 0.375000 1.000000
vt 0.625000 0.000000
vt 0.875000 0.000000
vt 0.625000 0.250000
vt 0.875000 0.250000
vt 0.125000 0.000000
vt 0.375000 0.000000
vt 0.125000 0.250000
vt 0.375000 0.250000
vt 0.375000 0.250000
vt 0.625000 0.250000
vt 0.375000 0.500000
vt 0.625000 0.500000
vt 0.375000 0.500000
vt 0.625000 0.500000
vt 0.375000 0.750000
vt 0.625000 0.750000
vt 0.375000 0.750000
vt 0.625000 0.750000
vt 0.625000 1.000000
vt 0.375000 1.000000
vt 0.625000 0.000000
vt 0.875000 0.000000
vt 0.625000 0.250000
vt 0.875000 0.250000
vt 0.125000 0.000000
vt 0.375000 0.000000
vt 0.125000 0.250000
vt 0.375000 0.250000
vn 0.0000 1.0000 0.0000
vn -0.8686 0.0000 -0.4955
vn 0.0000 -1.0000 0.0000
vn 0.5165 0.0000 -0.8563
vn -0.5165 0.0000 0.8563
vn 0.5005 0.0000 -0.8657
vn 0.8533 0.0000 0.5214
vn -0.8533 0.0000 -0.5214
vn 0.8711 0.0000 0.4911
vn -0.5122 0.0000 0.8589
vn 0.5122 0.0000 -0.8589
vn -0.4980 0.0000 0.8672
vn -0.8548 0.0000 -0.5190
vn 0.8548 0.0000 0.5190
usemtl tornillos.005
s 1
f 2573/2573/476 2574/2574/476 2576/2575/476
f 2574/2574/476 2575/2576/476 2576/2575/476
s 2
f 2577/2577/477 2578/2578/477 2580/2579/477
f 2578/2578/477 2579/2580/477 2580/2579/477
s 3
f 2581/2581/478 2582/2582/478 2583/2583/478
f 2581/2581/478 2583/2583/478 2584/2584/478
s 4
f 2585/2585/479 2586/2586/479 2588/2587/479
f 2586/2586/479 2587/2588/479 2588/2587/479
s 5
f 2589/2589/480 2590/2590/480 2592/2591/480
f 2590/2590/480 2591/2592/480 2592/2591/480
s 6
f 2593/2593/476 2594/2594/476 2596/2595/476
f 2594/2594/476 2595/2596/476 2596/2595/476
s 7
f 2597/2597/481 2598/2598/481 2600/2599/481
f 2598/2598/481 2599/2600/481 2600/2599/481
s 8
f 2601/2601/478 2602/2602/478 2603/2603/478
f 2601/2601/478 2603/2603/478 2604/2604/478
s 9
f 2605/2605/482 2606/2606/482 2608/2607/482
f 2606/2606/482 2607/2608/482 2608/2607/482
s 10
f 2609/2609/483 2610/2610/483 2612/2611/483
f 2610/2610/483 2611/2612/483 2612/2611/483
s 11
f 2613/2613/476 2614/2614/476 2616/2615/476
f 2614/2614/476 2615/2616/476 2616/2615/476
s 12
f 2617/2617/484 2618/2618/484 2620/2619/484
f 2618/2618/484 2619/2620/484 2620/2619/484
s 13
f 2621/2621/478 2622/2622/478 2623/2623/478
f 2621/2621/478 2623/2623/478 2624/2624/478
s 14
f 2625/2625/485 2626/2626/485 2628/2627/485
f 2626/2626/485 2627/2628/485 2628/2627/485
s 15
f 2629/2629/486 2630/2630/486 2632/2631/486
f 2630/2630/486 2631/2632/486 2632/2631/486
s 16
f 2633/2633/476 2634/2634/476 2636/2635/476
f 2634/2634/476 2635/2636/476 2636/2635/476
s 17
f 2637/2637/487 2638/2638/487 2640/2639/487
f 2638/2638/487 2639/2640/487 2640/2639/487
s 18
f 2641/2641/478 2642/2642/478 2643/2643/478
f 2641/2641/478 2643/2643/478 2644/2644/478
s 19
f 2645/2645/488 2646/2646/488 2648/2647/488
f 2646/2646/488 2647/2648/488 2648/2647/488
s 20
f 2649/2649/489 2650/2650/489 2652/2651/489
f 2650/2650/489 2651/2652/489 2652/2651/489
o CHEOPS_LowPoly_pCylinder8_Mesh.013
v -371.979126 -919.949219 -318.810120
v -376.056519 -919.949219 -326.812073
v -376.056519 -889.159790 -326.812073
v -371.979126 -889.159790 -318.810120
v -382.406921 -919.949219 -333.162506
v -382.406921 -889.159790 -333.162506
v -390.408691 -919.949219 -337.239685
v -390.408691 -889.159851 -337.239685
v -399.279175 -919.949219 -338.644623
v -399.279175 -889.159851 -338.644623
v -408.149170 -919.949219 -337.239685
v -408.149170 -889.159851 -337.239685
v -416.151459 -919.949219 -333.162506
v -416.151459 -889.159851 -333.162506
v -422.501831 -919.949219 -326.812073
v -422.501831 -889.159851 -326.812073
v -426.579041 -919.949219 -318.810120
v -426.579041 -889.159851 -318.810120
v -427.983948 -919.949219 -309.939850
v -427.983948 -889.159851 -309.939850
v -426.579041 -919.949219 -301.069580
v -426.579041 -889.159851 -301.069580
v -422.501831 -919.949219 -293.067596
v -422.501831 -889.159851 -293.067596
v -416.151459 -919.949219 -286.717194
v -416.151459 -889.159851 -286.717194
v -408.149170 -919.949219 -282.640015
v -408.149170 -889.159851 -282.640015
v -399.279175 -919.949219 -281.235077
v -399.279175 -889.159851 -281.235077
v -390.408691 -919.949219 -282.640015
v -390.408691 -889.159851 -282.640015
v -382.406921 -919.949219 -286.717194
v -382.406921 -889.159851 -286.717194
v -376.056519 -919.949219 -293.067596
v -376.056519 -889.159851 -293.067596
v -371.979126 -919.949219 -301.069580
v -371.979126 -889.159790 -301.069580
v -370.574402 -919.949219 -309.939850
v -370.574402 -889.159790 -309.939850
v -371.979126 -919.949219 -318.810120
v -371.979126 -889.159790 -318.810120
v -376.056519 -919.949219 -326.812073
v -371.979126 -919.949219 -318.810120
v -399.279175 -919.949219 -309.939850
v -382.406921 -919.949219 -333.162506
v -390.408691 -919.949219 -337.239685
v -399.279175 -919.949219 -338.644623
v -408.149170 -919.949219 -337.239685
v -416.151459 -919.949219 -333.162506
v -422.501831 -919.949219 -326.812073
v -426.579041 -919.949219 -318.810120
v -427.983948 -919.949219 -309.939850
v -426.579041 -919.949219 -301.069580
v -422.501831 -919.949219 -293.067596
v -416.151459 -919.949219 -286.717194
v -408.149170 -919.949219 -282.640015
v -399.279175 -919.949219 -281.235077
v -390.408691 -919.949219 -282.640015
v -382.406921 -919.949219 -286.717194
v -376.056519 -919.949219 -293.067596
v -371.979126 -919.949219 -301.069580
v -370.574402 -919.949219 -309.939850
v -371.979126 -889.159790 -318.810120
v -376.056519 -889.159790 -326.812073
v -361.525635 -871.789795 -337.369324
v -354.897339 -871.789795 -324.360748
v -382.406921 -889.159790 -333.162506
v -371.849792 -871.789795 -347.693512
v -390.408691 -889.159851 -337.239685
v -384.858459 -871.789917 -354.321777
v -399.279175 -889.159851 -338.644623
v -399.279175 -871.789856 -356.605713
v -408.149170 -889.159851 -337.239685
v -413.699768 -871.789795 -354.321686
v -416.151459 -889.159851 -333.162506
v -426.708740 -871.789856 -347.693512
v -422.501831 -889.159851 -326.812073
v -437.032715 -871.789917 -337.369385
v -426.579041 -889.159851 -318.810120
v -443.661102 -871.789856 -324.360474
v -427.983948 -889.159851 -309.939850
v -445.945099 -871.789856 -309.939850
v -426.579041 -889.159851 -301.069580
v -443.661102 -871.789856 -295.519318
v -422.501831 -889.159851 -293.067596
v -437.032715 -871.789917 -282.510223
v -416.151459 -889.159851 -286.717194
v -426.708740 -871.789856 -272.186432
v -408.149170 -889.159851 -282.640015
v -413.699768 -871.789795 -265.557983
v -399.279175 -889.159851 -281.235077
v -399.279175 -871.789856 -263.273956
v -390.408691 -889.159851 -282.640015
v -384.858459 -871.789795 -265.558014
v -382.406921 -889.159851 -286.717194
v -371.849426 -871.789856 -272.186188
v -376.056519 -889.159851 -293.067596
v -361.525696 -871.789917 -282.510040
v -371.979126 -889.159790 -301.069580
v -354.897339 -871.789795 -295.519318
v -370.574402 -889.159790 -309.939850
v -352.613281 -871.789795 -309.939850
v -354.897339 -871.789795 -324.360748
v -361.525635 -871.789795 -337.369324
v -384.124634 -871.789795 -320.950134
v -381.464111 -871.789856 -315.728607
v -371.849792 -871.789795 -347.693512
v -388.268799 -871.789795 -325.094513
v -384.858459 -871.789917 -354.321777
v -393.490601 -871.789856 -327.755035
v -399.279175 -871.789856 -356.605713
v -399.279114 -871.789856 -328.671844
v -413.699768 -871.789795 -354.321686
v -405.067627 -871.789856 -327.755035
v -426.708740 -871.789856 -347.693512
v -410.289673 -871.789917 -325.094452
v -437.032715 -871.789917 -337.369385
v -414.433594 -871.789917 -320.950348
v -443.661102 -871.789856 -324.360474
v -417.094360 -871.789856 -315.728424
v -445.945099 -871.789856 -309.939850
v -418.011200 -871.789856 -309.939850
v -443.661102 -871.789856 -295.519318
v -417.094360 -871.789795 -304.151306
v -437.032715 -871.789917 -282.510223
v -414.433594 -871.789917 -298.929443
v -426.708740 -871.789856 -272.186432
v -410.289734 -871.789917 -294.785461
v -413.699768 -871.789795 -265.557983
v -405.067566 -871.789856 -292.124634
v -399.279175 -871.789856 -263.273956
v -399.279175 -871.789917 -291.207916
v -384.858459 -871.789795 -265.558014
v -393.490356 -871.789856 -292.124756
v -371.849426 -871.789856 -272.186188
v -388.268616 -871.789917 -294.785400
v -361.525696 -871.789917 -282.510040
v -384.124756 -871.789917 -298.929108
v -354.897339 -871.789795 -295.519318
v -381.464172 -871.789795 -304.151215
v -352.613281 -871.789795 -309.939850
v -380.547119 -871.789795 -309.939880
v -381.464111 -871.789856 -315.728607
v -384.124634 -871.789795 -320.950134
v -384.124634 -865.709717 -320.950134
v -381.464111 -865.709778 -315.728424
v -388.268799 -871.789795 -325.094513
v -388.268982 -865.709717 -325.094543
v -393.490601 -871.789856 -327.755035
v -393.490601 -865.709778 -327.755005
v -399.279114 -871.789856 -328.671844
v -399.279114 -865.709778 -328.671844
v -405.067627 -871.789856 -327.755035
v -405.067871 -865.709778 -327.754913
v -410.289673 -871.789917 -325.094452
v -410.289673 -865.709961 -325.094452
v -414.433594 -871.789917 -320.950348
v -414.433594 -865.709961 -320.950378
v -417.094360 -871.789856 -315.728424
v -417.094360 -865.709778 -315.728424
v -418.011200 -871.789856 -309.939850
v -418.011200 -865.709778 -309.939972
v -417.094360 -871.789795 -304.151306
v -417.094299 -865.709717 -304.151123
v -414.433594 -871.789917 -298.929443
v -414.433594 -865.709961 -298.929443
v -410.289734 -871.789917 -294.785461
v -410.289795 -865.709961 -294.785553
v -405.067566 -871.789856 -292.124634
v -405.067505 -865.709778 -292.124603
v -399.279175 -871.789917 -291.207916
v -399.279175 -865.709961 -291.207855
v -393.490356 -871.789856 -292.124756
v -393.490295 -865.709778 -292.124817
v -388.268616 -871.789917 -294.785400
v -388.268616 -865.709961 -294.785400
v -384.124756 -871.789917 -298.929108
v -384.124756 -865.709961 -298.928925
v -381.464172 -871.789795 -304.151215
v -381.464172 -865.709717 -304.151062
v -380.547119 -871.789795 -309.939880
v -380.547119 -865.709717 -309.940094
v -381.464111 -865.709778 -315.728424
v -384.124634 -865.709717 -320.950134
v -356.635437 -865.709717 -340.921814
v -349.148865 -865.709778 -326.228516
v -388.268982 -865.709717 -325.094543
v -368.296997 -865.709656 -352.583679
v -393.490601 -865.709778 -327.755005
v -382.990906 -865.709717 -360.070221
v -399.279114 -865.709778 -328.671844
v -399.279175 -865.709717 -362.650208
v -405.067871 -865.709778 -327.754913
v -415.567535 -865.710022 -360.070160
v -410.289673 -865.709961 -325.094452
v -430.261230 -865.710022 -352.583771
v -414.433594 -865.709961 -320.950378
v -441.922821 -865.709961 -340.922302
v -417.094360 -865.709778 -315.728424
v -449.409637 -865.709961 -326.228210
v -418.011200 -865.709778 -309.939972
v -451.989563 -865.709778 -309.940033
v -417.094299 -865.709717 -304.151123
v -449.409576 -865.709656 -293.651001
v -414.433594 -865.709961 -298.929443
v -441.922546 -865.709717 -278.957367
v -410.289795 -865.709961 -294.785553
v -430.261902 -865.710083 -267.296661
v -405.067505 -865.709778 -292.124603
v -415.567596 -865.709961 -259.809235
v -399.279175 -865.709961 -291.207855
v -399.278992 -865.709778 -257.229523
v -393.490295 -865.709778 -292.124817
v -382.990417 -865.710022 -259.809509
v -388.268616 -865.709961 -294.785400
v -368.297058 -865.710022 -267.296082
v -384.124756 -865.709961 -298.928925
v -356.635803 -865.709656 -278.956757
v -381.464172 -865.709717 -304.151062
v -349.148804 -865.709595 -293.651398
v -380.547119 -865.709717 -309.940094
v -346.568848 -865.709656 -309.940247
v -349.148865 -865.709778 -326.228516
v -356.635437 -865.709717 -340.921814
v -354.407471 -863.019775 -342.540466
v -346.529785 -863.019836 -327.079529
v -368.296997 -865.709656 -352.583679
v -366.678223 -863.019653 -354.811646
v -382.990906 -865.709717 -360.070221
v -382.139832 -863.019775 -362.689331
v -399.279175 -865.709717 -362.650208
v -399.279175 -863.019775 -365.404114
v -415.567535 -865.710022 -360.070160
v -416.418518 -863.019958 -362.689270
v -430.261230 -865.710022 -352.583771
v -431.879944 -863.019958 -354.811737
v -441.922821 -865.709961 -340.922302
v -444.150787 -863.019897 -342.541046
v -449.409637 -865.709961 -326.228210
v -452.028717 -863.019897 -327.079193
v -451.989563 -865.709778 -309.940033
v -454.743439 -863.019836 -309.940033
v -449.409576 -865.709656 -293.651001
v -452.028656 -863.019653 -292.799957
v -441.922546 -865.709717 -278.957367
v -444.150482 -863.019775 -277.338623
v -430.261902 -865.710083 -267.296661
v -431.880646 -863.020020 -265.068756
v -415.567596 -865.709961 -259.809235
v -416.418640 -863.019897 -257.190125
v -399.278992 -865.709778 -257.229523
v -399.278992 -863.019836 -254.475632
v -382.990417 -865.710022 -259.809509
v -382.139343 -863.019958 -257.190430
v -368.297058 -865.710022 -267.296082
v -366.678467 -863.019958 -265.068085
v -356.635803 -865.709656 -278.956757
v -354.407898 -863.019653 -277.338043
v -349.148804 -865.709595 -293.651398
v -346.529724 -863.019592 -292.800385
v -346.568848 -865.709656 -309.940247
v -343.814880 -863.019653 -309.940308
vt 0.375000 0.312500
vt 0.387500 0.312500
vt 0.375000 0.688440
vt 0.387500 0.688440
vt 0.400000 0.312500
vt 0.400000 0.688440
vt 0.412500 0.312500
vt 0.412500 0.688440
vt 0.425000 0.312500
vt 0.425000 0.688440
vt 0.437500 0.312500
vt 0.437500 0.688440
vt 0.450000 0.312500
vt 0.450000 0.688440
vt 0.462500 0.312500
vt 0.462500 0.688440
vt 0.475000 0.312500
vt 0.475000 0.688440
vt 0.487500 0.312500
vt 0.487500 0.688440
vt 0.500000 0.312500
vt 0.500000 0.688440
vt 0.512500 0.312500
vt 0.512500 0.688440
vt 0.525000 0.312500
vt 0.525000 0.688440
vt 0.537500 0.312500
vt 0.537500 0.688440
vt 0.550000 0.312500
vt 0.550000 0.688440
vt 0.562500 0.312500
vt 0.562500 0.688440
vt 0.575000 0.312500
vt 0.575000 0.688440
vt 0.587500 0.312500
vt 0.587500 0.688440
vt 0.600000 0.312500
vt 0.600000 0.688440
vt 0.612500 0.312500
vt 0.612500 0.688440
vt 0.625000 0.312500
vt 0.625000 0.688440
vt 0.626409 0.064408
vt 0.648603 0.107966
vt 0.500000 0.150000
vt 0.591842 0.029841
vt 0.548284 0.007647
vt 0.500000 0.000000
vt 0.451716 0.007647
vt 0.408159 0.029841
vt 0.373591 0.064409
vt 0.351397 0.107966
vt 0.343750 0.156250
vt 0.351397 0.204534
vt 0.373591 0.248091
vt 0.408159 0.282659
vt 0.451716 0.304853
vt 0.500000 0.312500
vt 0.548284 0.304853
vt 0.591841 0.282659
vt 0.626409 0.248091
vt 0.648603 0.204534
vt 0.656250 0.156250
vt 0.648603 0.892034
vt 0.626409 0.935591
vt 0.648603 0.892034
vt 0.626409 0.935591
vt 0.591841 0.970159
vt 0.591841 0.970159
vt 0.548284 0.992353
vt 0.548284 0.992353
vt 0.500000 1.000000
vt 0.500000 1.000000
vt 0.451716 0.992353
vt 0.451716 0.992353
vt 0.408159 0.970159
vt 0.408159 0.970159
vt 0.373591 0.935591
vt 0.373591 0.935591
vt 0.351397 0.892034
vt 0.351397 0.892034
vt 0.343750 0.843750
vt 0.343750 0.843750
vt 0.351397 0.795466
vt 0.351397 0.795466
vt 0.373591 0.751909
vt 0.373591 0.751909
vt 0.408159 0.717341
vt 0.408159 0.717341
vt 0.451716 0.695147
vt 0.451716 0.695147
vt 0.500000 0.687500
vt 0.500000 0.687500
vt 0.548284 0.695147
vt 0.548284 0.695147
vt 0.591842 0.717341
vt 0.591842 0.717341
vt 0.626409 0.751908
vt 0.626409 0.751908
vt 0.648603 0.795466
vt 0.648603 0.795466
vt 0.656250 0.843750
vt 0.656250 0.843750
vt 0.648603 0.892034
vt 0.626409 0.935591
vt 0.648603 0.892034
vt 0.626409 0.935591
vt 0.591841 0.970159
vt 0.591841 0.970159
vt 0.548284 0.992353
vt 0.548284 0.992353
vt 0.500000 1.000000
vt 0.500000 1.000000
vt 0.451716 0.992353
vt 0.451716 0.992353
vt 0.408159 0.970159
vt 0.408159 0.970159
vt 0.373591 0.935591
vt 0.373591 0.935591
vt 0.351397 0.892034
vt 0.351397 0.892034
vt 0.343750 0.843750
vt 0.343750 0.843750
vt 0.351397 0.795466
vt 0.351397 0.795466
vt 0.373591 0.751909
vt 0.373591 0.751909
vt 0.408159 0.717341
vt 0.408159 0.717341
vt 0.451716 0.695147
vt 0.451716 0.695147
vt 0.500000 0.687500
vt 0.500000 0.687500
vt 0.548284 0.695147
vt 0.548284 0.695147
vt 0.591842 0.717341
vt 0.591842 0.717341
vt 0.626409 0.751908
vt 0.626409 0.751908
vt 0.648603 0.795466
vt 0.648603 0.795466
vt 0.656250 0.843750
vt 0.656250 0.843750
vt 0.648603 0.892034
vt 0.626409 0.935591
vt 0.648603 0.892034
vt 0.626409 0.935591
vt 0.591841 0.970159
vt 0.591841 0.970159
vt 0.548284 0.992353
vt 0.548284 0.992353
vt 0.500000 1.000000
vt 0.500000 1.000000
vt 0.451716 0.992353
vt 0.451716 0.992353
vt 0.408159 0.970159
vt 0.408159 0.970159
vt 0.373591 0.935591
vt 0.373591 0.935591
vt 0.351397 0.892034
vt 0.351397 0.892034
vt 0.343750 0.843750
vt 0.343750 0.843750
vt 0.351397 0.795466
vt 0.351397 0.795466
vt 0.373591 0.751909
vt 0.373591 0.751909
vt 0.408159 0.717341
vt 0.408159 0.717341
vt 0.451716 0.695147
vt 0.451716 0.695147
vt 0.500000 0.687500
vt 0.500000 0.687500
vt 0.548284 0.695147
vt 0.548284 0.695147
vt 0.591842 0.717341
vt 0.591842 0.717341
vt 0.626409 0.751908
vt 0.626409 0.751908
vt 0.648603 0.795466
vt 0.648603 0.795466
vt 0.656250 0.843750
vt 0.656250 0.843750
vt 0.648603 0.892034
vt 0.626409 0.935591
vt 0.648603 0.892034
vt 0.626409 0.935591
vt 0.591841 0.970159
vt 0.591841 0.970159
vt 0.548284 0.992353
vt 0.548284 0.992353
vt 0.500000 1.000000
vt 0.500000 1.000000
vt 0.451716 0.992353
vt 0.451716 0.992353
vt 0.408159 0.970159
vt 0.408159 0.970159
vt 0.373591 0.935591
vt 0.373591 0.935591
vt 0.351397 0.892034
vt 0.351397 0.892034
vt 0.343750 0.843750
vt 0.343750 0.843750
vt 0.351397 0.795466
vt 0.351397 0.795466
vt 0.373591 0.751909
vt 0.373591 0.751909
vt 0.408159 0.717341
vt 0.408159 0.717341
vt 0.451716 0.695147
vt 0.451716 0.695147
vt 0.500000 0.687500
vt 0.500000 0.687500
vt 0.548284 0.695147
vt 0.548284 0.695147
vt 0.591842 0.717341
vt 0.591842 0.717341
vt 0.626409 0.751908
vt 0.626409 0.751908
vt 0.648603 0.795466
vt 0.648603 0.795466
vt 0.656250 0.843750
vt 0.656250 0.843750
vt 0.648603 0.892034
vt 0.626409 0.935591
vt 0.648603 0.892034
vt 0.626409 0.935591
vt 0.591841 0.970159
vt 0.591841 0.970159
vt 0.548284 0.992353
vt 0.548284 0.992353
vt 0.500000 1.000000
vt 0.500000 1.000000
vt 0.451716 0.992353
vt 0.451716 0.992353
vt 0.408159 0.970159
vt 0.408159 0.970159
vt 0.373591 0.935591
vt 0.373591 0.935591
vt 0.351397 0.892034
vt 0.351397 0.892034
vt 0.343750 0.843750
vt 0.343750 0.843750
vt 0.351397 0.795466
vt 0.351397 0.795466
vt 0.373591 0.751909
vt 0.373591 0.751909
vt 0.408159 0.717341
vt 0.408159 0.717341
vt 0.451716 0.695147
vt 0.451716 0.695147
vt 0.500000 0.687500
vt 0.500000 0.687500
vt 0.548284 0.695147
vt 0.548284 0.695147
vt 0.591842 0.717341
vt 0.591842 0.717341
vt 0.626409 0.751908
vt 0.626409 0.751908
vt 0.648603 0.795466
vt 0.648603 0.795466
vt 0.656250 0.843750
vt 0.656250 0.843750
vn 0.9511 0.0000 -0.3090
vn 0.8090 0.0000 -0.5878
vn 0.5878 0.0000 -0.8090
vn 0.3090 0.0000 -0.9511
vn -0.0000 0.0000 -1.0000
vn -0.3090 0.0000 -0.9511
vn -0.5878 0.0000 -0.8090
vn -0.8090 0.0000 -0.5878
vn -0.9511 0.0000 -0.3090
vn -1.0000 0.0000 0.0000
vn -0.9511 0.0000 0.3090
vn -0.8090 0.0000 0.5878
vn -0.5878 0.0000 0.8090
vn -0.3090 0.0000 0.9511
vn 0.0000 0.0000 1.0000
vn 0.3090 0.0000 0.9511
vn 0.5878 0.0000 0.8090
vn 0.8090 0.0000 0.5878
vn 0.9511 0.0000 0.3090
vn 1.0000 0.0000 0.0000
vn 0.0000 -1.0000 0.0000
vn 0.6612 -0.7188 -0.2148
vn 0.5624 -0.7188 -0.4086
vn 0.4086 -0.7188 -0.5624
vn 0.2148 -0.7188 -0.6612
vn -0.0000 -0.7188 -0.6952
vn -0.2148 -0.7188 -0.6612
vn -0.4086 -0.7188 -0.5624
vn -0.5624 -0.7188 -0.4086
vn -0.6612 -0.7188 -0.2148
vn -0.6952 -0.7188 -0.0000
vn -0.6612 -0.7188 0.2148
vn -0.5624 -0.7188 0.4086
vn -0.4086 -0.7188 0.5624
vn -0.2148 -0.7188 0.6612
vn -0.0000 -0.7188 0.6952
vn 0.2148 -0.7188 0.6612
vn 0.4086 -0.7188 0.5624
vn 0.5624 -0.7188 0.4086
vn 0.6612 -0.7188 0.2148
vn 0.6952 -0.7188 0.0000
vn -0.0000 1.0000 0.0000
vn 0.6646 -0.7154 -0.2159
vn 0.5653 -0.7154 -0.4107
vn 0.4107 -0.7154 -0.5653
vn 0.2159 -0.7154 -0.6646
vn 0.0000 -0.7154 -0.6988
vn -0.2159 -0.7154 -0.6646
vn -0.4107 -0.7154 -0.5653
vn -0.5653 -0.7153 -0.4107
vn -0.6646 -0.7153 -0.2159
vn -0.6988 -0.7154 0.0000
vn -0.6646 -0.7154 0.2159
vn -0.5653 -0.7154 0.4107
vn -0.4107 -0.7153 0.5653
vn -0.2159 -0.7154 0.6646
vn 0.0000 -0.7154 0.6988
vn 0.2159 -0.7154 0.6646
vn 0.2159 -0.7153 0.6646
vn 0.4107 -0.7153 0.5653
vn 0.5653 -0.7153 0.4107
vn 0.6646 -0.7154 0.2159
vn 0.6988 -0.7154 0.0000
vn 0.6987 -0.7154 0.0000
usemtl tornillos.006
s 1
f 2653/2653/490 2654/2654/491 2656/2655/490
f 2654/2654/491 2655/2656/491 2656/2655/490
f 2654/2654/491 2657/2657/492 2655/2656/491
f 2657/2657/492 2658/2658/492 2655/2656/491
f 2657/2657/492 2659/2659/493 2658/2658/492
f 2659/2659/493 2660/2660/493 2658/2658/492
f 2659/2659/493 2661/2661/494 2660/2660/493
f 2661/2661/494 2662/2662/494 2660/2660/493
f 2661/2661/494 2663/2663/495 2662/2662/494
f 2663/2663/495 2664/2664/495 2662/2662/494
f 2663/2663/495 2665/2665/496 2664/2664/495
f 2665/2665/496 2666/2666/496 2664/2664/495
f 2665/2665/496 2667/2667/497 2666/2666/496
f 2667/2667/497 2668/2668/497 2666/2666/496
f 2667/2667/497 2669/2669/498 2668/2668/497
f 2669/2669/498 2670/2670/498 2668/2668/497
f 2669/2669/498 2671/2671/499 2670/2670/498
f 2671/2671/499 2672/2672/499 2670/2670/498
f 2671/2671/499 2673/2673/500 2672/2672/499
f 2673/2673/500 2674/2674/500 2672/2672/499
f 2673/2673/500 2675/2675/501 2674/2674/500
f 2675/2675/501 2676/2676/501 2674/2674/500
f 2675/2675/501 2677/2677/502 2676/2676/501
f 2677/2677/502 2678/2678/502 2676/2676/501
f 2677/2677/502 2679/2679/503 2678/2678/502
f 2679/2679/503 2680/2680/503 2678/2678/502
f 2679/2679/503 2681/2681/504 2680/2680/503
f 2681/2681/504 2682/2682/504 2680/2680/503
f 2681/2681/504 2683/2683/505 2682/2682/504
f 2683/2683/505 2684/2684/505 2682/2682/504
f 2683/2683/505 2685/2685/506 2684/2684/505
f 2685/2685/506 2686/2686/506 2684/2684/505
f 2685/2685/506 2687/2687/507 2686/2686/506
f 2687/2687/507 2688/2688/507 2686/2686/506
f 2687/2687/507 2689/2689/508 2688/2688/507
f 2689/2689/508 2690/2690/508 2688/2688/507
f 2689/2689/508 2691/2691/509 2690/2690/508
f 2691/2691/509 2692/2692/509 2690/2690/508
f 2691/2691/509 2693/2693/490 2692/2692/509
f 2693/2693/490 2694/2694/490 2692/2692/509
s 2
f 2695/2695/510 2696/2696/510 2697/2697/510
f 2698/2698/510 2695/2695/510 2697/2697/510
f 2699/2699/510 2698/2698/510 2697/2697/510
f 2700/2700/510 2699/2699/510 2697/2697/510
f 2701/2701/510 2700/2700/510 2697/2697/510
f 2702/2702/510 2701/2701/510 2697/2697/510
f 2703/2703/510 2702/2702/510 2697/2697/510
f 2704/2704/510 2703/2703/510 2697/2697/510
f 2705/2705/510 2704/2704/510 2697/2697/510
f 2706/2706/510 2705/2705/510 2697/2697/510
f 2707/2707/510 2706/2706/510 2697/2697/510
f 2708/2708/510 2707/2707/510 2697/2697/510
f 2709/2709/510 2708/2708/510 2697/2697/510
f 2710/2710/510 2709/2709/510 2697/2697/510
f 2711/2711/510 2710/2710/510 2697/2697/510
f 2712/2712/510 2711/2711/510 2697/2697/510
f 2713/2713/510 2712/2712/510 2697/2697/510
f 2714/2714/510 2713/2713/510 2697/2697/510
f 2715/2715/510 2714/2714/510 2697/2697/510
f 2696/2696/510 2715/2715/510 2697/2697/510
s 3
f 2716/2716/511 2717/2717/512 2719/2718/511
f 2717/2717/512 2718/2719/512 2719/2718/511
f 2717/2717/512 2720/2720/513 2718/2719/512
f 2720/2720/513 2721/2721/513 2718/2719/512
f 2720/2720/513 2722/2722/514 2721/2721/513
f 2722/2722/514 2723/2723/514 2721/2721/513
f 2722/2722/514 2724/2724/515 2723/2723/514
f 2724/2724/515 2725/2725/515 2723/2723/514
f 2724/2724/515 2726/2726/516 2725/2725/515
f 2726/2726/516 2727/2727/516 2725/2725/515
f 2726/2726/516 2728/2728/517 2727/2727/516
f 2728/2728/517 2729/2729/517 2727/2727/516
f 2728/2728/517 2730/2730/518 2729/2729/517
f 2730/2730/518 2731/2731/518 2729/2729/517
f 2730/2730/518 2732/2732/519 2731/2731/518
f 2732/2732/519 2733/2733/519 2731/2731/518
f 2732/2732/519 2734/2734/520 2733/2733/519
f 2734/2734/520 2735/2735/520 2733/2733/519
f 2734/2734/520 2736/2736/521 2735/2735/520
f 2736/2736/521 2737/2737/521 2735/2735/520
f 2736/2736/521 2738/2738/522 2737/2737/521
f 2738/2738/522 2739/2739/522 2737/2737/521
f 2738/2738/522 2740/2740/523 2739/2739/522
f 2740/2740/523 2741/2741/523 2739/2739/522
f 2740/2740/523 2742/2742/524 2741/2741/523
f 2742/2742/524 2743/2743/524 2741/2741/523
f 2742/2742/524 2744/2744/525 2743/2743/524
f 2744/2744/525 2745/2745/525 2743/2743/524
f 2744/2744/525 2746/2746/526 2745/2745/525
f 2746/2746/526 2747/2747/526 2745/2745/525
f 2746/2746/526 2748/2748/527 2747/2747/526
f 2748/2748/527 2749/2749/527 2747/2747/526
f 2748/2748/527 2750/2750/528 2749/2749/527
f 2750/2750/528 2751/2751/528 2749/2749/527
f 2750/2750/528 2752/2752/529 2751/2751/528
f 2752/2752/529 2753/2753/529 2751/2751/528
f 2752/2752/529 2754/2754/530 2753/2753/529
f 2754/2754/530 2755/2755/530 2753/2753/529
f 2754/2754/530 2716/2716/511 2755/2755/530
f 2716/2716/511 2719/2718/511 2755/2755/530
s 4
f 2756/2756/531 2757/2757/531 2759/2758/531
f 2757/2757/531 2758/2759/531 2759/2758/531
f 2757/2757/531 2760/2760/531 2758/2759/531
f 2760/2760/531 2761/2761/531 2758/2759/531
f 2760/2760/531 2762/2762/531 2761/2761/531
f 2762/2762/531 2763/2763/531 2761/2761/531
f 2762/2762/531 2764/2764/531 2763/2763/531
f 2764/2764/531 2765/2765/531 2763/2763/531
f 2764/2764/531 2766/2766/531 2765/2765/531
f 2766/2766/531 2767/2767/531 2765/2765/531
f 2766/2766/531 2768/2768/531 2767/2767/531
f 2768/2768/531 2769/2769/531 2767/2767/531
f 2768/2768/531 2770/2770/531 2769/2769/531
f 2770/2770/531 2771/2771/531 2769/2769/531
f 2770/2770/531 2772/2772/531 2771/2771/531
f 2772/2772/531 2773/2773/531 2771/2771/531
f 2772/2772/531 2774/2774/531 2773/2773/531
f 2774/2774/531 2775/2775/531 2773/2773/531
f 2774/2774/531 2776/2776/531 2775/2775/531
f 2776/2776/531 2777/2777/531 2775/2775/531
f 2776/2776/531 2778/2778/531 2777/2777/531
f 2778/2778/531 2779/2779/531 2777/2777/531
f 2778/2778/531 2780/2780/531 2779/2779/531
f 2780/2780/531 2781/2781/531 2779/2779/531
f 2780/2780/531 2782/2782/531 2781/2781/531
f 2782/2782/531 2783/2783/531 2781/2781/531
f 2782/2782/531 2784/2784/531 2783/2783/531
f 2784/2784/531 2785/2785/531 2783/2783/531
f 2784/2784/531 2786/2786/531 2785/2785/531
f 2786/2786/531 2787/2787/531 2785/2785/531
f 2786/2786/531 2788/2788/531 2787/2787/531
f 2788/2788/531 2789/2789/531 2787/2787/531
f 2788/2788/531 2790/2790/531 2789/2789/531
f 2790/2790/531 2791/2791/531 2789/2789/531
f 2790/2790/531 2792/2792/531 2791/2791/531
f 2792/2792/531 2793/2793/531 2791/2791/531
f 2792/2792/531 2794/2794/531 2793/2793/531
f 2794/2794/531 2795/2795/531 2793/2793/531
f 2794/2794/531 2756/2756/531 2795/2795/531
f 2756/2756/531 2759/2758/531 2795/2795/531
s 5
f 2796/2796/490 2797/2797/491 2799/2798/490
f 2797/2797/491 2798/2799/491 2799/2798/490
f 2797/2797/491 2800/2800/492 2798/2799/491
f 2800/2800/492 2801/2801/492 2798/2799/491
f 2800/2800/492 2802/2802/493 2801/2801/492
f 2802/2802/493 2803/2803/493 2801/2801/492
f 2802/2802/493 2804/2804/494 2803/2803/493
f 2804/2804/494 2805/2805/494 2803/2803/493
f 2804/2804/494 2806/2806/495 2805/2805/494
f 2806/2806/495 2807/2807/495 2805/2805/494
f 2806/2806/495 2808/2808/496 2807/2807/495
f 2808/2808/496 2809/2809/496 2807/2807/495
f 2808/2808/496 2810/2810/497 2809/2809/496
f 2810/2810/497 2811/2811/497 2809/2809/496
f 2810/2810/497 2812/2812/498 2811/2811/497
f 2812/2812/498 2813/2813/498 2811/2811/497
f 2812/2812/498 2814/2814/499 2813/2813/498
f 2814/2814/499 2815/2815/499 2813/2813/498
f 2814/2814/499 2816/2816/500 2815/2815/499
f 2816/2816/500 2817/2817/500 2815/2815/499
f 2816/2816/500 2818/2818/501 2817/2817/500
f 2818/2818/501 2819/2819/501 2817/2817/500
f 2818/2818/501 2820/2820/502 2819/2819/501
f 2820/2820/502 2821/2821/502 2819/2819/501
f 2820/2820/502 2822/2822/503 2821/2821/502
f 2822/2822/503 2823/2823/503 2821/2821/502
f 2822/2822/503 2824/2824/504 2823/2823/503
f 2824/2824/504 2825/2825/504 2823/2823/503
f 2824/2824/504 2826/2826/505 2825/2825/504
f 2826/2826/505 2827/2827/505 2825/2825/504
f 2826/2826/505 2828/2828/506 2827/2827/505
f 2828/2828/506 2829/2829/506 2827/2827/505
f 2828/2828/506 2830/2830/507 2829/2829/506
f 2830/2830/507 2831/2831/507 2829/2829/506
f 2830/2830/507 2832/2832/508 2831/2831/507
f 2832/2832/508 2833/2833/508 2831/2831/507
f 2832/2832/508 2834/2834/509 2833/2833/508
f 2834/2834/509 2835/2835/509 2833/2833/508
f 2834/2834/509 2796/2796/490 2835/2835/509
f 2796/2796/490 2799/2798/490 2835/2835/509
s 6
f 2836/2836/510 2837/2837/510 2839/2838/510
f 2837/2837/510 2838/2839/510 2839/2838/510
f 2837/2837/510 2840/2840/510 2838/2839/510
f 2840/2840/510 2841/2841/510 2838/2839/510
f 2840/2840/510 2842/2842/510 2841/2841/510
f 2842/2842/510 2843/2843/510 2841/2841/510
f 2842/2842/510 2844/2844/510 2843/2843/510
f 2844/2844/510 2845/2845/510 2843/2843/510
f 2844/2844/510 2846/2846/510 2845/2845/510
f 2846/2846/510 2847/2847/510 2845/2845/510
f 2846/2846/510 2848/2848/510 2847/2847/510
f 2848/2848/510 2849/2849/510 2847/2847/510
f 2848/2848/510 2850/2850/510 2849/2849/510
f 2850/2850/510 2851/2851/510 2849/2849/510
f 2850/2850/510 2852/2852/510 2851/2851/510
f 2852/2852/510 2853/2853/510 2851/2851/510
f 2852/2852/510 2854/2854/510 2853/2853/510
f 2854/2854/510 2855/2855/510 2853/2853/510
f 2854/2854/510 2856/2856/510 2855/2855/510
f 2856/2856/510 2857/2857/510 2855/2855/510
f 2856/2856/510 2858/2858/510 2857/2857/510
f 2858/2858/510 2859/2859/510 2857/2857/510
f 2858/2858/510 2860/2860/510 2859/2859/510
f 2860/2860/510 2861/2861/510 2859/2859/510
f 2860/2860/510 2862/2862/510 2861/2861/510
f 2862/2862/510 2863/2863/510 2861/2861/510
f 2862/2862/510 2864/2864/510 2863/2863/510
f 2864/2864/510 2865/2865/510 2863/2863/510
f 2864/2864/510 2866/2866/510 2865/2865/510
f 2866/2866/510 2867/2867/510 2865/2865/510
f 2866/2866/510 2868/2868/510 2867/2867/510
f 2868/2868/510 2869/2869/510 2867/2867/510
f 2868/2868/510 2870/2870/510 2869/2869/510
f 2870/2870/510 2871/2871/510 2869/2869/510
f 2870/2870/510 2872/2872/510 2871/2871/510
f 2872/2872/510 2873/2873/510 2871/2871/510
f 2872/2872/510 2874/2874/510 2873/2873/510
f 2874/2874/510 2875/2875/510 2873/2873/510
f 2874/2874/510 2836/2836/510 2875/2875/510
f 2836/2836/510 2839/2838/510 2875/2875/510
s 7
f 2876/2876/532 2877/2877/533 2879/2878/532
f 2877/2877/533 2878/2879/533 2879/2878/532
f 2877/2877/533 2880/2880/534 2878/2879/533
f 2880/2880/534 2881/2881/534 2878/2879/533
f 2880/2880/534 2882/2882/535 2881/2881/534
f 2882/2882/535 2883/2883/535 2881/2881/534
f 2882/2882/535 2884/2884/536 2883/2883/535
f 2884/2884/536 2885/2885/536 2883/2883/535
f 2884/2884/536 2886/2886/537 2885/2885/536
f 2886/2886/537 2887/2887/537 2885/2885/536
f 2886/2886/537 2888/2888/538 2887/2887/537
f 2888/2888/538 2889/2889/538 2887/2887/537
f 2888/2888/538 2890/2890/539 2889/2889/538
f 2890/2890/539 2891/2891/539 2889/2889/538
f 2890/2890/539 2892/2892/540 2891/2891/539
f 2892/2892/540 2893/2893/540 2891/2891/539
f 2892/2892/540 2894/2894/541 2893/2893/540
f 2894/2894/541 2895/2895/541 2893/2893/540
f 2894/2894/541 2896/2896/542 2895/2895/541
f 2896/2896/542 2897/2897/542 2895/2895/541
f 2896/2896/542 2898/2898/543 2897/2897/542
f 2898/2898/543 2899/2899/543 2897/2897/542
f 2898/2898/543 2900/2900/544 2899/2899/543
f 2900/2900/544 2901/2901/544 2899/2899/543
f 2900/2900/544 2902/2902/545 2901/2901/544
f 2902/2902/545 2903/2903/545 2901/2901/544
f 2902/2902/545 2904/2904/546 2903/2903/545
f 2904/2904/546 2905/2905/546 2903/2903/545
f 2904/2904/546 2906/2906/547 2905/2905/546
f 2906/2906/547 2907/2907/548 2905/2905/546
f 2906/2906/547 2908/2908/549 2907/2907/548
f 2908/2908/549 2909/2909/549 2907/2907/548
f 2908/2908/549 2910/2910/550 2909/2909/549
f 2910/2910/550 2911/2911/550 2909/2909/549
f 2910/2910/550 2912/2912/551 2911/2911/550
f 2912/2912/551 2913/2913/551 2911/2911/550
f 2912/2912/551 2914/2914/552 2913/2913/551
f 2914/2914/552 2915/2915/553 2913/2913/551
f 2914/2914/552 2876/2876/532 2915/2915/553
f 2876/2876/532 2879/2878/532 2915/2915/553
o CHEOPS_LowPoly_pCylinder45_Mesh.014
v -1400.831787 605.433472 393.936127
v -1396.754395 605.433472 385.934204
v -1396.754395 574.644043 385.934204
v -1400.831787 574.644043 393.936127
v -1390.404053 605.433472 379.583771
v -1390.404053 574.644043 379.583771
v -1390.404053 605.433472 379.583771
v -1382.402222 605.433472 375.506592
v -1382.402222 574.644104 375.506592
v -1390.404053 574.644043 379.583771
v -1373.531738 605.433472 374.101624
v -1373.531738 574.644104 374.101624
v -1364.661743 605.433472 375.506592
v -1364.661743 574.644104 375.506592
v -1356.659424 605.433472 379.583771
v -1356.659424 574.644104 379.583771
v -1356.659424 605.433472 379.583771
v -1350.309082 605.433472 385.934204
v -1350.309082 574.644104 385.934204
v -1356.659424 574.644104 379.583771
v -1346.231934 605.433472 393.936127
v -1346.231934 574.644104 393.936127
v -1344.826904 605.433472 402.806396
v -1344.826904 574.644104 402.806396
v -1346.231934 605.433472 411.676666
v -1346.231934 574.644104 411.676666
v -1350.309082 605.433472 419.678680
v -1350.309082 574.644104 419.678680
v -1356.659424 605.433472 426.029053
v -1356.659424 574.644104 426.029053
v -1356.659424 605.433472 426.029053
v -1364.661743 605.433472 430.106262
v -1364.661743 574.644104 430.106262
v -1356.659424 574.644104 426.029053
v -1373.531738 605.433472 431.511169
v -1373.531738 574.644104 431.511169
v -1382.402222 605.433472 430.106262
v -1382.402222 574.644104 430.106262
v -1390.404053 605.433472 426.029053
v -1390.404053 574.644104 426.029053
v -1390.404053 605.433472 426.029053
v -1396.754395 605.433472 419.678680
v -1396.754395 574.644104 419.678680
v -1390.404053 574.644104 426.029053
v -1400.831787 605.433472 411.676666
v -1400.831787 574.644043 411.676666
v -1402.236572 605.433472 402.806396
v -1402.236572 574.644043 402.806396
v -1396.754395 605.433472 385.934204
v -1400.831787 605.433472 393.936127
v -1373.531738 605.433472 402.806396
v -1390.404053 605.433472 379.583771
v -1382.402222 605.433472 375.506592
v -1373.531738 605.433472 374.101624
v -1364.661743 605.433472 375.506592
v -1356.659424 605.433472 379.583771
v -1350.309082 605.433472 385.934204
v -1346.231934 605.433472 393.936127
v -1344.826904 605.433472 402.806396
v -1346.231934 605.433472 411.676666
v -1350.309082 605.433472 419.678680
v -1356.659424 605.433472 426.029053
v -1364.661743 605.433472 430.106262
v -1373.531738 605.433472 431.511169
v -1382.402222 605.433472 430.106262
v -1390.404053 605.433472 426.029053
v -1396.754395 605.433472 419.678680
v -1400.831787 605.433472 411.676666
v -1402.236572 605.433472 402.806396
v -1400.831787 574.644043 393.936127
v -1396.754395 574.644043 385.934204
v -1411.285278 557.274048 375.376953
v -1417.913574 557.274048 388.385529
v -1396.754395 574.644043 385.934204
v -1390.404053 574.644043 379.583771
v -1400.961182 557.274048 365.052765
v -1411.285278 557.274048 375.376953
v -1382.402222 574.644104 375.506592
v -1387.952393 557.274170 358.424500
v -1373.531738 574.644104 374.101624
v -1373.531738 557.274109 356.140564
v -1364.661743 574.644104 375.506592
v -1359.111206 557.274048 358.424561
v -1356.659424 574.644104 379.583771
v -1346.102295 557.274109 365.052765
v -1350.309082 574.644104 385.934204
v -1335.778198 557.274170 375.376892
v -1350.309082 574.644104 385.934204
v -1346.231934 574.644104 393.936127
v -1329.149902 557.274109 388.385803
v -1335.778198 557.274170 375.376892
v -1344.826904 574.644104 402.806396
v -1326.865845 557.274109 402.806396
v -1346.231934 574.644104 411.676666
v -1329.149902 557.274109 417.226929
v -1350.309082 574.644104 419.678680
v -1335.778198 557.274170 430.236053
v -1350.309082 574.644104 419.678680
v -1356.659424 574.644104 426.029053
v -1346.102295 557.274109 440.559845
v -1335.778198 557.274170 430.236053
v -1364.661743 574.644104 430.106262
v -1359.111206 557.274048 447.188293
v -1373.531738 574.644104 431.511169
v -1373.531738 557.274109 449.472321
v -1382.402222 574.644104 430.106262
v -1387.952393 557.274048 447.188263
v -1390.404053 574.644104 426.029053
v -1400.961548 557.274109 440.560089
v -1396.754395 574.644104 419.678680
v -1411.285156 557.274170 430.236237
v -1396.754395 574.644104 419.678680
v -1400.831787 574.644043 411.676666
v -1417.913574 557.274048 417.226929
v -1411.285156 557.274170 430.236237
v -1402.236572 574.644043 402.806396
v -1420.197632 557.273987 402.806396
v -1417.913574 557.274048 388.385529
v -1411.285278 557.274048 375.376953
v -1388.686279 557.274048 391.796143
v -1391.346802 557.274109 397.017670
v -1400.961182 557.274048 365.052765
v -1384.542236 557.274048 387.651764
v -1387.952393 557.274170 358.424500
v -1379.320312 557.274109 384.991241
v -1373.531738 557.274109 356.140564
v -1373.531738 557.274109 384.074432
v -1359.111206 557.274048 358.424561
v -1367.743286 557.274109 384.991241
v -1346.102295 557.274109 365.052765
v -1362.521240 557.274170 387.651825
v -1335.778198 557.274170 375.376892
v -1358.377319 557.274170 391.795929
v -1329.149902 557.274109 388.385803
v -1355.716553 557.274109 397.017853
v -1326.865845 557.274109 402.806396
v -1354.799805 557.274109 402.806396
v -1329.149902 557.274109 417.226929
v -1355.716553 557.274048 408.594971
v -1335.778198 557.274170 430.236053
v -1358.377319 557.274170 413.816833
v -1346.102295 557.274109 440.559845
v -1362.521240 557.274170 417.960815
v -1359.111206 557.274048 447.188293
v -1367.743408 557.274109 420.621613
v -1373.531738 557.274109 449.472321
v -1373.531738 557.274170 421.538330
v -1387.952393 557.274048 447.188263
v -1379.320557 557.274109 420.621521
v -1400.961548 557.274109 440.560089
v -1384.542358 557.274170 417.960876
v -1411.285156 557.274170 430.236237
v -1388.686157 557.274170 413.817169
v -1417.913574 557.274048 417.226929
v -1391.346802 557.274048 408.595062
v -1420.197632 557.273987 402.806396
v -1392.263794 557.274048 402.806366
v -1391.346802 557.274109 397.017670
v -1388.686279 557.274048 391.796143
v -1388.686279 551.194031 391.796143
v -1391.346802 551.194092 397.017853
v -1384.542236 557.274048 387.651764
v -1384.541992 551.194031 387.651733
v -1384.542236 557.274048 387.651764
v -1379.320312 557.274109 384.991241
v -1379.320312 551.194092 384.991272
v -1384.541992 551.194031 387.651733
v -1373.531738 557.274109 384.074432
v -1373.531738 551.194092 384.074432
v -1367.743286 557.274109 384.991241
v -1367.743042 551.194092 384.991364
v -1362.521240 557.274170 387.651825
v -1362.521240 551.194214 387.651825
v -1362.521240 557.274170 387.651825
v -1358.377319 557.274170 391.795929
v -1358.377319 551.194214 391.795868
v -1362.521240 551.194214 387.651825
v -1355.716553 557.274109 397.017853
v -1355.716553 551.194092 397.017853
v -1354.799805 557.274109 402.806396
v -1354.799805 551.194092 402.806305
v -1355.716553 557.274048 408.594971
v -1355.716675 551.194031 408.595154
v -1358.377319 557.274170 413.816833
v -1358.377319 551.194214 413.816833
v -1362.521240 557.274170 417.960815
v -1362.521240 551.194214 417.960693
v -1362.521240 557.274170 417.960815
v -1367.743408 557.274109 420.621613
v -1367.743408 551.194092 420.621674
v -1362.521240 551.194214 417.960693
v -1373.531738 557.274170 421.538330
v -1373.531738 551.194214 421.538422
v -1379.320557 557.274109 420.621521
v -1379.320557 551.194092 420.621460
v -1384.542358 557.274170 417.960876
v -1384.542358 551.194214 417.960876
v -1384.542358 557.274170 417.960876
v -1388.686157 557.274170 413.817169
v -1388.686157 551.194214 413.817322
v -1384.542358 551.194214 417.960876
v -1391.346802 557.274048 408.595062
v -1391.346802 551.194031 408.595215
v -1392.263794 557.274048 402.806366
v -1392.263794 551.194031 402.806183
v -1391.346802 551.194092 397.017853
v -1388.686279 551.194031 391.796143
v -1416.175537 551.194031 371.824463
v -1423.662109 551.194092 386.517761
v -1384.541992 551.194031 387.651733
v -1404.513916 551.193970 360.162598
v -1379.320312 551.194092 384.991272
v -1389.820068 551.194031 352.676056
v -1373.531738 551.194092 384.074432
v -1373.531738 551.194031 350.096069
v -1367.743042 551.194092 384.991364
v -1357.243408 551.194214 352.676117
v -1362.521240 551.194214 387.651825
v -1342.549683 551.194214 360.162506
v -1358.377319 551.194214 391.795868
v -1330.888184 551.194214 371.823944
v -1355.716553 551.194092 397.017853
v -1323.401367 551.194214 386.518066
v -1354.799805 551.194092 402.806305
v -1320.821411 551.194092 402.806244
v -1355.716675 551.194031 408.595154
v -1323.401367 551.193970 419.095245
v -1358.377319 551.194214 413.816833
v -1330.888428 551.194031 433.788910
v -1362.521240 551.194214 417.960693
v -1342.549072 551.194275 445.449585
v -1367.743408 551.194092 420.621674
v -1357.243408 551.194214 452.937042
v -1373.531738 551.194214 421.538422
v -1373.531982 551.194092 455.516754
v -1379.320557 551.194092 420.621460
v -1389.820557 551.194214 452.936768
v -1384.542358 551.194214 417.960876
v -1404.513916 551.194214 445.450165
v -1388.686157 551.194214 413.817322
v -1416.175049 551.193970 433.789490
v -1391.346802 551.194031 408.595215
v -1423.662109 551.193909 419.094879
v -1392.263794 551.194031 402.806183
v -1426.242188 551.193970 402.806000
v -1423.662109 551.194092 386.517761
v -1416.175537 551.194031 371.824463
v -1418.403442 548.504028 370.205811
v -1426.281128 548.504089 385.666748
v -1404.513916 551.193970 360.162598
v -1406.132690 548.503967 357.934631
v -1389.820068 551.194031 352.676056
v -1390.671143 548.504028 350.056946
v -1373.531738 551.194031 350.096069
v -1373.531738 548.504028 347.342163
v -1357.243408 551.194214 352.676117
v -1356.392456 548.504211 350.057007
v -1342.549683 551.194214 360.162506
v -1340.931030 548.504211 357.934509
v -1330.888184 551.194214 371.823944
v -1328.660156 548.504150 370.205231
v -1323.401367 551.194214 386.518066
v -1320.782227 548.504150 385.667053
v -1320.821411 551.194092 402.806244
v -1318.067505 548.504089 402.806213
v -1323.401367 551.193970 419.095245
v -1320.782349 548.503967 419.946320
v -1330.888428 551.194031 433.788910
v -1328.660400 548.504028 435.407654
v -1342.549072 551.194275 445.449585
v -1340.930298 548.504272 447.677490
v -1357.243408 551.194214 452.937042
v -1356.392334 548.504150 455.556152
v -1373.531982 551.194092 455.516754
v -1373.531982 548.504089 458.270660
v -1389.820557 551.194214 452.936768
v -1390.671631 548.504211 455.555847
v -1404.513916 551.194214 445.450165
v -1406.132446 548.504211 447.678192
v -1416.175049 551.193970 433.789490
v -1418.403076 548.503967 435.408203
v -1423.662109 551.193909 419.094879
v -1426.281250 548.503845 419.945892
v -1426.242188 551.193970 402.806000
v -1428.996094 548.503967 402.805969
vt 0.446401 0.676829
vt 0.446401 0.713297
vt 0.306081 0.676829
vt 0.306081 0.713297
vt 0.446401 0.742238
vt 0.306081 0.742238
vt 0.228265 0.919189
vt 0.228265 0.882722
vt 0.368585 0.919189
vt 0.368585 0.882722
vt 0.228265 0.842296
vt 0.368585 0.842296
vt 0.228265 0.801872
vt 0.368585 0.801872
vt 0.228265 0.765402
vt 0.368585 0.765402
vt 0.221474 0.530567
vt 0.221474 0.559509
vt 0.081154 0.530567
vt 0.081154 0.559509
vt 0.221474 0.595977
vt 0.081154 0.595977
vt 0.221474 0.636402
vt 0.081154 0.636402
vt 0.221474 0.676827
vt 0.081154 0.676827
vt 0.221474 0.713296
vt 0.081154 0.713296
vt 0.221474 0.742237
vt 0.081154 0.742237
vt 0.516706 0.777025
vt 0.516706 0.813494
vt 0.376386 0.777025
vt 0.376386 0.813494
vt 0.516706 0.853919
vt 0.376386 0.853919
vt 0.516706 0.894345
vt 0.376386 0.894345
vt 0.516706 0.930812
vt 0.376386 0.930812
vt 0.446401 0.530569
vt 0.446401 0.559510
vt 0.306081 0.530569
vt 0.306081 0.559510
vt 0.446401 0.595978
vt 0.306081 0.595978
vt 0.446401 0.636404
vt 0.306081 0.636404
vt 0.660249 0.748049
vt 0.623781 0.766632
vt 0.583355 0.642214
vt 0.689190 0.719108
vt 0.707771 0.682641
vt 0.714174 0.642214
vt 0.707771 0.601790
vt 0.689190 0.565321
vt 0.660249 0.536379
vt 0.623781 0.517798
vt 0.583355 0.511395
vt 0.542930 0.517798
vt 0.506461 0.536379
vt 0.477520 0.565321
vt 0.458939 0.601790
vt 0.452536 0.642214
vt 0.458939 0.682641
vt 0.477520 0.719108
vt 0.506461 0.748049
vt 0.542930 0.766632
vt 0.583355 0.773034
vt 0.306081 0.676829
vt 0.306081 0.713297
vt 0.226919 0.702126
vt 0.226919 0.761411
vt 0.862226 0.709093
vt 0.891168 0.680152
vt 0.910340 0.775316
vt 0.957392 0.728265
vt 0.909749 0.643684
vt 0.987599 0.668979
vt 0.916152 0.603258
vt 0.998008 0.603258
vt 0.909749 0.562834
vt 0.987599 0.537538
vt 0.891168 0.526364
vt 0.957392 0.478251
vt 0.862226 0.497423
vt 0.910340 0.431200
vt 0.081154 0.559509
vt 0.081154 0.595977
vt 0.001992 0.511395
vt 0.001992 0.570682
vt 0.081154 0.636402
vt 0.001992 0.636402
vt 0.081154 0.676827
vt 0.001992 0.702122
vt 0.081154 0.713296
vt 0.001992 0.761410
vt 0.856091 0.497423
vt 0.827150 0.526364
vt 0.807977 0.431200
vt 0.760927 0.478251
vt 0.808569 0.562834
vt 0.730719 0.537538
vt 0.802166 0.603258
vt 0.720310 0.603258
vt 0.808569 0.643684
vt 0.730719 0.668979
vt 0.827150 0.680152
vt 0.760926 0.728266
vt 0.856091 0.709093
vt 0.807976 0.775316
vt 0.306081 0.559510
vt 0.306081 0.595978
vt 0.226919 0.511395
vt 0.226919 0.570684
vt 0.306081 0.636404
vt 0.226918 0.636404
vt 0.661715 0.416799
vt 0.602429 0.386591
vt 0.701055 0.295724
vt 0.677258 0.283599
vt 0.555378 0.339540
vt 0.658371 0.264712
vt 0.525170 0.280254
vt 0.646246 0.240914
vt 0.514762 0.214533
vt 0.642067 0.214534
vt 0.525171 0.148813
vt 0.646246 0.188153
vt 0.555378 0.089526
vt 0.658371 0.164354
vt 0.602429 0.042475
vt 0.677257 0.145468
vt 0.661716 0.012267
vt 0.701056 0.133342
vt 0.727436 0.001858
vt 0.727436 0.129164
vt 0.793157 0.012267
vt 0.753817 0.133342
vt 0.852444 0.042475
vt 0.777615 0.145468
vt 0.899494 0.089526
vt 0.796501 0.164354
vt 0.929703 0.148813
vt 0.808627 0.188153
vt 0.940112 0.214533
vt 0.812805 0.214533
vt 0.929702 0.280254
vt 0.808627 0.240915
vt 0.899495 0.339542
vt 0.796501 0.264713
vt 0.852445 0.386591
vt 0.777617 0.283598
vt 0.793157 0.416799
vt 0.753818 0.295724
vt 0.727436 0.427208
vt 0.727436 0.299903
vt 0.552216 0.872472
vt 0.552215 0.896268
vt 0.524507 0.872471
vt 0.524506 0.896268
vt 0.552215 0.915156
vt 0.524506 0.915156
vt 0.629750 0.877383
vt 0.629750 0.853585
vt 0.657459 0.877382
vt 0.657459 0.853585
vt 0.629750 0.827204
vt 0.657459 0.827204
vt 0.629750 0.800824
vt 0.657459 0.800823
vt 0.629750 0.777025
vt 0.657458 0.777025
vt 0.587297 0.777025
vt 0.587297 0.795911
vt 0.559588 0.777025
vt 0.559588 0.795911
vt 0.587297 0.819710
vt 0.559588 0.819710
vt 0.587297 0.846091
vt 0.559588 0.846090
vt 0.587297 0.872472
vt 0.559587 0.872472
vt 0.587297 0.896270
vt 0.559588 0.896270
vt 0.587297 0.915156
vt 0.559588 0.915155
vt 0.622378 0.777025
vt 0.622378 0.800825
vt 0.594669 0.777025
vt 0.594668 0.800825
vt 0.622378 0.827204
vt 0.594669 0.827204
vt 0.622378 0.853587
vt 0.594668 0.853587
vt 0.622378 0.877384
vt 0.594669 0.877384
vt 0.552216 0.777025
vt 0.552216 0.795910
vt 0.524507 0.777025
vt 0.524507 0.795909
vt 0.552215 0.819709
vt 0.524506 0.819708
vt 0.552215 0.846090
vt 0.524506 0.846091
vt 0.173574 0.281012
vt 0.185700 0.304809
vt 0.026301 0.328865
vt 0.060420 0.395828
vt 0.204587 0.323697
vt 0.113567 0.448976
vt 0.228384 0.335822
vt 0.180533 0.483095
vt 0.254765 0.340000
vt 0.254765 0.494853
vt 0.281146 0.335821
vt 0.328998 0.483095
vt 0.304944 0.323696
vt 0.395963 0.448976
vt 0.323830 0.304810
vt 0.449109 0.395830
vt 0.335956 0.281012
vt 0.483229 0.328863
vt 0.340134 0.254631
vt 0.494987 0.254632
vt 0.335956 0.228249
vt 0.483229 0.180396
vt 0.323830 0.204452
vt 0.449108 0.113431
vt 0.304945 0.185567
vt 0.395966 0.060289
vt 0.281145 0.173440
vt 0.328998 0.026165
vt 0.254765 0.169262
vt 0.254764 0.014409
vt 0.228383 0.173440
vt 0.180531 0.026167
vt 0.204585 0.185566
vt 0.113567 0.060286
vt 0.185700 0.204450
vt 0.060422 0.113428
vt 0.173575 0.228249
vt 0.026301 0.180398
vt 0.169395 0.254632
vt 0.014543 0.254633
vt 0.026301 0.328865
vt 0.060420 0.395828
vt 0.014365 0.332743
vt 0.050267 0.403205
vt 0.113567 0.448976
vt 0.106189 0.459130
vt 0.180533 0.483095
vt 0.176654 0.495031
vt 0.254765 0.494853
vt 0.254765 0.507404
vt 0.328998 0.483095
vt 0.332876 0.495031
vt 0.395963 0.448976
vt 0.403340 0.459130
vt 0.449109 0.395830
vt 0.459263 0.403207
vt 0.483229 0.328863
vt 0.495166 0.332742
vt 0.494987 0.254632
vt 0.507538 0.254632
vt 0.483229 0.180396
vt 0.495165 0.176517
vt 0.449108 0.113431
vt 0.459262 0.106054
vt 0.395966 0.060289
vt 0.403343 0.050135
vt 0.328998 0.026165
vt 0.332876 0.014229
vt 0.254764 0.014409
vt 0.254764 0.001858
vt 0.180531 0.026167
vt 0.176652 0.014230
vt 0.113567 0.060286
vt 0.106191 0.050132
vt 0.060422 0.113428
vt 0.050269 0.106051
vt 0.026301 0.180398
vt 0.014364 0.176519
vt 0.014543 0.254633
vt 0.001992 0.254633
vn -0.9511 0.0000 -0.3090
vn -0.8090 0.0000 -0.5878
vn -0.5878 -0.0000 -0.8090
vn -0.5878 -0.0001 -0.8090
vn -0.3090 0.0000 -0.9511
vn 0.0000 0.0000 -1.0000
vn 0.3090 0.0000 -0.9511
vn 0.5878 -0.0000 -0.8090
vn 0.8090 0.0000 -0.5878
vn 0.9511 0.0000 -0.3090
vn 1.0000 0.0000 0.0000
vn 0.9511 0.0000 0.3090
vn 0.8090 0.0000 0.5878
vn 0.5878 -0.0000 0.8090
vn 0.3090 0.0000 0.9511
vn 0.0000 0.0000 1.0000
vn -0.3090 0.0000 0.9511
vn -0.5878 -0.0000 0.8090
vn -0.5878 0.0001 0.8090
vn -0.8090 0.0000 0.5878
vn -0.9511 0.0000 0.3090
vn -1.0000 0.0000 -0.0000
vn 0.0000 1.0000 0.0000
vn -0.6612 0.7188 -0.2148
vn -0.5624 0.7188 -0.4086
vn -0.4086 0.7188 -0.5624
vn -0.2148 0.7188 -0.6612
vn 0.0000 0.7188 -0.6952
vn 0.2148 0.7188 -0.6612
vn 0.4086 0.7188 -0.5624
vn 0.5624 0.7188 -0.4086
vn 0.6612 0.7188 -0.2148
vn 0.6952 0.7188 0.0000
vn 0.6612 0.7188 0.2148
vn 0.5624 0.7188 0.4086
vn 0.4086 0.7188 0.5624
vn 0.2148 0.7188 0.6612
vn 0.0000 0.7188 0.6952
vn -0.2148 0.7188 0.6612
vn -0.4086 0.7188 0.5624
vn -0.5624 0.7188 0.4086
vn -0.6612 0.7188 0.2148
vn -0.6952 0.7188 0.0000
vn 0.0000 -1.0000 0.0000
vn 0.5878 -0.0001 -0.8090
vn -0.5877 0.0000 0.8090
vn -0.6646 0.7153 -0.2159
vn -0.5653 0.7154 -0.4107
vn -0.4107 0.7154 -0.5653
vn -0.2159 0.7154 -0.6646
vn -0.0000 0.7154 -0.6987
vn 0.2159 0.7154 -0.6646
vn 0.4107 0.7154 -0.5653
vn 0.5653 0.7154 -0.4107
vn 0.6646 0.7154 -0.2159
vn 0.6988 0.7153 0.0000
vn 0.6646 0.7153 0.2159
vn 0.5653 0.7154 0.4107
vn 0.4107 0.7154 0.5653
vn 0.2159 0.7154 0.6646
vn -0.0000 0.7154 0.6988
vn -0.2159 0.7154 0.6646
vn -0.4107 0.7154 0.5653
vn -0.5653 0.7154 0.4107
vn -0.6646 0.7154 0.2159
vn -0.6988 0.7154 -0.0000
usemtl Body.004
s 1
f 2916/2916/554 2917/2917/555 2919/2918/554
f 2917/2917/555 2918/2919/555 2919/2918/554
f 2917/2917/555 2920/2920/556 2918/2919/555
f 2920/2920/556 2921/2921/556 2918/2919/555
s 2
f 2922/2922/557 2923/2923/558 2925/2924/556
f 2923/2923/558 2924/2925/558 2925/2924/556
f 2923/2923/558 2926/2926/559 2924/2925/558
f 2926/2926/559 2927/2927/559 2924/2925/558
f 2926/2926/559 2928/2928/560 2927/2927/559
f 2928/2928/560 2929/2929/560 2927/2927/559
f 2928/2928/560 2930/2930/561 2929/2929/560
f 2930/2930/561 2931/2931/561 2929/2929/560
s 3
f 2932/2932/561 2933/2933/562 2935/2934/561
f 2933/2933/562 2934/2935/562 2935/2934/561
f 2933/2933/562 2936/2936/563 2934/2935/562
f 2936/2936/563 2937/2937/563 2934/2935/562
f 2936/2936/563 2938/2938/564 2937/2937/563
f 2938/2938/564 2939/2939/564 2937/2937/563
f 2938/2938/564 2940/2940/565 2939/2939/564
f 2940/2940/565 2941/2941/565 2939/2939/564
f 2940/2940/565 2942/2942/566 2941/2941/565
f 2942/2942/566 2943/2943/566 2941/2941/565
f 2942/2942/566 2944/2944/567 2943/2943/566
f 2944/2944/567 2945/2945/567 2943/2943/566
s 4
f 2946/2946/567 2947/2947/568 2949/2948/567
f 2947/2947/568 2948/2949/568 2949/2948/567
f 2947/2947/568 2950/2950/569 2948/2949/568
f 2950/2950/569 2951/2951/569 2948/2949/568
f 2950/2950/569 2952/2952/570 2951/2951/569
f 2952/2952/570 2953/2953/570 2951/2951/569
f 2952/2952/570 2954/2954/571 2953/2953/570
f 2954/2954/571 2955/2955/572 2953/2953/570
s 1
f 2956/2956/571 2957/2957/573 2959/2958/571
f 2957/2957/573 2958/2959/573 2959/2958/571
f 2957/2957/573 2960/2960/574 2958/2959/573
f 2960/2960/574 2961/2961/574 2958/2959/573
f 2960/2960/574 2962/2962/575 2961/2961/574
f 2962/2962/575 2963/2963/575 2961/2961/574
f 2962/2962/575 2916/2916/554 2963/2963/575
f 2916/2916/554 2919/2918/554 2963/2963/575
s 5
f 2964/2964/576 2965/2965/576 2966/2966/576
f 2967/2967/576 2964/2964/576 2966/2966/576
f 2968/2968/576 2967/2967/576 2966/2966/576
f 2969/2969/576 2968/2968/576 2966/2966/576
f 2970/2970/576 2969/2969/576 2966/2966/576
f 2971/2971/576 2970/2970/576 2966/2966/576
f 2972/2972/576 2971/2971/576 2966/2966/576
f 2973/2973/576 2972/2972/576 2966/2966/576
f 2974/2974/576 2973/2973/576 2966/2966/576
f 2975/2975/576 2974/2974/576 2966/2966/576
f 2976/2976/576 2975/2975/576 2966/2966/576
f 2977/2977/576 2976/2976/576 2966/2966/576
f 2978/2978/576 2977/2977/576 2966/2966/576
f 2979/2979/576 2978/2978/576 2966/2966/576
f 2980/2980/576 2979/2979/576 2966/2966/576
f 2981/2981/576 2980/2980/576 2966/2966/576
f 2982/2982/576 2981/2981/576 2966/2966/576
f 2983/2983/576 2982/2982/576 2966/2966/576
f 2984/2984/576 2983/2983/576 2966/2966/576
f 2965/2965/576 2984/2984/576 2966/2966/576
s 6
f 2985/2985/577 2986/2986/578 2988/2987/577
f 2986/2986/578 2987/2988/578 2988/2987/577
s 7
f 2989/2989/578 2990/2990/579 2992/2991/578
f 2990/2990/579 2991/2992/579 2992/2991/578
f 2990/2990/579 2993/2993/580 2991/2992/579
f 2993/2993/580 2994/2994/580 2991/2992/579
f 2993/2993/580 2995/2995/581 2994/2994/580
f 2995/2995/581 2996/2996/581 2994/2994/580
f 2995/2995/581 2997/2997/582 2996/2996/581
f 2997/2997/582 2998/2998/582 2996/2996/581
f 2997/2997/582 2999/2999/583 2998/2998/582
f 2999/2999/583 3000/3000/583 2998/2998/582
f 2999/2999/583 3001/3001/584 3000/3000/583
f 3001/3001/584 3002/3002/584 3000/3000/583
s 8
f 3003/3003/584 3004/3004/585 3006/3005/584
f 3004/3004/585 3005/3006/585 3006/3005/584
f 3004/3004/585 3007/3007/586 3005/3006/585
f 3007/3007/586 3008/3008/586 3005/3006/585
f 3007/3007/586 3009/3009/587 3008/3008/586
f 3009/3009/587 3010/3010/587 3008/3008/586
f 3009/3009/587 3011/3011/588 3010/3010/587
f 3011/3011/588 3012/3012/588 3010/3010/587
s 9
f 3013/3013/588 3014/3014/589 3016/3015/588
f 3014/3014/589 3015/3016/589 3016/3015/588
f 3014/3014/589 3017/3017/590 3015/3016/589
f 3017/3017/590 3018/3018/590 3015/3016/589
f 3017/3017/590 3019/3019/591 3018/3018/590
f 3019/3019/591 3020/3020/591 3018/3018/590
f 3019/3019/591 3021/3021/592 3020/3020/591
f 3021/3021/592 3022/3022/592 3020/3020/591
f 3021/3021/592 3023/3023/593 3022/3022/592
f 3023/3023/593 3024/3024/593 3022/3022/592
f 3023/3023/593 3025/3025/594 3024/3024/593
f 3025/3025/594 3026/3026/594 3024/3024/593
s 6
f 3027/3027/594 3028/3028/595 3030/3029/594
f 3028/3028/595 3029/3030/595 3030/3029/594
f 3028/3028/595 3031/3031/596 3029/3030/595
f 3031/3031/596 3032/3032/596 3029/3030/595
f 3031/3031/596 2985/2985/577 3032/3032/596
f 2985/2985/577 2988/2987/577 3032/3032/596
s 10
f 3033/3033/597 3034/3034/597 3036/3035/597
f 3034/3034/597 3035/3036/597 3036/3035/597
f 3034/3034/597 3037/3037/597 3035/3036/597
f 3037/3037/597 3038/3038/597 3035/3036/597
f 3037/3037/597 3039/3039/597 3038/3038/597
f 3039/3039/597 3040/3040/597 3038/3038/597
f 3039/3039/597 3041/3041/597 3040/3040/597
f 3041/3041/597 3042/3042/597 3040/3040/597
f 3041/3041/597 3043/3043/597 3042/3042/597
f 3043/3043/597 3044/3044/597 3042/3042/597
f 3043/3043/597 3045/3045/597 3044/3044/597
f 3045/3045/597 3046/3046/597 3044/3044/597
f 3045/3045/597 3047/3047/597 3046/3046/597
f 3047/3047/597 3048/3048/597 3046/3046/597
f 3047/3047/597 3049/3049/597 3048/3048/597
f 3049/3049/597 3050/3050/597 3048/3048/597
f 3049/3049/597 3051/3051/597 3050/3050/597
f 3051/3051/597 3052/3052/597 3050/3050/597
f 3051/3051/597 3053/3053/597 3052/3052/597
f 3053/3053/597 3054/3054/597 3052/3052/597
f 3053/3053/597 3055/3055/597 3054/3054/597
f 3055/3055/597 3056/3056/597 3054/3054/597
f 3055/3055/597 3057/3057/597 3056/3056/597
f 3057/3057/597 3058/3058/597 3056/3056/597
f 3057/3057/597 3059/3059/597 3058/3058/597
f 3059/3059/597 3060/3060/597 3058/3058/597
f 3059/3059/597 3061/3061/597 3060/3060/597
f 3061/3061/597 3062/3062/597 3060/3060/597
f 3061/3061/597 3063/3063/597 3062/3062/597
f 3063/3063/597 3064/3064/597 3062/3062/597
f 3063/3063/597 3065/3065/597 3064/3064/597
f 3065/3065/597 3066/3066/597 3064/3064/597
f 3065/3065/597 3067/3067/597 3066/3066/597
f 3067/3067/597 3068/3068/597 3066/3066/597
f 3067/3067/597 3069/3069/597 3068/3068/597
f 3069/3069/597 3070/3070/597 3068/3068/597
f 3069/3069/597 3071/3071/597 3070/3070/597
f 3071/3071/597 3072/3072/597 3070/3070/597
f 3071/3071/597 3033/3033/597 3072/3072/597
f 3033/3033/597 3036/3035/597 3072/3072/597
s 11
f 3073/3073/554 3074/3074/555 3076/3075/554
f 3074/3074/555 3075/3076/555 3076/3075/554
f 3074/3074/555 3077/3077/556 3075/3076/555
f 3077/3077/556 3078/3078/556 3075/3076/555
s 12
f 3079/3079/556 3080/3080/558 3082/3081/556
f 3080/3080/558 3081/3082/558 3082/3081/556
f 3080/3080/558 3083/3083/559 3081/3082/558
f 3083/3083/559 3084/3084/559 3081/3082/558
f 3083/3083/559 3085/3085/560 3084/3084/559
f 3085/3085/560 3086/3086/560 3084/3084/559
f 3085/3085/560 3087/3087/561 3086/3086/560
f 3087/3087/561 3088/3088/598 3086/3086/560
s 13
f 3089/3089/561 3090/3090/562 3092/3091/561
f 3090/3090/562 3091/3092/562 3092/3091/561
f 3090/3090/562 3093/3093/563 3091/3092/562
f 3093/3093/563 3094/3094/563 3091/3092/562
f 3093/3093/563 3095/3095/564 3094/3094/563
f 3095/3095/564 3096/3096/564 3094/3094/563
f 3095/3095/564 3097/3097/565 3096/3096/564
f 3097/3097/565 3098/3098/565 3096/3096/564
f 3097/3097/565 3099/3099/566 3098/3098/565
f 3099/3099/566 3100/3100/566 3098/3098/565
f 3099/3099/566 3101/3101/567 3100/3100/566
f 3101/3101/567 3102/3102/567 3100/3100/566
s 14
f 3103/3103/567 3104/3104/568 3106/3105/567
f 3104/3104/568 3105/3106/568 3106/3105/567
f 3104/3104/568 3107/3107/569 3105/3106/568
f 3107/3107/569 3108/3108/569 3105/3106/568
f 3107/3107/569 3109/3109/570 3108/3108/569
f 3109/3109/570 3110/3110/570 3108/3108/569
f 3109/3109/570 3111/3111/599 3110/3110/570
f 3111/3111/599 3112/3112/571 3110/3110/570
s 11
f 3113/3113/571 3114/3114/573 3116/3115/571
f 3114/3114/573 3115/3116/573 3116/3115/571
f 3114/3114/573 3117/3117/574 3115/3116/573
f 3117/3117/574 3118/3118/574 3115/3116/573
f 3117/3117/574 3119/3119/575 3118/3118/574
f 3119/3119/575 3120/3120/575 3118/3118/574
f 3119/3119/575 3073/3073/554 3120/3120/575
f 3073/3073/554 3076/3075/554 3120/3120/575
s 15
f 3121/3121/576 3122/3122/576 3124/3123/576
f 3122/3122/576 3123/3124/576 3124/3123/576
f 3122/3122/576 3125/3125/576 3123/3124/576
f 3125/3125/576 3126/3126/576 3123/3124/576
f 3125/3125/576 3127/3127/576 3126/3126/576
f 3127/3127/576 3128/3128/576 3126/3126/576
f 3127/3127/576 3129/3129/576 3128/3128/576
f 3129/3129/576 3130/3130/576 3128/3128/576
f 3129/3129/576 3131/3131/576 3130/3130/576
f 3131/3131/576 3132/3132/576 3130/3130/576
f 3131/3131/576 3133/3133/576 3132/3132/576
f 3133/3133/576 3134/3134/576 3132/3132/576
f 3133/3133/576 3135/3135/576 3134/3134/576
f 3135/3135/576 3136/3136/576 3134/3134/576
f 3135/3135/576 3137/3137/576 3136/3136/576
f 3137/3137/576 3138/3138/576 3136/3136/576
f 3137/3137/576 3139/3139/576 3138/3138/576
f 3139/3139/576 3140/3140/576 3138/3138/576
f 3139/3139/576 3141/3141/576 3140/3140/576
f 3141/3141/576 3142/3142/576 3140/3140/576
f 3141/3141/576 3143/3143/576 3142/3142/576
f 3143/3143/576 3144/3144/576 3142/3142/576
f 3143/3143/576 3145/3145/576 3144/3144/576
f 3145/3145/576 3146/3146/576 3144/3144/576
f 3145/3145/576 3147/3147/576 3146/3146/576
f 3147/3147/576 3148/3148/576 3146/3146/576
f 3147/3147/576 3149/3149/576 3148/3148/576
f 3149/3149/576 3150/3150/576 3148/3148/576
f 3149/3149/576 3151/3151/576 3150/3150/576
f 3151/3151/576 3152/3152/576 3150/3150/576
f 3151/3151/576 3153/3153/576 3152/3152/576
f 3153/3153/576 3154/3154/576 3152/3152/576
f 3153/3153/576 3155/3155/576 3154/3154/576
f 3155/3155/576 3156/3156/576 3154/3154/576
f 3155/3155/576 3157/3157/576 3156/3156/576
f 3157/3157/576 3158/3158/576 3156/3156/576
f 3157/3157/576 3159/3159/576 3158/3158/576
f 3159/3159/576 3160/3160/576 3158/3158/576
f 3159/3159/576 3121/3121/576 3160/3160/576
f 3121/3121/576 3124/3123/576 3160/3160/576
s 16
f 3161/3161/600 3162/3162/601 3164/3163/600
f 3162/3162/601 3163/3164/601 3164/3163/600
f 3162/3162/601 3165/3165/602 3163/3164/601
f 3165/3165/602 3166/3166/602 3163/3164/601
f 3165/3165/602 3167/3167/603 3166/3166/602
f 3167/3167/603 3168/3168/603 3166/3166/602
f 3167/3167/603 3169/3169/604 3168/3168/603
f 3169/3169/604 3170/3170/604 3168/3168/603
f 3169/3169/604 3171/3171/605 3170/3170/604
f 3171/3171/605 3172/3172/605 3170/3170/604
f 3171/3171/605 3173/3173/606 3172/3172/605
f 3173/3173/606 3174/3174/606 3172/3172/605
f 3173/3173/606 3175/3175/607 3174/3174/606
f 3175/3175/607 3176/3176/607 3174/3174/606
f 3175/3175/607 3177/3177/608 3176/3176/607
f 3177/3177/608 3178/3178/608 3176/3176/607
f 3177/3177/608 3179/3179/609 3178/3178/608
f 3179/3179/609 3180/3180/609 3178/3178/608
f 3179/3179/609 3181/3181/610 3180/3180/609
f 3181/3181/610 3182/3182/610 3180/3180/609
f 3181/3181/610 3183/3183/611 3182/3182/610
f 3183/3183/611 3184/3184/611 3182/3182/610
f 3183/3183/611 3185/3185/612 3184/3184/611
f 3185/3185/612 3186/3186/612 3184/3184/611
f 3185/3185/612 3187/3187/613 3186/3186/612
f 3187/3187/613 3188/3188/613 3186/3186/612
f 3187/3187/613 3189/3189/614 3188/3188/613
f 3189/3189/614 3190/3190/614 3188/3188/613
f 3189/3189/614 3191/3191/615 3190/3190/614
f 3191/3191/615 3192/3192/615 3190/3190/614
f 3191/3191/615 3193/3193/616 3192/3192/615
f 3193/3193/616 3194/3194/616 3192/3192/615
f 3193/3193/616 3195/3195/617 3194/3194/616
f 3195/3195/617 3196/3196/617 3194/3194/616
f 3195/3195/617 3197/3197/618 3196/3196/617
f 3197/3197/618 3198/3198/618 3196/3196/617
f 3197/3197/618 3199/3199/619 3198/3198/618
f 3199/3199/619 3200/3200/619 3198/3198/618
f 3199/3199/619 3161/3161/600 3200/3200/619
f 3161/3161/600 3164/3163/600 3200/3200/619
o CHEOPS_LowPoly_pCube31_Mesh.015
v -1196.367065 374.072205 253.343826
v -1195.265137 374.708313 253.343826
v -1299.915161 555.967346 253.343826
v -1301.017090 555.331238 253.343826
v -1301.017090 555.331238 253.343826
v -1299.915161 555.967346 253.343826
v -1299.915161 555.967346 -12.937784
v -1301.017090 555.331238 -12.937784
v -1301.017090 555.331238 -12.937784
v -1299.915161 555.967346 -12.937784
v -1195.265137 374.708313 -12.937793
v -1196.367065 374.072205 -12.937793
v -1196.367065 374.072205 -12.937793
v -1195.265137 374.708313 -12.937793
v -1195.265137 374.708313 253.343826
v -1196.367065 374.072205 253.343826
v -1195.265137 374.708313 253.343826
v -1195.265137 374.708313 -12.937793
v -1299.915161 555.967346 -12.937784
v -1299.915161 555.967346 253.343826
v -1196.367065 374.072205 -12.937793
v -1196.367065 374.072205 253.343826
v -1301.017090 555.331238 253.343826
v -1301.017090 555.331238 -12.937784
v -1195.996826 374.285950 -20.961443
v -1194.894897 374.922058 -20.961443
v -1299.544922 556.181091 -20.961435
v -1300.646729 555.544983 -20.961435
v -1300.646729 555.544983 -20.961435
v -1299.544922 556.181091 -20.961435
v -1299.544922 556.181091 -318.632538
v -1300.646729 555.544983 -318.632538
v -1300.646729 555.544983 -318.632538
v -1299.544922 556.181091 -318.632538
v -1194.894897 374.922058 -318.632538
v -1195.996826 374.285950 -318.632538
v -1195.996826 374.285950 -318.632538
v -1194.894897 374.922058 -318.632538
v -1194.894897 374.922058 -20.961443
v -1195.996826 374.285950 -20.961443
v -1194.894897 374.922058 -20.961443
v -1194.894897 374.922058 -318.632538
v -1299.544922 556.181091 -318.632538
v -1299.544922 556.181091 -20.961435
v -1195.996826 374.285950 -318.632538
v -1195.996826 374.285950 -20.961443
v -1300.646729 555.544983 -20.961435
v -1300.646729 555.544983 -318.632538
vt 0.375000 0.000000
vt 0.625000 0.000000
vt 0.375000 0.250000
vt 0.625000 0.250000
vt 0.375000 0.250000
vt 0.625000 0.250000
vt 0.375000 0.500000
vt 0.625000 0.500000
vt 0.375000 0.500000
vt 0.625000 0.500000
vt 0.375000 0.750000
vt 0.625000 0.750000
vt 0.375000 0.750000
vt 0.625000 0.750000
vt 0.375000 1.000000
vt 0.625000 1.000000
vt 0.625000 0.000000
vt 0.875000 0.000000
vt 0.625000 0.250000
vt 0.875000 0.250000
vt 0.125000 0.000000
vt 0.375000 0.000000
vt 0.125000 0.250000
vt 0.375000 0.250000
vt 0.375000 0.000000
vt 0.625000 0.000000
vt 0.375000 0.250000
vt 0.625000 0.250000
vt 0.375000 0.250000
vt 0.625000 0.250000
vt 0.375000 0.500000
vt 0.625000 0.500000
vt 0.375000 0.500000
vt 0.625000 0.500000
vt 0.375000 0.750000
vt 0.625000 0.750000
vt 0.375000 0.750000
vt 0.625000 0.750000
vt 0.375000 1.000000
vt 0.625000 1.000000
vt 0.625000 0.000000
vt 0.875000 0.000000
vt 0.625000 0.250000
vt 0.875000 0.250000
vt 0.125000 0.000000
vt 0.375000 0.000000
vt 0.125000 0.250000
vt 0.375000 0.250000
vn 0.0000 0.0000 1.0000
vn -0.4999 0.8661 0.0000
vn 0.0000 0.0000 -1.0000
vn 0.5000 -0.8660 0.0000
vn 0.4998 -0.8661 0.0000
vn 0.8660 0.5000 0.0000
vn -0.8660 -0.5000 0.0000
vn -0.5000 0.8660 0.0000
usemtl 2_cuadrados
s 1
f 3201/3201/620 3202/3202/620 3204/3203/620
f 3202/3202/620 3203/3204/620 3204/3203/620
s 2
f 3205/3205/621 3206/3206/621 3208/3207/621
f 3206/3206/621 3207/3208/621 3208/3207/621
s 3
f 3209/3209/622 3210/3210/622 3212/3211/622
f 3210/3210/622 3211/3212/622 3212/3211/622
s 4
f 3213/3213/623 3214/3214/623 3216/3215/624
f 3214/3214/623 3215/3216/624 3216/3215/624
s 5
f 3217/3217/625 3218/3218/625 3220/3219/625
f 3218/3218/625 3219/3220/625 3220/3219/625
s 6
f 3221/3221/626 3222/3222/626 3224/3223/626
f 3222/3222/626 3223/3224/626 3224/3223/626
s 7
f 3225/3225/620 3226/3226/620 3228/3227/620
f 3226/3226/620 3227/3228/620 3228/3227/620
s 8
f 3229/3229/627 3230/3230/627 3232/3231/627
f 3230/3230/627 3231/3232/627 3232/3231/627
s 9
f 3233/3233/622 3234/3234/622 3236/3235/622
f 3234/3234/622 3235/3236/622 3236/3235/622
s 10
f 3237/3237/623 3238/3238/623 3240/3239/623
f 3238/3238/623 3239/3240/623 3240/3239/623
s 11
f 3241/3241/625 3242/3242/625 3244/3243/625
f 3242/3242/625 3243/3244/625 3244/3243/625
s 12
f 3245/3245/626 3246/3246/626 3248/3247/626
f 3246/3246/626 3247/3248/626 3248/3247/626
o CHEOPS_LowPoly_polySurface3_Mesh.016
v -1194.278809 532.756104 576.048828
v -880.297913 102.465912 707.894348
v -880.633240 -777.305420 707.753357
v -1433.937744 -777.278931 475.412109
v -1434.058350 532.632446 475.361542
v -1447.713501 -787.288025 500.769470
v -1447.713501 -787.288025 -510.907562
v -1447.713501 532.900940 -510.907501
v -1447.713501 532.900940 500.769531
v -1433.874512 -779.403687 -482.676819
v -880.785400 -779.403687 -717.203003
v -880.910400 103.209473 -717.150024
v -1433.874512 116.042908 -482.676758
v -1194.308594 532.842041 -584.259888
v -1433.734985 532.718384 -482.735962
v -1445.929932 -777.278931 503.970795
v -892.625488 -777.305420 736.312256
v -892.290161 102.465912 736.453003
v -1446.190186 117.886871 503.861664
v -1446.050537 532.632446 503.920197
v -1206.270874 532.756104 604.607483
v -1194.278809 532.756104 576.048828
v -1434.058350 532.632446 475.361542
v -1433.937744 -777.278931 475.412109
v -880.633240 -777.305420 707.753357
v -892.625488 -777.305420 736.312256
v -1445.929932 -777.278931 503.970795
v -892.625488 -777.305420 736.312256
v -880.633240 -777.305420 707.753357
v -880.297913 102.465912 707.894348
v -892.290161 102.465912 736.453003
v -1433.937744 -777.278931 475.412109
v -1445.929932 -777.278931 503.970795
v -1446.190186 117.886871 503.861664
v -1434.197998 117.886871 475.302887
v -1206.270874 532.756104 604.607483
v -1446.050537 532.632446 503.920197
v -1194.278809 532.756104 576.048828
v -1206.270874 532.756104 604.607483
v -1446.050537 532.632446 503.920197
v -1434.058350 532.632446 475.361542
v -1477.605103 -787.288025 500.769470
v -1447.713501 -787.288025 500.769470
v -1447.713501 532.900940 500.769531
v -1477.605103 532.900940 500.769531
v -1477.605103 532.900940 500.769531
v -1447.713501 532.900940 500.769531
v -1447.713501 532.900940 -510.907501
v -1477.605103 532.900940 -510.907501
v -1477.605103 532.900940 -510.907501
v -1447.713501 532.900940 -510.907501
v -1447.713501 -787.288025 -510.907562
v -1477.605103 -787.288025 -510.907562
v -1477.605103 -787.288025 -510.907562
v -1447.713501 -787.288025 -510.907562
v -1447.713501 -787.288025 500.769470
v -1477.605103 -787.288025 500.769470
v -1477.605103 -787.288025 -510.907562
v -1477.605103 -787.288025 500.769470
v -1477.605103 532.900940 500.769531
v -1477.605103 532.900940 -510.907501
v -1433.734985 532.718384 -482.735962
v -1194.308594 532.842041 -584.259888
v -1205.885986 532.842041 -611.563049
v -1445.312378 532.718384 -510.039124
v -1445.451904 116.042908 -509.979980
v -892.487793 103.209473 -744.453247
v -892.362793 -779.403687 -744.506226
v -1445.451904 -779.403687 -509.980042
v -1445.451904 -779.403687 -509.980042
v -892.362793 -779.403687 -744.506226
v -880.785400 -779.403687 -717.203003
v -1433.874512 -779.403687 -482.676819
v -880.785400 -779.403687 -717.203003
v -892.362793 -779.403687 -744.506226
v -892.487793 103.209473 -744.453247
v -880.910400 103.209473 -717.150024
v -1445.451904 -779.403687 -509.980042
v -1433.874512 -779.403687 -482.676819
v -1433.874512 116.042908 -482.676758
v -1445.451904 116.042908 -509.979980
v -1205.885986 532.842041 -611.563049
v -1194.308594 532.842041 -584.259888
v -1445.312378 532.718384 -510.039124
v -1205.885986 532.842041 -611.563049
v -1433.734985 532.718384 -482.735962
v -1445.312378 532.718384 -510.039124
vt 0.103247 0.997114
vt 0.231388 0.835340
vt 0.005694 0.504384
vt 0.231388 0.504467
vt 0.005441 0.997027
vt 0.002739 0.001702
vt 0.383220 0.001702
vt 0.002739 0.498210
vt 0.383220 0.498210
vt 0.005445 0.504013
vt 0.231384 0.503979
vt 0.231384 0.835920
vt 0.005497 0.840781
vt 0.103384 0.997520
vt 0.005578 0.997488
vt 0.491384 0.504425
vt 0.265690 0.504344
vt 0.265449 0.835216
vt 0.491384 0.841087
vt 0.976477 0.004044
vt 0.976478 0.114671
vt 0.963301 0.004044
vt 0.963301 0.114671
vt 0.898382 0.561398
vt 0.898382 0.816677
vt 0.885205 0.561398
vt 0.885205 0.816677
vt 0.976478 0.722346
vt 0.963301 0.722346
vt 0.976478 0.348100
vt 0.963301 0.348100
vt 0.898382 0.561398
vt 0.885205 0.561398
vt 0.898381 0.180604
vt 0.885205 0.180604
vt 0.393472 0.997084
vt 0.491278 0.997068
vt 0.976478 0.114671
vt 0.963301 0.114671
vt 0.898381 0.004175
vt 0.885205 0.004175
vt 0.814103 0.995518
vt 0.801388 0.995518
vt 0.814103 0.433923
vt 0.801388 0.433923
vt 0.814103 0.433923
vt 0.801388 0.433923
vt 0.814103 0.003566
vt 0.801388 0.003566
vt 0.814103 0.995519
vt 0.801388 0.995519
vt 0.814103 0.433923
vt 0.801388 0.433923
vt 0.814103 0.433923
vt 0.801388 0.433923
vt 0.814103 0.003566
vt 0.801388 0.003566
vt 0.386285 0.001592
vt 0.766766 0.001592
vt 0.386285 0.498100
vt 0.766766 0.498100
vt 0.976197 0.003566
vt 0.976197 0.114194
vt 0.963582 0.003566
vt 0.963582 0.114194
vt 0.491386 0.840721
vt 0.265499 0.835894
vt 0.491386 0.503953
vt 0.265448 0.503953
vt 0.898101 0.561730
vt 0.898101 0.817286
vt 0.885486 0.561730
vt 0.885485 0.817286
vt 0.976197 0.722823
vt 0.963582 0.722823
vt 0.976197 0.347369
vt 0.963582 0.347369
vt 0.898101 0.561730
vt 0.885486 0.561730
vt 0.898101 0.180816
vt 0.885486 0.180816
vt 0.976197 0.114194
vt 0.963582 0.114194
vt 0.393523 0.997474
vt 0.491329 0.997428
vt 0.898101 0.003566
vt 0.885486 0.003566
vn 0.3872 0.0000 -0.9220
vn 1.0000 0.0000 0.0000
vn 0.3904 -0.0000 0.9207
vn -0.3872 -0.0000 0.9220
vn -0.0004 1.0000 -0.0002
vn -0.0000 -1.0000 -0.0000
vn 0.9220 -0.0004 0.3872
vn 0.8924 0.2514 0.3747
vn 0.8924 0.2513 0.3747
vn -0.9220 -0.0003 -0.3872
vn -0.9220 0.0000 -0.3872
vn 0.7230 0.6206 0.3036
vn -0.9220 0.0004 -0.3872
vn 0.0000 -0.0000 1.0000
vn 0.0000 1.0000 0.0000
vn 0.0000 0.0000 -1.0000
vn -1.0000 -0.0000 0.0000
vn -0.0004 1.0000 0.0002
vn -0.3904 0.0000 -0.9207
vn 0.9207 0.0002 -0.3904
vn 0.8911 0.2512 -0.3779
vn 0.8911 0.2512 -0.3778
vn -0.9207 0.0000 0.3904
vn -0.9207 0.0002 0.3904
vn 0.7216 0.6210 -0.3060
vn -0.9207 0.0004 0.3904
usemtl solarpanels.003
s 1
f 3249/3249/628 3250/3250/628 3252/3251/628
f 3250/3250/628 3251/3252/628 3252/3251/628
f 3249/3249/628 3252/3251/628 3253/3253/628
s 2
f 3254/3254/629 3255/3255/629 3257/3256/629
f 3255/3255/629 3256/3257/629 3257/3256/629
s 3
f 3258/3258/630 3259/3259/630 3260/3260/630
f 3258/3258/630 3260/3260/630 3261/3261/630
f 3261/3261/630 3260/3260/630 3262/3262/630
f 3261/3261/630 3262/3262/630 3263/3263/630
s 4
f 3264/3264/631 3265/3265/631 3266/3266/631
f 3264/3264/631 3266/3266/631 3267/3267/631
s 5
f 3268/3268/632 3269/3269/632 3271/3270/632
f 3269/3269/632 3270/3271/632 3271/3270/632
s 6
f 3272/3272/633 3273/3273/633 3275/3274/633
f 3273/3273/633 3274/3275/633 3275/3274/633
s 7
f 3276/3276/634 3277/3277/634 3279/3278/635
f 3277/3277/634 3278/3279/636 3279/3278/635
s 8
f 3280/3280/637 3281/3281/637 3283/3282/638
f 3281/3281/637 3282/3283/638 3283/3282/638
s 4
f 3267/3267/631 3266/3266/631 3284/3284/631
f 3267/3267/631 3284/3284/631 3285/3285/631
s 7
f 3279/3278/635 3278/3279/636 3287/3286/639
f 3278/3279/636 3286/3287/639 3287/3286/639
s 8
f 3283/3282/638 3282/3283/638 3289/3288/640
f 3282/3283/638 3288/3289/640 3289/3288/640
s 9
f 3290/3290/641 3291/3291/641 3293/3292/641
f 3291/3291/641 3292/3293/641 3293/3292/641
s 10
f 3294/3294/642 3295/3295/642 3297/3296/642
f 3295/3295/642 3296/3297/642 3297/3296/642
s 11
f 3298/3298/643 3299/3299/643 3301/3300/643
f 3299/3299/643 3300/3301/643 3301/3300/643
s 12
f 3302/3302/633 3303/3303/633 3305/3304/633
f 3303/3303/633 3304/3305/633 3305/3304/633
s 13
f 3306/3306/644 3307/3307/644 3309/3308/644
f 3307/3307/644 3308/3309/644 3309/3308/644
s 14
f 3310/3310/645 3311/3311/645 3313/3312/645
f 3311/3311/645 3312/3313/645 3313/3312/645
s 15
f 3314/3314/646 3315/3315/646 3317/3316/646
f 3315/3315/646 3316/3317/646 3317/3316/646
s 16
f 3318/3318/633 3319/3319/633 3321/3320/633
f 3319/3319/633 3320/3321/633 3321/3320/633
s 17
f 3322/3322/647 3323/3323/647 3325/3324/648
f 3323/3323/647 3324/3325/649 3325/3324/648
s 18
f 3326/3326/650 3327/3327/650 3329/3328/651
f 3327/3327/650 3328/3329/651 3329/3328/651
s 17
f 3325/3324/648 3324/3325/649 3331/3330/652
f 3324/3325/649 3330/3331/652 3331/3330/652
s 15
f 3315/3315/646 3314/3314/646 3333/3332/646
f 3314/3314/646 3332/3333/646 3333/3332/646
s 18
f 3329/3328/651 3328/3329/651 3335/3334/653
f 3328/3329/651 3334/3335/653 3335/3334/653
o CHEOPS_LowPoly_pCube19_Mesh.017
v -1451.582764 395.382507 277.016785
v -1239.123413 395.689026 277.016785
v -1314.730469 583.101501 277.016785
v -1451.345703 506.868286 277.016785
v -1451.345703 506.868286 277.016785
v -1314.730469 583.101501 277.016785
v -1314.730469 583.101501 -342.042908
v -1451.345703 506.868286 -342.042908
v -1451.345703 506.868286 -342.042908
v -1314.730469 583.101501 -342.042908
v -1239.123413 395.689026 -342.042908
v -1451.582764 395.382507 -342.042908
v -1451.582764 395.382507 -342.042908
v -1239.123413 395.689026 -342.042908
v -1239.123413 395.689026 277.016785
v -1451.582764 395.382507 277.016785
v -1239.123413 395.689026 277.016785
v -1239.123413 395.689026 -342.042908
v -1314.730469 583.101501 -342.042908
v -1314.730469 583.101501 277.016785
v -1439.168335 -780.402954 465.493378
v -887.588684 -780.402954 698.988220
v -887.588684 -196.967896 698.988220
v -1439.168335 -196.967896 465.493408
v -1439.677246 -196.967834 -474.299164
v -415.821777 -196.967880 291.702515
v -417.278625 -196.967850 -299.070496
v -874.183105 -196.967834 -565.420959
v -874.183105 -196.967834 -565.420959
v -417.278625 -196.967850 -299.070496
v -417.278625 -780.402954 -299.070526
v -874.183105 -780.402893 -565.420959
v -874.183105 -780.402893 -565.420959
v -417.278625 -780.402954 -299.070526
v -415.821777 -780.402954 291.702484
v -1439.677246 -780.402893 -474.299194
v -415.821777 -780.402954 291.702484
v -417.278625 -780.402954 -299.070526
v -417.278625 -196.967850 -299.070496
v -415.821777 -196.967880 291.702515
v -889.461548 -780.402893 -713.742615
v -1439.677246 -780.402893 -474.299194
v -1439.677246 -196.967834 -474.299164
v -889.461548 -196.967834 -713.742615
v -876.549744 -780.402954 555.892639
v -1439.168335 -780.402954 465.493378
v -415.821777 -780.402954 291.702484
v -415.821777 -196.967880 291.702515
v -876.549744 -196.967896 555.892639
v -876.549744 -780.402954 555.892639
v -1439.168335 -196.967896 465.493408
v -876.549744 -196.967896 555.892639
v -1439.677246 -196.967834 -474.299164
v -1439.677246 -780.402893 -474.299194
v -1439.168335 -780.402954 465.493378
v -1439.168335 -196.967896 465.493408
v -887.588684 -780.402954 698.988220
v -876.549744 -780.402954 555.892639
v -876.549744 -196.967896 555.892639
v -887.588684 -196.967896 698.988220
v -887.588684 -780.402954 698.988220
v -887.588684 -196.967896 698.988220
v -889.461548 -780.402893 -713.742615
v -889.461548 -196.967834 -713.742615
v -874.183105 -196.967834 -565.420959
v -874.183105 -780.402893 -565.420959
v -889.461548 -780.402893 -713.742615
v -889.461548 -196.967834 -713.742615
vt 0.530999 0.862823
vt 0.621263 0.826659
vt 0.621175 0.919151
vt 0.550144 0.910119
vt 0.621106 0.990753
vt 0.621175 0.919151
vt 0.904438 0.991023
vt 0.904506 0.919421
vt 0.975554 0.910525
vt 0.904506 0.919421
vt 0.994789 0.863265
vt 0.904594 0.826929
vt 0.904687 0.729691
vt 0.904594 0.826929
vt 0.621356 0.729420
vt 0.621263 0.826659
vt 0.621263 0.826659
vt 0.904594 0.826929
vt 0.621175 0.919151
vt 0.904506 0.919421
vt 0.569892 0.003133
vt 0.788378 0.002386
vt 0.570619 0.215955
vt 0.789106 0.215208
vt 0.470171 0.994245
vt 0.167814 0.593099
vt 0.505090 0.771865
vt 0.399782 0.592862
vt 1.000663 0.586419
vt 0.670670 0.586279
vt 1.000403 0.221548
vt 0.670999 0.222650
vt 0.505435 0.772846
vt 0.401465 0.592802
vt 0.169085 0.591417
vt 0.468672 0.994686
vt 0.293550 0.221786
vt 0.661861 0.221511
vt 0.293269 0.585596
vt 0.662121 0.585624
vt 0.008196 0.005054
vt 0.227081 0.004305
vt 0.008923 0.217875
vt 0.227808 0.217127
vt 0.099698 0.993200
vt 0.064732 0.772238
vt 1.001736 0.222009
vt 1.001900 0.585965
vt 0.670565 0.222000
vt 0.670370 0.585968
vt 0.100734 0.995335
vt 0.064583 0.774332
vt 0.227808 0.217127
vt 0.227081 0.004305
vt 0.570619 0.215955
vt 0.569892 0.003133
vt 0.008483 0.776379
vt 0.101898 0.224436
vt 0.101396 0.593593
vt 0.012079 0.224844
vt 0.011452 0.593552
vt 0.008379 0.778864
vt 0.563699 0.779053
vt 0.563384 0.777662
vt 0.120387 0.585629
vt 0.119901 0.225065
vt 0.211787 0.585591
vt 0.211172 0.225439
vn 0.0000 0.0000 1.0000
vn -0.4873 0.8732 0.0000
vn 0.0000 0.0000 -1.0000
vn 0.0014 -1.0000 0.0000
vn 0.9274 0.3741 0.0000
vn -0.3898 0.0000 0.9209
vn 0.0000 1.0000 0.0000
vn 0.5036 0.0000 -0.8639
vn -0.0000 -1.0000 0.0000
vn 0.8810 0.0000 0.4732
vn 1.0000 -0.0000 -0.0025
vn -0.3990 0.0000 -0.9169
vn 0.8809 0.0000 0.4732
vn 0.4974 0.0000 0.8675
vn -1.0000 0.0000 0.0005
vn 0.9970 0.0000 0.0769
vn 0.9947 0.0000 -0.1025
usemtl Body.005
s 1
f 3336/3336/654 3337/3337/654 3338/3338/654
f 3336/3336/654 3338/3338/654 3339/3339/654
s 2
f 3340/3340/655 3341/3341/655 3343/3342/655
f 3341/3341/655 3342/3343/655 3343/3342/655
s 3
f 3344/3344/656 3345/3345/656 3347/3346/656
f 3345/3345/656 3346/3347/656 3347/3346/656
s 4
f 3348/3348/657 3349/3349/657 3351/3350/657
f 3349/3349/657 3350/3351/657 3351/3350/657
s 5
f 3352/3352/658 3353/3353/658 3355/3354/658
f 3353/3353/658 3354/3355/658 3355/3354/658
s 6
f 3356/3356/659 3357/3357/659 3359/3358/659
f 3357/3357/659 3358/3359/659 3359/3358/659
s 7
f 3360/3360/660 3361/3361/660 3363/3362/660
f 3361/3361/660 3362/3363/660 3363/3362/660
s 8
f 3364/3364/661 3365/3365/661 3367/3366/661
f 3365/3365/661 3366/3367/661 3367/3366/661
s 9
f 3368/3368/662 3369/3369/662 3370/3370/662
f 3368/3368/662 3370/3370/662 3371/3371/662
s 10
f 3372/3372/663 3373/3373/664 3375/3374/663
f 3373/3373/664 3374/3375/664 3375/3374/663
s 11
f 3376/3376/665 3377/3377/665 3379/3378/665
f 3377/3377/665 3378/3379/665 3379/3378/665
s 9
f 3371/3371/662 3370/3370/662 3381/3380/662
f 3370/3370/662 3380/3381/662 3381/3380/662
s 12
f 3382/3382/666 3383/3383/666 3385/3384/667
f 3383/3383/666 3384/3385/667 3385/3384/667
s 7
f 3361/3361/660 3360/3360/660 3386/3386/660
f 3361/3361/660 3386/3386/660 3387/3387/660
s 13
f 3388/3388/668 3389/3389/668 3391/3390/668
f 3389/3389/668 3390/3391/668 3391/3390/668
s 9
f 3381/3380/662 3380/3381/662 3392/3392/662
s 14
f 3393/3393/669 3394/3394/669 3396/3395/669
f 3394/3394/669 3395/3396/669 3396/3395/669
s 7
f 3387/3387/660 3386/3386/660 3397/3397/660
s 9
f 3368/3368/662 3371/3371/662 3398/3398/662
s 7
f 3360/3360/660 3363/3362/660 3399/3399/660
s 15
f 3400/3400/670 3401/3401/670 3403/3402/670
f 3401/3401/670 3402/3403/670 3403/3402/670
o CHEOPS_LowPoly_pCylinder7_Mesh.018
v -646.650391 -879.123840 -208.885803
v -597.331909 -879.123840 -112.092857
v -668.569458 -897.117676 -88.946426
v -707.248596 -897.117676 -164.858627
v -580.338074 -879.123840 -4.797029
v -655.241577 -897.117676 -4.797063
v -723.465576 -879.123840 -285.701294
v -767.492798 -897.117676 -225.103043
v -820.258667 -879.123840 -335.019684
v -843.405090 -897.117676 -263.782227
v -927.554504 -879.123840 -352.013641
v -927.554504 -897.117676 -277.110168
v -1034.850342 -879.123840 -335.019531
v -1011.703918 -897.117676 -263.782349
v -1131.643311 -879.123840 -285.701172
v -1087.616089 -897.117676 -225.103058
v -1208.458618 -879.123779 -208.885834
v -1147.860474 -897.117676 -164.858627
v -1257.776978 -879.123840 -112.092827
v -1186.539307 -897.117676 -88.946335
v -1274.770874 -879.123840 -4.797000
v -1199.867554 -897.117676 -4.797008
v -1257.777100 -879.123840 102.498856
v -1186.539429 -897.117676 79.352341
v -1208.458496 -879.123840 199.291656
v -1147.860352 -897.117676 155.264450
v -1131.643188 -879.123840 276.106934
v -1087.615967 -897.117676 215.508789
v -1034.850220 -879.123840 325.425354
v -1011.703857 -897.117676 254.188004
v -927.554504 -879.123840 342.419403
v -927.554504 -897.117676 267.515930
v -820.258667 -879.123840 325.425446
v -843.405151 -897.117676 254.188004
v -723.465820 -879.123840 276.106995
v -767.492981 -897.117676 215.508820
v -646.650391 -879.123779 199.291733
v -707.248657 -897.117676 155.264450
v -597.332092 -879.123840 102.498802
v -668.569458 -897.117676 79.352341
v -501.591064 -855.232727 -143.200897
v -565.208313 -855.232727 -268.056946
v -558.979370 -775.544800 -272.582550
v -494.268494 -775.544800 -145.580124
v -664.294617 -855.232727 -367.143188
v -659.769043 -775.544800 -373.372131
v -789.150574 -855.232727 -430.760437
v -786.771362 -775.544800 -438.083008
v -927.554443 -855.232727 -452.681366
v -927.554443 -775.544800 -460.380768
v -1065.958374 -855.232727 -430.760437
v -1068.337646 -775.544800 -438.083008
v -1190.814331 -855.232727 -367.143127
v -1195.339966 -775.544800 -373.372070
v -1289.900513 -855.232727 -268.056793
v -1296.129517 -775.544800 -272.582428
v -1353.517822 -855.232727 -143.200867
v -1360.840332 -775.544800 -145.580093
v -1375.438721 -855.232727 -4.796980
v -1383.138184 -775.544800 -4.796975
v -1353.517822 -855.232727 133.606903
v -1360.840332 -775.544800 135.986160
v -1289.900513 -855.232727 258.462738
v -1296.129395 -775.544800 262.988312
v -1190.814331 -855.232727 357.548920
v -1195.339844 -775.544861 363.777863
v -1065.958374 -855.232727 421.166168
v -1068.337646 -775.544861 428.488739
v -927.554504 -855.232727 443.087219
v -927.554504 -775.544861 450.786621
v -789.150635 -855.232727 421.166168
v -786.771423 -775.544861 428.488739
v -664.294800 -855.232727 357.548889
v -659.769165 -775.544861 363.777832
v -565.208557 -855.232727 258.462677
v -558.979614 -775.544800 262.988312
v -501.591339 -855.232727 133.606873
v -494.268738 -775.544800 135.986130
v -479.670349 -855.232727 -4.796980
v -471.970917 -775.544800 -4.796975
v -707.248596 -897.117676 -164.858627
v -668.569458 -897.117676 -88.946426
v -927.554443 -900.501343 -4.796981
v -767.492798 -897.117676 -225.103043
v -843.405090 -897.117676 -263.782227
v -927.554504 -897.117676 -277.110168
v -1011.703918 -897.117676 -263.782349
v -1087.616089 -897.117676 -225.103058
v -1147.860474 -897.117676 -164.858627
v -1186.539307 -897.117676 -88.946335
v -1199.867554 -897.117676 -4.797008
v -1186.539429 -897.117676 79.352341
v -1147.860352 -897.117676 155.264450
v -1087.615967 -897.117676 215.508789
v -1011.703857 -897.117676 254.188004
v -927.554504 -897.117676 267.515930
v -843.405151 -897.117676 254.188004
v -767.492981 -897.117676 215.508820
v -707.248657 -897.117676 155.264450
v -668.569458 -897.117676 79.352341
v -655.241577 -897.117676 -4.797063
v -501.591064 -855.232727 -143.200897
v -479.670349 -855.232727 -4.796980
v -501.591339 -855.232727 133.606873
v -565.208557 -855.232727 258.462677
v -664.294800 -855.232727 357.548889
v -789.150635 -855.232727 421.166168
v -927.554504 -855.232727 443.087219
v -1065.958374 -855.232727 421.166168
v -1190.814331 -855.232727 357.548920
v -1289.900513 -855.232727 258.462738
v -1353.517822 -855.232727 133.606903
v -1375.438721 -855.232727 -4.796980
v -1353.517822 -855.232727 -143.200867
v -1289.900513 -855.232727 -268.056793
v -1190.814331 -855.232727 -367.143127
v -1065.958374 -855.232727 -430.760437
v -927.554443 -855.232727 -452.681366
v -789.150574 -855.232727 -430.760437
v -664.294617 -855.232727 -367.143188
v -565.208313 -855.232727 -268.056946
v -502.072784 -764.951233 324.341125
v -455.515594 -858.273438 322.726715
v -402.681580 -858.473999 354.858185
v -489.210419 -715.441528 333.441040
v -411.345337 -858.270447 236.986221
v -421.543030 -776.137451 214.282120
v -422.253143 -717.314087 225.540787
v -359.093445 -857.407837 275.052094
v -422.141998 -715.007324 292.864166
v -384.633484 -858.774780 339.698944
v -358.118835 -857.748047 294.570190
v -416.311554 -715.351196 268.370605
v -470.350189 -770.484131 206.111847
v -440.226746 -859.042236 238.613724
v -471.443176 -859.042297 294.826538
v -510.648346 -770.484131 250.233688
v -440.226746 -859.042236 238.613724
v -411.345337 -858.270447 236.986221
v -359.093445 -857.407837 275.052094
v -358.118835 -857.748047 294.570190
v -384.633484 -858.774780 339.698944
v -402.681580 -858.473999 354.858185
v -455.515594 -858.273438 322.726715
v -471.443176 -859.042297 294.826538
v -471.443176 -859.042297 294.826538
v -455.515594 -858.273438 322.726715
v -502.072784 -764.951233 324.341125
v -510.648346 -770.484131 250.233688
v -402.681580 -858.473999 354.858185
v -384.633484 -858.774780 339.698944
v -422.141998 -715.007324 292.864166
v -489.210419 -715.441528 333.441040
v -470.350189 -770.484131 206.111847
v -421.543030 -776.137451 214.282120
v -411.345337 -858.270447 236.986221
v -440.226746 -859.042236 238.613724
v -422.253143 -717.314087 225.540787
v -416.311554 -715.351196 268.370605
v -358.118835 -857.748047 294.570190
v -359.093445 -857.407837 275.052094
v -456.736877 -764.951233 -225.223389
v -376.893433 -863.036377 -229.327072
v -334.542786 -862.937012 -265.461914
v -417.693146 -718.283813 -231.688324
v -472.712708 -863.032471 -338.130188
v -485.586456 -776.137451 -335.058350
v -476.022064 -717.314148 -328.721680
v -418.377686 -863.128601 -384.404663
v -419.961609 -715.007324 -292.533325
v -321.972961 -863.410034 -329.148865
v -344.833618 -863.939941 -368.355469
v -435.022308 -715.351196 -309.126953
v -509.709015 -770.484131 -288.774017
v -478.369812 -864.053162 -289.115265
v -453.375641 -864.053162 -251.075546
v -486.798218 -770.484131 -243.144821
v -478.369812 -864.053162 -289.115265
v -472.712708 -863.032471 -338.130188
v -418.377686 -863.128601 -384.404663
v -344.833618 -863.939941 -368.355469
v -321.972961 -863.410034 -329.148865
v -334.542786 -862.937012 -265.461914
v -376.893433 -863.036377 -229.327072
v -453.375641 -864.053162 -251.075546
v -453.375641 -864.053162 -251.075546
v -376.893433 -863.036377 -229.327072
v -456.736877 -764.951233 -225.223389
v -486.798218 -770.484131 -243.144821
v -334.542786 -862.937012 -265.461914
v -321.972961 -863.410034 -329.148865
v -419.961609 -715.007324 -292.533325
v -417.693146 -718.283813 -231.688324
v -509.709015 -770.484131 -288.774017
v -485.586456 -776.137451 -335.058350
v -472.712708 -863.032471 -338.130188
v -478.369812 -864.053162 -289.115265
v -476.022064 -717.314148 -328.721680
v -435.022308 -715.351196 -309.126953
v -344.833618 -863.939941 -368.355469
v -418.377686 -863.128601 -384.404663
v -415.395111 -508.245026 56.711536
v -415.395111 -508.245026 -65.676064
v -429.019501 -508.244995 -65.676064
v -429.019501 -508.244995 56.711536
v -430.722809 -684.261536 56.711563
v -430.722809 -684.261536 -65.676048
v -413.398193 -684.261475 -65.676048
v -413.398193 -684.261475 56.711563
v -372.733337 -660.504883 56.711548
v -372.733337 -660.504883 -65.676048
v -372.733337 -534.680176 -65.676048
v -372.733337 -534.680176 56.711552
v -415.552063 -536.179077 -87.069221
v -415.552063 -657.951172 -87.069221
v -429.135315 -660.504822 -87.069221
v -429.135315 -534.680115 -87.069229
v -414.284973 -660.505005 81.763252
v -414.284973 -534.680298 81.763245
v -426.890350 -534.680298 81.763245
v -426.890350 -660.505005 81.763252
v -372.733337 -534.680176 56.711552
v -372.733337 -534.680176 -65.676048
v -412.850708 -534.680176 -65.676048
v -412.850708 -534.680176 56.711552
v -372.733337 -534.680176 -65.676048
v -372.733337 -660.504883 -65.676048
v -412.850708 -660.504883 -65.676048
v -412.850708 -534.680176 -65.676048
v -412.850708 -660.504883 56.711548
v -412.850708 -660.504883 -65.676048
v -372.733337 -660.504883 -65.676048
v -372.733337 -660.504883 56.711548
v -372.733337 -660.504883 56.711548
v -372.733337 -534.680176 56.711552
v -412.850708 -534.680176 56.711552
v -412.850708 -660.504883 56.711548
v -412.850708 -534.680176 56.711552
v -412.850708 -534.680176 -65.676048
v -415.395111 -508.245026 -65.676064
v -415.395111 -508.245026 56.711536
v -412.850708 -534.680176 -65.676048
v -430.972900 -534.680176 -65.676048
v -429.019501 -508.244995 -65.676064
v -415.395111 -508.245026 -65.676064
v -430.972900 -534.680176 56.711552
v -412.850708 -534.680176 56.711552
v -415.395111 -508.245026 56.711536
v -429.019501 -508.244995 56.711536
v -430.972900 -660.504883 -65.676048
v -412.850708 -660.504883 -65.676048
v -413.398193 -684.261475 -65.676048
v -430.722809 -684.261536 -65.676048
v -412.850708 -660.504883 -65.676048
v -412.850708 -660.504883 56.711548
v -413.398193 -684.261475 56.711563
v -413.398193 -684.261475 -65.676048
v -412.850708 -660.504883 56.711548
v -430.972900 -660.504883 56.711548
v -430.722809 -684.261536 56.711563
v -413.398193 -684.261475 56.711563
v -412.850708 -534.680176 -65.676048
v -412.850708 -660.504883 -65.676048
v -415.552063 -657.951172 -87.069221
v -415.552063 -536.179077 -87.069221
v -412.850708 -660.504883 -65.676048
v -430.972900 -660.504883 -65.676048
v -429.135315 -660.504822 -87.069221
v -415.552063 -657.951172 -87.069221
v -430.972900 -534.680176 -65.676048
v -412.850708 -534.680176 -65.676048
v -415.552063 -536.179077 -87.069221
v -429.135315 -534.680115 -87.069229
v -412.850708 -660.504883 56.711548
v -412.850708 -534.680176 56.711552
v -414.284973 -534.680298 81.763245
v -414.284973 -660.505005 81.763252
v -412.850708 -534.680176 56.711552
v -430.972900 -534.680176 56.711552
v -426.890350 -534.680298 81.763245
v -414.284973 -534.680298 81.763245
v -430.972900 -660.504883 56.711548
v -412.850708 -660.504883 56.711548
v -414.284973 -660.505005 81.763252
v -426.890350 -660.505005 81.763252
v -1115.641968 -897.406738 -44.677227
v -964.357666 -897.406738 -190.912888
v -964.357666 -886.021912 -190.912888
v -1115.641968 -886.021912 -44.677227
v -1199.217773 -886.021912 -131.138275
v -1047.933350 -886.021912 -277.373932
v -1047.933350 -900.498779 -277.373932
v -1199.217773 -900.498779 -131.138275
v -1181.640869 -942.322083 -112.954697
v -1030.356567 -942.322083 -259.190369
v -981.934448 -942.322083 -209.096436
v -1133.218750 -942.322083 -62.860779
v -964.327698 -897.372437 -227.269943
v -1011.190247 -897.372437 -275.750427
v -1012.173035 -886.021912 -276.767090
v -963.750854 -886.021912 -226.673157
v -1199.824463 -896.555176 -95.377983
v -1151.402344 -896.555176 -45.284050
v -1151.402344 -886.021912 -45.284050
v -1199.824463 -886.021912 -95.377983
v -1133.218750 -942.322083 -62.860779
v -981.934448 -942.322083 -209.096436
v -981.934448 -900.956299 -209.096436
v -1133.218750 -900.956299 -62.860775
v -981.934448 -942.322083 -209.096436
v -1030.356567 -942.322083 -259.190369
v -1030.356567 -900.956299 -259.190369
v -981.934448 -900.956299 -209.096436
v -1181.640869 -900.956299 -112.954697
v -1030.356567 -900.956299 -259.190369
v -1030.356567 -942.322083 -259.190369
v -1181.640869 -942.322083 -112.954697
v -1181.640869 -942.322083 -112.954697
v -1133.218750 -942.322083 -62.860779
v -1133.218750 -900.956299 -62.860775
v -1181.640869 -900.956299 -112.954697
v -1133.218750 -900.956299 -62.860775
v -981.934448 -900.956299 -209.096436
v -964.357666 -897.406738 -190.912888
v -1115.641968 -897.406738 -44.677227
v -981.934448 -900.956299 -209.096436
v -981.934448 -885.812927 -209.096436
v -964.357666 -886.021912 -190.912888
v -964.357666 -897.406738 -190.912888
v -1133.218750 -885.812927 -62.860775
v -1133.218750 -900.956299 -62.860775
v -1115.641968 -897.406738 -44.677227
v -1115.641968 -886.021912 -44.677227
v -1030.356567 -885.812927 -259.190369
v -1030.356567 -900.956299 -259.190369
v -1047.933350 -900.498779 -277.373932
v -1047.933350 -886.021912 -277.373932
v -1030.356567 -900.956299 -259.190369
v -1181.640869 -900.956299 -112.954697
v -1199.217773 -900.498779 -131.138275
v -1047.933350 -900.498779 -277.373932
v -1181.640869 -900.956299 -112.954697
v -1181.640869 -885.812927 -112.954697
v -1199.217773 -886.021912 -131.138275
v -1199.217773 -900.498779 -131.138275
v -981.934448 -900.956299 -209.096436
v -1030.356567 -900.956299 -259.190369
v -1011.190247 -897.372437 -275.750427
v -964.327698 -897.372437 -227.269943
v -1030.356567 -900.956299 -259.190369
v -1030.356567 -885.812927 -259.190369
v -1012.173035 -886.021912 -276.767090
v -1011.190247 -897.372437 -275.750427
v -981.934448 -885.812927 -209.096436
v -981.934448 -900.956299 -209.096436
v -964.327698 -897.372437 -227.269943
v -963.750854 -886.021912 -226.673157
v -1181.640869 -900.956299 -112.954697
v -1133.218750 -900.956299 -62.860775
v -1151.402344 -896.555176 -45.284050
v -1199.824463 -896.555176 -95.377983
v -1133.218750 -900.956299 -62.860775
v -1133.218750 -885.812927 -62.860775
v -1151.402344 -886.021912 -45.284050
v -1151.402344 -896.555176 -45.284050
v -1181.640869 -885.812927 -112.954697
v -1181.640869 -900.956299 -112.954697
v -1199.824463 -896.555176 -95.377983
v -1199.824463 -886.021912 -95.377983
vt 0.244605 0.118826
vt 0.326552 0.094077
vt 0.270167 0.171921
vt 0.334524 0.152487
vt 0.401737 0.153895
vt 0.412138 0.095871
vt 0.174326 0.167689
vt 0.214973 0.210292
vt 0.122600 0.235874
vt 0.174346 0.263839
vt 0.094487 0.316696
vt 0.152261 0.327313
vt 0.092730 0.402238
vt 0.150875 0.394497
vt 0.117491 0.484127
vt 0.170318 0.458816
vt 0.166340 0.554351
vt 0.208681 0.513976
vt 0.234489 0.606046
vt 0.262208 0.554582
vt 0.315272 0.634162
vt 0.325659 0.576668
vt 0.400789 0.635953
vt 0.392829 0.578075
vt 0.482677 0.611243
vt 0.457149 0.558664
vt 0.552931 0.562446
vt 0.512329 0.520333
vt 0.604676 0.494329
vt 0.552967 0.466829
vt 0.632845 0.413550
vt 0.575087 0.403382
vt 0.634672 0.328011
vt 0.576516 0.336199
vt 0.609969 0.246083
vt 0.557109 0.271857
vt 0.561145 0.175793
vt 0.518761 0.216657
vt 0.492976 0.124030
vt 0.465223 0.176008
vt 0.315871 0.015819
vt 0.210354 0.047690
vt 0.315352 0.011073
vt 0.208696 0.043288
vt 0.119868 0.110612
vt 0.117233 0.106891
vt 0.053275 0.198411
vt 0.049921 0.195638
vt 0.017089 0.302477
vt 0.013346 0.300827
vt 0.014840 0.412611
vt 0.011073 0.412151
vt 0.046731 0.518034
vt 0.043309 0.518711
vt 0.109627 0.608434
vt 0.106884 0.610087
vt 0.197365 0.674979
vt 0.195569 0.677349
vt 0.301361 0.711169
vt 0.300687 0.713930
vt 0.411449 0.713474
vt 0.411962 0.716259
vt 0.516868 0.681667
vt 0.518519 0.684110
vt 0.607314 0.618854
vt 0.609941 0.620619
vt 0.673938 0.531167
vt 0.677284 0.531986
vt 0.710215 0.427174
vt 0.713953 0.426871
vt 0.712580 0.317045
vt 0.716345 0.315552
vt 0.680786 0.211558
vt 0.684208 0.208926
vt 0.617931 0.121048
vt 0.620675 0.117439
vt 0.530162 0.054392
vt 0.531958 0.050062
vt 0.426074 0.018129
vt 0.426746 0.013407
vt 0.270167 0.171921
vt 0.334524 0.152487
vt 0.363686 0.365392
vt 0.214973 0.210292
vt 0.174346 0.263839
vt 0.152261 0.327313
vt 0.150875 0.394497
vt 0.170318 0.458816
vt 0.208681 0.513976
vt 0.262208 0.554582
vt 0.325659 0.576668
vt 0.392829 0.578075
vt 0.457149 0.558664
vt 0.512329 0.520333
vt 0.552967 0.466829
vt 0.575087 0.403382
vt 0.576516 0.336199
vt 0.557109 0.271857
vt 0.518761 0.216657
vt 0.465223 0.176008
vt 0.401737 0.153895
vt 0.426074 0.018129
vt 0.315871 0.015819
vt 0.530162 0.054392
vt 0.617931 0.121048
vt 0.680786 0.211558
vt 0.712580 0.317045
vt 0.710215 0.427174
vt 0.673938 0.531167
vt 0.607314 0.618854
vt 0.516868 0.681667
vt 0.411449 0.713474
vt 0.301361 0.711169
vt 0.197365 0.674979
vt 0.109627 0.608434
vt 0.046731 0.518034
vt 0.014840 0.412611
vt 0.017089 0.302477
vt 0.053275 0.198411
vt 0.119868 0.110612
vt 0.210354 0.047690
vt 0.901554 0.661682
vt 0.791166 0.650635
vt 0.772612 0.587535
vt 0.946784 0.629931
vt 0.808173 0.424481
vt 0.897884 0.441339
vt 0.779688 0.487070
vt 0.951079 0.476392
vt 0.935237 0.547358
vt 0.770240 0.562576
vt 0.773800 0.507008
vt 0.939191 0.520869
vt 0.921529 0.393931
vt 0.816205 0.394769
vt 0.918659 0.330439
vt 0.805299 0.327255
vt 0.139713 0.711792
vt 0.154404 0.741787
vt 0.117054 0.824235
vt 0.137376 0.814441
vt 0.057155 0.816293
vt 0.032936 0.803898
vt 0.043407 0.733297
vt 0.065928 0.703827
vt 0.794162 0.684684
vt 0.791166 0.650635
vt 0.901554 0.661682
vt 0.892733 0.740757
vt 0.772612 0.587535
vt 0.770240 0.562576
vt 0.935237 0.547358
vt 0.946784 0.629931
vt 0.921529 0.393931
vt 0.897884 0.441339
vt 0.816205 0.394769
vt 0.808173 0.424481
vt 0.951079 0.476392
vt 0.939191 0.520869
vt 0.779688 0.487070
vt 0.773800 0.507008
vt 0.939995 0.661684
vt 0.805486 0.657006
vt 0.954260 0.598185
vt 0.773423 0.607224
vt 0.841608 0.367839
vt 0.919405 0.419683
vt 0.791341 0.424720
vt 0.963502 0.465713
vt 0.942362 0.534431
vt 0.749414 0.542486
vt 0.751657 0.494263
vt 0.946260 0.510914
vt 0.960394 0.381765
vt 0.872060 0.325083
vt 0.983064 0.332417
vt 0.890686 0.280398
vt 0.072054 0.861579
vt 0.109893 0.869268
vt 0.142321 0.914727
vt 0.124881 0.970985
vt 0.092785 0.986181
vt 0.043979 0.972119
vt 0.018647 0.936684
vt 0.040727 0.878517
vt 0.852818 0.727102
vt 0.805486 0.657006
vt 0.939995 0.661684
vt 0.954333 0.696537
vt 0.773423 0.607224
vt 0.749414 0.542486
vt 0.942362 0.534431
vt 0.954260 0.598185
vt 0.960394 0.381765
vt 0.919405 0.419683
vt 0.872060 0.325083
vt 0.841608 0.367839
vt 0.963502 0.465713
vt 0.946260 0.510914
vt 0.791341 0.424720
vt 0.751657 0.494263
vt 0.268037 0.808035
vt 0.268555 0.916519
vt 0.255960 0.808093
vt 0.256478 0.916577
vt 0.510647 0.806878
vt 0.511165 0.915361
vt 0.495290 0.806951
vt 0.495808 0.915435
vt 0.438667 0.807221
vt 0.439185 0.915705
vt 0.327137 0.807753
vt 0.327654 0.916237
vt 0.329244 0.970904
vt 0.437182 0.970389
vt 0.327973 0.982951
vt 0.439503 0.982418
vt 0.438392 0.749419
vt 0.326861 0.749951
vt 0.438338 0.738246
vt 0.326808 0.738778
vt 0.327137 0.807753
vt 0.327654 0.916237
vt 0.291577 0.807923
vt 0.292095 0.916407
vt 0.327654 0.916237
vt 0.439185 0.915705
vt 0.327824 0.951797
vt 0.439355 0.951265
vt 0.474227 0.807052
vt 0.474745 0.915535
vt 0.438667 0.807221
vt 0.439185 0.915705
vt 0.438667 0.807221
vt 0.327137 0.807753
vt 0.438498 0.771662
vt 0.326967 0.772194
vt 0.291577 0.807923
vt 0.292095 0.916407
vt 0.268037 0.808035
vt 0.268555 0.916519
vt 0.292095 0.916407
vt 0.290632 0.932404
vt 0.268555 0.916519
vt 0.267455 0.928546
vt 0.289962 0.791941
vt 0.291577 0.807923
vt 0.268037 0.808035
vt 0.266822 0.796020
vt 0.475192 0.931593
vt 0.474745 0.915535
vt 0.495808 0.915435
vt 0.496235 0.930786
vt 0.474745 0.915535
vt 0.474227 0.807052
vt 0.495808 0.915435
vt 0.495290 0.806951
vt 0.474227 0.807052
vt 0.474521 0.790991
vt 0.495290 0.806951
vt 0.495571 0.791597
vt 0.327824 0.951797
vt 0.439355 0.951265
vt 0.437182 0.970389
vt 0.329244 0.970904
vt 0.439355 0.951265
vt 0.454966 0.955050
vt 0.437182 0.970389
vt 0.449116 0.973161
vt 0.312079 0.954980
vt 0.327824 0.951797
vt 0.329244 0.970904
vt 0.317363 0.973265
vt 0.438498 0.771662
vt 0.326967 0.772194
vt 0.438392 0.749419
vt 0.326861 0.749951
vt 0.326967 0.772194
vt 0.310926 0.771352
vt 0.315703 0.749366
vt 0.326861 0.749951
vt 0.454530 0.770667
vt 0.438498 0.771662
vt 0.449544 0.748728
vt 0.438392 0.749419
vt 0.641936 0.962364
vt 0.831949 0.960704
vt 0.642026 0.972645
vt 0.832039 0.970985
vt 0.640219 0.765756
vt 0.830231 0.764096
vt 0.640333 0.778829
vt 0.830346 0.777169
vt 0.640859 0.839028
vt 0.830871 0.837368
vt 0.641409 0.901945
vt 0.831421 0.900285
vt 0.891837 0.899008
vt 0.891305 0.838117
vt 0.902094 0.899668
vt 0.901544 0.836750
vt 0.580321 0.839557
vt 0.580871 0.902474
vt 0.570809 0.839640
vt 0.571359 0.902557
vt 0.641409 0.901945
vt 0.831421 0.900285
vt 0.641735 0.939301
vt 0.831748 0.937641
vt 0.831421 0.900285
vt 0.830871 0.837368
vt 0.868777 0.899959
vt 0.868227 0.837041
vt 0.640532 0.801672
vt 0.830545 0.800012
vt 0.640859 0.839028
vt 0.830871 0.837368
vt 0.640859 0.839028
vt 0.641409 0.901945
vt 0.603503 0.839354
vt 0.604053 0.902272
vt 0.641735 0.939301
vt 0.831748 0.937641
vt 0.641936 0.962364
vt 0.831949 0.960704
vt 0.831748 0.937641
vt 0.845307 0.939424
vt 0.831949 0.960704
vt 0.842143 0.962044
vt 0.628209 0.941321
vt 0.641735 0.939301
vt 0.641936 0.962364
vt 0.631768 0.963882
vt 0.844216 0.799645
vt 0.830545 0.800012
vt 0.843415 0.776819
vt 0.830346 0.777169
vt 0.830545 0.800012
vt 0.640532 0.801672
vt 0.830346 0.777169
vt 0.640333 0.778829
vt 0.640532 0.801672
vt 0.626857 0.801544
vt 0.640333 0.778829
vt 0.627259 0.778707
vt 0.868777 0.899959
vt 0.868227 0.837041
vt 0.891305 0.838117
vt 0.891837 0.899008
vt 0.868227 0.837041
vt 0.870772 0.823604
vt 0.891305 0.838117
vt 0.893192 0.827961
vt 0.871252 0.913409
vt 0.868777 0.899959
vt 0.891837 0.899008
vt 0.893685 0.909119
vt 0.603503 0.839354
vt 0.604053 0.902272
vt 0.580321 0.839557
vt 0.580871 0.902474
vt 0.604053 0.902272
vt 0.601826 0.915765
vt 0.580871 0.902474
vt 0.579322 0.911860
vt 0.601041 0.825901
vt 0.603503 0.839354
vt 0.580321 0.839557
vt 0.578608 0.830199
vn 0.1874 -0.9728 -0.1362
vn 0.2208 -0.9727 -0.0717
vn 0.1890 -0.9723 -0.1373
vn 0.2221 -0.9723 -0.0722
vn 0.2336 -0.9723 -0.0000
vn 0.2321 -0.9727 -0.0000
vn 0.1362 -0.9728 -0.1875
vn 0.1373 -0.9723 -0.1890
vn 0.0717 -0.9727 -0.2208
vn 0.0722 -0.9723 -0.2221
vn -0.0000 -0.9727 -0.2321
vn 0.0000 -0.9723 -0.2336
vn -0.0717 -0.9727 -0.2208
vn -0.0722 -0.9723 -0.2222
vn -0.1362 -0.9728 -0.1874
vn -0.1373 -0.9723 -0.1890
vn -0.1875 -0.9728 -0.1362
vn -0.1890 -0.9723 -0.1373
vn -0.2208 -0.9727 -0.0717
vn -0.2221 -0.9723 -0.0722
vn -0.2321 -0.9727 0.0000
vn -0.2336 -0.9723 0.0000
vn -0.2208 -0.9727 0.0717
vn -0.2221 -0.9723 0.0722
vn -0.1878 -0.9727 0.1364
vn -0.1890 -0.9723 0.1373
vn -0.1362 -0.9728 0.1875
vn -0.1373 -0.9723 0.1890
vn -0.0717 -0.9727 0.2208
vn -0.0722 -0.9723 0.2222
vn -0.0000 -0.9727 0.2321
vn -0.0000 -0.9723 0.2336
vn 0.0717 -0.9727 0.2208
vn 0.0722 -0.9723 0.2221
vn 0.1364 -0.9727 0.1878
vn 0.1373 -0.9723 0.1890
vn 0.1874 -0.9728 0.1362
vn 0.1890 -0.9723 0.1373
vn 0.2208 -0.9727 0.0717
vn 0.2221 -0.9723 0.0722
vn 0.9466 -0.0962 -0.3076
vn 0.8053 -0.0962 -0.5851
vn 0.5851 -0.0962 -0.8053
vn 0.3076 -0.0962 -0.9466
vn -0.0000 -0.0962 -0.9954
vn -0.3076 -0.0962 -0.9466
vn -0.5851 -0.0962 -0.8053
vn -0.8053 -0.0962 -0.5851
vn -0.9466 -0.0962 -0.3076
vn -0.9954 -0.0962 -0.0000
vn -0.9466 -0.0962 0.3076
vn -0.8053 -0.0962 0.5851
vn -0.5851 -0.0962 0.8053
vn -0.3076 -0.0962 0.9466
vn 0.0000 -0.0962 0.9954
vn 0.3076 -0.0962 0.9466
vn 0.5851 -0.0962 0.8053
vn 0.8053 -0.0962 0.5851
vn 0.9466 -0.0962 0.3076
vn 0.9954 -0.0962 0.0000
vn 0.0101 -0.9999 -0.0073
vn 0.0118 -0.9999 -0.0038
vn 0.0000 -1.0000 -0.0000
vn 0.0073 -0.9999 -0.0101
vn 0.0038 -0.9999 -0.0118
vn 0.0000 -0.9999 -0.0124
vn -0.0038 -0.9999 -0.0118
vn -0.0073 -0.9999 -0.0101
vn -0.0101 -0.9999 -0.0073
vn -0.0118 -0.9999 -0.0038
vn -0.0124 -0.9999 0.0000
vn -0.0118 -0.9999 0.0038
vn -0.0101 -0.9999 0.0073
vn -0.0073 -0.9999 0.0101
vn -0.0038 -0.9999 0.0118
vn 0.0000 -0.9999 0.0124
vn 0.0038 -0.9999 0.0118
vn 0.0073 -0.9999 0.0101
vn 0.0101 -0.9999 0.0073
vn 0.0118 -0.9999 0.0038
vn 0.0124 -0.9999 -0.0000
vn 0.2309 -0.9730 -0.0000
vn 0.2196 -0.9730 -0.0714
vn 0.2196 -0.9730 0.0714
vn 0.1868 -0.9730 0.1357
vn 0.1357 -0.9730 0.1868
vn 0.0714 -0.9730 0.2196
vn -0.0000 -0.9730 0.2309
vn -0.0714 -0.9730 0.2196
vn -0.1357 -0.9730 0.1868
vn -0.1868 -0.9730 0.1357
vn -0.2196 -0.9730 0.0714
vn -0.2309 -0.9730 0.0000
vn -0.2196 -0.9730 -0.0714
vn -0.1868 -0.9730 -0.1357
vn -0.1357 -0.9730 -0.1868
vn -0.0714 -0.9730 -0.2196
vn 0.0000 -0.9730 -0.2309
vn 0.0714 -0.9730 -0.2196
vn 0.1357 -0.9730 -0.1868
vn 0.1868 -0.9730 -0.1357
vn -0.4304 -0.1681 0.8868
vn 0.6942 -0.0047 -0.7197
vn 0.8373 0.3803 0.3927
vn 0.8374 0.3803 0.3927
vn -0.7070 -0.4961 -0.5039
vn -0.7070 -0.4961 -0.5040
vn 0.0096 -1.0000 -0.0007
vn 0.0096 -1.0000 -0.0006
vn -0.8989 -0.3675 0.2386
vn 0.5017 0.3996 0.7672
vn 0.5018 0.3996 0.7672
vn 0.0619 -0.2939 -0.9538
vn 0.9236 0.3667 -0.1120
vn 0.4012 0.1279 0.9070
vn -0.5563 0.0410 -0.8299
vn -0.5564 0.0409 -0.8299
vn -0.5563 0.0409 -0.8299
vn 0.6719 0.5760 -0.4656
vn -0.8260 -0.3068 0.4729
vn -0.8260 -0.3067 0.4729
vn 0.0021 -1.0000 -0.0005
vn 0.0021 -1.0000 -0.0004
vn -0.3244 -0.2490 0.9125
vn -0.3245 -0.2490 0.9125
vn -0.3244 -0.2491 0.9125
vn 0.8565 0.5096 0.0823
vn -0.9334 -0.2234 -0.2808
vn 0.2594 0.4614 -0.8484
vn 0.0000 1.0000 0.0000
vn 1.0000 0.0000 0.0000
vn 0.0000 0.0000 -1.0000
vn 0.0000 0.0000 1.0000
vn 0.9954 0.0958 0.0000
vn 0.9997 -0.0230 0.0000
vn 0.9921 0.0000 -0.1253
vn 0.0801 -0.9949 -0.0610
vn 0.0472 0.9982 -0.0359
vn 0.9984 0.0000 0.0572
vn 0.6950 0.0000 0.7190
vn -0.6950 0.0000 -0.7190
vn 0.7190 0.0000 -0.6950
vn -0.7190 0.0000 0.6950
vn 0.0966 -0.9903 0.0999
vn -0.0126 -0.9998 -0.0130
vn 0.1009 -0.9901 -0.0975
vn -0.6711 -0.0533 -0.7395
vn 0.7078 -0.0313 0.7057
vn -0.1233 -0.9852 0.1192
usemtl base
s 1
f 3404/3404/671 3405/3405/672 3407/3406/673
f 3405/3405/672 3406/3407/674 3407/3406/673
f 3406/3407/674 3405/3405/672 3409/3408/675
f 3405/3405/672 3408/3409/676 3409/3408/675
f 3410/3410/677 3404/3404/671 3411/3411/678
f 3404/3404/671 3407/3406/673 3411/3411/678
f 3412/3412/679 3410/3410/677 3413/3413/680
f 3410/3410/677 3411/3411/678 3413/3413/680
f 3414/3414/681 3412/3412/679 3415/3415/682
f 3412/3412/679 3413/3413/680 3415/3415/682
f 3416/3416/683 3414/3414/681 3417/3417/684
f 3414/3414/681 3415/3415/682 3417/3417/684
f 3418/3418/685 3416/3416/683 3419/3419/686
f 3416/3416/683 3417/3417/684 3419/3419/686
f 3420/3420/687 3418/3418/685 3421/3421/688
f 3418/3418/685 3419/3419/686 3421/3421/688
f 3422/3422/689 3420/3420/687 3423/3423/690
f 3420/3420/687 3421/3421/688 3423/3423/690
f 3424/3424/691 3422/3422/689 3425/3425/692
f 3422/3422/689 3423/3423/690 3425/3425/692
f 3426/3426/693 3424/3424/691 3427/3427/694
f 3424/3424/691 3425/3425/692 3427/3427/694
f 3428/3428/695 3426/3426/693 3429/3429/696
f 3426/3426/693 3427/3427/694 3429/3429/696
f 3430/3430/697 3428/3428/695 3431/3431/698
f 3428/3428/695 3429/3429/696 3431/3431/698
f 3432/3432/699 3430/3430/697 3433/3433/700
f 3430/3430/697 3431/3431/698 3433/3433/700
f 3434/3434/701 3432/3432/699 3435/3435/702
f 3432/3432/699 3433/3433/700 3435/3435/702
f 3436/3436/703 3434/3434/701 3437/3437/704
f 3434/3434/701 3435/3435/702 3437/3437/704
f 3438/3438/705 3436/3436/703 3439/3439/706
f 3436/3436/703 3437/3437/704 3439/3439/706
f 3440/3440/707 3438/3438/705 3441/3441/708
f 3438/3438/705 3439/3439/706 3441/3441/708
f 3442/3442/709 3440/3440/707 3443/3443/710
f 3440/3440/707 3441/3441/708 3443/3443/710
f 3408/3409/676 3442/3442/709 3409/3408/675
f 3442/3442/709 3443/3443/710 3409/3408/675
s 2
f 3444/3444/711 3445/3445/712 3447/3446/711
f 3445/3445/712 3446/3447/712 3447/3446/711
f 3445/3445/712 3448/3448/713 3446/3447/712
f 3448/3448/713 3449/3449/713 3446/3447/712
f 3448/3448/713 3450/3450/714 3449/3449/713
f 3450/3450/714 3451/3451/714 3449/3449/713
f 3450/3450/714 3452/3452/715 3451/3451/714
f 3452/3452/715 3453/3453/715 3451/3451/714
f 3452/3452/715 3454/3454/716 3453/3453/715
f 3454/3454/716 3455/3455/716 3453/3453/715
f 3454/3454/716 3456/3456/717 3455/3455/716
f 3456/3456/717 3457/3457/717 3455/3455/716
f 3456/3456/717 3458/3458/718 3457/3457/717
f 3458/3458/718 3459/3459/718 3457/3457/717
f 3458/3458/718 3460/3460/719 3459/3459/718
f 3460/3460/719 3461/3461/719 3459/3459/718
f 3460/3460/719 3462/3462/720 3461/3461/719
f 3462/3462/720 3463/3463/720 3461/3461/719
f 3462/3462/720 3464/3464/721 3463/3463/720
f 3464/3464/721 3465/3465/721 3463/3463/720
f 3464/3464/721 3466/3466/722 3465/3465/721
f 3466/3466/722 3467/3467/722 3465/3465/721
f 3466/3466/722 3468/3468/723 3467/3467/722
f 3468/3468/723 3469/3469/723 3467/3467/722
f 3468/3468/723 3470/3470/724 3469/3469/723
f 3470/3470/724 3471/3471/724 3469/3469/723
f 3470/3470/724 3472/3472/725 3471/3471/724
f 3472/3472/725 3473/3473/725 3471/3471/724
f 3472/3472/725 3474/3474/726 3473/3473/725
f 3474/3474/726 3475/3475/726 3473/3473/725
f 3474/3474/726 3476/3476/727 3475/3475/726
f 3476/3476/727 3477/3477/727 3475/3475/726
f 3476/3476/727 3478/3478/728 3477/3477/727
f 3478/3478/728 3479/3479/728 3477/3477/727
f 3478/3478/728 3480/3480/729 3479/3479/728
f 3480/3480/729 3481/3481/729 3479/3479/728
f 3480/3480/729 3482/3482/730 3481/3481/729
f 3482/3482/730 3483/3483/730 3481/3481/729
f 3482/3482/730 3444/3444/711 3483/3483/730
f 3444/3444/711 3447/3446/711 3483/3483/730
s 3
f 3484/3484/731 3485/3485/732 3486/3486/733
f 3487/3487/734 3484/3484/731 3486/3486/733
f 3488/3488/735 3487/3487/734 3486/3486/733
f 3489/3489/736 3488/3488/735 3486/3486/733
f 3490/3490/737 3489/3489/736 3486/3486/733
f 3491/3491/738 3490/3490/737 3486/3486/733
f 3492/3492/739 3491/3491/738 3486/3486/733
f 3493/3493/740 3492/3492/739 3486/3486/733
f 3494/3494/741 3493/3493/740 3486/3486/733
f 3495/3495/742 3494/3494/741 3486/3486/733
f 3496/3496/743 3495/3495/742 3486/3486/733
f 3497/3497/744 3496/3496/743 3486/3486/733
f 3498/3498/745 3497/3497/744 3486/3486/733
f 3499/3499/746 3498/3498/745 3486/3486/733
f 3500/3500/747 3499/3499/746 3486/3486/733
f 3501/3501/748 3500/3500/747 3486/3486/733
f 3502/3502/749 3501/3501/748 3486/3486/733
f 3503/3503/750 3502/3502/749 3486/3486/733
f 3504/3504/751 3503/3503/750 3486/3486/733
f 3485/3485/732 3504/3504/751 3486/3486/733
s 1
f 3408/3409/676 3405/3405/672 3506/3505/752
f 3405/3405/672 3505/3506/753 3506/3505/752
f 3507/3507/754 3442/3442/709 3506/3505/752
f 3442/3442/709 3408/3409/676 3506/3505/752
f 3508/3508/755 3440/3440/707 3507/3507/754
f 3440/3440/707 3442/3442/709 3507/3507/754
f 3509/3509/756 3438/3438/705 3508/3508/755
f 3438/3438/705 3440/3440/707 3508/3508/755
f 3510/3510/757 3436/3436/703 3509/3509/756
f 3436/3436/703 3438/3438/705 3509/3509/756
f 3511/3511/758 3434/3434/701 3510/3510/757
f 3434/3434/701 3436/3436/703 3510/3510/757
f 3512/3512/759 3432/3432/699 3511/3511/758
f 3432/3432/699 3434/3434/701 3511/3511/758
f 3513/3513/760 3430/3430/697 3512/3512/759
f 3430/3430/697 3432/3432/699 3512/3512/759
f 3514/3514/761 3428/3428/695 3513/3513/760
f 3428/3428/695 3430/3430/697 3513/3513/760
f 3515/3515/762 3426/3426/693 3514/3514/761
f 3426/3426/693 3428/3428/695 3514/3514/761
f 3516/3516/763 3424/3424/691 3515/3515/762
f 3424/3424/691 3426/3426/693 3515/3515/762
f 3517/3517/764 3422/3422/689 3516/3516/763
f 3422/3422/689 3424/3424/691 3516/3516/763
f 3518/3518/765 3420/3420/687 3517/3517/764
f 3420/3420/687 3422/3422/689 3517/3517/764
f 3519/3519/766 3418/3418/685 3518/3518/765
f 3418/3418/685 3420/3420/687 3518/3518/765
f 3520/3520/767 3416/3416/683 3519/3519/766
f 3416/3416/683 3418/3418/685 3519/3519/766
f 3521/3521/768 3414/3414/681 3520/3520/767
f 3414/3414/681 3416/3416/683 3520/3520/767
f 3522/3522/769 3412/3412/679 3521/3521/768
f 3412/3412/679 3414/3414/681 3521/3521/768
f 3523/3523/770 3410/3410/677 3522/3522/769
f 3410/3410/677 3412/3412/679 3522/3522/769
f 3524/3524/771 3404/3404/671 3523/3523/770
f 3404/3404/671 3410/3410/677 3523/3523/770
f 3505/3506/753 3405/3405/672 3524/3524/771
f 3405/3405/672 3404/3404/671 3524/3524/771
s 4
f 3525/3525/772 3526/3526/772 3527/3527/772
f 3525/3525/772 3527/3527/772 3528/3528/772
s 5
f 3529/3529/773 3530/3530/773 3532/3531/773
f 3530/3530/773 3531/3532/773 3532/3531/773
s 6
f 3533/3533/774 3534/3534/774 3535/3535/775
f 3533/3533/774 3535/3535/775 3536/3536/774
s 7
f 3537/3537/776 3538/3538/777 3540/3539/777
f 3538/3538/777 3539/3540/777 3540/3539/777
s 8
f 3541/3541/778 3542/3542/778 3544/3543/778
f 3542/3542/778 3543/3544/778 3544/3543/778
f 3541/3541/778 3544/3543/778 3545/3545/778
f 3541/3541/778 3545/3545/778 3546/3546/778
f 3541/3541/778 3546/3546/778 3547/3547/779
f 3541/3541/778 3547/3547/779 3548/3548/778
s 9
f 3549/3549/780 3550/3550/780 3551/3551/780
f 3549/3549/780 3551/3551/780 3552/3552/780
s 10
f 3553/3553/781 3554/3554/782 3555/3555/781
f 3553/3553/781 3555/3555/781 3556/3556/781
s 11
f 3557/3557/783 3558/3558/783 3560/3559/783
f 3558/3558/783 3559/3560/783 3560/3559/783
s 12
f 3561/3561/784 3562/3562/784 3564/3563/784
f 3562/3562/784 3563/3564/784 3564/3563/784
s 13
f 3565/3565/785 3566/3566/785 3568/3567/785
f 3566/3566/785 3567/3568/785 3568/3567/785
s 14
f 3569/3569/786 3570/3570/787 3572/3571/787
f 3570/3570/787 3571/3572/788 3572/3571/787
s 15
f 3573/3573/789 3574/3574/789 3575/3575/789
f 3573/3573/789 3575/3575/789 3576/3576/789
s 16
f 3577/3577/790 3578/3578/791 3580/3579/791
f 3578/3578/791 3579/3580/791 3580/3579/791
s 17
f 3581/3581/792 3582/3582/793 3583/3583/793
f 3581/3581/792 3583/3583/793 3584/3584/793
f 3581/3581/792 3584/3584/793 3585/3585/793
f 3581/3581/792 3585/3585/793 3586/3586/793
f 3581/3581/792 3586/3586/793 3587/3587/793
f 3581/3581/792 3587/3587/793 3588/3588/793
s 18
f 3589/3589/794 3590/3590/795 3591/3591/796
f 3589/3589/794 3591/3591/796 3592/3592/795
s 19
f 3593/3593/797 3594/3594/797 3595/3595/797
f 3593/3593/797 3595/3595/797 3596/3596/797
s 20
f 3597/3597/798 3598/3598/798 3600/3599/798
f 3598/3598/798 3599/3600/798 3600/3599/798
s 21
f 3601/3601/799 3602/3602/799 3604/3603/799
f 3602/3602/799 3603/3604/799 3604/3603/799
s 22
f 3605/3605/800 3606/3606/800 3608/3607/800
f 3606/3606/800 3607/3608/800 3608/3607/800
s 23
f 3609/3609/733 3610/3610/733 3612/3611/733
f 3610/3610/733 3611/3612/733 3612/3611/733
s 24
f 3613/3613/801 3614/3614/801 3616/3615/801
f 3614/3614/801 3615/3616/801 3616/3615/801
s 25
f 3617/3617/802 3618/3618/802 3620/3619/802
f 3618/3618/802 3619/3620/802 3620/3619/802
s 26
f 3621/3621/803 3622/3622/803 3624/3623/803
f 3622/3622/803 3623/3624/803 3624/3623/803
s 27
f 3625/3625/800 3626/3626/800 3628/3627/800
f 3626/3626/800 3627/3628/800 3628/3627/800
s 28
f 3629/3629/802 3630/3630/802 3632/3631/802
f 3630/3630/802 3631/3632/802 3632/3631/802
s 29
f 3633/3633/733 3634/3634/733 3636/3635/733
f 3634/3634/733 3635/3636/733 3636/3635/733
s 30
f 3637/3637/803 3638/3638/803 3640/3639/803
f 3638/3638/803 3639/3640/803 3640/3639/803
s 31
f 3641/3641/804 3642/3642/804 3644/3643/804
f 3642/3642/804 3643/3644/804 3644/3643/804
s 32
f 3645/3645/802 3646/3646/802 3648/3647/802
f 3646/3646/802 3647/3648/802 3648/3647/802
s 33
f 3649/3649/803 3650/3650/803 3651/3651/803
f 3649/3649/803 3651/3651/803 3652/3652/803
s 34
f 3653/3653/802 3654/3654/802 3655/3655/802
f 3653/3653/802 3655/3655/802 3656/3656/802
s 35
f 3657/3657/805 3658/3658/805 3660/3659/805
f 3658/3658/805 3659/3660/805 3660/3659/805
s 36
f 3661/3661/803 3662/3662/803 3664/3663/803
f 3662/3662/803 3663/3664/803 3664/3663/803
s 37
f 3665/3665/806 3666/3666/806 3667/3667/806
f 3665/3665/806 3667/3667/806 3668/3668/806
s 38
f 3669/3669/807 3670/3670/807 3672/3671/807
f 3670/3670/807 3671/3672/807 3672/3671/807
s 39
f 3673/3673/808 3674/3674/808 3675/3675/808
f 3673/3673/808 3675/3675/808 3676/3676/808
s 40
f 3677/3677/809 3678/3678/809 3680/3679/809
f 3678/3678/809 3679/3680/809 3680/3679/809
s 41
f 3681/3681/800 3682/3682/800 3683/3683/800
f 3681/3681/800 3683/3683/800 3684/3684/800
s 42
f 3685/3685/733 3686/3686/733 3688/3687/733
f 3686/3686/733 3687/3688/733 3688/3687/733
s 43
f 3689/3689/810 3690/3690/810 3692/3691/810
f 3690/3690/810 3691/3692/810 3692/3691/810
s 44
f 3693/3693/811 3694/3694/811 3696/3695/811
f 3694/3694/811 3695/3696/811 3696/3695/811
s 45
f 3697/3697/733 3698/3698/733 3700/3699/733
f 3698/3698/733 3699/3700/733 3700/3699/733
s 46
f 3701/3701/812 3702/3702/812 3704/3703/812
f 3702/3702/812 3703/3704/812 3704/3703/812
s 47
f 3705/3705/813 3706/3706/813 3708/3707/813
f 3706/3706/813 3707/3708/813 3708/3707/813
s 48
f 3709/3709/810 3710/3710/810 3712/3711/810
f 3710/3710/810 3711/3712/810 3712/3711/810
s 49
f 3713/3713/812 3714/3714/812 3716/3715/812
f 3714/3714/812 3715/3716/812 3716/3715/812
s 50
f 3717/3717/811 3718/3718/811 3720/3719/811
f 3718/3718/811 3719/3720/811 3720/3719/811
s 51
f 3721/3721/813 3722/3722/813 3724/3723/813
f 3722/3722/813 3723/3724/813 3724/3723/813
s 52
f 3725/3725/814 3726/3726/814 3728/3727/814
f 3726/3726/814 3727/3728/814 3728/3727/814
s 53
f 3729/3729/812 3730/3730/812 3732/3731/812
f 3730/3730/812 3731/3732/812 3732/3731/812
s 54
f 3733/3733/813 3734/3734/813 3735/3735/813
f 3733/3733/813 3735/3735/813 3736/3736/813
s 55
f 3737/3737/812 3738/3738/812 3740/3739/812
f 3738/3738/812 3739/3740/812 3740/3739/812
s 56
f 3741/3741/815 3742/3742/815 3744/3743/815
f 3742/3742/815 3743/3744/815 3744/3743/815
s 57
f 3745/3745/813 3746/3746/813 3748/3747/813
f 3746/3746/813 3747/3748/813 3748/3747/813
s 58
f 3749/3749/816 3750/3750/816 3751/3751/816
f 3749/3749/816 3751/3751/816 3752/3752/816
s 59
f 3753/3753/817 3754/3754/817 3756/3755/817
f 3754/3754/817 3755/3756/817 3756/3755/817
s 60
f 3757/3757/818 3758/3758/818 3759/3759/818
f 3757/3757/818 3759/3759/818 3760/3760/818
s 61
f 3761/3761/819 3762/3762/819 3764/3763/819
f 3762/3762/819 3763/3764/819 3764/3763/819
s 62
f 3765/3765/810 3766/3766/810 3768/3767/810
f 3766/3766/810 3767/3768/810 3768/3767/810
s 63
f 3769/3769/811 3770/3770/811 3771/3771/811
f 3769/3769/811 3771/3771/811 3772/3772/811
o CHEOPS_LowPoly_pCube34_Mesh.019
v -208.965515 12.057709 316.950012
v -184.315796 12.057709 316.950012
v -184.315796 101.715698 316.950043
v -208.965515 101.715698 316.950043
v -208.965515 101.715698 316.950043
v -184.315796 101.715698 316.950043
v -184.315796 101.715698 276.454803
v -208.965515 101.715698 276.454803
v -208.965515 101.715698 276.454803
v -184.315796 101.715698 276.454803
v -184.315796 12.057709 276.454773
v -208.965515 12.057709 276.454773
v -208.965515 12.057709 276.454773
v -184.315796 12.057709 276.454773
v -184.315796 12.057709 316.950012
v -208.965515 12.057709 316.950012
v -184.315796 12.057709 316.950012
v -184.315796 12.057709 276.454773
v -184.315796 101.715698 276.454803
v -184.315796 101.715698 316.950043
v -208.965515 12.057709 276.454773
v -208.965515 12.057709 316.950012
v -208.965515 101.715698 316.950043
v -208.965515 101.715698 276.454803
vt 0.375000 0.000000
vt 0.625000 0.000000
vt 0.375000 0.250000
vt 0.625000 0.250000
vt 0.375000 0.250000
vt 0.625000 0.250000
vt 0.375000 0.500000
vt 0.625000 0.500000
vt 0.375000 0.500000
vt 0.625000 0.500000
vt 0.375000 0.750000
vt 0.625000 0.750000
vt 0.375000 0.750000
vt 0.625000 0.750000
vt 0.375000 1.000000
vt 0.625000 1.000000
vt 0.625000 0.000000
vt 0.875000 0.000000
vt 0.625000 0.250000
vt 0.875000 0.250000
vt 0.125000 0.000000
vt 0.375000 0.000000
vt 0.125000 0.250000
vt 0.375000 0.250000
vn 0.0000 -0.0000 1.0000
vn 0.0000 1.0000 0.0000
vn 0.0000 0.0000 -1.0000
vn 0.0000 -1.0000 0.0000
vn 1.0000 0.0000 0.0000
vn -1.0000 -0.0000 0.0000
usemtl tornillos.007
s 1
f 3773/3773/820 3774/3774/820 3776/3775/820
f 3774/3774/820 3775/3776/820 3776/3775/820
s 2
f 3777/3777/821 3778/3778/821 3780/3779/821
f 3778/3778/821 3779/3780/821 3780/3779/821
s 3
f 3781/3781/822 3782/3782/822 3784/3783/822
f 3782/3782/822 3783/3784/822 3784/3783/822
s 4
f 3785/3785/823 3786/3786/823 3788/3787/823
f 3786/3786/823 3787/3788/823 3788/3787/823
s 5
f 3789/3789/824 3790/3790/824 3792/3791/824
f 3790/3790/824 3791/3792/824 3792/3791/824
s 6
f 3793/3793/825 3794/3794/825 3796/3795/825
f 3794/3794/825 3795/3796/825 3796/3795/825
o CHEOPS_LowPoly_pCylinder40_Mesh.020
v -920.497986 -146.624725 -71.788788
v -919.339417 -113.647400 -136.550369
v -912.740417 74.182129 -0.000016
v -917.534851 -62.283981 -187.945435
v -915.260986 2.437653 -220.943085
v -912.740417 74.182129 -232.313293
v -910.219849 145.926636 -220.943069
v -907.945984 210.648254 -187.945389
v -906.141418 262.011597 -136.550293
v -904.982849 294.988892 -71.788742
v -904.583618 306.352112 -0.000006
v -904.982849 294.988892 71.788727
v -906.141418 262.011597 136.550278
v -907.945984 210.648224 187.945312
v -910.219849 145.926605 220.942978
v -912.740417 74.182129 232.313187
v -915.260986 2.437683 220.942963
v -917.534851 -62.283936 187.945297
v -919.339417 -113.647278 136.550232
v -920.497986 -146.624588 71.788696
v -920.897217 -157.987793 -0.000026
vt 0.648603 0.892034
vt 0.626409 0.935591
vt 0.500000 0.837500
vt 0.591841 0.970159
vt 0.548284 0.992353
vt 0.500000 1.000000
vt 0.451716 0.992353
vt 0.408159 0.970159
vt 0.373591 0.935591
vt 0.351397 0.892034
vt 0.343750 0.843750
vt 0.351397 0.795466
vt 0.373591 0.751909
vt 0.408159 0.717341
vt 0.451716 0.695147
vt 0.500000 0.687500
vt 0.548284 0.695147
vt 0.591842 0.717341
vt 0.626409 0.751908
vt 0.648603 0.795466
vt 0.656250 0.843750
vn 0.9994 -0.0351 -0.0000
usemtl fondo-objetivo
s 1
f 3797/3797/826 3798/3798/826 3799/3799/826
f 3798/3798/826 3800/3800/826 3799/3799/826
f 3800/3800/826 3801/3801/826 3799/3799/826
f 3801/3801/826 3802/3802/826 3799/3799/826
f 3802/3802/826 3803/3803/826 3799/3799/826
f 3803/3803/826 3804/3804/826 3799/3799/826
f 3804/3804/826 3805/3805/826 3799/3799/826
f 3805/3805/826 3806/3806/826 3799/3799/826
f 3806/3806/826 3807/3807/826 3799/3799/826
f 3807/3807/826 3808/3808/826 3799/3799/826
f 3808/3808/826 3809/3809/826 3799/3799/826
f 3809/3809/826 3810/3810/826 3799/3799/826
f 3810/3810/826 3811/3811/826 3799/3799/826
f 3811/3811/826 3812/3812/826 3799/3799/826
f 3812/3812/826 3813/3813/826 3799/3799/826
f 3813/3813/826 3814/3814/826 3799/3799/826
f 3814/3814/826 3815/3815/826 3799/3799/826
f 3815/3815/826 3816/3816/826 3799/3799/826
f 3816/3816/826 3817/3817/826 3799/3799/826
f 3817/3817/826 3797/3797/826 3799/3799/826
o CHEOPS_LowPoly_polySurface21_pCube32_Mesh.021
v -1029.118042 -122.344513 -136.983932
v -1029.118042 -155.249878 -72.403481
v -503.720001 -155.249878 -72.403481
v -503.720032 -122.344513 -136.983932
v -1029.118042 -166.588150 -0.815426
v -503.720001 -166.588150 -0.815426
v -1029.118042 -71.093094 -188.235306
v -503.720032 -71.093094 -188.235306
v -1029.118042 -6.512573 -221.140686
v -503.720032 -6.512573 -221.140686
v -1029.118042 65.075439 -232.479095
v -503.720032 65.075439 -232.479095
v -1029.118042 136.663452 -221.140671
v -503.720093 136.663452 -221.140671
v -1029.118042 201.243927 -188.235260
v -503.720001 201.243927 -188.235260
v -1029.118042 252.495300 -136.983871
v -503.720001 252.495300 -136.983871
v -1029.118042 285.400574 -72.403435
v -503.720032 285.400574 -72.403435
v -1029.118042 296.739014 -0.815403
v -503.720032 296.739014 -0.815403
v -1029.118042 285.400574 70.772583
v -1029.118042 296.739014 -0.815403
v -503.720032 296.739014 -0.815403
v -503.720032 285.400574 70.772583
v -1029.118042 252.495300 135.353073
v -503.720001 252.495300 135.353073
v -1029.118042 201.243866 186.604416
v -503.720001 201.243866 186.604416
v -1029.118042 136.663452 219.509781
v -503.720032 136.663452 219.509781
v -1029.118042 65.075439 230.848175
v -503.720032 65.075439 230.848175
v -1029.118042 -6.512512 219.509766
v -503.720032 -6.512512 219.509766
v -1029.118042 -71.093033 186.604401
v -503.720032 -71.093033 186.604401
v -1029.118042 -122.344345 135.353043
v -503.720032 -122.344345 135.353043
v -1029.118042 -155.249756 70.772560
v -503.720001 -155.249756 70.772560
vt 0.562278 0.718711
vt 0.533331 0.718581
vt 0.561331 0.928544
vt 0.532384 0.928413
vt 0.504384 0.718450
vt 0.503437 0.928282
vt 0.591225 0.718842
vt 0.590278 0.928674
vt 0.620172 0.718973
vt 0.619225 0.928805
vt 0.649119 0.719103
vt 0.648172 0.928935
vt 0.678066 0.719234
vt 0.677119 0.929066
vt 0.707013 0.719365
vt 0.706066 0.929197
vt 0.735960 0.719495
vt 0.735013 0.929327
vt 0.764907 0.719626
vt 0.763960 0.929458
vt 0.793854 0.719756
vt 0.792907 0.929589
vt 0.243860 0.717275
vt 0.214913 0.717144
vt 0.242914 0.927107
vt 0.213967 0.926976
vt 0.272807 0.717405
vt 0.271861 0.927237
vt 0.301755 0.717536
vt 0.300808 0.927368
vt 0.330702 0.717666
vt 0.329755 0.927499
vt 0.359649 0.717797
vt 0.358702 0.927629
vt 0.388596 0.717928
vt 0.387649 0.927760
vt 0.417543 0.718058
vt 0.416596 0.927891
vt 0.446490 0.718189
vt 0.445543 0.928021
vt 0.475437 0.718320
vt 0.474490 0.928152
vn 0.0000 0.8090 0.5878
vn 0.0000 0.9511 0.3090
vn 0.0000 1.0000 -0.0000
vn 0.0000 0.5878 0.8090
vn 0.0000 0.3090 0.9511
vn 0.0000 -0.0000 1.0000
vn 0.0000 -0.3090 0.9511
vn 0.0000 -0.5878 0.8090
vn 0.0000 -0.8090 0.5878
vn 0.0000 -0.9511 0.3090
vn 0.0000 -1.0000 -0.0000
vn 0.0000 -0.9511 -0.3090
vn 0.0000 -0.8090 -0.5878
vn 0.0000 -0.5878 -0.8090
vn 0.0000 -0.3090 -0.9511
vn 0.0000 0.0000 -1.0000
vn 0.0000 0.3090 -0.9511
vn 0.0000 0.5878 -0.8090
vn 0.0000 0.8090 -0.5878
vn 0.0000 0.9511 -0.3090
usemtl solarpanels.004
s 1
f 3818/3818/827 3819/3819/828 3821/3820/827
f 3819/3819/828 3820/3821/828 3821/3820/827
f 3819/3819/828 3822/3822/829 3820/3821/828
f 3822/3822/829 3823/3823/829 3820/3821/828
f 3824/3824/830 3818/3818/827 3825/3825/830
f 3818/3818/827 3821/3820/827 3825/3825/830
f 3826/3826/831 3824/3824/830 3827/3827/831
f 3824/3824/830 3825/3825/830 3827/3827/831
f 3828/3828/832 3826/3826/831 3829/3829/832
f 3826/3826/831 3827/3827/831 3829/3829/832
f 3830/3830/833 3828/3828/832 3831/3831/833
f 3828/3828/832 3829/3829/832 3831/3831/833
f 3832/3832/834 3830/3830/833 3833/3833/834
f 3830/3830/833 3831/3831/833 3833/3833/834
f 3834/3834/835 3832/3832/834 3835/3835/835
f 3832/3832/834 3833/3833/834 3835/3835/835
f 3836/3836/836 3834/3834/835 3837/3837/836
f 3834/3834/835 3835/3835/835 3837/3837/836
f 3838/3838/837 3836/3836/836 3839/3839/837
f 3836/3836/836 3837/3837/836 3839/3839/837
f 3840/3840/838 3841/3841/837 3843/3842/838
f 3841/3841/837 3842/3843/837 3843/3842/838
f 3844/3844/839 3840/3840/838 3845/3845/839
f 3840/3840/838 3843/3842/838 3845/3845/839
f 3846/3846/840 3844/3844/839 3847/3847/840
f 3844/3844/839 3845/3845/839 3847/3847/840
f 3848/3848/841 3846/3846/840 3849/3849/841
f 3846/3846/840 3847/3847/840 3849/3849/841
f 3850/3850/842 3848/3848/841 3851/3851/842
f 3848/3848/841 3849/3849/841 3851/3851/842
f 3852/3852/843 3850/3850/842 3853/3853/843
f 3850/3850/842 3851/3851/842 3853/3853/843
f 3854/3854/844 3852/3852/843 3855/3855/844
f 3852/3852/843 3853/3853/843 3855/3855/844
f 3856/3856/845 3854/3854/844 3857/3857/845
f 3854/3854/844 3855/3855/844 3857/3857/845
f 3858/3858/846 3856/3856/845 3859/3859/846
f 3856/3856/845 3857/3857/845 3859/3859/846
f 3822/3822/829 3858/3858/846 3823/3823/829
f 3858/3858/846 3859/3859/846 3823/3823/829
o CHEOPS_LowPoly_pCube32_polySurface22_Mesh.022
v -1305.899658 362.001038 406.165009
v -1315.978271 359.965210 401.822845
v -1298.760010 497.976868 401.561310
v -1290.958862 495.726562 403.178436
v -1348.748779 369.690430 457.497131
v -1334.743286 369.161377 467.511078
v -1321.709717 500.729553 469.473511
v -1335.093994 504.323608 464.113922
v -1300.860840 499.786865 435.137970
v -1313.286865 500.122986 428.016510
v -1332.825684 516.962463 463.876007
v -1322.262817 515.854797 469.671906
v -1334.743286 369.161377 467.511078
v -1348.748779 369.690430 457.497131
v -1325.236328 359.597473 423.540802
v -1310.347168 350.863281 429.645111
v -989.782349 -159.235428 525.969849
v -1310.347168 350.863281 429.645111
v -1301.042969 486.665161 432.503265
v -897.846069 -157.006119 545.623291
v -897.846069 -157.006119 545.623291
v -1301.042969 486.665161 432.503265
v -1321.709717 500.729553 469.473511
v -909.220276 -154.741608 583.042236
v -1334.743286 369.161377 467.511078
v -1002.106140 -155.341156 563.921021
v -909.220276 -154.741608 583.042236
v -1321.709717 500.729553 469.473511
v -1002.106140 -155.341156 563.921021
v -1334.743286 369.161377 467.511078
v -1310.347168 350.863281 429.645111
v -989.782349 -159.235428 525.969849
v -1310.347168 350.863281 429.645111
v -1305.899658 362.001038 406.165009
v -1290.958862 495.726562 403.178436
v -1301.042969 486.665161 432.503265
v -1301.042969 486.665161 432.503265
v -1290.958862 495.726562 403.178436
v -1298.760010 497.976868 401.561310
v -1311.365112 488.894287 424.271973
v -1325.236328 359.597473 423.540802
v -1315.978271 359.965210 401.822845
v -1305.899658 362.001038 406.165009
v -1310.347168 350.863281 429.645111
v -1301.042969 486.665161 432.503265
v -1300.860840 499.786865 435.137970
v -1322.262817 515.854797 469.671906
v -1321.709717 500.729553 469.473511
v -1321.709717 500.729553 469.473511
v -1322.262817 515.854797 469.671906
v -1332.825684 516.962463 463.876007
v -1335.093994 504.323608 464.113922
v -1311.365112 488.894287 424.271973
v -1313.286865 500.122986 428.016510
v -1300.860840 499.786865 435.137970
v -1301.042969 486.665161 432.503265
v -1336.710327 378.810852 -395.005280
v -1322.743164 508.950562 -397.073486
v -1332.774902 511.200928 -395.152466
v -1345.478516 379.165588 -393.369171
v -1344.937744 374.447937 -475.897003
v -1336.608154 510.009888 -475.186462
v -1326.708008 507.647034 -477.660156
v -1336.321533 374.098022 -478.015961
v -1316.821533 522.022522 -439.122833
v -1324.941162 520.686707 -476.550171
v -1334.923828 523.003052 -474.391296
v -1326.794556 524.340759 -436.918549
v -1336.321533 374.098022 -478.015961
v -1325.786987 373.185364 -435.685669
v -1334.430176 373.580017 -433.487823
v -1344.937744 374.447937 -475.897003
v -1004.110229 -155.341125 -569.624878
v -908.687317 -156.328186 -592.977295
v -909.244263 -196.779388 -593.070862
v -992.490051 -203.462524 -571.882324
v -908.687317 -156.328186 -592.977295
v -899.043274 -157.124725 -554.053955
v -899.084961 -197.029297 -555.177063
v -909.244263 -196.779388 -593.070862
v -899.043274 -157.124725 -554.053955
v -991.786621 -159.235367 -532.561462
v -990.778320 -198.688965 -532.492188
v -899.084961 -197.029297 -555.177063
v -991.786621 -159.235367 -532.561462
v -1004.110229 -155.341125 -569.624878
v -992.490051 -203.462524 -571.882324
v -990.778320 -198.688965 -532.492188
v -1316.212891 508.918396 -435.417236
v -1325.786987 373.185364 -435.685669
v -899.043274 -157.124725 -554.053955
v -908.687317 -156.328186 -592.977295
v -1326.708008 507.647034 -477.660156
v -1316.212891 508.918396 -435.417236
v -1336.321533 374.098022 -478.015961
v -1326.708008 507.647034 -477.660156
v -1004.110229 -155.341125 -569.624878
v -991.786621 -159.235367 -532.561462
v -1325.786987 373.185364 -435.685669
v -1336.321533 374.098022 -478.015961
v -1325.786987 373.185364 -435.685669
v -1316.212891 508.918396 -435.417236
v -1322.743164 508.950562 -397.073486
v -1336.710327 378.810852 -395.005280
v -1316.212891 508.918396 -435.417236
v -1326.100464 511.280457 -432.891998
v -1332.774902 511.200928 -395.152466
v -1322.743164 508.950562 -397.073486
v -1336.710327 378.810852 -395.005280
v -1345.478516 379.165588 -393.369171
v -1316.212891 508.918396 -435.417236
v -1326.708008 507.647034 -477.660156
v -1324.941162 520.686707 -476.550171
v -1316.821533 522.022522 -439.122833
v -1334.923828 523.003052 -474.391296
v -1324.941162 520.686707 -476.550171
v -1336.608154 510.009888 -475.186462
v -1326.100464 511.280457 -432.891998
v -1326.794556 524.340759 -436.918549
v -1334.923828 523.003052 -474.391296
v -1326.100464 511.280457 -432.891998
v -1316.212891 508.918396 -435.417236
v -1316.821533 522.022522 -439.122833
v -1326.794556 524.340759 -436.918549
v -1437.662842 550.132019 -355.463745
v -1436.897095 369.937988 -356.779663
v -1353.428101 369.937988 -358.630127
v -1332.003662 550.132019 -358.468597
v -1438.419678 369.937988 -443.996887
v -1439.108887 550.132019 -442.818512
v -1325.964111 550.132019 -465.305481
v -1343.509277 369.937988 -469.407166
v -1353.428101 369.937988 -358.630127
v -1333.203369 369.937988 -431.542938
v -1316.817261 550.132019 -429.300018
v -1332.003662 550.132019 -358.468597
v -1448.212280 550.132019 -431.936157
v -1449.215576 369.937988 -431.992645
v -1449.841797 369.937988 -369.348602
v -1449.841797 550.132019 -369.348602
v -1449.841797 550.132019 -369.348602
v -1437.662842 550.132019 -355.463745
v -1332.003662 550.132019 -358.468597
v -1316.817261 550.132019 -429.300018
v -1325.964111 550.132019 -465.305481
v -1439.108887 550.132019 -442.818512
v -1448.212280 550.132019 -431.936157
v -1449.841797 369.937988 -369.348602
v -1436.897095 369.937988 -356.779663
v -1437.662842 550.132019 -355.463745
v -1449.841797 550.132019 -369.348602
v -1325.964111 550.132019 -465.305481
v -1316.817261 550.132019 -429.300018
v -1333.203369 369.937988 -431.542938
v -1343.509277 369.937988 -469.407166
v -1449.215576 369.937988 -431.992645
v -1438.419678 369.937988 -443.996887
v -1343.509277 369.937988 -469.407166
v -1333.203369 369.937988 -431.542938
v -1353.428101 369.937988 -358.630127
v -1436.897095 369.937988 -356.779663
v -1449.841797 369.937988 -369.348602
v -1448.212280 550.132019 -431.936157
v -1439.108887 550.132019 -442.818512
v -1438.419678 369.937988 -443.996887
v -1449.215576 369.937988 -431.992645
v -1307.093506 551.551636 350.685577
v -1325.264648 359.488464 361.638367
v -1361.370117 359.908569 330.241821
v -1358.988159 551.890686 319.024475
v -1355.265625 358.462280 463.633057
v -1362.499512 548.761230 481.955292
v -1453.308105 548.776978 458.915924
v -1448.881592 358.922729 440.513397
v -1361.370117 359.908569 330.241821
v -1448.818970 360.277466 333.887787
v -1450.796875 551.433350 320.488037
v -1358.988159 551.890686 319.024475
v -1314.766968 549.450928 458.630035
v -1328.276855 358.476807 436.057617
v -1312.086914 358.861633 400.615265
v -1289.827271 550.542053 408.177551
v -1289.827271 550.542053 408.177551
v -1307.093506 551.551636 350.685577
v -1358.988159 551.890686 319.024475
v -1450.796875 551.433350 320.488037
v -1453.308105 548.776978 458.915924
v -1362.499512 548.761230 481.955292
v -1314.766968 549.450928 458.630035
v -1312.086914 358.861633 400.615265
v -1325.264648 359.488464 361.638367
v -1307.093506 551.551636 350.685577
v -1289.827271 550.542053 408.177551
v -1453.308105 548.776978 458.915924
v -1450.796875 551.433350 320.488037
v -1448.818970 360.277466 333.887787
v -1448.881592 358.922729 440.513397
v -1328.276855 358.476807 436.057617
v -1355.265625 358.462280 463.633057
v -1448.881592 358.922729 440.513397
v -1448.818970 360.277466 333.887787
v -1361.370117 359.908569 330.241821
v -1325.264648 359.488464 361.638367
v -1312.086914 358.861633 400.615265
v -1314.766968 549.450928 458.630035
v -1362.499512 548.761230 481.955292
v -1355.265625 358.462280 463.633057
v -1328.276855 358.476807 436.057617
v -1213.878296 355.755432 258.646149
v -1186.924072 371.317444 258.646149
v -1297.734131 563.246094 258.646149
v -1324.688354 547.684021 258.646149
v -1324.688354 547.684021 258.646149
v -1297.734131 563.246094 258.646149
v -1297.734131 563.246277 -322.761353
v -1324.688354 547.684021 -322.761353
v -1324.688354 547.684021 -322.761353
v -1297.734131 563.246277 -322.761353
v -1186.924072 371.317505 -322.761353
v -1213.878296 355.755310 -322.761353
v -1213.878296 355.755310 -322.761353
v -1186.924072 371.317505 -322.761353
v -1186.924072 371.317444 258.646149
v -1213.878296 355.755432 258.646149
v -1187.989868 372.985168 255.623276
v -1296.822876 561.489319 255.623276
v -1297.734131 563.246094 258.646149
v -1186.924072 371.317444 258.646149
v -1296.822876 561.489319 255.623276
v -1296.822876 561.489319 -319.738495
v -1297.734131 563.246277 -322.761353
v -1297.734131 563.246094 258.646149
v -1296.822876 561.489319 -319.738495
v -1187.989868 372.985168 -319.738495
v -1186.924072 371.317505 -322.761353
v -1297.734131 563.246277 -322.761353
v -1187.989868 372.985168 -319.738495
v -1187.989868 372.985168 255.623276
v -1186.924072 371.317444 258.646149
v -1186.924072 371.317505 -322.761353
v -1296.822876 561.489319 255.623276
v -1187.989868 372.985168 255.623276
v -1214.658081 357.588074 255.623276
v -1323.490967 546.092285 255.623276
v -1296.822876 561.489319 -319.738495
v -1296.822876 561.489319 255.623276
v -1323.490967 546.092285 255.623276
v -1323.490967 546.092285 -319.738495
v -1187.989868 372.985168 -319.738495
v -1296.822876 561.489319 -319.738495
v -1323.490967 546.092285 -319.738495
v -1214.658081 357.588074 -319.738495
v -1187.989868 372.985168 255.623276
v -1187.989868 372.985168 -319.738495
v -1214.658081 357.588074 -319.738495
v -1214.658081 357.588074 255.623276
v -1222.663452 -220.951447 -93.751190
v -1222.663330 -178.233582 -177.589752
v -1164.531738 -166.780914 -172.010040
v -1164.531738 -209.500473 -89.292435
v -1222.663452 -111.698883 -244.124420
v -1164.531738 -100.243622 -237.655075
v -1222.663452 -27.860336 -282.107819
v -1164.531738 -16.401749 -276.136475
v -1222.663452 65.075439 -284.915863
v -1164.531738 76.537689 -281.437500
v -1222.663330 158.011169 -274.588257
v -1164.531738 169.477081 -270.314880
v -1222.663452 256.458252 -250.836777
v -1164.531738 264.782410 -246.199875
v -1222.663452 363.181152 -212.236847
v -1158.391724 372.764282 -207.907425
v -1222.663452 368.122803 -102.309448
v -1158.391724 371.259338 -101.240387
v -1222.663330 366.749268 -0.815392
v -1158.391724 369.868469 -2.670586
v -1222.663452 368.122803 100.678642
v -1158.391724 368.477600 95.899178
v -1222.663452 363.181152 210.606049
v -1158.391724 366.972351 202.566269
v -1222.663452 256.458191 249.205933
v -1164.531738 264.782349 241.220840
v -1222.663330 158.011169 272.957428
v -1164.531738 169.477081 268.684052
v -1222.663452 65.075439 283.284912
v -1164.531738 76.537689 279.806549
v -1222.663452 -27.860306 280.476868
v -1164.531738 -16.401718 274.505524
v -1222.663452 -111.698807 242.493454
v -1164.531738 -100.243530 236.024124
v -1222.663330 -178.233429 175.958817
v -1164.531738 -166.780762 170.379120
v -1222.663452 -220.951279 92.120255
v -1164.531738 -209.500320 87.661514
v -1222.663330 -235.670837 -0.815419
v -1164.531738 -224.220459 -0.815420
v -1222.663330 -235.670837 -0.815419
v -1164.531738 -224.220459 -0.815420
v -983.791443 -141.958252 -149.770248
v -983.791443 -178.307281 -78.965477
v -983.791443 -190.832123 -0.477793
v -983.791443 -190.832123 -0.477793
v -983.791443 -178.307129 78.009819
v -983.791443 -141.958130 148.814590
v -983.791443 -85.343262 205.005554
v -983.791443 -14.004364 241.082367
v -983.791443 65.075439 253.513580
v -983.791443 144.155243 241.082382
v -983.791443 215.494141 205.005569
v -983.791443 272.109131 148.814636
v -983.791443 308.458069 78.009850
v -983.791443 320.983032 -0.477770
v -983.791443 308.458069 -78.965424
v -983.791443 272.109131 -149.770172
v -983.791443 215.494202 -205.961182
v -983.791443 144.155243 -242.038010
v -983.791443 65.075439 -254.469238
v -983.791443 -14.004395 -242.038025
v -983.791443 -85.343323 -205.961227
v -506.254089 -178.957672 -80.106575
v -503.720001 -155.249878 -72.403481
v -503.720001 -166.588150 -0.815426
v -506.254089 -191.515991 -0.815425
v -506.254089 -142.511520 -151.636169
v -503.720032 -122.344513 -136.983932
v -506.254089 -85.745300 -208.402374
v -503.720032 -71.093094 -188.235306
v -506.254089 -14.215729 -244.848480
v -503.720032 -6.512573 -221.140686
v -506.254089 65.075439 -257.406982
v -503.720032 65.075439 -232.479095
v -506.254089 144.366577 -244.848465
v -503.720093 136.663452 -221.140671
v -506.254120 215.896179 -208.402328
v -503.720001 201.243927 -188.235260
v -506.254089 272.662354 -151.636093
v -503.720001 252.495300 -136.983871
v -506.254089 309.108459 -80.106529
v -503.720032 285.400574 -72.403435
v -506.254089 321.666931 -0.815402
v -503.720032 296.739014 -0.815403
v -506.254089 309.108459 78.475693
v -503.720032 285.400574 70.772583
v -506.254089 272.662354 150.005295
v -503.720001 252.495300 135.353073
v -506.254120 215.896118 206.771454
v -503.720001 201.243866 186.604416
v -506.254089 144.366577 243.217575
v -503.720032 136.663452 219.509781
v -506.254089 65.075439 255.776047
v -503.720032 65.075439 230.848175
v -506.254089 -14.215698 243.217560
v -503.720032 -6.512512 219.509766
v -506.254089 -85.745239 206.771439
v -503.720032 -71.093033 186.604401
v -506.254089 -142.511383 150.005249
v -503.720032 -122.344345 135.353043
v -506.254089 -178.957520 78.475662
v -503.720001 -155.249756 70.772560
v -506.254089 -191.515991 -0.815425
v -503.720001 -166.588150 -0.815426
v -1026.583984 -178.957672 -80.106575
v -1026.583984 -142.511536 -151.636169
v -506.254089 -142.511520 -151.636169
v -506.254089 -178.957672 -80.106575
v -1026.583984 -85.745300 -208.402374
v -506.254089 -85.745300 -208.402374
v -1026.583984 -14.215729 -244.848480
v -506.254089 -14.215729 -244.848480
v -1026.583984 65.075439 -257.406982
v -506.254089 65.075439 -257.406982
v -1026.583984 144.366577 -244.848465
v -506.254089 144.366577 -244.848465
v -1026.583984 215.896179 -208.402328
v -506.254120 215.896179 -208.402328
v -1026.583984 272.662354 -151.636093
v -506.254089 272.662354 -151.636093
v -1026.583984 309.108459 -80.106529
v -506.254089 309.108459 -80.106529
v -1026.583984 321.666931 -0.815402
v -506.254089 321.666931 -0.815402
v -1026.583984 309.108459 78.475693
v -506.254089 309.108459 78.475693
v -1026.583984 272.662354 150.005295
v -506.254089 272.662354 150.005295
v -1026.583984 215.896118 206.771454
v -506.254120 215.896118 206.771454
v -1026.583984 144.366577 243.217575
v -506.254089 144.366577 243.217575
v -1026.583984 65.075439 255.776047
v -506.254089 65.075439 255.776047
v -1026.583984 -14.215698 243.217560
v -506.254089 -14.215698 243.217560
v -1026.583984 -85.745239 206.771439
v -506.254089 -85.745239 206.771439
v -1026.583984 -142.511383 150.005249
v -506.254089 -142.511383 150.005249
v -1026.583984 -178.957520 78.475662
v -506.254089 -178.957520 78.475662
v -1026.583984 -191.515991 -0.815425
v -506.254089 -191.515991 -0.815425
v -1026.583984 -191.515991 -0.815425
v -506.254089 -191.515991 -0.815425
v -889.657471 147.415894 485.784058
v -881.956665 150.625824 485.455444
v -885.639587 167.068481 469.012787
v -893.736694 165.627838 467.572144
v -877.818970 130.986694 502.213257
v -871.268250 135.792725 500.288544
v -859.380005 117.948364 515.251526
v -854.620667 124.021088 512.060181
v -836.145630 109.577271 523.622681
v -833.643433 116.463226 519.618042
v -810.390015 108.905914 524.294006
v -810.390015 116.072113 520.009155
v -784.634521 109.577271 523.622681
v -787.136658 116.463196 519.617981
v -761.400085 117.948395 515.251526
v -766.159424 124.021088 512.060181
v -742.961121 130.986694 502.213257
v -749.511841 135.792725 500.288544
v -731.122620 147.415894 485.784058
v -738.823486 150.625854 485.455444
v -727.043335 165.627838 467.572144
v -735.140503 167.068481 469.012787
v -731.122620 183.839752 449.360229
v -738.823486 183.511108 452.570160
v -753.468750 208.969696 424.230286
v -757.565430 205.141510 430.939758
v -774.519165 220.386749 412.813202
v -778.004028 217.195374 418.885925
v -791.531616 222.469360 410.730591
v -793.609192 219.637268 416.443970
v -810.390015 222.704895 410.495087
v -810.209229 219.964844 416.116425
v -810.209229 219.964844 416.116425
v -810.390015 222.704895 410.495087
v -829.175842 222.767090 410.432892
v -827.433350 219.545380 416.535889
v -845.900391 219.482666 413.717255
v -842.415527 216.291290 419.789978
v -869.196289 205.383423 427.816528
v -862.645569 203.458710 432.622559
v -889.657471 183.839752 449.360229
v -881.956665 183.511108 452.570160
v -889.657471 -111.839935 226.528168
v -877.818970 -128.269165 242.957397
v -877.818970 130.986694 502.213257
v -889.657471 147.415894 485.784058
v -859.380005 -141.307465 255.995697
v -859.380005 117.948364 515.251526
v -836.145630 -146.670502 261.358734
v -836.145630 109.577271 523.622681
v -810.390015 -148.579590 263.267822
v -810.390015 108.905914 524.294006
v -784.634521 -146.878571 261.566833
v -784.634521 109.577271 523.622681
v -761.400085 -141.307434 255.995667
v -761.400085 117.948395 515.251526
v -742.961121 -128.269150 242.957382
v -742.961121 130.986694 502.213257
v -731.122620 -111.839935 226.528168
v -731.122620 147.415894 485.784058
v -727.043335 -93.628006 208.316269
v -727.043335 165.627838 467.572144
v -731.122620 -75.416092 190.104355
v -731.122620 183.839752 449.360229
v -754.837891 -73.198914 195.131104
v -753.468750 208.969696 424.230286
v -774.183594 -70.288895 190.659592
v -774.519165 220.386749 412.813202
v -792.040527 -70.023178 190.251328
v -791.531616 222.469360 410.730591
v -810.297485 -69.484085 189.422958
v -810.390015 222.704895 410.495087
v -810.297485 -69.484085 189.422958
v -830.924011 -68.644852 188.133362
v -829.175842 222.767090 410.432892
v -810.390015 222.704895 410.495087
v -850.555298 -69.157761 188.921494
v -845.900391 219.482666 413.717255
v -873.534485 -74.022659 196.396866
v -869.196289 205.383423 427.816528
v -889.657471 -75.416107 190.104355
v -889.657471 183.839752 449.360229
v -893.736694 -93.628006 208.316269
v -893.736694 165.627838 467.572144
v -871.268250 -126.344376 238.151382
v -881.956665 -111.511261 223.318283
v -881.956665 150.625824 485.455444
v -871.268250 135.792725 500.288544
v -885.639587 -95.068619 206.875641
v -885.639587 167.068481 469.012787
v -854.620667 -138.116013 249.923019
v -854.620667 124.021088 512.060181
v -833.643433 -142.665802 254.472824
v -833.643433 116.463226 519.618042
v -810.390015 -144.294662 256.101654
v -810.390015 116.072113 520.009155
v -787.136658 -142.873871 254.680893
v -787.136658 116.463196 519.617981
v -766.159424 -138.115997 249.923019
v -766.159424 124.021088 512.060181
v -749.511841 -126.344360 238.151382
v -749.511841 135.792725 500.288544
v -738.823486 -111.511261 223.318283
v -738.823486 150.625854 485.455444
v -735.140503 -95.068619 206.875641
v -735.140503 167.068481 469.012787
v -738.823486 -78.625992 190.433014
v -738.823486 183.511108 452.570160
v -756.848572 -78.393982 199.378677
v -757.565430 205.141510 430.939758
v -777.668457 -75.569580 195.038727
v -778.004028 217.195374 418.885925
v -793.872620 -75.931213 195.594421
v -793.609192 219.637268 416.443970
v -810.297485 -75.608276 195.098206
v -810.209229 219.964844 416.116425
v -829.091919 -74.552856 193.476440
v -810.297485 -75.608276 195.098206
v -810.209229 219.964844 416.116425
v -827.433350 219.545380 416.535889
v -847.070435 -74.438446 193.300629
v -842.415527 216.291290 419.789978
v -866.983826 -78.326248 199.274612
v -862.645569 203.458710 432.622559
v -881.956665 -78.625992 190.433014
v -881.956665 183.511108 452.570160
v -731.122559 147.415955 -494.657532
v -738.823364 150.625885 -494.328888
v -735.140503 167.068542 -477.886230
v -727.043335 165.627899 -476.445587
v -742.961060 130.986755 -511.086731
v -749.511780 135.792786 -509.161987
v -761.400024 117.948425 -524.125061
v -766.159424 124.021149 -520.933655
v -784.634460 109.577332 -532.496155
v -787.136597 116.463287 -528.491516
v -810.390015 108.905975 -533.167542
v -810.390015 116.072174 -528.882629
v -836.145569 109.577332 -532.496155
v -833.643433 116.463257 -528.491455
v -859.380005 117.948456 -524.125061
v -854.620605 124.021149 -520.933655
v -877.818970 130.986755 -511.086731
v -871.268188 135.792786 -509.161987
v -889.657471 147.415955 -494.657501
v -881.956604 150.625916 -494.328888
v -893.736694 165.627899 -476.445587
v -885.639587 167.068542 -477.886230
v -889.657471 183.839813 -458.233673
v -881.956604 183.511169 -461.443604
v -867.311279 208.969757 -433.103729
v -863.214661 205.141571 -439.813202
v -846.260925 220.386810 -421.686646
v -842.776062 217.195435 -427.759338
v -829.248474 222.469421 -419.604065
v -827.170898 219.637329 -425.317444
v -810.390015 222.704956 -419.368530
v -810.570801 219.964905 -424.989899
v -791.604248 222.767151 -419.306305
v -793.346680 219.545441 -425.409363
v -793.346680 219.545441 -425.409363
v -791.604248 222.767151 -419.306305
v -774.879639 219.482727 -422.590759
v -778.364502 216.291351 -428.663422
v -751.583801 205.383484 -436.690002
v -758.134521 203.458771 -441.496033
v -731.122620 183.839813 -458.233673
v -738.823425 183.511169 -461.443604
v -731.122559 -111.839905 -235.401688
v -742.961060 -128.269135 -251.830902
v -742.961060 130.986755 -511.086731
v -731.122559 147.415955 -494.657532
v -761.400024 -141.307434 -264.869202
v -761.400024 117.948425 -524.125061
v -784.634460 -146.670471 -270.232269
v -784.634460 109.577332 -532.496155
v -810.390015 -148.579559 -272.141327
v -810.390015 108.905975 -533.167542
v -836.145569 -146.878540 -270.440308
v -836.145569 109.577332 -532.496155
v -859.380005 -141.307419 -264.869202
v -859.380005 117.948456 -524.125061
v -877.818970 -128.269119 -251.830902
v -877.818970 130.986755 -511.086731
v -889.657471 -111.839905 -235.401688
v -889.657471 147.415955 -494.657501
v -893.736694 -93.627975 -217.189743
v -893.736694 165.627899 -476.445587
v -889.657471 -86.931702 -211.877670
v -889.657471 183.839813 -458.233673
v -865.942200 -73.146729 -198.092667
v -867.311279 208.969757 -433.103729
v -846.596497 -69.374283 -194.320236
v -846.260925 220.386810 -421.686646
v -828.739563 -69.029831 -193.975784
v -829.248474 222.469421 -419.604065
v -810.482605 -68.330963 -193.276932
v -810.390015 222.704956 -419.368530
v -789.856079 -67.242996 -192.188950
v -791.604248 222.767151 -419.306305
v -789.856079 -67.242996 -192.188950
v -770.224731 -67.907913 -192.853867
v -774.879639 219.482727 -422.590759
v -791.604248 222.767151 -419.306305
v -747.245544 -74.214600 -199.160568
v -751.583801 205.383484 -436.690002
v -731.122620 -86.931717 -211.877670
v -731.122620 183.839813 -458.233673
v -727.043335 -93.627975 -217.189743
v -727.043335 165.627899 -476.445587
v -749.511780 -126.344345 -247.024902
v -738.823364 -111.511230 -232.191788
v -738.823364 150.625885 -494.328888
v -749.511780 135.792786 -509.161987
v -735.140503 -95.068588 -215.749146
v -735.140503 167.068542 -477.886230
v -766.159424 -138.115982 -258.796539
v -766.159424 124.021149 -520.933655
v -787.136597 -142.665771 -263.346313
v -787.136597 116.463287 -528.491516
v -810.390015 -144.294647 -264.975189
v -810.390015 116.072174 -528.882629
v -833.643433 -142.873856 -263.554413
v -833.643433 116.463257 -528.491455
v -854.620605 -138.115967 -258.796509
v -854.620605 124.021149 -520.933655
v -871.268188 -126.344330 -247.024902
v -871.268188 135.792786 -509.161987
v -881.956604 -111.511230 -232.191788
v -881.956604 150.625916 -494.328888
v -885.639587 -95.068588 -215.749146
v -885.639587 167.068542 -477.886230
v -881.956604 -90.141602 -212.206345
v -881.956604 183.511169 -461.443604
v -863.931519 -79.108398 -201.173141
v -863.214661 205.141571 -439.813202
v -843.111633 -75.446945 -197.511673
v -842.776062 217.195435 -427.759338
v -826.907471 -75.915756 -197.980515
v -827.170898 219.637329 -425.317444
v -810.482605 -75.497116 -197.561844
v -810.570801 219.964905 -424.989899
v -791.688171 -74.128906 -196.193649
v -793.346680 219.545441 -425.409363
v -773.709595 -73.980576 -196.045334
v -791.688171 -74.128906 -196.193649
v -793.346680 219.545441 -425.409363
v -778.364502 216.291351 -428.663422
v -753.796265 -79.020584 -201.085312
v -758.134521 203.458771 -441.496033
v -738.823425 -90.141602 -212.206345
v -738.823425 183.511169 -461.443604
v -902.002563 -198.252960 692.086304
v -876.174988 34.883850 703.799377
v -880.360413 34.883820 714.386963
v -906.187988 -198.252975 702.673950
v -977.132141 -198.252991 569.671570
v -945.479004 43.577942 626.154114
v -872.696716 45.342499 652.786560
v -896.438354 -198.252991 595.290649
v -901.745972 83.647430 695.435791
v -965.627869 85.079346 664.624634
v -971.115601 85.079376 674.660400
v -905.146851 83.647400 706.296570
v -896.438354 -198.252991 595.290649
v -872.696716 45.342499 652.786560
v -891.277222 45.102203 695.720398
v -926.471497 -198.252991 678.916931
v -872.696716 45.342499 652.786560
v -945.479004 43.577942 626.154114
v -961.666565 44.077728 670.707092
v -891.277222 45.102203 695.720398
v -1003.530029 -198.252991 645.195251
v -961.666565 44.077728 670.707092
v -945.479004 43.577942 626.154114
v -977.132141 -198.252991 569.671570
v -977.132141 -198.252991 569.671570
v -896.438354 -198.252991 595.290649
v -926.471497 -198.252991 678.916931
v -1003.530029 -198.252991 645.195251
v -926.471497 -198.252991 678.916931
v -891.277222 45.102203 695.720398
v -876.174988 34.883850 703.799377
v -902.002563 -198.252960 692.086304
v -891.277222 45.102203 695.720398
v -896.844421 45.102203 709.803345
v -880.360413 34.883820 714.386963
v -876.174988 34.883850 703.799377
v -932.038635 -198.252991 692.999817
v -926.471497 -198.252991 678.916931
v -902.002563 -198.252960 692.086304
v -906.187988 -198.252975 702.673950
v -891.277222 45.102203 695.720398
v -961.666565 44.077728 670.707092
v -965.627869 85.079346 664.624634
v -901.745972 83.647430 695.435791
v -961.666565 44.077728 670.707092
v -961.456238 44.077698 684.261475
v -971.115601 85.079376 674.660400
v -965.627869 85.079346 664.624634
v -896.844421 45.102203 709.803345
v -891.277222 45.102203 695.720398
v -901.745972 83.647430 695.435791
v -905.146851 83.647400 706.296570
v -893.561584 -196.819275 -705.033875
v -897.642334 -196.819275 -715.487671
v -881.739075 36.317535 -726.831604
v -870.129578 37.425507 -717.324829
v -970.545959 -196.819305 -582.248230
v -895.977905 -196.819305 -607.946167
v -864.763000 46.776184 -665.301819
v -937.713623 45.011658 -638.960388
v -893.277100 85.081116 -708.212646
v -896.657166 85.081116 -719.077881
v -960.494690 86.513062 -688.609558
v -955.093872 86.513031 -678.533142
v -895.977905 -196.819305 -607.946167
v -921.304321 -196.819290 -693.542236
v -881.604248 48.254944 -710.805420
v -864.763000 46.776184 -665.301819
v -864.763000 46.776184 -665.301819
v -881.604248 48.254944 -710.805420
v -951.979980 46.432129 -676.339783
v -937.713623 45.011658 -638.960388
v -996.719604 -196.819305 -657.845398
v -970.545959 -196.819305 -582.248230
v -937.713623 45.011658 -638.960388
v -951.979980 46.432129 -676.339783
v -970.545959 -196.819305 -582.248230
v -996.719604 -196.819305 -657.845398
v -921.304321 -196.819290 -693.542236
v -895.977905 -196.819305 -607.946167
v -921.304321 -196.819290 -693.542236
v -893.561584 -196.819275 -705.033875
v -870.129578 37.425507 -717.324829
v -881.604248 48.254944 -710.805420
v -881.604248 48.254944 -710.805420
v -870.129578 37.425507 -717.324829
v -881.739075 36.317535 -726.831604
v -888.619568 46.535889 -722.439758
v -922.677307 -196.819305 -706.259033
v -897.642334 -196.819275 -715.487671
v -893.561584 -196.819275 -705.033875
v -921.304321 -196.819290 -693.542236
v -881.604248 48.254944 -710.805420
v -893.277100 85.081116 -708.212646
v -955.093872 86.513031 -678.533142
v -951.979980 46.432129 -676.339783
v -951.979980 46.432129 -676.339783
v -955.093872 86.513031 -678.533142
v -960.494690 86.513062 -688.609558
v -951.182739 45.511414 -698.017395
v -888.619568 46.535889 -722.439758
v -896.657166 85.081116 -719.077881
v -893.277100 85.081116 -708.212646
v -881.604248 48.254944 -710.805420
v -1114.605347 -194.110474 486.540497
v -1114.605347 -194.110474 290.356873
v -1114.605347 -200.033997 290.356873
v -1114.605347 -200.034012 486.540497
v -801.905090 -199.959503 484.664551
v -801.905090 -199.959503 288.469940
v -801.905090 -192.332642 288.469940
v -801.905090 -192.332642 484.664551
v -838.189636 -101.351746 483.732117
v -838.189636 -101.351746 287.942535
v -949.911438 -100.082474 288.886017
v -946.140930 -100.082474 484.675598
v -962.935669 -199.260925 272.756927
v -963.463013 -193.221558 272.756927
v -839.408875 -192.332657 271.813446
v -838.807495 -198.372009 271.813446
v -836.009094 -192.332642 506.468445
v -957.168091 -193.221558 507.411957
v -957.168091 -197.015930 507.411957
v -836.009094 -196.127014 506.468445
v -1079.859985 -174.641327 485.619110
v -1087.401001 -174.641327 292.023285
v -1088.170166 -194.110443 290.356903
v -1080.629150 -194.110443 486.551483
v -962.089661 -193.221527 287.219666
v -949.911438 -100.082474 288.886017
v -838.189636 -101.351746 287.942535
v -836.009155 -192.332626 286.276184
v -836.009155 -192.332642 484.664520
v -836.009155 -192.332626 286.276184
v -838.189636 -101.351746 287.942535
v -838.189636 -101.351746 483.732117
v -838.189636 -101.351746 483.732117
v -946.140930 -100.082474 484.675598
v -958.319153 -193.221542 485.608002
v -836.009155 -192.332642 484.664520
v -1080.629150 -194.110443 486.551483
v -1088.170166 -194.110443 290.356903
v -1114.605347 -194.110474 290.356873
v -1114.605347 -194.110474 486.540497
v -1088.170166 -194.110443 290.356903
v -1088.170166 -201.987381 290.356903
v -1114.605347 -200.033997 290.356873
v -1114.605347 -194.110474 290.356873
v -1080.629150 -201.987396 486.551483
v -1080.629150 -194.110443 486.551483
v -1114.605347 -194.110474 486.540497
v -1114.605347 -200.034012 486.540497
v -836.009155 -200.209564 288.469940
v -836.009155 -192.332626 286.276184
v -801.905090 -192.332642 288.469940
v -801.905090 -199.959503 288.469940
v -836.009155 -192.332626 286.276184
v -836.009155 -192.332642 484.664520
v -801.905090 -192.332642 484.664551
v -801.905090 -192.332642 288.469940
v -836.009155 -192.332642 484.664520
v -836.009155 -200.209579 484.664520
v -801.905090 -199.959503 484.664551
v -801.905090 -192.332642 484.664551
v -963.463013 -193.221558 272.756927
v -962.089661 -193.221527 287.219666
v -836.009155 -192.332626 286.276184
v -839.408875 -192.332657 271.813446
v -836.009155 -192.332626 286.276184
v -836.009155 -200.209564 288.469940
v -838.807495 -198.372009 271.813446
v -839.408875 -192.332657 271.813446
v -1088.170166 -201.987381 290.356903
v -1088.170166 -194.110443 290.356903
v -1087.517212 -194.110474 273.700409
v -1089.016235 -200.149826 273.700409
v -836.009155 -192.332642 484.664520
v -958.319153 -193.221542 485.608002
v -957.168091 -193.221558 507.411957
v -836.009094 -192.332642 506.468445
v -1080.629150 -194.110443 486.551483
v -1080.629150 -201.987396 486.551483
v -1078.327026 -197.904831 508.355438
v -1078.327026 -194.110458 508.355438
v -836.009155 -200.209579 484.664520
v -836.009155 -192.332642 484.664520
v -836.009094 -192.332642 506.468445
v -836.009094 -196.127014 506.468445
v -1087.517212 -194.110474 273.700409
v -1089.016235 -200.149826 273.700409
v -1088.170166 -194.110443 290.356903
v -1087.517212 -194.110474 273.700409
v -1087.401001 -174.641327 292.023285
v -1088.170166 -194.110443 290.356903
v -1087.401001 -174.641327 292.023285
v -1079.859985 -174.641327 485.619110
v -1079.859985 -174.641327 485.619110
v -1080.629150 -194.110443 486.551483
v -1080.629150 -194.110443 486.551483
v -1078.327026 -194.110458 508.355438
v -1078.327026 -194.110458 508.355438
v -1078.327026 -197.904831 508.355438
v -1111.950195 -194.110443 -305.364319
v -1111.950195 -194.110428 -501.547943
v -1111.950195 -200.033966 -501.547943
v -1111.950195 -200.033966 -305.364319
v -799.249878 -199.959473 -307.240265
v -799.249878 -199.959457 -503.434875
v -799.249878 -192.332596 -503.434875
v -799.249878 -192.332611 -307.240265
v -835.534485 -101.351715 -308.172729
v -835.534485 -101.351715 -503.962311
v -947.256287 -100.082443 -503.018829
v -943.485718 -100.082443 -307.229218
v -960.280518 -199.260880 -519.147888
v -960.807861 -193.221527 -519.147888
v -836.753662 -192.332611 -520.091370
v -836.152283 -198.371979 -520.091431
v -833.353943 -192.332611 -285.436371
v -954.512878 -193.221527 -284.492859
v -954.512878 -197.015900 -284.492859
v -833.353943 -196.126984 -285.436371
v -1077.204834 -174.641296 -306.285736
v -1084.745850 -174.641296 -499.881561
v -1085.515015 -194.110413 -501.547913
v -1077.973999 -194.110413 -305.353333
v -959.434509 -193.221497 -504.685181
v -947.256287 -100.082443 -503.018829
v -835.534485 -101.351715 -503.962311
v -833.354004 -192.332581 -505.628632
v -833.354004 -192.332596 -307.240326
v -833.354004 -192.332581 -505.628632
v -835.534485 -101.351715 -503.962311
v -835.534485 -101.351715 -308.172729
v -835.534485 -101.351715 -308.172729
v -943.485718 -100.082443 -307.229218
v -955.664001 -193.221497 -306.296814
v -833.354004 -192.332596 -307.240326
v -1077.973999 -194.110413 -305.353333
v -1085.515015 -194.110413 -501.547913
v -1111.950195 -194.110428 -501.547943
v -1111.950195 -194.110443 -305.364319
v -1085.515015 -194.110413 -501.547913
v -1085.515015 -201.987335 -501.547913
v -1111.950195 -200.033966 -501.547943
v -1111.950195 -194.110428 -501.547943
v -1077.973999 -201.987350 -305.353333
v -1077.973999 -194.110413 -305.353333
v -1111.950195 -194.110443 -305.364319
v -1111.950195 -200.033966 -305.364319
v -833.354004 -200.209534 -503.434875
v -833.354004 -192.332581 -505.628632
v -799.249878 -192.332596 -503.434875
v -799.249878 -199.959457 -503.434875
v -833.354004 -192.332581 -505.628632
v -833.354004 -192.332596 -307.240326
v -799.249878 -192.332611 -307.240265
v -799.249878 -192.332596 -503.434875
v -833.354004 -192.332596 -307.240326
v -833.354004 -200.209534 -307.240326
v -799.249878 -199.959473 -307.240265
v -799.249878 -192.332611 -307.240265
v -960.807861 -193.221527 -519.147888
v -959.434509 -193.221497 -504.685181
v -833.354004 -192.332581 -505.628632
v -836.753662 -192.332611 -520.091370
v -833.354004 -192.332581 -505.628632
v -833.354004 -200.209534 -503.434875
v -836.152283 -198.371979 -520.091431
v -836.753662 -192.332611 -520.091370
v -1085.515015 -201.987335 -501.547913
v -1085.515015 -194.110413 -501.547913
v -1084.862061 -194.110428 -518.204407
v -1086.361084 -200.149780 -518.204407
v -833.354004 -192.332596 -307.240326
v -955.664001 -193.221497 -306.296814
v -954.512878 -193.221527 -284.492859
v -833.353943 -192.332611 -285.436371
v -1077.973999 -194.110413 -305.353333
v -1077.973999 -201.987350 -305.353333
v -1075.671875 -197.904785 -283.549408
v -1075.671875 -194.110413 -283.549408
v -833.354004 -200.209534 -307.240326
v -833.354004 -192.332596 -307.240326
v -833.353943 -192.332611 -285.436371
v -833.353943 -196.126984 -285.436371
v -1084.862061 -194.110428 -518.204407
v -1086.361084 -200.149780 -518.204407
v -1085.515015 -194.110413 -501.547913
v -1084.862061 -194.110428 -518.204407
v -1084.745850 -174.641296 -499.881561
v -1085.515015 -194.110413 -501.547913
v -1084.745850 -174.641296 -499.881561
v -1077.204834 -174.641296 -306.285736
v -1077.204834 -174.641296 -306.285736
v -1077.973999 -194.110413 -305.353333
v -1077.973999 -194.110413 -305.353333
v -1075.671875 -194.110413 -283.549408
v -1075.671875 -194.110413 -283.549408
v -1075.671875 -197.904785 -283.549408
v -684.818665 -203.135101 -283.076019
v -899.192505 -203.135101 -283.076019
v -899.192505 -79.710251 -283.076019
v -684.818665 -79.710251 -283.076019
v -684.818665 -79.710251 -283.076019
v -899.192505 -79.710251 -283.076019
v -899.192505 -73.466537 -199.729324
v -684.818665 -73.466537 -199.729324
v -684.818665 -73.466537 -199.729324
v -899.192505 -73.466537 -199.729324
v -899.192505 -203.135132 -47.336201
v -684.818665 -203.135132 -47.336201
v -899.192505 -203.135101 -283.076019
v -899.192505 -203.135132 -47.336201
v -899.192505 -73.466537 -199.729324
v -899.192505 -79.710251 -283.076019
v -684.818665 -203.135132 -47.336201
v -684.818665 -203.135101 -283.076019
v -684.818665 -79.710251 -283.076019
v -684.818665 -73.466537 -199.729324
v -897.635864 -203.135132 275.321564
v -692.079712 -203.135132 275.321564
v -692.079712 -79.710281 275.321564
v -897.635864 -79.710281 275.321564
v -897.635864 -79.710281 275.321564
v -692.079712 -79.710281 275.321564
v -692.079712 -82.049881 196.362762
v -897.635864 -82.049881 196.362762
v -897.635864 -82.049881 196.362762
v -692.079712 -82.049881 196.362762
v -692.079712 -203.135132 39.581749
v -897.635864 -203.135132 39.581749
v -692.079712 -203.135132 275.321564
v -692.079712 -203.135132 39.581749
v -692.079712 -82.049881 196.362762
v -692.079712 -79.710281 275.321564
v -897.635864 -203.135132 39.581749
v -897.635864 -203.135132 275.321564
v -897.635864 -79.710281 275.321564
v -897.635864 -82.049881 196.362762
vt 0.924562 0.534705
vt 0.927849 0.533051
vt 0.932165 0.610707
vt 0.930353 0.609747
vt 0.863181 0.561072
vt 0.873274 0.561403
vt 0.875245 0.638900
vt 0.866668 0.640428
vt 0.890457 0.585926
vt 0.882066 0.586295
vt 0.888293 0.560403
vt 0.881199 0.560412
vt 0.873274 0.561403
vt 0.863181 0.561072
vt 0.863815 0.536152
vt 0.874048 0.532909
vt 0.963650 0.043382
vt 0.962363 0.401080
vt 0.916893 0.014167
vt 0.913715 0.464364
vt 0.916893 0.014167
vt 0.913715 0.464364
vt 0.893958 0.015387
vt 0.889499 0.474275
vt 0.841493 0.413405
vt 0.846869 0.044950
vt 0.893958 0.015387
vt 0.889499 0.474275
vt 0.987045 0.045658
vt 0.987694 0.414152
vt 0.962363 0.401080
vt 0.963650 0.043382
vt 0.905526 0.529632
vt 0.924562 0.534705
vt 0.908157 0.605724
vt 0.930353 0.609747
vt 0.912512 0.623551
vt 0.930353 0.609747
vt 0.919661 0.625774
vt 0.932165 0.610707
vt 0.914326 0.521390
vt 0.927849 0.533051
vt 0.924562 0.534705
vt 0.906186 0.527602
vt 0.897510 0.589366
vt 0.890457 0.585926
vt 0.896710 0.563213
vt 0.888293 0.560403
vt 0.889388 0.551596
vt 0.888293 0.560403
vt 0.880773 0.552894
vt 0.881199 0.560412
vt 0.882415 0.593317
vt 0.882066 0.586295
vt 0.890457 0.585926
vt 0.890252 0.593770
vt 0.909382 0.604154
vt 0.909784 0.527409
vt 0.904159 0.604484
vt 0.903692 0.526711
vt 0.871242 0.562323
vt 0.873006 0.641932
vt 0.866932 0.641032
vt 0.866040 0.562537
vt 0.886412 0.583096
vt 0.886620 0.560630
vt 0.892551 0.583224
vt 0.892759 0.560731
vt 0.866040 0.562537
vt 0.864898 0.536982
vt 0.871242 0.562323
vt 0.870125 0.536726
vt 0.929471 0.061432
vt 0.880619 0.032157
vt 0.935484 0.032188
vt 0.891516 0.011474
vt 0.956110 0.029717
vt 0.932600 0.029232
vt 0.956264 0.005999
vt 0.933263 0.005836
vt 0.932600 0.029232
vt 0.884474 0.057529
vt 0.920399 0.009259
vt 0.872788 0.037559
vt 0.952483 0.059982
vt 0.929471 0.061432
vt 0.956364 0.038236
vt 0.935484 0.032188
vt 0.875551 0.430260
vt 0.922035 0.495094
vt 0.932600 0.029232
vt 0.956110 0.029717
vt 0.922035 0.495094
vt 0.947560 0.494581
vt 0.936815 0.432360
vt 0.890790 0.495651
vt 0.929471 0.061432
vt 0.952483 0.059982
vt 0.962313 0.431892
vt 0.936815 0.432360
vt 0.934182 0.606543
vt 0.932580 0.526784
vt 0.909382 0.604154
vt 0.909784 0.527409
vt 0.932580 0.526784
vt 0.929992 0.521214
vt 0.909784 0.527409
vt 0.907528 0.521707
vt 0.876041 0.514699
vt 0.881274 0.514781
vt 0.878642 0.584966
vt 0.878970 0.559438
vt 0.886412 0.583096
vt 0.886620 0.560630
vt 0.866694 0.648771
vt 0.872775 0.649624
vt 0.900406 0.559871
vt 0.900265 0.585432
vt 0.892551 0.583224
vt 0.892759 0.560731
vt 0.900265 0.585432
vt 0.899743 0.591550
vt 0.892062 0.589345
vt 0.892551 0.583224
vt 0.213048 0.331720
vt 0.318121 0.320713
vt 0.323436 0.369372
vt 0.219778 0.393325
vt 0.353982 0.490448
vt 0.252819 0.520901
vt 0.337675 0.435200
vt 0.233574 0.456065
vt 0.323436 0.369372
vt 0.332092 0.412881
vt 0.219778 0.393325
vt 0.228319 0.434928
vt 0.208209 0.284432
vt 0.313304 0.273652
vt 0.211948 0.320948
vt 0.317044 0.310190
vt 0.401352 0.243460
vt 0.390566 0.244408
vt 0.355373 0.295416
vt 0.383607 0.327143
vt 0.403803 0.335295
vt 0.432378 0.273995
vt 0.430386 0.265919
vt 0.317044 0.310190
vt 0.318121 0.320713
vt 0.211948 0.320948
vt 0.213048 0.331720
vt 0.233574 0.456065
vt 0.228319 0.434928
vt 0.332092 0.412881
vt 0.337675 0.435200
vt 0.385436 0.262058
vt 0.394761 0.263680
vt 0.421352 0.319818
vt 0.436948 0.302904
vt 0.378838 0.332486
vt 0.351917 0.291606
vt 0.354127 0.281261
vt 0.255157 0.528884
vt 0.252819 0.520901
vt 0.356643 0.499531
vt 0.353982 0.490448
vt 0.234993 0.479877
vt 0.341746 0.441956
vt 0.248429 0.512888
vt 0.351910 0.468103
vt 0.325314 0.374416
vt 0.213485 0.383093
vt 0.319898 0.318141
vt 0.208509 0.328393
vt 0.351910 0.468103
vt 0.372797 0.514974
vt 0.248429 0.512888
vt 0.270711 0.561894
vt 0.217849 0.413936
vt 0.329540 0.396639
vt 0.224676 0.446224
vt 0.334557 0.418927
vt 0.341026 0.264157
vt 0.367617 0.241095
vt 0.403253 0.241694
vt 0.448263 0.271226
vt 0.406071 0.340587
vt 0.353868 0.323508
vt 0.337547 0.296976
vt 0.334557 0.418927
vt 0.341746 0.441956
vt 0.224676 0.446224
vt 0.234993 0.479877
vt 0.208509 0.328393
vt 0.207369 0.247214
vt 0.319898 0.318141
vt 0.319407 0.255625
vt 0.438300 0.286495
vt 0.432216 0.264707
vt 0.377586 0.250156
vt 0.347511 0.304965
vt 0.391416 0.331526
vt 0.418833 0.325587
vt 0.436611 0.309278
vt 0.217849 0.413936
vt 0.213485 0.383093
vt 0.325314 0.374416
vt 0.329540 0.396639
vt 0.703629 0.527419
vt 0.703557 0.545667
vt 0.573698 0.526904
vt 0.573626 0.545152
vt 0.552301 0.639569
vt 0.552307 0.626303
vt 0.800127 0.639687
vt 0.800134 0.626421
vt 0.573785 0.565009
vt 0.573621 0.546762
vt 0.703712 0.563847
vt 0.703549 0.545600
vt 0.800126 0.614178
vt 0.799991 0.627444
vt 0.552313 0.611656
vt 0.552178 0.624922
vt 0.702391 0.547435
vt 0.574778 0.546929
vt 0.703557 0.545667
vt 0.573626 0.545152
vt 0.553596 0.625460
vt 0.798846 0.625576
vt 0.552307 0.626303
vt 0.800134 0.626421
vt 0.574765 0.544979
vt 0.702373 0.543837
vt 0.573621 0.546762
vt 0.703549 0.545600
vt 0.798694 0.628274
vt 0.553458 0.625779
vt 0.799991 0.627444
vt 0.552178 0.624922
vt 0.574778 0.546929
vt 0.702391 0.547435
vt 0.574707 0.564983
vt 0.702320 0.565489
vt 0.798846 0.625576
vt 0.553596 0.625460
vt 0.798852 0.612451
vt 0.553602 0.612333
vt 0.702373 0.543837
vt 0.574765 0.544979
vt 0.702212 0.525784
vt 0.574603 0.526926
vt 0.553458 0.625779
vt 0.798694 0.628274
vt 0.553324 0.638904
vt 0.798561 0.641400
vt 0.456799 0.902633
vt 0.420921 0.895017
vt 0.461195 0.879836
vt 0.425611 0.872248
vt 0.385549 0.885282
vt 0.390416 0.862528
vt 0.351621 0.873404
vt 0.356449 0.850684
vt 0.318073 0.859281
vt 0.323076 0.836668
vt 0.284501 0.844465
vt 0.289963 0.821927
vt 0.248090 0.827621
vt 0.255811 0.806061
vt 0.207016 0.805426
vt 0.219312 0.784909
vt 0.175687 0.771693
vt 0.194915 0.754264
vt 0.151192 0.739368
vt 0.171821 0.724438
vt 0.126795 0.707115
vt 0.149068 0.694202
vt 0.102139 0.668989
vt 0.125454 0.662130
vt 0.091635 0.624074
vt 0.114669 0.622704
vt 0.084504 0.584721
vt 0.107685 0.585206
vt 0.078640 0.548508
vt 0.101781 0.549400
vt 0.073438 0.512488
vt 0.096641 0.513549
vt 0.070480 0.476669
vt 0.093727 0.477683
vt 0.069935 0.439993
vt 0.093153 0.441166
vt 0.071553 0.403355
vt 0.094724 0.404813
vt 0.075363 0.366850
vt 0.098265 0.369947
vt 0.493097 0.908086
vt 0.495835 0.885137
vt 0.443819 0.802757
vt 0.474187 0.809237
vt 0.504838 0.813959
vt 0.166291 0.410154
vt 0.169390 0.379300
vt 0.164953 0.441174
vt 0.165426 0.472295
vt 0.167753 0.503444
vt 0.171823 0.534537
vt 0.177351 0.565507
vt 0.184675 0.596240
vt 0.195048 0.626412
vt 0.210344 0.654372
vt 0.228352 0.680200
vt 0.248759 0.704248
vt 0.272135 0.726259
vt 0.298706 0.744287
vt 0.326602 0.759295
vt 0.355176 0.772551
vt 0.384243 0.784370
vt 0.413810 0.794478
vt 0.339570 0.950925
vt 0.341039 0.959630
vt 0.310989 0.955192
vt 0.314413 0.963853
vt 0.368787 0.957191
vt 0.367934 0.948345
vt 0.396797 0.955341
vt 0.396188 0.946449
vt 0.424870 0.953829
vt 0.424390 0.944921
vt 0.452950 0.952585
vt 0.452564 0.943670
vt 0.481025 0.951592
vt 0.480724 0.942674
vt 0.509093 0.950848
vt 0.508876 0.941927
vt 0.537157 0.950355
vt 0.537022 0.941432
vt 0.565218 0.950113
vt 0.565165 0.941189
vt 0.593278 0.950125
vt 0.593306 0.941201
vt 0.621337 0.950393
vt 0.621447 0.941469
vt 0.649396 0.950917
vt 0.649589 0.941994
vt 0.677458 0.951699
vt 0.677732 0.942778
vt 0.705523 0.952741
vt 0.705880 0.943823
vt 0.733593 0.954046
vt 0.734036 0.945132
vt 0.761666 0.955623
vt 0.762205 0.946715
vt 0.789723 0.957498
vt 0.790397 0.948600
vt 0.817694 0.959747
vt 0.818623 0.950877
vt 0.845326 0.962609
vt 0.846901 0.953823
vt 0.871747 0.967083
vt 0.875205 0.958287
vt 0.326998 0.763855
vt 0.356363 0.761540
vt 0.339570 0.950925
vt 0.367934 0.948345
vt 0.385903 0.759496
vt 0.396188 0.946449
vt 0.415535 0.757748
vt 0.424390 0.944921
vt 0.445225 0.756297
vt 0.452564 0.943670
vt 0.474955 0.755139
vt 0.480724 0.942674
vt 0.504712 0.754269
vt 0.508876 0.941927
vt 0.534488 0.753683
vt 0.537022 0.941432
vt 0.564275 0.753378
vt 0.565165 0.941189
vt 0.594067 0.753354
vt 0.593306 0.941201
vt 0.623856 0.753607
vt 0.621447 0.941469
vt 0.653638 0.754137
vt 0.649589 0.941994
vt 0.683404 0.754941
vt 0.677732 0.942778
vt 0.713148 0.756020
vt 0.705880 0.943823
vt 0.742860 0.757370
vt 0.734036 0.945132
vt 0.772528 0.758992
vt 0.762205 0.946715
vt 0.802139 0.760879
vt 0.790397 0.948600
vt 0.831669 0.763027
vt 0.818623 0.950877
vt 0.861083 0.765412
vt 0.846901 0.953823
vt 0.890308 0.767962
vt 0.875205 0.958287
vt 0.298022 0.766248
vt 0.310989 0.955192
vt 0.280296 0.220911
vt 0.280333 0.225742
vt 0.265195 0.220965
vt 0.265189 0.225799
vt 0.295446 0.225679
vt 0.295397 0.220851
vt 0.310561 0.225623
vt 0.310496 0.220795
vt 0.325725 0.225549
vt 0.325590 0.220707
vt 0.340496 0.221250
vt 0.340539 0.226103
vt 0.355345 0.225348
vt 0.355437 0.220629
vt 0.370510 0.225523
vt 0.370524 0.220693
vt 0.385633 0.225578
vt 0.385623 0.220747
vt 0.400756 0.225632
vt 0.400730 0.220803
vt 0.415918 0.225678
vt 0.415844 0.220852
vt 0.431233 0.225603
vt 0.430959 0.220830
vt 0.453486 0.225880
vt 0.455319 0.221200
vt 0.470778 0.225693
vt 0.470731 0.221256
vt 0.480756 0.221728
vt 0.481278 0.225543
vt 0.491774 0.222006
vt 0.491292 0.225721
vt 0.190351 0.226517
vt 0.189933 0.222782
vt 0.200898 0.226196
vt 0.200919 0.222157
vt 0.211246 0.226068
vt 0.211004 0.221737
vt 0.228437 0.226533
vt 0.228819 0.221692
vt 0.249895 0.225711
vt 0.250102 0.220969
vt 0.279235 0.006007
vt 0.294688 0.005897
vt 0.280296 0.220911
vt 0.295397 0.220851
vt 0.310143 0.005825
vt 0.310496 0.220795
vt 0.324631 0.005793
vt 0.325590 0.220707
vt 0.339989 0.005746
vt 0.340496 0.221250
vt 0.355291 0.005703
vt 0.355437 0.220629
vt 0.369841 0.005654
vt 0.370524 0.220693
vt 0.385297 0.005639
vt 0.385623 0.220747
vt 0.400743 0.005661
vt 0.400730 0.220803
vt 0.416182 0.005720
vt 0.415844 0.220852
vt 0.431612 0.005815
vt 0.430959 0.220830
vt 0.449774 0.005977
vt 0.455319 0.221200
vt 0.461634 0.005842
vt 0.470731 0.221256
vt 0.472181 0.005517
vt 0.480756 0.221728
vt 0.482937 0.005219
vt 0.491774 0.222006
vt 0.195724 0.006231
vt 0.207860 0.006509
vt 0.189933 0.222782
vt 0.200919 0.222157
vt 0.219469 0.006674
vt 0.211004 0.221737
vt 0.234029 0.006569
vt 0.228819 0.221692
vt 0.248331 0.006361
vt 0.250102 0.220969
vt 0.263784 0.006157
vt 0.265195 0.220965
vt 0.376733 0.008218
vt 0.390536 0.008280
vt 0.375765 0.225561
vt 0.389568 0.225623
vt 0.404339 0.008341
vt 0.403371 0.225684
vt 0.362930 0.008157
vt 0.361962 0.225500
vt 0.350067 0.008087
vt 0.348159 0.225439
vt 0.336367 0.007980
vt 0.334523 0.225323
vt 0.322684 0.007854
vt 0.320886 0.225205
vt 0.309769 0.007695
vt 0.307085 0.225024
vt 0.295967 0.007524
vt 0.293283 0.224853
vt 0.282165 0.007354
vt 0.279481 0.224683
vt 0.268363 0.007183
vt 0.265679 0.224512
vt 0.254561 0.007013
vt 0.251877 0.224342
vt 0.240585 0.006840
vt 0.230845 0.224145
vt 0.228014 0.006423
vt 0.215242 0.223963
vt 0.218523 0.005846
vt 0.205880 0.223582
vt 0.208902 0.005310
vt 0.196159 0.223034
vt 0.453808 0.008021
vt 0.464875 0.007550
vt 0.462338 0.225835
vt 0.472437 0.225516
vt 0.443273 0.008375
vt 0.453150 0.225950
vt 0.430873 0.008459
vt 0.437217 0.225850
vt 0.418142 0.008403
vt 0.417174 0.225746
vt 0.262579 0.220611
vt 0.262509 0.225442
vt 0.247479 0.220328
vt 0.247372 0.225159
vt 0.277617 0.225721
vt 0.277677 0.220893
vt 0.292728 0.226008
vt 0.292772 0.221180
vt 0.307889 0.226278
vt 0.307863 0.221435
vt 0.322751 0.222315
vt 0.322684 0.227169
vt 0.337501 0.226749
vt 0.337700 0.222033
vt 0.352655 0.227266
vt 0.352778 0.222439
vt 0.367769 0.227663
vt 0.367868 0.222833
vt 0.382882 0.228058
vt 0.382965 0.223229
vt 0.398035 0.228444
vt 0.398069 0.223618
vt 0.413342 0.228712
vt 0.413175 0.223935
vt 0.435576 0.229478
vt 0.437507 0.224839
vt 0.452875 0.229659
vt 0.452901 0.225217
vt 0.462907 0.225871
vt 0.463417 0.229704
vt 0.473906 0.226269
vt 0.473564 0.229922
vt 0.483754 0.230434
vt 0.484909 0.226364
vt 0.183985 0.225287
vt 0.183111 0.221036
vt 0.193675 0.224642
vt 0.193229 0.220341
vt 0.210703 0.225187
vt 0.211083 0.220362
vt 0.232101 0.224742
vt 0.232386 0.220010
vt 0.266436 0.005801
vt 0.281887 0.006038
vt 0.262579 0.220611
vt 0.277677 0.220893
vt 0.297341 0.006314
vt 0.292772 0.221180
vt 0.311827 0.006609
vt 0.307863 0.221435
vt 0.327183 0.006908
vt 0.322751 0.222315
vt 0.342484 0.007212
vt 0.337700 0.222033
vt 0.357034 0.007493
vt 0.352778 0.222439
vt 0.372489 0.007828
vt 0.367868 0.222833
vt 0.387935 0.008201
vt 0.382965 0.223229
vt 0.403374 0.008611
vt 0.398069 0.223618
vt 0.418804 0.009059
vt 0.413175 0.223935
vt 0.436967 0.009635
vt 0.437507 0.224839
vt 0.448834 0.009771
vt 0.452901 0.225217
vt 0.459394 0.009688
vt 0.462907 0.225871
vt 0.470165 0.009638
vt 0.473906 0.226269
vt 0.482314 0.009598
vt 0.484909 0.226364
vt 0.195118 0.004709
vt 0.206692 0.005131
vt 0.183111 0.221036
vt 0.193229 0.220341
vt 0.221238 0.005350
vt 0.211083 0.220362
vt 0.235537 0.005462
vt 0.232386 0.220010
vt 0.250987 0.005604
vt 0.247479 0.220328
vt 0.388732 0.007583
vt 0.402534 0.007670
vt 0.387372 0.224924
vt 0.401175 0.225011
vt 0.416337 0.007756
vt 0.414978 0.225097
vt 0.374929 0.007497
vt 0.373569 0.224838
vt 0.362065 0.007404
vt 0.359767 0.224752
vt 0.348366 0.007272
vt 0.346131 0.224611
vt 0.334683 0.007122
vt 0.332495 0.224469
vt 0.321768 0.006939
vt 0.318693 0.224263
vt 0.307967 0.006744
vt 0.304891 0.224068
vt 0.294165 0.006549
vt 0.291090 0.223872
vt 0.280363 0.006353
vt 0.277288 0.223677
vt 0.266562 0.006158
vt 0.263486 0.223482
vt 0.252586 0.005960
vt 0.242455 0.223248
vt 0.240015 0.005520
vt 0.226853 0.223038
vt 0.230526 0.004927
vt 0.217491 0.222640
vt 0.220906 0.004373
vt 0.207771 0.222073
vt 0.209844 0.003792
vt 0.197687 0.221434
vt 0.455271 0.007860
vt 0.465807 0.007525
vt 0.464756 0.225452
vt 0.473944 0.225353
vt 0.442871 0.007922
vt 0.448823 0.225324
vt 0.430140 0.007842
vt 0.428781 0.225183
vt 0.542286 0.437073
vt 0.517736 0.572558
vt 0.548846 0.438302
vt 0.524297 0.573787
vt 0.426077 0.417485
vt 0.434378 0.564025
vt 0.475273 0.424083
vt 0.479221 0.571429
vt 0.464238 0.619823
vt 0.422947 0.614853
vt 0.421807 0.621462
vt 0.464413 0.626494
vt 0.475273 0.424083
vt 0.479221 0.571429
vt 0.526722 0.432258
vt 0.506372 0.575313
vt 0.479221 0.571429
vt 0.434378 0.564025
vt 0.473198 0.598188
vt 0.429918 0.591458
vt 0.380393 0.428119
vt 0.407360 0.570541
vt 0.434378 0.564025
vt 0.426077 0.417485
vt 0.426077 0.417485
vt 0.475273 0.424083
vt 0.430969 0.370836
vt 0.480264 0.372228
vt 0.526722 0.432258
vt 0.506372 0.575313
vt 0.517736 0.572558
vt 0.542286 0.437073
vt 0.506372 0.575313
vt 0.509303 0.583694
vt 0.517736 0.572558
vt 0.519939 0.578859
vt 0.530320 0.424141
vt 0.526722 0.432258
vt 0.542286 0.437073
vt 0.544991 0.430971
vt 0.473198 0.598188
vt 0.429918 0.591458
vt 0.464238 0.619823
vt 0.422947 0.614853
vt 0.429918 0.591458
vt 0.422841 0.587840
vt 0.416700 0.612415
vt 0.422947 0.614853
vt 0.481063 0.602307
vt 0.473198 0.598188
vt 0.464238 0.619823
vt 0.470202 0.622816
vt 0.539938 0.436663
vt 0.546413 0.437831
vt 0.524840 0.573286
vt 0.516033 0.572787
vt 0.425398 0.418227
vt 0.471177 0.424749
vt 0.433830 0.564879
vt 0.478685 0.572416
vt 0.461766 0.619716
vt 0.461201 0.626363
vt 0.420799 0.616973
vt 0.422619 0.610522
vt 0.471177 0.424749
vt 0.523047 0.431699
vt 0.478685 0.572416
vt 0.506821 0.576701
vt 0.478685 0.572416
vt 0.473766 0.600448
vt 0.429542 0.587955
vt 0.433830 0.564879
vt 0.379723 0.428888
vt 0.425398 0.418227
vt 0.433830 0.564879
vt 0.411135 0.570865
vt 0.425398 0.418227
vt 0.431947 0.371784
vt 0.471177 0.424749
vt 0.480840 0.373314
vt 0.523047 0.431699
vt 0.539938 0.436663
vt 0.516033 0.572787
vt 0.506821 0.576701
vt 0.506821 0.576701
vt 0.516033 0.572787
vt 0.517517 0.581482
vt 0.510259 0.583956
vt 0.527101 0.425389
vt 0.541923 0.430390
vt 0.539938 0.436663
vt 0.523047 0.431699
vt 0.473766 0.600448
vt 0.461766 0.619716
vt 0.429542 0.587955
vt 0.422619 0.610522
vt 0.429542 0.587955
vt 0.422619 0.610522
vt 0.416068 0.609105
vt 0.417481 0.583885
vt 0.480714 0.604471
vt 0.467337 0.623387
vt 0.473766 0.600448
vt 0.461766 0.619716
vt 0.768068 0.125555
vt 0.767181 0.011216
vt 0.771521 0.125528
vt 0.770633 0.011189
vt 0.507415 0.125405
vt 0.506748 0.011058
vt 0.511860 0.125379
vt 0.511194 0.011032
vt 0.584774 0.124410
vt 0.584109 0.010300
vt 0.647698 0.124594
vt 0.649231 0.010470
vt 0.579178 0.150235
vt 0.579457 0.153779
vt 0.506687 0.153293
vt 0.506378 0.149748
vt 0.508722 0.149418
vt 0.579755 0.150217
vt 0.508763 0.147194
vt 0.579796 0.147993
vt 0.736931 0.124841
vt 0.740394 0.011975
vt 0.748267 0.125715
vt 0.751774 0.011335
vt 0.578703 0.162267
vt 0.570646 0.216759
vt 0.504713 0.161770
vt 0.505222 0.215125
vt 0.531736 0.125263
vt 0.531063 0.009638
vt 0.584774 0.124410
vt 0.584109 0.010300
vt 0.508760 0.215557
vt 0.572027 0.217477
vt 0.508479 0.162199
vt 0.580186 0.163011
vt 0.748267 0.125715
vt 0.751774 0.011335
vt 0.768068 0.125555
vt 0.767181 0.011216
vt 0.751774 0.011335
vt 0.751738 0.006745
vt 0.767154 0.007764
vt 0.767181 0.011216
vt 0.748304 0.130306
vt 0.748267 0.125715
vt 0.768096 0.129007
vt 0.768068 0.125555
vt 0.530686 0.004887
vt 0.531063 0.009638
vt 0.510882 0.006598
vt 0.511194 0.011032
vt 0.531063 0.009638
vt 0.531736 0.125263
vt 0.511194 0.011032
vt 0.511860 0.125379
vt 0.531736 0.125263
vt 0.531763 0.129854
vt 0.511860 0.125379
vt 0.511886 0.129824
vt 0.579457 0.153779
vt 0.578703 0.162267
vt 0.506687 0.153293
vt 0.504713 0.161770
vt 0.504713 0.161770
vt 0.499923 0.161964
vt 0.503203 0.152565
vt 0.506687 0.153293
vt 0.657280 0.163140
vt 0.652664 0.163313
vt 0.655836 0.153412
vt 0.652190 0.153555
vt 0.508479 0.162199
vt 0.580186 0.163011
vt 0.579755 0.150217
vt 0.508722 0.149418
vt 0.651895 0.163818
vt 0.656496 0.163421
vt 0.653004 0.150820
vt 0.650788 0.151012
vt 0.503861 0.162111
vt 0.508479 0.162199
vt 0.506497 0.149376
vt 0.508722 0.149418
vt 0.652190 0.153555
vt 0.653088 0.150018
vt 0.652664 0.163313
vt 0.652190 0.153555
vt 0.651983 0.174748
vt 0.652664 0.163313
vt 0.736931 0.124841
vt 0.740394 0.011975
vt 0.651228 0.175235
vt 0.651895 0.163818
vt 0.650788 0.151012
vt 0.651895 0.163818
vt 0.650829 0.148788
vt 0.650788 0.151012
vt 0.768246 0.125042
vt 0.766984 0.010707
vt 0.771698 0.125004
vt 0.770436 0.010669
vt 0.507593 0.125745
vt 0.506553 0.011401
vt 0.512038 0.125704
vt 0.510998 0.011361
vt 0.584949 0.124497
vt 0.583911 0.010390
vt 0.647873 0.124475
vt 0.649032 0.010347
vt 0.579269 0.150283
vt 0.579546 0.153827
vt 0.506777 0.153325
vt 0.506468 0.149779
vt 0.509150 0.148607
vt 0.580188 0.148315
vt 0.509157 0.146383
vt 0.580195 0.146091
vt 0.737106 0.124430
vt 0.740200 0.011553
vt 0.748445 0.125267
vt 0.751577 0.010877
vt 0.578790 0.162314
vt 0.570721 0.216804
vt 0.504801 0.161800
vt 0.505298 0.215155
vt 0.531914 0.125524
vt 0.530862 0.009901
vt 0.584949 0.124497
vt 0.583911 0.010390
vt 0.510205 0.214738
vt 0.573494 0.215686
vt 0.509104 0.161391
vt 0.580815 0.161101
vt 0.748445 0.125267
vt 0.751577 0.010877
vt 0.768246 0.125042
vt 0.766984 0.010707
vt 0.751577 0.010877
vt 0.751527 0.006286
vt 0.766945 0.007255
vt 0.766984 0.010707
vt 0.748497 0.129857
vt 0.748445 0.125267
vt 0.768285 0.128494
vt 0.768246 0.125042
vt 0.530470 0.005152
vt 0.530862 0.009901
vt 0.510672 0.006927
vt 0.510998 0.011361
vt 0.530862 0.009901
vt 0.531914 0.125524
vt 0.510998 0.011361
vt 0.512038 0.125704
vt 0.531914 0.125524
vt 0.531956 0.130114
vt 0.512038 0.125704
vt 0.512078 0.130149
vt 0.579546 0.153827
vt 0.578790 0.162314
vt 0.506777 0.153325
vt 0.504801 0.161800
vt 0.504801 0.161800
vt 0.500011 0.161994
vt 0.503293 0.152595
vt 0.506777 0.153325
vt 0.657367 0.163205
vt 0.652752 0.163377
vt 0.655926 0.153477
vt 0.652280 0.153620
vt 0.509104 0.161391
vt 0.580815 0.161101
vt 0.580188 0.148315
vt 0.509150 0.148607
vt 0.652528 0.160806
vt 0.657122 0.160338
vt 0.653437 0.147793
vt 0.651224 0.148019
vt 0.504485 0.161374
vt 0.509104 0.161391
vt 0.506925 0.148599
vt 0.509150 0.148607
vt 0.652280 0.153620
vt 0.653179 0.150083
vt 0.652752 0.163377
vt 0.652280 0.153620
vt 0.652068 0.174812
vt 0.652752 0.163377
vt 0.737106 0.124430
vt 0.740200 0.011553
vt 0.652036 0.172232
vt 0.652528 0.160806
vt 0.651224 0.148019
vt 0.652528 0.160806
vt 0.651231 0.145794
vt 0.651224 0.148019
vt 0.794674 0.282946
vt 0.795359 0.408628
vt 0.722313 0.283341
vt 0.722998 0.409023
vt 0.722313 0.283341
vt 0.722998 0.409023
vt 0.653335 0.283717
vt 0.654020 0.409398
vt 0.653335 0.283717
vt 0.654020 0.409398
vt 0.533694 0.284369
vt 0.534380 0.410051
vt 0.795359 0.408628
vt 0.796113 0.546836
vt 0.700913 0.474371
vt 0.722998 0.409023
vt 0.793920 0.144738
vt 0.794674 0.282946
vt 0.699516 0.218237
vt 0.722313 0.283341
vt 0.793711 0.285976
vt 0.795152 0.406481
vt 0.721354 0.286841
vt 0.722795 0.407347
vt 0.721354 0.286841
vt 0.722795 0.407347
vt 0.652379 0.287666
vt 0.653821 0.408172
vt 0.652379 0.287666
vt 0.653821 0.408172
vt 0.532746 0.289097
vt 0.534187 0.409603
vt 0.795152 0.406481
vt 0.796805 0.544682
vt 0.701136 0.472837
vt 0.722795 0.407347
vt 0.792058 0.147775
vt 0.793711 0.285976
vt 0.698134 0.221888
vt 0.721354 0.286841
vn 0.3153 -0.0486 -0.9478
vn 0.3153 -0.0486 -0.9477
vn -0.4870 0.0207 0.8732
vn -0.2355 0.0283 0.9715
vn -0.2529 0.0279 0.9671
vn -0.4808 0.0213 0.8766
vn 0.2272 0.9262 -0.3008
vn -0.7928 -0.5700 -0.2160
vn -0.3641 -0.9233 0.1221
vn -0.3101 -0.9506 0.0145
vn -0.7957 -0.5629 -0.2238
vn 0.2446 -0.0225 -0.9694
vn 0.2455 -0.0219 -0.9692
vn 0.2437 -0.0230 -0.9696
vn 0.2454 -0.0220 -0.9692
vn 0.8063 0.5460 0.2275
vn -0.2285 0.0281 0.9731
vn -0.2277 0.0277 0.9733
vn -0.8035 -0.5498 -0.2282
vn 0.9685 -0.0870 0.2333
vn 0.9685 -0.0870 0.2332
vn 0.0437 0.9373 0.3459
vn -0.3100 -0.9506 0.0145
vn -0.1363 -0.9494 -0.2830
vn 0.8535 -0.0409 0.5194
vn 0.8536 -0.0409 0.5194
vn -0.4177 0.0271 0.9082
vn 0.5611 0.2470 -0.7900
vn 0.5611 0.2470 -0.7901
vn 0.5611 0.2471 -0.7900
vn 0.1853 -0.0044 0.9827
vn -0.2380 0.0197 -0.9711
vn -0.2342 0.0286 -0.9718
vn -0.2370 0.0198 -0.9713
vn -0.2370 0.0193 -0.9713
vn 0.2089 0.9747 -0.0801
vn 0.2088 0.9747 -0.0801
vn -0.8070 -0.5560 0.1992
vn -0.8030 -0.5616 0.1994
vn -0.0455 -0.9989 -0.0097
vn -0.0283 -0.9973 0.0672
vn -0.2373 0.0184 -0.9713
vn -0.2376 0.0169 -0.9712
vn -0.2417 -0.0045 -0.9703
vn -0.2418 -0.0044 -0.9703
vn 0.9683 -0.0034 -0.2497
vn 0.9683 -0.0035 -0.2496
vn 0.2365 -0.0248 0.9713
vn 0.2366 -0.0255 0.9713
vn 0.2331 -0.0101 0.9724
vn -0.9729 -0.1448 0.1803
vn 0.2368 -0.0262 0.9712
vn 0.8123 0.5461 -0.2047
vn 0.8123 0.5461 -0.2048
vn -0.2371 0.0194 -0.9713
vn -0.2368 0.0196 -0.9714
vn -0.8133 -0.5460 0.2011
vn 0.9717 -0.0845 0.2207
vn 0.9717 -0.0845 0.2206
vn 0.2341 0.9713 0.0412
vn -0.0132 -0.9909 0.1339
vn 0.9722 -0.0654 -0.2250
vn -0.2038 0.0983 -0.9741
vn -0.9722 0.0648 0.2250
vn -0.9722 0.0649 0.2250
vn 0.2851 0.2847 0.9153
vn 0.2850 0.2847 0.9153
vn 0.0257 -0.0056 0.9997
vn 0.0256 -0.0056 0.9997
vn -0.2243 0.0248 -0.9742
vn 0.9658 -0.1029 0.2379
vn -0.9998 0.0028 -0.0180
vn 0.0000 1.0000 0.0000
vn -0.7251 -0.0041 0.6886
vn 0.9634 -0.0862 -0.2537
vn 0.0000 -1.0000 0.0000
vn -0.7546 0.0029 -0.6561
vn 0.5802 -0.0779 -0.8107
vn 0.5803 -0.0778 -0.8107
vn 0.5803 -0.0779 -0.8107
vn -0.2418 -0.1007 0.9651
vn -0.2417 -0.1007 0.9651
vn -0.2418 -0.1006 0.9651
vn -0.0284 -0.0641 -0.9975
vn -0.0284 -0.0640 -0.9975
vn 0.8965 -0.1174 0.4272
vn 0.8965 -0.1174 0.4273
vn -0.0049 0.9998 0.0191
vn -0.0051 0.9998 0.0191
vn -0.0047 0.9998 0.0188
vn -0.0048 0.9998 0.0190
vn -0.0048 0.9998 0.0192
vn -0.0048 0.9998 0.0194
vn 0.9481 -0.1025 -0.3010
vn 0.9481 -0.1026 -0.3009
vn -0.9998 -0.0167 -0.0108
vn -0.0040 -0.9999 -0.0117
vn -0.0041 -0.9999 -0.0114
vn 0.5609 -0.0974 0.8221
vn 0.5610 -0.0974 0.8221
vn 0.0000 0.0000 1.0000
vn -0.5000 0.8660 0.0000
vn 0.0000 0.0000 -1.0000
vn 0.5000 -0.8660 0.0000
vn 0.8504 0.5260 -0.0096
vn 0.8808 0.4735 -0.0097
vn 0.8544 0.5194 -0.0147
vn 0.8770 0.4802 -0.0147
vn 0.8807 0.4735 -0.0097
vn 0.8808 0.4733 0.0097
vn 0.8770 0.4803 -0.0147
vn 0.8771 0.4801 0.0147
vn 0.8808 0.4734 0.0097
vn 0.8504 0.5260 0.0097
vn 0.8770 0.4802 0.0147
vn 0.8544 0.5194 0.0147
vn 0.8505 0.5259 0.0097
vn 0.8503 0.5262 -0.0097
vn 0.8545 0.5193 0.0147
vn 0.8543 0.5196 -0.0147
vn 0.2058 -0.9289 -0.3079
vn 0.2113 -0.7911 -0.5740
vn 0.1864 -0.9327 -0.3087
vn 0.1888 -0.7905 -0.5827
vn 0.1962 -0.5678 -0.7995
vn 0.1864 -0.5605 -0.8069
vn 0.1401 -0.2500 -0.9580
vn 0.1634 -0.2503 -0.9543
vn 0.0696 0.0259 -0.9972
vn 0.1385 0.0274 -0.9900
vn 0.0391 0.1713 -0.9844
vn 0.1632 0.2283 -0.9598
vn 0.0268 0.2880 -0.9573
vn 0.2563 0.3751 -0.8909
vn -0.0426 0.7823 -0.6215
vn 0.3243 0.7732 -0.5449
vn -0.0745 0.9972 -0.0018
vn 0.2643 0.9602 -0.0909
vn -0.0376 0.9993 0.0068
vn 0.2100 0.9777 0.0070
vn -0.0282 0.9995 0.0162
vn 0.2641 0.9588 0.1047
vn 0.0401 0.7865 0.6162
vn 0.3261 0.7762 0.5396
vn 0.0730 0.2980 0.9518
vn 0.2569 0.3883 0.8850
vn 0.0504 0.1786 0.9826
vn 0.1620 0.2377 0.9577
vn 0.0696 0.0259 0.9972
vn 0.1358 0.0274 0.9904
vn 0.1401 -0.2500 0.9580
vn 0.1609 -0.2506 0.9546
vn 0.1962 -0.5678 0.7995
vn 0.1842 -0.5608 0.8072
vn 0.2113 -0.7911 0.5740
vn 0.1872 -0.7908 0.5827
vn 0.2058 -0.9289 0.3079
vn 0.1856 -0.9329 0.3085
vn 0.1991 -0.9800 -0.0000
vn 0.1852 -0.9827 -0.0001
vn 0.1804 -0.7938 -0.5808
vn 0.1793 -0.9338 -0.3097
vn 0.1802 -0.9836 0.0002
vn 0.1782 -0.9339 0.3101
vn 0.1783 -0.7939 0.5813
vn 0.1805 -0.5698 0.8017
vn 0.1718 -0.2718 0.9469
vn 0.1607 0.0121 0.9869
vn 0.1959 0.2385 0.9512
vn 0.3109 0.4053 0.8597
vn 0.4399 0.7125 0.5466
vn 0.3695 0.9194 0.1346
vn 0.3046 0.9525 0.0080
vn 0.3832 0.9160 -0.1185
vn 0.4624 0.6991 -0.5454
vn 0.3274 0.3894 -0.8609
vn 0.2020 0.2299 -0.9520
vn 0.1643 0.0121 -0.9863
vn 0.1753 -0.2718 -0.9463
vn 0.1835 -0.5697 -0.8011
vn 0.9949 -0.0962 -0.0313
vn 0.9949 -0.1011 -0.0000
vn 0.9949 -0.0818 -0.0594
vn 0.9949 -0.0594 -0.0818
vn 0.9949 -0.0313 -0.0962
vn 0.9949 0.0000 -0.1011
vn 0.9949 0.0313 -0.0962
vn 0.9949 0.0594 -0.0818
vn 0.9949 0.0818 -0.0594
vn 0.9949 0.0962 -0.0313
vn 0.9949 0.1011 0.0000
vn 0.9949 0.0962 0.0313
vn 0.9949 0.0818 0.0594
vn 0.9949 0.0594 0.0818
vn 0.9949 0.0313 0.0962
vn 0.9949 0.0000 0.1011
vn 0.9949 -0.0313 0.0962
vn 0.9949 -0.0594 0.0818
vn 0.9949 -0.0818 0.0594
vn 0.9949 -0.0962 0.0313
vn 0.0000 -0.9511 -0.3090
vn 0.0000 -0.8090 -0.5878
vn 0.0000 -0.5878 -0.8090
vn 0.0000 -0.3090 -0.9511
vn 0.0000 0.3090 -0.9511
vn 0.0000 0.5878 -0.8090
vn 0.0000 0.8090 -0.5878
vn 0.0000 0.9511 -0.3090
vn 0.0000 0.9511 0.3090
vn 0.0000 0.8090 0.5878
vn 0.0000 0.5878 0.8090
vn 0.0000 0.3090 0.9511
vn 0.0000 -0.3090 0.9511
vn 0.0000 -0.5878 0.8090
vn 0.0000 -0.8090 0.5878
vn 0.0000 -0.9511 0.3090
vn -0.2321 0.6324 0.7390
vn -0.2440 0.6857 0.6857
vn -0.1974 0.5843 0.7872
vn -0.1434 0.5461 0.8253
vn -0.0586 0.5198 0.8523
vn -0.0627 0.5207 0.8515
vn -0.0000 0.5091 0.8607
vn 0.0586 0.5199 0.8522
vn 0.0627 0.5207 0.8514
vn 0.1434 0.5461 0.8253
vn 0.1974 0.5843 0.7872
vn 0.2321 0.6324 0.7391
vn 0.2440 0.6857 0.6857
vn 0.2289 0.7543 0.6154
vn 0.2296 0.7526 0.6172
vn 0.1995 0.7940 0.5742
vn 0.1866 0.8033 0.5656
vn 0.1211 0.8448 0.5212
vn 0.1243 0.8429 0.5235
vn 0.0357 0.8864 0.4616
vn 0.0291 0.8889 0.4572
vn 0.0011 0.8939 0.4483
vn 0.0014 0.8940 0.4481
vn -0.0396 0.8808 0.4719
vn -0.0445 0.8792 0.4744
vn -0.1396 0.8385 0.5267
vn -0.1390 0.8388 0.5264
vn -0.1899 0.8015 0.5671
vn -0.1920 0.7992 0.5695
vn -0.2212 0.7564 0.6155
vn -0.2227 0.7538 0.6183
vn -0.9511 -0.2185 0.2185
vn -0.8090 -0.4156 0.4156
vn -0.5597 -0.5878 0.5841
vn -0.5598 -0.5878 0.5840
vn -0.2294 -0.6934 0.6830
vn -0.2289 -0.6935 0.6831
vn -0.0029 -0.7135 0.7007
vn -0.0029 -0.7134 0.7007
vn 0.2294 -0.6932 0.6833
vn 0.2289 -0.6933 0.6834
vn 0.5618 -0.5868 0.5832
vn 0.5617 -0.5868 0.5832
vn 0.8090 -0.4156 0.4156
vn 0.9511 -0.2185 0.2185
vn 1.0000 -0.0000 0.0000
vn 0.8588 0.3460 -0.3777
vn 0.8430 0.3629 -0.3970
vn 0.5369 0.5456 -0.6434
vn 0.5313 0.5459 -0.6479
vn 0.3108 0.5815 -0.7518
vn 0.3058 0.5824 -0.7532
vn 0.0653 0.6023 -0.7956
vn 0.0652 0.6023 -0.7956
vn 0.0384 0.6033 -0.7966
vn -0.0520 0.6073 -0.7928
vn 0.0383 0.6033 -0.7966
vn -0.0503 0.6073 -0.7929
vn -0.3819 0.5759 -0.7229
vn -0.3744 0.5769 -0.7260
vn -0.5589 0.5422 -0.6275
vn -0.5547 0.5399 -0.6331
vn -0.8906 0.3108 -0.3319
vn -0.8689 0.3377 -0.3618
vn -1.0000 0.0000 0.0000
vn 0.8090 0.4156 -0.4156
vn 0.9511 0.2185 -0.2185
vn 0.5566 0.5893 -0.5856
vn 0.2205 0.6949 -0.6845
vn 0.2200 0.6949 -0.6846
vn 0.0032 0.7134 -0.7008
vn 0.0031 0.7134 -0.7008
vn -0.2205 0.6946 -0.6848
vn -0.2200 0.6947 -0.6848
vn -0.5588 0.5881 -0.5846
vn -0.8090 0.4156 -0.4156
vn -0.9511 0.2185 -0.2185
vn -0.8748 -0.3288 0.3557
vn -0.8489 -0.3581 0.3888
vn -0.5125 -0.5555 0.6548
vn -0.5076 -0.5546 0.6594
vn -0.3208 -0.5805 0.7484
vn -0.3145 -0.5815 0.7503
vn -0.0586 -0.5998 0.7980
vn -0.0583 -0.5998 0.7981
vn -0.0347 -0.5998 0.7994
vn -0.0346 -0.5998 0.7994
vn 0.0440 -0.6052 0.7949
vn 0.0422 -0.6054 0.7948
vn 0.3736 -0.5773 0.7261
vn 0.3648 -0.5792 0.7290
vn 0.5346 -0.5534 0.6387
vn 0.5342 -0.5535 0.6389
vn 0.8850 -0.3181 0.3400
vn 0.8551 -0.3535 0.3793
vn 0.2321 0.6324 -0.7391
vn 0.2440 0.6857 -0.6857
vn 0.1974 0.5843 -0.7872
vn 0.1434 0.5461 -0.8253
vn 0.0586 0.5198 -0.8523
vn 0.0627 0.5207 -0.8514
vn -0.0000 0.5091 -0.8607
vn -0.0586 0.5198 -0.8523
vn -0.0627 0.5207 -0.8514
vn -0.1434 0.5461 -0.8253
vn -0.1974 0.5843 -0.7872
vn -0.1974 0.5843 -0.7871
vn -0.2321 0.6324 -0.7390
vn -0.2440 0.6857 -0.6857
vn -0.2289 0.7543 -0.6154
vn -0.2295 0.7526 -0.6172
vn -0.1995 0.7940 -0.5742
vn -0.1866 0.8033 -0.5656
vn -0.1211 0.8448 -0.5212
vn -0.1243 0.8429 -0.5235
vn -0.0357 0.8864 -0.4616
vn -0.0291 0.8889 -0.4572
vn -0.0011 0.8939 -0.4483
vn -0.0014 0.8940 -0.4481
vn 0.0396 0.8808 -0.4719
vn 0.0445 0.8792 -0.4743
vn 0.1396 0.8385 -0.5267
vn 0.1390 0.8388 -0.5264
vn 0.1899 0.8015 -0.5671
vn 0.1920 0.7993 -0.5695
vn 0.2212 0.7564 -0.6155
vn 0.2227 0.7538 -0.6183
vn 0.9511 -0.2185 -0.2185
vn 0.8090 -0.4156 -0.4156
vn 0.5597 -0.5879 -0.5840
vn 0.5598 -0.5878 -0.5840
vn 0.2294 -0.6934 -0.6830
vn 0.2289 -0.6935 -0.6831
vn 0.0029 -0.7135 -0.7007
vn 0.0029 -0.7134 -0.7007
vn -0.2294 -0.6932 -0.6833
vn -0.2289 -0.6933 -0.6834
vn -0.5618 -0.5868 -0.5832
vn -0.5617 -0.5868 -0.5832
vn -0.8090 -0.4156 -0.4156
vn -0.9511 -0.2185 -0.2185
vn -1.0000 -0.0062 -0.0031
vn -1.0000 -0.0017 0.0015
vn -0.8601 0.3371 0.3828
vn -0.8513 0.3463 0.3941
vn -0.6646 0.4803 0.5724
vn -0.6556 0.4848 0.5790
vn -0.3145 0.5904 0.7433
vn -0.3067 0.5918 0.7455
vn -0.0654 0.6124 0.7878
vn -0.0652 0.6124 0.7879
vn -0.0382 0.6134 0.7888
vn 0.0520 0.6173 0.7850
vn 0.0505 0.6173 0.7851
vn 0.3871 0.5838 0.7137
vn 0.3758 0.5854 0.7184
vn 0.6858 0.4754 0.5510
vn 0.6753 0.4810 0.5592
vn 0.8845 0.3131 0.3460
vn 0.8768 0.3224 0.3568
vn 1.0000 -0.0062 -0.0031
vn 1.0000 -0.0017 0.0015
vn -0.8090 0.4156 0.4156
vn -0.9511 0.2185 0.2185
vn -1.0000 0.0079 0.0049
vn -1.0000 0.0017 -0.0015
vn -0.5566 0.5893 0.5856
vn -0.2205 0.6949 0.6845
vn -0.2200 0.6949 0.6846
vn -0.0032 0.7134 0.7008
vn -0.0030 0.7134 0.7008
vn 0.2205 0.6946 0.6848
vn 0.2200 0.6947 0.6848
vn 0.5589 0.5881 0.5846
vn 0.5588 0.5881 0.5846
vn 0.8090 0.4156 0.4156
vn 0.9511 0.2185 0.2185
vn 1.0000 0.0079 0.0048
vn 1.0000 0.0017 -0.0015
vn 0.8690 -0.3291 -0.3695
vn 0.8601 -0.3388 -0.3813
vn 0.6619 -0.4834 -0.5729
vn 0.6514 -0.4886 -0.5805
vn 0.3236 -0.5903 -0.7395
vn 0.3158 -0.5916 -0.7418
vn 0.0587 -0.6108 -0.7896
vn 0.0585 -0.6108 -0.7896
vn 0.0344 -0.6109 -0.7910
vn -0.0437 -0.6158 -0.7867
vn -0.0425 -0.6161 -0.7865
vn -0.3781 -0.5862 -0.7165
vn -0.0437 -0.6161 -0.7865
vn -0.3663 -0.5879 -0.7212
vn -0.6842 -0.4770 -0.5517
vn -0.6744 -0.4818 -0.5595
vn -0.8750 -0.3249 -0.3589
vn -0.8663 -0.3350 -0.3706
vn 0.9232 -0.1206 0.3649
vn 0.9232 -0.1206 0.3650
vn 0.3150 0.1827 -0.9313
vn 0.3150 0.1827 -0.9314
vn 0.0183 0.9998 0.0077
vn 0.0183 0.9998 0.0078
vn 0.9208 -0.1654 0.3534
vn -0.0161 0.9998 -0.0094
vn -0.0161 0.9998 -0.0093
vn -0.9240 0.1959 -0.3285
vn 0.4715 -0.0076 -0.8818
vn 0.4788 0.8573 0.1893
vn 0.3839 -0.0043 -0.9234
vn -0.9562 -0.1997 -0.2139
vn 0.9138 0.2387 0.3285
vn 0.9138 0.2387 0.3286
vn 0.7851 -0.0970 -0.6117
vn 0.3256 0.1754 0.9291
vn 0.3257 0.1754 0.9291
vn 0.0190 0.9998 -0.0079
vn 0.0190 0.9998 -0.0080
vn 0.9355 -0.1820 -0.3029
vn -0.0088 0.9992 0.0380
vn -0.0088 0.9992 0.0382
vn -0.0088 0.9992 0.0383
vn -0.9219 0.1990 0.3325
vn 0.4176 0.0010 0.9086
vn 0.4887 0.6977 -0.5238
vn 0.4350 0.0790 0.8970
vn 0.4351 0.0789 0.8969
vn -0.9758 -0.1626 0.1462
vn 0.8687 0.2605 -0.4213
vn 0.0115 0.9999 -0.0002
vn 0.0115 0.9999 -0.0001
vn -0.2837 0.9589 0.0083
vn -0.2859 0.9582 0.0085
vn -0.0076 -0.0001 -1.0000
vn -0.0076 -0.0008 -1.0000
vn 0.0078 0.0000 1.0000
vn -0.9985 0.0387 0.0386
vn -0.0191 0.0250 -0.9995
vn -0.0147 0.0225 -0.9996
vn -0.0080 0.0185 -0.9998
vn -0.0082 0.0181 -0.9998
vn 0.9997 0.0240 0.0000
vn 0.0082 0.0097 0.9999
vn 0.0067 0.0114 0.9999
vn 0.0083 0.0098 0.9999
vn 0.0057 0.0125 0.9999
vn -0.0003 0.0000 1.0000
vn 0.0323 -0.1400 -0.9896
vn -0.0072 1.0000 0.0007
vn -0.0071 1.0000 0.0013
vn -0.0071 1.0000 0.0012
vn 0.9808 0.0117 -0.1947
vn -0.9942 0.1071 0.0117
vn -0.0073 1.0000 0.0000
vn -0.0073 1.0000 0.0004
vn -0.9945 0.0000 0.1050
vn -0.0075 0.0006 -1.0000
vn -0.0071 1.0000 0.0001
vn -0.0071 1.0000 0.0003
vn -0.0333 0.0334 -0.9989
vn -0.4817 0.8762 0.0139
vn -0.4816 0.8763 0.0140
vn 0.0026 0.0162 0.9999
vn 0.0026 0.0163 0.9999
vn -0.0073 1.0000 0.0007
vn -0.0073 1.0000 0.0008
vn -0.0076 -0.0007 -1.0000
vn -0.0080 0.0184 -0.9998
vn -0.0071 1.0000 0.0011
vn 0.9808 0.0117 -0.1946
vn -0.4816 0.8763 0.0139
vn 0.0000 0.9972 -0.0747
vn 0.0000 0.7616 0.6480
vn 0.0000 0.9996 -0.0296
vn 0.0000 0.7914 -0.6112
usemtl Body2
s 1
f 3860/3860/847 3861/3861/848 3862/3862/848
f 3860/3860/847 3862/3862/848 3863/3863/848
s 2
f 3864/3864/849 3865/3865/850 3866/3866/851
f 3864/3864/849 3866/3866/851 3867/3867/852
s 3
f 3868/3868/853 3869/3869/853 3871/3870/853
f 3869/3869/853 3870/3871/853 3871/3870/853
s 4
f 3872/3872/854 3873/3873/855 3874/3874/856
f 3872/3872/854 3874/3874/856 3875/3875/857
s 5
f 3876/3876/858 3877/3877/859 3879/3878/860
f 3877/3877/859 3878/3879/861 3879/3878/860
s 6
f 3880/3880/862 3881/3881/862 3883/3882/862
f 3881/3881/862 3882/3883/862 3883/3882/862
s 7
f 3884/3884/850 3885/3885/863 3886/3886/864
f 3884/3884/850 3886/3886/864 3887/3887/851
s 8
f 3888/3888/865 3889/3889/854 3890/3890/857
f 3888/3888/865 3890/3890/857 3891/3891/865
s 9
f 3892/3892/866 3893/3893/866 3895/3894/867
f 3893/3893/866 3894/3895/866 3895/3894/867
s 10
f 3896/3896/868 3897/3897/868 3899/3898/868
f 3897/3897/868 3898/3899/868 3899/3898/868
s 11
f 3900/3900/869 3901/3901/870 3902/3902/870
f 3900/3900/869 3902/3902/870 3903/3903/857
s 12
f 3904/3904/871 3905/3905/871 3907/3906/871
f 3905/3905/871 3906/3907/872 3907/3906/871
s 13
f 3908/3908/851 3909/3909/873 3911/3910/852
f 3909/3909/873 3910/3911/873 3911/3910/852
s 14
f 3912/3912/874 3913/3913/875 3914/3914/874
f 3912/3912/874 3914/3914/874 3915/3915/876
s 15
f 3916/3916/877 3917/3917/877 3919/3918/877
f 3917/3917/877 3918/3919/877 3919/3918/877
s 16
f 3920/3920/878 3921/3921/879 3922/3922/880
f 3920/3920/878 3922/3922/880 3923/3923/881
s 17
f 3924/3924/882 3925/3925/883 3927/3926/882
f 3925/3925/883 3926/3927/883 3927/3926/882
s 18
f 3928/3928/884 3929/3929/885 3931/3930/886
f 3929/3929/885 3930/3931/887 3931/3930/886
s 19
f 3932/3932/888 3933/3933/889 3935/3934/890
f 3933/3933/889 3934/3935/891 3935/3934/890
s 20
f 3936/3936/892 3937/3937/892 3939/3938/893
f 3937/3937/892 3938/3939/892 3939/3938/893
s 21
f 3940/3940/894 3941/3941/895 3943/3942/896
f 3941/3941/895 3942/3943/896 3943/3942/896
s 22
f 3944/3944/897 3945/3945/897 3947/3946/897
f 3945/3945/897 3946/3947/897 3947/3946/897
s 21
f 3941/3941/895 3940/3940/894 3949/3948/898
f 3940/3940/894 3948/3949/898 3949/3948/898
s 23
f 3950/3950/899 3951/3951/899 3953/3952/899
f 3951/3951/899 3952/3953/900 3953/3952/899
s 19
f 3954/3954/901 3955/3955/902 3933/3933/889
f 3954/3954/901 3933/3933/889 3932/3932/888
s 24
f 3956/3956/903 3957/3957/903 3958/3958/885
f 3956/3956/903 3958/3958/885 3959/3959/884
s 25
f 3960/3960/904 3961/3961/905 3963/3962/904
f 3961/3961/905 3962/3963/904 3963/3962/904
s 26
f 3964/3964/906 3965/3965/906 3967/3966/906
f 3965/3965/906 3966/3967/906 3967/3966/906
s 18
f 3930/3931/887 3929/3929/885 3968/3968/907
f 3930/3931/887 3968/3968/907 3969/3969/907
s 27
f 3970/3970/908 3971/3971/908 3973/3972/908
f 3971/3971/908 3972/3973/908 3973/3972/908
s 16
f 3922/3922/880 3921/3921/879 3975/3974/909
f 3921/3921/879 3974/3975/909 3975/3974/909
s 28
f 3976/3976/910 3977/3977/910 3978/3978/910
f 3976/3976/910 3978/3978/910 3979/3979/911
s 29
f 3980/3980/912 3981/3981/913 3982/3982/913
f 3980/3980/912 3982/3982/913 3983/3983/913
s 30
f 3984/3984/914 3985/3985/915 3986/3986/914
f 3984/3984/914 3986/3986/914 3987/3987/915
s 31
f 3988/3988/916 3989/3989/916 3991/3990/916
f 3989/3989/916 3990/3991/916 3991/3990/916
s 32
f 3992/3992/917 3993/3993/917 3995/3994/917
f 3993/3993/917 3994/3995/917 3995/3994/917
s 33
f 3996/3996/918 3997/3997/918 3999/3998/918
f 3997/3997/918 3998/3999/918 3999/3998/918
s 34
f 4000/4000/919 4001/4001/919 4002/4002/919
f 4000/4000/919 4002/4002/919 4003/4003/919
f 4000/4000/919 4003/4003/919 4004/4004/919
f 4000/4000/919 4004/4004/919 4005/4005/919
f 4000/4000/919 4005/4005/919 4006/4006/919
s 35
f 4007/4007/920 4008/4008/920 4010/4009/920
f 4008/4008/920 4009/4010/920 4010/4009/920
s 36
f 4011/4011/921 4012/4012/921 4013/4013/921
f 4011/4011/921 4013/4013/921 4014/4014/921
s 37
f 4015/4015/922 4016/4016/922 4018/4017/922
f 4016/4016/922 4017/4018/922 4018/4017/922
f 4015/4015/922 4018/4017/922 4019/4019/922
f 4015/4015/922 4019/4019/922 4020/4020/922
f 4015/4015/922 4020/4020/922 4021/4021/922
s 38
f 4022/4022/923 4023/4023/923 4025/4024/923
f 4023/4023/923 4024/4025/923 4025/4024/923
s 39
f 4026/4026/924 4027/4027/925 4029/4028/926
f 4027/4027/925 4028/4029/924 4029/4028/926
s 40
f 4030/4030/927 4031/4031/928 4033/4032/929
f 4031/4031/928 4032/4033/927 4033/4032/929
s 41
f 4034/4034/930 4035/4035/931 4037/4036/930
f 4035/4035/931 4036/4037/930 4037/4036/930
s 42
f 4038/4038/932 4039/4039/932 4041/4040/933
f 4039/4039/932 4040/4041/933 4041/4040/933
s 43
f 4042/4042/934 4043/4043/935 4044/4044/936
f 4042/4042/934 4044/4044/936 4045/4045/937
f 4042/4042/934 4045/4045/937 4046/4046/938
f 4042/4042/934 4046/4046/938 4047/4047/939
f 4042/4042/934 4047/4047/939 4048/4048/935
s 44
f 4049/4049/940 4050/4050/940 4052/4051/941
f 4050/4050/940 4051/4052/940 4052/4051/941
s 45
f 4053/4053/942 4054/4054/942 4056/4055/942
f 4054/4054/942 4055/4056/942 4056/4055/942
s 46
f 4057/4057/943 4058/4058/943 4059/4059/944
f 4057/4057/943 4059/4059/944 4060/4060/943
f 4057/4057/943 4060/4060/943 4061/4061/943
f 4057/4057/943 4061/4061/943 4062/4062/943
f 4057/4057/943 4062/4062/943 4063/4063/943
s 47
f 4064/4064/945 4065/4065/946 4066/4066/945
f 4064/4064/945 4066/4066/945 4067/4067/946
s 48
f 4068/4068/947 4069/4069/947 4071/4070/947
f 4069/4069/947 4070/4071/947 4071/4070/947
s 49
f 4072/4072/948 4073/4073/948 4075/4074/948
f 4073/4073/948 4074/4075/948 4075/4074/948
s 50
f 4076/4076/949 4077/4077/949 4079/4078/949
f 4077/4077/949 4078/4079/949 4079/4078/949
s 51
f 4080/4080/950 4081/4081/950 4083/4082/950
f 4081/4081/950 4082/4083/950 4083/4082/950
s 52
f 4084/4084/951 4085/4085/952 4087/4086/953
f 4085/4085/952 4086/4087/954 4087/4086/953
s 53
f 4088/4088/955 4089/4089/956 4091/4090/957
f 4089/4089/956 4090/4091/958 4091/4090/957
s 54
f 4092/4092/959 4093/4093/960 4095/4094/961
f 4093/4093/960 4094/4095/962 4095/4094/961
s 55
f 4096/4096/963 4097/4097/964 4099/4098/965
f 4097/4097/964 4098/4099/966 4099/4098/965
s 56
f 4100/4100/949 4101/4101/949 4103/4102/949
f 4101/4101/949 4102/4103/949 4103/4102/949
s 57
f 4104/4104/950 4105/4105/950 4107/4106/950
f 4105/4105/950 4106/4107/950 4107/4106/950
s 58
f 4108/4108/947 4109/4109/947 4111/4110/947
f 4109/4109/947 4110/4111/947 4111/4110/947
s 59
f 4112/4112/948 4113/4113/948 4115/4114/948
f 4113/4113/948 4114/4115/948 4115/4114/948
s 60
f 4116/4116/967 4117/4117/968 4119/4118/969
f 4117/4117/968 4118/4119/970 4119/4118/969
f 4117/4117/968 4120/4120/971 4118/4119/970
f 4120/4120/971 4121/4121/972 4118/4119/970
f 4120/4120/971 4122/4122/973 4121/4121/972
f 4122/4122/973 4123/4123/974 4121/4121/972
f 4122/4122/973 4124/4124/975 4123/4123/974
f 4124/4124/975 4125/4125/976 4123/4123/974
f 4124/4124/975 4126/4126/977 4125/4125/976
f 4126/4126/977 4127/4127/978 4125/4125/976
f 4126/4126/977 4128/4128/979 4127/4127/978
f 4128/4128/979 4129/4129/980 4127/4127/978
f 4128/4128/979 4130/4130/981 4129/4129/980
f 4130/4130/981 4131/4131/982 4129/4129/980
f 4130/4130/981 4132/4132/983 4131/4131/982
f 4132/4132/983 4133/4133/984 4131/4131/982
f 4132/4132/983 4134/4134/985 4135/4135/986
f 4132/4132/983 4135/4135/986 4133/4133/984
f 4134/4134/985 4136/4136/987 4137/4137/988
f 4134/4134/985 4137/4137/988 4135/4135/986
f 4136/4136/987 4138/4138/989 4139/4139/990
f 4136/4136/987 4139/4139/990 4137/4137/988
f 4138/4138/989 4140/4140/991 4141/4141/992
f 4138/4138/989 4141/4141/992 4139/4139/990
f 4140/4140/991 4142/4142/993 4143/4143/994
f 4140/4140/991 4143/4143/994 4141/4141/992
f 4142/4142/993 4144/4144/995 4145/4145/996
f 4142/4142/993 4145/4145/996 4143/4143/994
f 4144/4144/995 4146/4146/997 4147/4147/998
f 4144/4144/995 4147/4147/998 4145/4145/996
f 4146/4146/997 4148/4148/999 4149/4149/1000
f 4146/4146/997 4149/4149/1000 4147/4147/998
f 4148/4148/999 4150/4150/1001 4151/4151/1002
f 4148/4148/999 4151/4151/1002 4149/4149/1000
f 4150/4150/1001 4152/4152/1003 4153/4153/1004
f 4150/4150/1001 4153/4153/1004 4151/4151/1002
f 4152/4152/1003 4154/4154/1005 4153/4153/1004
f 4154/4154/1005 4155/4155/1006 4153/4153/1004
f 4156/4156/1005 4116/4116/967 4119/4118/969
f 4156/4156/1005 4119/4118/969 4157/4157/1006
f 4119/4118/969 4118/4119/970 4158/4158/1007
f 4119/4118/969 4158/4158/1007 4159/4159/1008
f 4157/4157/1006 4119/4118/969 4160/4160/1009
f 4119/4118/969 4159/4159/1008 4160/4160/1009
f 4153/4153/1004 4155/4155/1006 4162/4161/1010
f 4155/4155/1006 4161/4162/1009 4162/4161/1010
f 4151/4151/1002 4153/4153/1004 4163/4163/1011
f 4153/4153/1004 4162/4161/1010 4163/4163/1011
f 4149/4149/1000 4151/4151/1002 4164/4164/1012
f 4151/4151/1002 4163/4163/1011 4164/4164/1012
f 4147/4147/998 4149/4149/1000 4165/4165/1013
f 4149/4149/1000 4164/4164/1012 4165/4165/1013
f 4145/4145/996 4147/4147/998 4166/4166/1014
f 4147/4147/998 4165/4165/1013 4166/4166/1014
f 4143/4143/994 4145/4145/996 4167/4167/1015
f 4145/4145/996 4166/4166/1014 4167/4167/1015
f 4141/4141/992 4143/4143/994 4168/4168/1016
f 4143/4143/994 4167/4167/1015 4168/4168/1016
f 4139/4139/990 4141/4141/992 4169/4169/1017
f 4141/4141/992 4168/4168/1016 4169/4169/1017
f 4137/4137/988 4139/4139/990 4169/4169/1017
f 4137/4137/988 4169/4169/1017 4170/4170/1018
f 4135/4135/986 4137/4137/988 4170/4170/1018
f 4135/4135/986 4170/4170/1018 4171/4171/1019
f 4133/4133/984 4135/4135/986 4172/4172/1020
f 4135/4135/986 4171/4171/1019 4172/4172/1020
f 4131/4131/982 4133/4133/984 4173/4173/1021
f 4133/4133/984 4172/4172/1020 4173/4173/1021
f 4129/4129/980 4131/4131/982 4173/4173/1021
f 4129/4129/980 4173/4173/1021 4174/4174/1022
f 4127/4127/978 4129/4129/980 4174/4174/1022
f 4127/4127/978 4174/4174/1022 4175/4175/1023
f 4125/4125/976 4127/4127/978 4175/4175/1023
f 4125/4125/976 4175/4175/1023 4176/4176/1024
f 4123/4123/974 4125/4125/976 4176/4176/1024
f 4123/4123/974 4176/4176/1024 4177/4177/1025
f 4121/4121/972 4123/4123/974 4177/4177/1025
f 4121/4121/972 4177/4177/1025 4178/4178/1026
f 4118/4119/970 4121/4121/972 4178/4178/1026
f 4118/4119/970 4178/4178/1026 4158/4158/1007
s 61
f 4179/4179/1027 4180/4180/1027 4182/4181/1028
f 4180/4180/1027 4181/4182/1028 4182/4181/1028
f 4180/4180/1027 4179/4179/1027 4184/4183/1029
f 4179/4179/1027 4183/4184/1029 4184/4183/1029
f 4184/4183/1029 4183/4184/1029 4186/4185/1030
f 4183/4184/1029 4185/4186/1030 4186/4185/1030
f 4186/4185/1030 4185/4186/1030 4188/4187/1031
f 4185/4186/1030 4187/4188/1031 4188/4187/1031
f 4188/4187/1031 4187/4188/1031 4190/4189/1032
f 4187/4188/1031 4189/4190/1032 4190/4189/1032
f 4190/4189/1032 4189/4190/1032 4192/4191/1033
f 4189/4190/1032 4191/4192/1033 4192/4191/1033
f 4192/4191/1033 4191/4192/1033 4194/4193/1034
f 4191/4192/1033 4193/4194/1034 4194/4193/1034
f 4194/4193/1034 4193/4194/1034 4196/4195/1035
f 4193/4194/1034 4195/4196/1035 4196/4195/1035
f 4196/4195/1035 4195/4196/1035 4198/4197/1036
f 4195/4196/1035 4197/4198/1036 4198/4197/1036
f 4198/4197/1036 4197/4198/1036 4200/4199/1037
f 4197/4198/1036 4199/4200/1037 4200/4199/1037
f 4200/4199/1037 4199/4200/1037 4202/4201/1038
f 4199/4200/1037 4201/4202/1038 4202/4201/1038
f 4202/4201/1038 4201/4202/1038 4204/4203/1039
f 4201/4202/1038 4203/4204/1039 4204/4203/1039
f 4204/4203/1039 4203/4204/1039 4206/4205/1040
f 4203/4204/1039 4205/4206/1040 4206/4205/1040
f 4206/4205/1040 4205/4206/1040 4208/4207/1041
f 4205/4206/1040 4207/4208/1041 4208/4207/1041
f 4208/4207/1041 4207/4208/1041 4210/4209/1042
f 4207/4208/1041 4209/4210/1042 4210/4209/1042
f 4210/4209/1042 4209/4210/1042 4212/4211/1043
f 4209/4210/1042 4211/4212/1043 4212/4211/1043
f 4212/4211/1043 4211/4212/1043 4214/4213/1044
f 4211/4212/1043 4213/4214/1044 4214/4213/1044
f 4214/4213/1044 4213/4214/1044 4216/4215/1045
f 4213/4214/1044 4215/4216/1045 4216/4215/1045
f 4216/4215/1045 4215/4216/1045 4218/4217/1046
f 4215/4216/1045 4217/4218/1046 4218/4217/1046
f 4218/4217/1046 4217/4218/1046 4220/4219/1028
f 4217/4218/1046 4219/4220/1028 4220/4219/1028
s 62
f 4221/4221/1047 4222/4222/1048 4224/4223/1047
f 4222/4222/1048 4223/4224/1048 4224/4223/1047
f 4222/4222/1048 4225/4225/1049 4223/4224/1048
f 4225/4225/1049 4226/4226/1049 4223/4224/1048
f 4225/4225/1049 4227/4227/1050 4226/4226/1049
f 4227/4227/1050 4228/4228/1050 4226/4226/1049
f 4227/4227/1050 4229/4229/949 4228/4228/1050
f 4229/4229/949 4230/4230/949 4228/4228/1050
f 4229/4229/949 4231/4231/1051 4230/4230/949
f 4231/4231/1051 4232/4232/1051 4230/4230/949
f 4231/4231/1051 4233/4233/1052 4232/4232/1051
f 4233/4233/1052 4234/4234/1052 4232/4232/1051
f 4233/4233/1052 4235/4235/1053 4234/4234/1052
f 4235/4235/1053 4236/4236/1053 4234/4234/1052
f 4235/4235/1053 4237/4237/1054 4236/4236/1053
f 4237/4237/1054 4238/4238/1054 4236/4236/1053
f 4237/4237/1054 4239/4239/919 4238/4238/1054
f 4239/4239/919 4240/4240/919 4238/4238/1054
f 4239/4239/919 4241/4241/1055 4240/4240/919
f 4241/4241/1055 4242/4242/1055 4240/4240/919
f 4241/4241/1055 4243/4243/1056 4242/4242/1055
f 4243/4243/1056 4244/4244/1056 4242/4242/1055
f 4243/4243/1056 4245/4245/1057 4244/4244/1056
f 4245/4245/1057 4246/4246/1057 4244/4244/1056
f 4245/4245/1057 4247/4247/1058 4246/4246/1057
f 4247/4247/1058 4248/4248/1058 4246/4246/1057
f 4247/4247/1058 4249/4249/947 4248/4248/1058
f 4249/4249/947 4250/4250/947 4248/4248/1058
f 4249/4249/947 4251/4251/1059 4250/4250/947
f 4251/4251/1059 4252/4252/1059 4250/4250/947
f 4251/4251/1059 4253/4253/1060 4252/4252/1059
f 4253/4253/1060 4254/4254/1060 4252/4252/1059
f 4253/4253/1060 4255/4255/1061 4254/4254/1060
f 4255/4255/1061 4256/4256/1061 4254/4254/1060
f 4255/4255/1061 4257/4257/1062 4256/4256/1061
f 4257/4257/1062 4258/4258/1062 4256/4256/1061
f 4257/4257/1062 4259/4259/922 4258/4258/1062
f 4259/4259/922 4260/4260/922 4258/4258/1062
f 4261/4261/922 4221/4221/1047 4262/4262/922
f 4221/4221/1047 4224/4223/1047 4262/4262/922
s 63
f 4263/4263/1063 4264/4264/1063 4266/4265/1064
f 4264/4264/1063 4265/4266/1064 4266/4265/1064
f 4264/4264/1063 4263/4263/1063 4268/4267/1065
f 4263/4263/1063 4267/4268/1065 4268/4267/1065
f 4268/4267/1065 4267/4268/1065 4270/4269/1066
f 4267/4268/1065 4269/4270/1066 4270/4269/1066
f 4270/4269/1066 4269/4270/1066 4272/4271/1067
f 4269/4270/1066 4271/4272/1068 4272/4271/1067
f 4272/4271/1067 4271/4272/1068 4273/4273/1069
f 4272/4271/1067 4273/4273/1069 4274/4274/1069
f 4274/4274/1069 4273/4273/1069 4276/4275/1070
f 4273/4273/1069 4275/4276/1071 4276/4275/1070
f 4276/4275/1070 4275/4276/1071 4278/4277/1072
f 4275/4276/1071 4277/4278/1072 4278/4277/1072
f 4278/4277/1072 4277/4278/1072 4280/4279/1073
f 4277/4278/1072 4279/4280/1073 4280/4279/1073
f 4280/4279/1073 4279/4280/1073 4282/4281/1074
f 4279/4280/1073 4281/4282/1074 4282/4281/1074
f 4282/4281/1074 4281/4282/1074 4284/4283/1075
f 4281/4282/1074 4283/4284/1075 4284/4283/1075
f 4284/4283/1075 4283/4284/1075 4286/4285/1076
f 4283/4284/1075 4285/4286/1077 4286/4285/1076
f 4286/4285/1076 4285/4286/1077 4288/4287/1078
f 4285/4286/1077 4287/4288/1079 4288/4287/1078
f 4288/4287/1078 4287/4288/1079 4290/4289/1080
f 4287/4288/1079 4289/4290/1081 4290/4289/1080
f 4290/4289/1080 4289/4290/1081 4291/4291/1082
f 4290/4289/1080 4291/4291/1082 4292/4292/1083
f 4292/4292/1083 4291/4291/1082 4293/4293/1084
f 4292/4292/1083 4293/4293/1084 4294/4294/1085
f 4295/4295/1085 4296/4296/1084 4298/4297/1086
f 4296/4296/1084 4297/4298/1087 4298/4297/1086
f 4298/4297/1086 4297/4298/1087 4300/4299/1088
f 4297/4298/1087 4299/4300/1089 4300/4299/1088
f 4300/4299/1088 4299/4300/1089 4302/4301/1090
f 4299/4300/1089 4301/4302/1091 4302/4301/1090
f 4302/4301/1090 4301/4302/1091 4304/4303/1092
f 4301/4302/1091 4303/4304/1093 4304/4303/1092
f 4304/4303/1092 4303/4304/1093 4265/4266/1064
f 4303/4304/1093 4266/4265/1064 4265/4266/1064
s 64
f 4305/4305/1094 4306/4306/1095 4308/4307/1094
f 4306/4306/1095 4307/4308/1095 4308/4307/1094
f 4306/4306/1095 4309/4309/1096 4307/4308/1095
f 4309/4309/1096 4310/4310/1097 4307/4308/1095
f 4309/4309/1096 4311/4311/1098 4310/4310/1097
f 4311/4311/1098 4312/4312/1099 4310/4310/1097
f 4311/4311/1098 4313/4313/1100 4312/4312/1099
f 4313/4313/1100 4314/4314/1101 4312/4312/1099
f 4313/4313/1100 4315/4315/1102 4314/4314/1101
f 4315/4315/1102 4316/4316/1103 4314/4314/1101
f 4315/4315/1102 4317/4317/1104 4316/4316/1103
f 4317/4317/1104 4318/4318/1105 4316/4316/1103
f 4317/4317/1104 4319/4319/1106 4318/4318/1105
f 4319/4319/1106 4320/4320/1106 4318/4318/1105
f 4319/4319/1106 4321/4321/1107 4320/4320/1106
f 4321/4321/1107 4322/4322/1107 4320/4320/1106
f 4321/4321/1107 4323/4323/1108 4322/4322/1107
f 4323/4323/1108 4324/4324/1108 4322/4322/1107
f 4323/4323/1108 4325/4325/1109 4324/4324/1108
f 4325/4325/1109 4326/4326/1110 4324/4324/1108
f 4325/4325/1109 4327/4327/1111 4326/4326/1110
f 4327/4327/1111 4328/4328/1112 4326/4326/1110
f 4327/4327/1111 4329/4329/1113 4328/4328/1112
f 4329/4329/1113 4330/4330/1114 4328/4328/1112
f 4329/4329/1113 4331/4331/1115 4330/4330/1114
f 4331/4331/1115 4332/4332/1116 4330/4330/1114
f 4331/4331/1115 4333/4333/1117 4332/4332/1116
f 4333/4333/1117 4334/4334/1117 4332/4332/1116
f 4335/4335/1117 4336/4336/1118 4338/4337/1119
f 4336/4336/1118 4337/4338/1120 4338/4337/1119
f 4336/4336/1118 4339/4339/1121 4337/4338/1120
f 4339/4339/1121 4340/4340/1122 4337/4338/1120
f 4339/4339/1121 4341/4341/1123 4342/4342/1124
f 4339/4339/1121 4342/4342/1124 4340/4340/1122
f 4341/4341/1123 4343/4343/1125 4344/4344/1126
f 4341/4341/1123 4344/4344/1126 4342/4342/1124
f 4343/4343/1125 4345/4345/1127 4344/4344/1126
f 4345/4345/1127 4346/4346/1127 4344/4344/1126
f 4345/4345/1127 4305/4305/1094 4346/4346/1127
f 4305/4305/1094 4308/4307/1094 4346/4346/1127
s 65
f 4347/4347/1128 4348/4348/1129 4350/4349/1128
f 4348/4348/1129 4349/4350/1129 4350/4349/1128
f 4348/4348/1129 4351/4351/1108 4349/4350/1129
f 4351/4351/1108 4352/4352/1108 4349/4350/1129
f 4353/4353/1130 4347/4347/1128 4354/4354/1130
f 4347/4347/1128 4350/4349/1128 4354/4354/1130
f 4355/4355/1131 4353/4353/1130 4356/4356/1132
f 4353/4353/1130 4354/4354/1130 4356/4356/1132
f 4357/4357/1133 4355/4355/1131 4358/4358/1134
f 4355/4355/1131 4356/4356/1132 4358/4358/1134
f 4359/4359/1135 4357/4357/1133 4360/4360/1136
f 4357/4357/1133 4358/4358/1134 4360/4360/1136
f 4361/4361/1137 4359/4359/1135 4362/4362/1137
f 4359/4359/1135 4360/4360/1136 4362/4362/1137
f 4363/4363/1138 4361/4361/1137 4364/4364/1138
f 4361/4361/1137 4362/4362/1137 4364/4364/1138
f 4365/4365/1139 4363/4363/1138 4366/4366/1139
f 4363/4363/1138 4364/4364/1138 4366/4366/1139
f 4367/4367/1127 4365/4365/1139 4368/4368/1127
f 4365/4365/1139 4366/4366/1139 4368/4368/1127
f 4369/4369/1140 4367/4367/1127 4370/4370/1141
f 4367/4367/1127 4368/4368/1127 4370/4370/1141
f 4371/4371/1142 4369/4369/1140 4370/4370/1141
f 4371/4371/1142 4370/4370/1141 4372/4372/1143
f 4373/4373/1144 4371/4371/1142 4374/4374/1145
f 4371/4371/1142 4372/4372/1143 4374/4374/1145
f 4375/4375/1146 4373/4373/1144 4376/4376/1147
f 4373/4373/1144 4374/4374/1145 4376/4376/1147
f 4377/4377/1148 4375/4375/1146 4378/4378/1149
f 4375/4375/1146 4376/4376/1147 4378/4378/1149
f 4379/4379/1150 4380/4380/1149 4382/4381/1151
f 4380/4380/1149 4381/4382/1149 4382/4381/1151
f 4383/4383/1152 4379/4379/1150 4384/4384/1153
f 4379/4379/1150 4382/4381/1151 4384/4384/1153
f 4385/4385/1154 4383/4383/1152 4386/4386/1155
f 4383/4383/1152 4384/4384/1153 4386/4386/1155
f 4387/4387/1156 4385/4385/1154 4388/4388/1157
f 4385/4385/1154 4386/4386/1155 4388/4388/1157
f 4351/4351/1108 4387/4387/1156 4352/4352/1108
f 4387/4387/1156 4388/4388/1157 4352/4352/1108
s 66
f 4389/4389/1158 4390/4390/1158 4392/4391/1159
f 4390/4390/1158 4391/4392/1159 4392/4391/1159
f 4390/4390/1158 4389/4389/1158 4394/4393/1160
f 4389/4389/1158 4393/4394/1160 4394/4393/1160
f 4394/4393/1160 4393/4394/1160 4396/4395/1161
f 4393/4394/1160 4395/4396/1161 4396/4395/1161
f 4396/4395/1161 4395/4396/1161 4398/4397/1162
f 4395/4396/1161 4397/4398/1163 4398/4397/1162
f 4398/4397/1162 4397/4398/1163 4399/4399/1164
f 4398/4397/1162 4399/4399/1164 4400/4400/1164
f 4400/4400/1164 4399/4399/1164 4402/4401/1165
f 4399/4399/1164 4401/4402/1166 4402/4401/1165
f 4402/4401/1165 4401/4402/1166 4404/4403/1167
f 4401/4402/1166 4403/4404/1167 4404/4403/1167
f 4404/4403/1167 4403/4404/1167 4406/4405/1168
f 4403/4404/1167 4405/4406/1169 4406/4405/1168
f 4406/4405/1168 4405/4406/1169 4408/4407/1170
f 4405/4406/1169 4407/4408/1170 4408/4407/1170
f 4408/4407/1170 4407/4408/1170 4410/4409/1171
f 4407/4408/1170 4409/4410/1171 4410/4409/1171
f 4410/4409/1171 4409/4410/1171 4412/4411/1172
f 4409/4410/1171 4411/4412/1173 4412/4411/1172
f 4412/4411/1172 4411/4412/1173 4414/4413/1174
f 4411/4412/1173 4413/4414/1175 4414/4413/1174
f 4414/4413/1174 4413/4414/1175 4416/4415/1176
f 4413/4414/1175 4415/4416/1177 4416/4415/1176
f 4416/4415/1176 4415/4416/1177 4417/4417/1178
f 4416/4415/1176 4417/4417/1178 4418/4418/1179
f 4418/4418/1179 4417/4417/1178 4419/4419/1180
f 4418/4418/1179 4419/4419/1180 4420/4420/1181
f 4420/4420/1181 4419/4419/1180 4422/4421/1182
f 4419/4419/1180 4421/4422/1183 4422/4421/1182
f 4423/4423/1182 4424/4424/1183 4426/4425/1184
f 4424/4424/1183 4425/4426/1185 4426/4425/1184
f 4426/4425/1184 4425/4426/1185 4428/4427/1186
f 4425/4426/1185 4427/4428/1187 4428/4427/1186
f 4428/4427/1186 4427/4428/1187 4430/4429/1188
f 4427/4428/1187 4429/4430/1189 4430/4429/1188
f 4430/4429/1188 4429/4430/1189 4391/4392/1159
f 4429/4430/1189 4392/4391/1159 4391/4392/1159
s 67
f 4431/4431/1190 4432/4432/1191 4434/4433/1190
f 4432/4432/1191 4433/4434/1191 4434/4433/1190
f 4432/4432/1191 4435/4435/1192 4433/4434/1191
f 4435/4435/1192 4436/4436/1193 4433/4434/1191
f 4435/4435/1192 4437/4437/1194 4436/4436/1193
f 4437/4437/1194 4438/4438/1195 4436/4436/1193
f 4437/4437/1194 4439/4439/1196 4438/4438/1195
f 4439/4439/1196 4440/4440/1197 4438/4438/1195
f 4439/4439/1196 4441/4441/1198 4440/4440/1197
f 4441/4441/1198 4442/4442/1199 4440/4440/1197
f 4441/4441/1198 4443/4443/1200 4442/4442/1199
f 4443/4443/1200 4444/4444/1201 4442/4442/1199
f 4443/4443/1200 4445/4445/1202 4444/4444/1201
f 4445/4445/1202 4446/4446/1202 4444/4444/1201
f 4445/4445/1202 4447/4447/1203 4446/4446/1202
f 4447/4447/1203 4448/4448/1203 4446/4446/1202
f 4447/4447/1203 4449/4449/1204 4448/4448/1203
f 4449/4449/1204 4450/4450/1205 4448/4448/1203
f 4449/4449/1204 4451/4451/1206 4450/4450/1205
f 4451/4451/1206 4452/4452/1207 4450/4450/1205
f 4451/4451/1206 4453/4453/1208 4452/4452/1207
f 4453/4453/1208 4454/4454/1209 4452/4452/1207
f 4453/4453/1208 4455/4455/1210 4454/4454/1209
f 4455/4455/1210 4456/4456/1211 4454/4454/1209
f 4455/4455/1210 4457/4457/1212 4456/4456/1211
f 4457/4457/1212 4458/4458/1213 4456/4456/1211
f 4457/4457/1212 4459/4459/1214 4458/4458/1213
f 4459/4459/1214 4460/4460/1214 4458/4458/1213
f 4459/4459/1214 4461/4461/1215 4460/4460/1214
f 4461/4461/1215 4462/4462/1216 4460/4460/1214
f 4463/4463/1215 4464/4464/1217 4466/4465/1216
f 4464/4464/1217 4465/4466/1218 4466/4465/1216
f 4464/4464/1217 4467/4467/1219 4468/4468/1220
f 4464/4464/1217 4468/4468/1220 4465/4466/1218
f 4467/4467/1219 4469/4469/1221 4470/4470/1222
f 4467/4467/1219 4470/4470/1222 4468/4468/1220
f 4469/4469/1221 4471/4471/1223 4470/4470/1222
f 4471/4471/1223 4472/4472/1224 4470/4470/1222
f 4471/4471/1223 4431/4431/1190 4472/4472/1224
f 4431/4431/1190 4434/4433/1190 4472/4472/1224
s 68
f 4473/4473/1225 4474/4474/1226 4476/4475/1225
f 4474/4474/1226 4475/4476/1226 4476/4475/1225
f 4474/4474/1226 4477/4477/1227 4475/4476/1226
f 4477/4477/1227 4478/4478/1228 4475/4476/1226
f 4479/4479/1229 4473/4473/1225 4480/4480/1229
f 4473/4473/1225 4476/4475/1225 4480/4480/1229
f 4481/4481/1230 4479/4479/1229 4482/4482/1231
f 4479/4479/1229 4480/4480/1229 4482/4482/1231
f 4483/4483/1232 4481/4481/1230 4484/4484/1233
f 4481/4481/1230 4482/4482/1231 4484/4484/1233
f 4485/4485/1234 4483/4483/1232 4486/4486/1235
f 4483/4483/1232 4484/4484/1233 4486/4486/1235
f 4487/4487/1236 4485/4485/1234 4488/4488/1237
f 4485/4485/1234 4486/4486/1235 4488/4488/1237
f 4489/4489/1238 4487/4487/1236 4490/4490/1238
f 4487/4487/1236 4488/4488/1237 4490/4490/1238
f 4491/4491/1239 4489/4489/1238 4492/4492/1239
f 4489/4489/1238 4490/4490/1238 4492/4492/1239
f 4493/4493/1240 4491/4491/1239 4494/4494/1241
f 4491/4491/1239 4492/4492/1239 4494/4494/1241
f 4495/4495/1242 4493/4493/1240 4496/4496/1243
f 4493/4493/1240 4494/4494/1241 4496/4496/1243
f 4497/4497/1244 4495/4495/1242 4496/4496/1243
f 4497/4497/1244 4496/4496/1243 4498/4498/1245
f 4499/4499/1246 4497/4497/1244 4498/4498/1245
f 4499/4499/1246 4498/4498/1245 4500/4500/1247
f 4501/4501/1248 4499/4499/1246 4502/4502/1249
f 4499/4499/1246 4500/4500/1247 4502/4502/1249
f 4503/4503/1250 4501/4501/1248 4504/4504/1250
f 4501/4501/1248 4502/4502/1249 4504/4504/1250
f 4505/4505/1251 4503/4503/1250 4506/4506/1252
f 4503/4503/1250 4504/4504/1250 4506/4506/1252
f 4507/4507/1253 4508/4508/1254 4510/4509/1255
f 4508/4508/1254 4509/4510/1252 4510/4509/1255
f 4511/4511/1256 4507/4507/1253 4512/4512/1257
f 4507/4507/1253 4510/4509/1255 4512/4512/1257
f 4513/4513/1258 4511/4511/1256 4514/4514/1259
f 4511/4511/1256 4512/4512/1257 4514/4514/1259
f 4477/4477/1227 4513/4513/1258 4478/4478/1228
f 4513/4513/1258 4514/4514/1259 4478/4478/1228
s 69
f 4515/4515/1260 4516/4516/1261 4518/4517/1260
f 4516/4516/1261 4517/4518/1261 4518/4517/1260
s 70
f 4519/4519/1262 4520/4520/1262 4522/4521/1263
f 4520/4520/1262 4521/4522/1262 4522/4521/1263
s 71
f 4523/4523/1264 4524/4524/1265 4525/4525/1265
f 4523/4523/1264 4525/4525/1265 4526/4526/1265
s 72
f 4527/4527/1266 4528/4528/1266 4530/4529/1266
f 4528/4528/1266 4529/4530/1266 4530/4529/1266
s 73
f 4531/4531/1267 4532/4532/1268 4534/4533/1267
f 4532/4532/1268 4533/4534/1267 4534/4533/1267
s 74
f 4535/4535/1269 4536/4536/1269 4537/4537/1269
f 4535/4535/1269 4537/4537/1269 4538/4538/1269
s 75
f 4539/4539/922 4540/4540/922 4542/4541/922
f 4540/4540/922 4541/4542/922 4542/4541/922
s 76
f 4543/4543/1270 4544/4544/1270 4545/4545/1270
f 4543/4543/1270 4545/4545/1270 4546/4546/1270
s 77
f 4547/4547/1271 4548/4548/1271 4550/4549/1271
f 4548/4548/1271 4549/4550/1271 4550/4549/1271
s 78
f 4551/4551/922 4552/4552/922 4553/4553/922
f 4551/4551/922 4553/4553/922 4554/4554/922
s 79
f 4555/4555/1272 4556/4556/1272 4558/4557/1272
f 4556/4556/1272 4557/4558/1272 4558/4557/1272
s 80
f 4559/4559/1273 4560/4560/1273 4561/4561/1273
f 4559/4559/1273 4561/4561/1273 4562/4562/1273
s 81
f 4563/4563/1274 4564/4564/1274 4565/4565/1275
f 4563/4563/1274 4565/4565/1275 4566/4566/1275
s 82
f 4567/4567/1276 4568/4568/1276 4569/4569/1276
f 4567/4567/1276 4569/4569/1276 4570/4570/1276
s 83
f 4571/4571/1277 4572/4572/1278 4574/4573/1278
f 4572/4572/1278 4573/4574/1278 4574/4573/1278
s 84
f 4575/4575/1279 4576/4576/1280 4577/4577/1279
f 4575/4575/1279 4577/4577/1279 4578/4578/1280
s 85
f 4579/4579/1281 4580/4580/1281 4582/4581/1281
f 4580/4580/1281 4581/4582/1281 4582/4581/1281
s 86
f 4583/4583/1282 4584/4584/1283 4585/4585/1284
f 4583/4583/1282 4585/4585/1284 4586/4586/1283
s 87
f 4587/4587/1285 4588/4588/1285 4589/4589/1285
f 4587/4587/1285 4589/4589/1285 4590/4590/1285
s 88
f 4591/4591/922 4592/4592/922 4594/4593/922
f 4592/4592/922 4593/4594/922 4594/4593/922
s 89
f 4595/4595/1286 4596/4596/1286 4597/4597/1286
f 4595/4595/1286 4597/4597/1286 4598/4598/1286
s 90
f 4599/4599/1287 4600/4600/1287 4601/4601/1287
f 4599/4599/1287 4601/4601/1287 4602/4602/1287
s 91
f 4603/4603/922 4604/4604/922 4605/4605/922
f 4603/4603/922 4605/4605/922 4606/4606/922
s 92
f 4607/4607/1288 4608/4608/1289 4610/4609/1288
f 4608/4608/1289 4609/4610/1288 4610/4609/1288
s 93
f 4611/4611/1290 4612/4612/1290 4613/4613/1290
f 4611/4611/1290 4613/4613/1290 4614/4614/1290
s 94
f 4615/4615/1291 4616/4616/1291 4618/4617/1291
f 4616/4616/1291 4617/4618/1291 4618/4617/1291
s 95
f 4619/4619/1127 4620/4620/1127 4622/4621/1127
f 4620/4620/1127 4621/4622/1127 4622/4621/1127
s 96
f 4623/4623/1108 4624/4624/1108 4626/4625/1108
f 4624/4624/1108 4625/4626/1108 4626/4625/1108
s 97
f 4627/4627/1292 4628/4628/1293 4630/4629/1294
f 4628/4628/1293 4629/4630/1295 4630/4629/1294
s 98
f 4631/4631/1296 4632/4632/1296 4633/4633/1297
f 4631/4631/1296 4633/4633/1297 4634/4634/1297
s 99
f 4635/4635/1298 4636/4636/1298 4638/4637/1298
f 4636/4636/1298 4637/4638/1298 4638/4637/1298
s 100
f 4639/4639/1299 4640/4640/1299 4642/4641/1299
f 4640/4640/1299 4641/4642/1299 4642/4641/1299
s 101
f 4643/4643/1300 4644/4644/1301 4646/4645/1302
f 4644/4644/1301 4645/4646/1303 4646/4645/1302
s 102
f 4647/4647/1304 4648/4648/1304 4650/4649/1304
f 4648/4648/1304 4649/4650/1304 4650/4649/1304
s 103
f 4651/4651/1305 4652/4652/1306 4654/4653/1307
f 4652/4652/1306 4653/4654/1308 4654/4653/1307
s 104
f 4655/4655/919 4656/4656/919 4658/4657/919
f 4656/4656/919 4657/4658/919 4658/4657/919
s 105
f 4659/4659/949 4660/4660/949 4661/4661/949
f 4659/4659/949 4661/4661/949 4662/4662/949
s 106
f 4663/4663/1309 4664/4664/1309 4666/4665/1309
f 4664/4664/1309 4665/4666/1309 4666/4665/1309
s 107
f 4667/4667/1310 4668/4668/1310 4670/4669/1310
f 4668/4668/1310 4669/4670/1310 4670/4669/1310
s 108
f 4671/4671/919 4672/4672/919 4674/4673/919
f 4672/4672/919 4673/4674/919 4674/4673/919
s 109
f 4675/4675/947 4676/4676/947 4678/4677/947
f 4676/4676/947 4677/4678/947 4678/4677/947
s 110
f 4679/4679/1311 4680/4680/1311 4682/4681/1312
f 4680/4680/1311 4681/4682/1313 4682/4681/1312
s 111
f 4683/4683/1314 4684/4684/1314 4685/4685/1314
f 4683/4683/1314 4685/4685/1314 4686/4686/1314
s 112
f 4687/4687/1315 4688/4688/1315 4690/4689/1315
f 4688/4688/1315 4689/4690/1315 4690/4689/1315
s 113
f 4691/4691/1316 4692/4692/1317 4693/4693/1317
f 4691/4691/1316 4693/4693/1317 4694/4694/1316
s 114
f 4695/4695/1318 4696/4696/1318 4697/4697/1318
f 4695/4695/1318 4697/4697/1318 4698/4698/1318
s 115
f 4699/4699/1108 4700/4700/1108 4702/4701/1108
f 4700/4700/1108 4701/4702/1108 4702/4701/1108
s 98
f 4703/4703/1319 4632/4632/1296 4631/4631/1296
f 4703/4703/1319 4631/4631/1296 4704/4704/1319
s 110
f 4705/4705/1320 4680/4680/1311 4706/4706/1321
f 4680/4680/1311 4679/4679/1311 4706/4706/1321
s 101
f 4707/4707/1322 4644/4644/1301 4643/4643/1300
f 4707/4707/1322 4643/4643/1300 4708/4708/1322
s 97
f 4630/4629/1294 4629/4630/1295 4710/4709/1323
f 4629/4630/1295 4709/4710/1324 4710/4709/1323
s 103
f 4653/4654/1308 4652/4652/1306 4711/4711/1325
f 4653/4654/1308 4711/4711/1325 4712/4712/1326
s 113
f 4693/4693/1317 4692/4692/1317 4714/4713/1327
f 4692/4692/1317 4713/4714/1328 4714/4713/1327
s 99
f 4637/4638/1298 4636/4636/1298 4716/4715/1298
f 4636/4636/1298 4715/4716/1298 4716/4715/1298
s 116
f 4717/4717/1127 4718/4718/1127 4720/4719/1127
f 4718/4718/1127 4719/4720/1127 4720/4719/1127
s 117
f 4721/4721/1108 4722/4722/1108 4724/4723/1108
f 4722/4722/1108 4723/4724/1108 4724/4723/1108
s 118
f 4725/4725/1292 4726/4726/1293 4728/4727/1294
f 4726/4726/1293 4727/4728/1295 4728/4727/1294
s 119
f 4729/4729/1296 4730/4730/1296 4731/4731/1329
f 4729/4729/1296 4731/4731/1329 4732/4732/1329
s 120
f 4733/4733/1298 4734/4734/1298 4736/4735/1298
f 4734/4734/1298 4735/4736/1298 4736/4735/1298
s 121
f 4737/4737/1299 4738/4738/1299 4740/4739/1299
f 4738/4738/1299 4739/4740/1299 4740/4739/1299
s 122
f 4741/4741/1300 4742/4742/1301 4744/4743/1302
f 4742/4742/1301 4743/4744/1330 4744/4743/1302
s 123
f 4745/4745/1304 4746/4746/1304 4748/4747/1304
f 4746/4746/1304 4747/4748/1304 4748/4747/1304
s 124
f 4749/4749/1305 4750/4750/1306 4752/4751/1307
f 4750/4750/1306 4751/4752/1308 4752/4751/1307
s 125
f 4753/4753/919 4754/4754/919 4756/4755/919
f 4754/4754/919 4755/4756/919 4756/4755/919
s 126
f 4757/4757/949 4758/4758/949 4759/4759/949
f 4757/4757/949 4759/4759/949 4760/4760/949
s 127
f 4761/4761/1309 4762/4762/1309 4764/4763/1309
f 4762/4762/1309 4763/4764/1309 4764/4763/1309
s 128
f 4765/4765/1310 4766/4766/1310 4768/4767/1310
f 4766/4766/1310 4767/4768/1310 4768/4767/1310
s 129
f 4769/4769/919 4770/4770/919 4772/4771/919
f 4770/4770/919 4771/4772/919 4772/4771/919
s 130
f 4773/4773/947 4774/4774/947 4776/4775/947
f 4774/4774/947 4775/4776/947 4776/4775/947
s 131
f 4777/4777/1311 4778/4778/1311 4780/4779/1312
f 4778/4778/1311 4779/4780/1331 4780/4779/1312
s 132
f 4781/4781/1314 4782/4782/1332 4783/4783/1314
f 4781/4781/1314 4783/4783/1314 4784/4784/1314
s 133
f 4785/4785/1315 4786/4786/1315 4788/4787/1315
f 4786/4786/1315 4787/4788/1315 4788/4787/1315
s 134
f 4789/4789/1316 4790/4790/1317 4791/4791/1317
f 4789/4789/1316 4791/4791/1317 4792/4792/1316
s 135
f 4793/4793/1318 4794/4794/1318 4795/4795/1318
f 4793/4793/1318 4795/4795/1318 4796/4796/1318
s 136
f 4797/4797/1108 4798/4798/1108 4800/4799/1108
f 4798/4798/1108 4799/4800/1108 4800/4799/1108
s 119
f 4801/4801/1319 4730/4730/1296 4729/4729/1296
f 4801/4801/1319 4729/4729/1296 4802/4802/1319
s 131
f 4803/4803/1320 4778/4778/1311 4804/4804/1320
f 4778/4778/1311 4777/4777/1311 4804/4804/1320
s 122
f 4805/4805/1322 4742/4742/1301 4741/4741/1300
f 4805/4805/1322 4741/4741/1300 4806/4806/1322
s 118
f 4728/4727/1294 4727/4728/1295 4808/4807/1333
f 4727/4728/1295 4807/4808/1324 4808/4807/1333
s 124
f 4751/4752/1308 4750/4750/1306 4809/4809/1325
f 4751/4752/1308 4809/4809/1325 4810/4810/1325
s 134
f 4791/4791/1317 4790/4790/1317 4812/4811/1327
f 4790/4790/1317 4811/4812/1328 4812/4811/1327
s 120
f 4735/4736/1298 4734/4734/1298 4814/4813/1298
f 4734/4734/1298 4813/4814/1298 4814/4813/1298
s 137
f 4815/4815/949 4816/4816/949 4818/4817/949
f 4816/4816/949 4817/4818/949 4818/4817/949
s 138
f 4819/4819/1334 4820/4820/1334 4822/4821/1334
f 4820/4820/1334 4821/4822/1334 4822/4821/1334
s 139
f 4823/4823/1335 4824/4824/1335 4826/4825/1335
f 4824/4824/1335 4825/4826/1335 4826/4825/1335
s 140
f 4827/4827/1127 4828/4828/1127 4829/4829/1127
f 4827/4827/1127 4829/4829/1127 4830/4830/1127
s 141
f 4831/4831/1108 4832/4832/1108 4834/4833/1108
f 4832/4832/1108 4833/4834/1108 4834/4833/1108
s 142
f 4835/4835/947 4836/4836/947 4838/4837/947
f 4836/4836/947 4837/4838/947 4838/4837/947
s 143
f 4839/4839/1336 4840/4840/1336 4842/4841/1336
f 4840/4840/1336 4841/4842/1336 4842/4841/1336
s 144
f 4843/4843/1337 4844/4844/1337 4846/4845/1337
f 4844/4844/1337 4845/4846/1337 4846/4845/1337
s 145
f 4847/4847/1108 4848/4848/1108 4849/4849/1108
f 4847/4847/1108 4849/4849/1108 4850/4850/1108
s 146
f 4851/4851/1127 4852/4852/1127 4854/4853/1127
f 4852/4852/1127 4853/4854/1127 4854/4853/1127
o textureEditorIsolateSelectSet_CHEOPS_LowPoly_pCube32_po_f350060_Mesh.023
v -1002.106140 -155.341156 563.921021
v -990.485901 -203.462555 566.241028
v -910.947998 -196.022400 584.757019
v -909.220276 -154.741608 583.042236
v -909.220276 -154.741608 583.042236
v -910.947998 -196.022400 584.757019
v -899.108215 -197.695908 548.344116
v -897.846069 -157.006119 545.623291
v -897.846069 -157.006119 545.623291
v -899.108215 -197.695908 548.344116
v -988.774048 -198.688965 525.897766
v -989.782349 -159.235428 525.969849
v -989.782349 -159.235428 525.969849
v -988.774048 -198.688965 525.897766
v -990.485901 -203.462555 566.241028
v -1002.106140 -155.341156 563.921021
vt 0.932090 0.291597
vt 0.903805 0.284950
vt 0.931850 0.235997
vt 0.907628 0.237025
vt 0.931850 0.235997
vt 0.907628 0.237025
vt 0.906870 0.214568
vt 0.930743 0.213056
vt 0.930743 0.213056
vt 0.906870 0.214568
vt 0.925062 0.158215
vt 0.902046 0.160588
vt 0.925062 0.158215
vt 0.902046 0.160588
vt 0.925159 0.134711
vt 0.896235 0.137469
vn -0.2285 0.0281 0.9731
vn -0.2141 0.0204 0.9766
vn -0.2277 0.0277 0.9733
vn 0.9535 -0.0185 0.3008
vn 0.9534 -0.0188 0.3012
vn 0.2437 -0.0230 -0.9696
vn 0.2263 -0.0329 -0.9735
vn 0.2445 -0.0225 -0.9694
vn -0.9736 -0.1449 -0.1762
usemtl Default
s 1
f 4855/4855/1338 4856/4856/1339 4858/4857/1340
f 4856/4856/1339 4857/4858/1339 4858/4857/1340
s 2
f 4859/4859/1341 4860/4860/1341 4861/4861/1342
f 4859/4859/1341 4861/4861/1342 4862/4862/1341
s 3
f 4863/4863/1343 4864/4864/1344 4866/4865/1345
f 4864/4864/1344 4865/4866/1344 4866/4865/1345
s 4
f 4867/4867/1346 4868/4868/1346 4870/4869/1346
f 4868/4868/1346 4869/4870/1346 4870/4869/1346
o CHEOPS_LowPoly_polySurface20_polySurface14_Mesh.024
v -392.839111 77.015320 230.157990
v -392.839111 64.103729 230.150391
v -666.564087 64.673004 230.154190
v -666.564087 77.584595 230.154190
v -666.564087 306.572998 -2.754134
v -392.839111 306.555664 -2.754134
v -392.839111 233.670837 164.402466
v -666.564087 233.946686 164.400681
v -666.564087 -98.929245 176.806427
v -392.839111 -99.188858 176.804703
v -399.855286 -196.419067 2.135899
v -704.970825 -196.419067 2.135899
v -392.839111 37.741455 -245.015839
v -392.839111 77.019409 -245.015839
v -666.564087 77.019409 -245.015839
v -666.564087 37.741455 -245.015839
v -666.564087 -107.532059 -183.827087
v -392.839111 -107.532059 -183.827087
v -666.564087 241.707275 -162.837265
v -392.839111 241.697601 -162.837265
v -392.839111 306.555664 -2.754134
v -666.564087 306.572998 -2.754134
v -399.855286 -196.419067 2.135655
v -704.970825 -196.419067 2.135655
vt 0.360568 0.636191
vt 0.361226 0.632733
vt 0.428245 0.651604
vt 0.429411 0.646895
vt 0.362390 0.768099
vt 0.315674 0.730838
vt 0.408517 0.709907
vt 0.347469 0.681565
vt 0.430817 0.587353
vt 0.362008 0.580507
vt 0.367332 0.512282
vt 0.425376 0.523325
vt 0.448412 0.648305
vt 0.448913 0.635710
vt 0.514183 0.650922
vt 0.514684 0.638327
vt 0.512335 0.697355
vt 0.446564 0.694738
vt 0.517032 0.579304
vt 0.451261 0.576690
vt 0.519516 0.516863
vt 0.453745 0.514250
vt 0.443800 0.764205
vt 0.509571 0.766822
vn -0.0004 -0.3617 -0.9323
vn 0.0004 0.2896 -0.9572
vn -0.0005 -0.3619 -0.9322
vn 0.0002 0.2895 -0.9572
vn -0.0004 -0.9169 -0.3990
vn -0.0006 -0.9168 -0.3992
vn -0.0006 -0.7128 -0.7014
vn -0.0006 -0.7125 -0.7016
vn 0.0003 0.6823 -0.7310
vn 0.0005 0.6631 -0.7485
vn 0.0003 0.8734 -0.4870
vn 0.0004 0.8735 -0.4869
vn 0.0000 0.3147 0.9492
vn 0.0000 -0.3737 0.9275
vn 0.0000 0.7466 0.6653
vn 0.0000 0.7302 0.6832
vn -0.0000 -0.7259 0.6878
vn -0.0000 -0.9268 0.3755
vn -0.0001 -0.9268 0.3755
vn 0.0000 0.9022 0.4313
usemtl solarpanels.005
s 1
f 4871/4871/1347 4872/4872/1348 4874/4873/1349
f 4872/4872/1348 4873/4874/1350 4874/4873/1349
f 4875/4875/1351 4876/4876/1352 4878/4877/1353
f 4876/4876/1352 4877/4878/1354 4878/4877/1353
f 4879/4879/1355 4880/4880/1356 4881/4881/1357
f 4879/4879/1355 4881/4881/1357 4882/4882/1358
s 2
f 4883/4883/1359 4884/4884/1360 4886/4885/1359
f 4884/4884/1360 4885/4886/1360 4886/4885/1359
f 4887/4887/1361 4888/4888/1362 4886/4885/1359
f 4888/4888/1362 4883/4883/1359 4886/4885/1359
f 4889/4889/1363 4890/4890/1363 4892/4891/1364
f 4890/4890/1363 4891/4892/1365 4892/4891/1364
s 1
f 4878/4877/1353 4877/4878/1354 4874/4873/1349
f 4877/4878/1354 4871/4871/1347 4874/4873/1349
s 2
f 4884/4884/1360 4890/4890/1363 4885/4886/1360
f 4890/4890/1363 4889/4889/1363 4885/4886/1360
f 4893/4893/1366 4888/4888/1362 4887/4887/1361
f 4893/4893/1366 4887/4887/1361 4894/4894/1366
s 1
f 4872/4872/1348 4880/4880/1356 4873/4874/1350
f 4880/4880/1356 4879/4879/1355 4873/4874/1350
o CHEOPS_LowPoly_polySurface14_polySurface18_Mesh.025
v -203.634338 -212.376877 -6.430364
v -203.634338 -198.797562 -91.247414
v -619.466370 -198.797562 -91.247414
v -619.466370 -212.376877 -6.430364
v -203.634338 -159.388397 -167.761887
v -619.466370 -159.388397 -167.761887
v -203.634338 -98.007034 -228.484177
v -619.466431 -98.007034 -228.484177
v -203.634338 -20.662048 -267.470276
v -619.466370 -20.662048 -267.470276
v -203.634338 65.075470 -280.903931
v -619.466370 65.075470 -280.903931
v -203.634460 150.812988 -267.470245
v -619.466431 150.812988 -267.470245
v -203.634338 228.157898 -228.484116
v -619.466370 228.157898 -228.484116
v -203.634338 289.539185 -167.761795
v -619.466370 289.539185 -167.761795
v -203.634338 328.948303 -91.247360
v -619.466431 328.948303 -91.247360
v -203.634338 342.527710 -6.430336
v -619.466431 342.527710 -6.430336
v -203.634338 328.948303 78.386620
v -619.466431 328.948303 78.386620
v -203.634338 289.539185 154.901154
v -619.466370 289.539185 154.901154
v -203.634338 228.157867 215.623398
v -619.466370 228.157867 215.623398
v -203.634338 150.812988 254.609451
v -619.466370 150.812988 254.609451
v -203.634338 65.075470 268.043091
v -619.466370 65.075470 268.043091
v -203.634338 -20.662033 254.609451
v -619.466370 -20.662018 254.609451
v -203.634338 -98.006989 215.623367
v -619.466431 -98.006973 215.623367
v -203.634338 -159.388214 154.901108
v -619.466370 -159.388214 154.901108
v -203.634338 -198.797455 78.386574
v -619.466370 -198.797455 78.386574
v -203.634338 -212.376877 -6.430364
v -619.466370 -212.376877 -6.430364
vt 0.881414 0.986505
vt 0.839316 0.986116
vt 0.883298 0.782708
vt 0.841200 0.782319
vt 0.797135 0.985726
vt 0.799019 0.781929
vt 0.754820 0.985335
vt 0.756704 0.781538
vt 0.712370 0.984942
vt 0.714254 0.781145
vt 0.669838 0.984549
vt 0.671722 0.780752
vt 0.627306 0.984155
vt 0.629190 0.780358
vt 0.584856 0.983763
vt 0.586740 0.779966
vt 0.542541 0.983372
vt 0.544425 0.779575
vt 0.500360 0.982982
vt 0.502244 0.779185
vt 0.458262 0.982593
vt 0.460146 0.778796
vt 0.416164 0.982203
vt 0.418048 0.778407
vt 0.373983 0.981813
vt 0.375867 0.778017
vt 0.331668 0.981422
vt 0.333552 0.777625
vt 0.289218 0.981030
vt 0.291102 0.777233
vt 0.246686 0.980637
vt 0.248570 0.776840
vt 0.204154 0.980243
vt 0.206038 0.776446
vt 0.161704 0.979851
vt 0.163589 0.776054
vt 0.119389 0.979460
vt 0.121273 0.775663
vt 0.077208 0.979070
vt 0.079092 0.775273
vt 0.035110 0.978680
vt 0.036994 0.774884
vn 0.0000 1.0000 -0.0000
vn 0.0000 0.9501 0.3119
vn 0.0000 0.8061 0.5917
vn -0.0000 0.5835 0.8121
vn 0.0000 0.5838 0.8119
vn -0.0000 0.3057 0.9521
vn 0.0000 0.3062 0.9520
vn 0.0000 -0.0000 1.0000
vn 0.0000 -0.3062 0.9520
vn 0.0000 -0.5835 0.8121
vn 0.0000 -0.8061 0.5917
vn 0.0000 -0.9501 0.3119
vn 0.0000 -1.0000 -0.0000
vn 0.0000 -0.9501 -0.3119
vn 0.0000 -0.8061 -0.5917
vn 0.0000 -0.5838 -0.8119
vn 0.0000 -0.3062 -0.9520
vn 0.0000 -0.3058 -0.9521
vn 0.0000 0.0000 -1.0000
vn 0.0000 0.3062 -0.9520
vn 0.0000 0.3057 -0.9521
vn 0.0000 0.5835 -0.8121
vn 0.0000 0.5838 -0.8119
vn 0.0000 0.8061 -0.5917
vn 0.0000 0.9501 -0.3119
usemtl fondo-objetivo.001
s 1
f 4895/4895/1367 4896/4896/1368 4898/4897/1367
f 4896/4896/1368 4897/4898/1368 4898/4897/1367
f 4896/4896/1368 4899/4899/1369 4897/4898/1368
f 4899/4899/1369 4900/4900/1369 4897/4898/1368
f 4899/4899/1369 4901/4901/1370 4900/4900/1369
f 4901/4901/1370 4902/4902/1371 4900/4900/1369
f 4901/4901/1370 4903/4903/1372 4902/4902/1371
f 4903/4903/1372 4904/4904/1373 4902/4902/1371
f 4903/4903/1372 4905/4905/1374 4904/4904/1373
f 4905/4905/1374 4906/4906/1374 4904/4904/1373
f 4905/4905/1374 4907/4907/1375 4906/4906/1374
f 4907/4907/1375 4908/4908/1375 4906/4906/1374
f 4907/4907/1375 4909/4909/1376 4908/4908/1375
f 4909/4909/1376 4910/4910/1376 4908/4908/1375
f 4909/4909/1376 4911/4911/1377 4910/4910/1376
f 4911/4911/1377 4912/4912/1377 4910/4910/1376
f 4911/4911/1377 4913/4913/1378 4912/4912/1377
f 4913/4913/1378 4914/4914/1378 4912/4912/1377
f 4913/4913/1378 4915/4915/1379 4914/4914/1378
f 4915/4915/1379 4916/4916/1379 4914/4914/1378
f 4915/4915/1379 4917/4917/1380 4916/4916/1379
f 4917/4917/1380 4918/4918/1380 4916/4916/1379
f 4917/4917/1380 4919/4919/1381 4918/4918/1380
f 4919/4919/1381 4920/4920/1381 4918/4918/1380
f 4919/4919/1381 4921/4921/1382 4920/4920/1381
f 4921/4921/1382 4922/4922/1382 4920/4920/1381
f 4921/4921/1382 4923/4923/1383 4922/4922/1382
f 4923/4923/1383 4924/4924/1384 4922/4922/1382
f 4923/4923/1383 4925/4925/1385 4924/4924/1384
f 4925/4925/1385 4926/4926/1385 4924/4924/1384
f 4925/4925/1385 4927/4927/1386 4926/4926/1385
f 4927/4927/1386 4928/4928/1387 4926/4926/1385
f 4927/4927/1386 4929/4929/1388 4928/4928/1387
f 4929/4929/1388 4930/4930/1389 4928/4928/1387
f 4929/4929/1388 4931/4931/1390 4930/4930/1389
f 4931/4931/1390 4932/4932/1390 4930/4930/1389
f 4931/4931/1390 4933/4933/1391 4932/4932/1390
f 4933/4933/1391 4934/4934/1391 4932/4932/1390
f 4933/4933/1391 4935/4935/1367 4934/4934/1391
f 4935/4935/1367 4936/4936/1367 4934/4934/1391
o CHEOPS_LowPoly_polySurface19_polySurface15_Mesh.026
v -621.823608 391.421265 -3.229426
v -437.579620 391.421265 -3.229426
v -437.579620 391.421265 -289.959625
v -622.140503 391.421265 -289.959625
v -622.140503 391.421265 281.840118
v -437.579620 391.421265 281.840118
v -437.579620 -29.493729 246.805466
v -437.579620 174.773926 243.465271
v -437.579620 75.560516 281.840088
v -437.579620 63.961761 281.840088
v -437.579620 63.961761 281.840088
v -437.579620 75.560516 281.840088
v -621.829956 76.073242 281.840088
v -621.829956 64.474426 281.840088
v -621.823608 175.285278 243.461853
v -621.823608 -28.982315 246.808868
v -621.829956 64.474426 281.840088
v -621.829956 76.073242 281.840088
v -621.985046 207.342255 281.840118
v -437.579620 207.085602 281.840118
v -437.579620 322.943481 281.840118
v -622.121704 322.974548 281.840118
v -437.579620 207.085602 281.840118
v -437.579620 216.289764 146.931885
v -437.579620 323.069946 -3.229431
v -437.579620 322.943481 281.840118
v -622.121704 322.974548 281.840118
v -621.823608 323.085510 -3.229431
v -621.823608 216.537567 146.930283
v -621.985046 207.342255 281.840118
v -622.140503 -197.645935 281.840088
v -437.579620 -197.645935 281.840088
v -437.579620 -78.337158 281.840088
v -621.998840 -78.103363 281.840088
v -437.579620 -197.645935 281.840088
v -437.579620 -197.645920 12.104633
v -437.579620 -154.627747 170.299759
v -437.579620 -78.337158 281.840088
v -621.998840 -78.103363 281.840088
v -621.823608 -154.394531 170.301300
v -621.823608 -197.645920 12.104633
v -622.140503 -197.645935 281.840088
v -437.579620 72.908020 -267.335419
v -437.579620 37.623566 -267.335419
v -437.579620 40.281067 -289.959656
v -437.579620 75.565521 -289.959656
v -437.579620 75.565521 -289.959656
v -437.579620 40.281067 -289.959656
v -621.848999 40.281067 -289.959656
v -621.839111 75.565521 -289.959656
v -621.823608 40.281067 -220.859711
v -621.823608 75.565521 -220.859711
v -621.839111 75.565521 -289.959656
v -621.848999 40.281067 -289.959656
v -622.140503 391.421265 -289.959625
v -437.579620 391.421265 -289.959625
v -437.579620 323.196228 -289.959625
v -622.122498 323.196411 -289.959625
v -437.579620 391.421265 -3.229426
v -437.579620 323.196228 -289.959625
v -437.579620 391.421265 -289.959625
v -622.122498 323.196411 -289.959625
v -621.823608 323.085510 -3.229431
v -621.823608 391.421265 -3.229426
v -622.140503 391.421265 -289.959625
v -437.579620 -59.780777 -227.416275
v -437.579620 -70.844849 -289.959656
v -437.579620 -70.844849 -289.959656
v -621.985107 -70.844849 -289.959656
v -621.985107 -70.844849 -289.959656
v -621.823608 -59.780777 -227.416275
v -437.579620 391.421265 281.840118
v -622.140503 391.421265 281.840118
v -621.823608 391.421265 -3.229426
v -622.140503 391.421265 281.840118
v -437.579620 391.421265 281.840118
v -437.579620 213.708557 -289.959625
v -621.997192 213.708649 -289.959625
v -621.997192 213.708649 -289.959625
v -621.823608 223.509125 -147.036469
v -437.579620 223.500427 -147.036469
v -437.579620 213.708557 -289.959625
v -437.579620 -197.645920 -9.778023
v -437.579620 -197.645905 -289.959656
v -437.579620 -197.645905 -289.959656
v -622.140503 -197.645905 -289.959656
v -622.140503 -197.645905 -289.959656
v -621.823608 -197.645920 -9.778023
vt 0.248899 0.384885
vt 0.249599 0.299606
vt 0.381613 0.386121
vt 0.382315 0.300696
vt 0.116952 0.383948
vt 0.117653 0.298523
vt 0.154002 0.147245
vt 0.153955 0.152613
vt 0.118853 0.152325
vt 0.118897 0.146956
vt 0.118897 0.146956
vt 0.118853 0.152325
vt 0.033613 0.146493
vt 0.033569 0.151862
vt 0.267492 0.572057
vt 0.267536 0.566057
vt 0.306728 0.572350
vt 0.306773 0.566349
vt 0.032999 0.212620
vt 0.118353 0.213202
vt 0.032496 0.266141
vt 0.117913 0.266828
vt 0.118353 0.213202
vt 0.180761 0.217975
vt 0.117913 0.266828
vt 0.249859 0.267969
vt 0.305776 0.700083
vt 0.158297 0.699041
vt 0.236392 0.644498
vt 0.306222 0.640261
vt 0.034465 0.025168
vt 0.119891 0.025869
vt 0.034077 0.080499
vt 0.119437 0.081092
vt 0.119891 0.025869
vt 0.244740 0.026894
vt 0.176741 0.079530
vt 0.119437 0.081092
vt 0.307322 0.492587
vt 0.243310 0.489839
vt 0.307783 0.430743
vt 0.168237 0.429703
vt 0.351531 0.154237
vt 0.351665 0.137905
vt 0.383649 0.138168
vt 0.383515 0.154499
vt 0.383515 0.154499
vt 0.383649 0.138168
vt 0.468800 0.155199
vt 0.468939 0.138868
vt 0.046798 0.551895
vt 0.046662 0.570149
vt 0.011049 0.551628
vt 0.010913 0.569883
vt 0.467740 0.301397
vt 0.382315 0.300696
vt 0.467991 0.269818
vt 0.382574 0.269117
vt 0.249599 0.299606
vt 0.382315 0.300696
vt 0.382574 0.269117
vt 0.009958 0.697993
vt 0.158297 0.699041
vt 0.009696 0.733288
vt 0.158033 0.734394
vt 0.384071 0.086732
vt 0.324416 0.084218
vt 0.469424 0.087433
vt 0.384071 0.086732
vt 0.011478 0.494138
vt 0.078191 0.492372
vt 0.032227 0.297822
vt 0.117653 0.298523
vt 0.158033 0.734394
vt 0.305512 0.735493
vt 0.117653 0.298523
vt 0.468349 0.219140
vt 0.382990 0.218440
vt 0.010381 0.641350
vt 0.084283 0.646971
vt 0.316799 0.222429
vt 0.382990 0.218440
vt 0.384553 0.028041
vt 0.254868 0.026977
vt 0.469978 0.028742
vt 0.384553 0.028041
vt 0.011967 0.428538
vt 0.156917 0.429619
vn 0.0000 1.0000 0.0000
vn 1.0000 0.0000 0.0000
vn 0.0000 0.0000 1.0000
vn -1.0000 -0.0021 -0.0021
vn -1.0000 0.0012 -0.0028
vn -1.0000 -0.0001 -0.0005
vn -1.0000 0.0001 -0.0005
vn -1.0000 -0.0008 -0.0011
vn -1.0000 -0.0004 -0.0011
vn -1.0000 -0.0016 -0.0011
vn -1.0000 -0.0016 -0.0015
vn -1.0000 0.0018 -0.0025
vn -1.0000 0.0026 -0.0019
vn -1.0000 0.0027 -0.0018
vn -1.0000 0.0026 -0.0018
vn 0.0000 0.0000 -1.0000
vn -1.0000 0.0004 0.0010
vn -1.0000 -0.0005 0.0005
vn -1.0000 0.0005 0.0011
vn -1.0000 -0.0007 0.0009
vn -1.0000 -0.0008 0.0011
vn -1.0000 -0.0004 0.0011
vn -1.0000 -0.0002 0.0011
vn -1.0000 0.0000 0.0011
vn -1.0000 0.0015 0.0013
vn -1.0000 0.0012 0.0016
vn -1.0000 0.0000 -0.0011
vn -1.0000 -0.0002 -0.0011
vn -1.0000 -0.0010 0.0011
vn -1.0000 -0.0012 0.0012
vn -1.0000 0.0016 0.0015
vn -1.0000 0.0018 0.0011
usemtl Tapa-tubo
s 1
f 4937/4937/1392 4938/4938/1392 4940/4939/1392
f 4938/4938/1392 4939/4940/1392 4940/4939/1392
f 4941/4941/1392 4942/4942/1392 4937/4937/1392
f 4942/4942/1392 4938/4938/1392 4937/4937/1392
s 2
f 4943/4943/1393 4944/4944/1393 4945/4945/1393
f 4943/4943/1393 4945/4945/1393 4946/4946/1393
s 3
f 4947/4947/1394 4948/4948/1394 4950/4949/1394
f 4948/4948/1394 4949/4950/1394 4950/4949/1394
s 4
f 4951/4951/1395 4952/4952/1396 4954/4953/1397
f 4952/4952/1396 4953/4954/1398 4954/4953/1397
s 3
f 4955/4955/1394 4956/4956/1394 4958/4957/1394
f 4956/4956/1394 4957/4958/1394 4958/4957/1394
s 2
f 4959/4959/1393 4960/4960/1393 4962/4961/1393
f 4960/4960/1393 4961/4962/1393 4962/4961/1393
s 4
f 4963/4963/1399 4964/4964/1400 4965/4965/1401
f 4963/4963/1399 4965/4965/1401 4966/4966/1402
s 3
f 4967/4967/1394 4968/4968/1394 4970/4969/1394
f 4968/4968/1394 4969/4970/1394 4970/4969/1394
s 2
f 4971/4971/1393 4972/4972/1393 4973/4973/1393
f 4971/4971/1393 4973/4973/1393 4974/4974/1393
s 4
f 4975/4975/1403 4976/4976/1404 4978/4977/1405
f 4976/4976/1404 4977/4978/1406 4978/4977/1405
s 2
f 4979/4979/1393 4980/4980/1393 4981/4981/1393
f 4979/4979/1393 4981/4981/1393 4982/4982/1393
s 5
f 4983/4983/1407 4984/4984/1407 4986/4985/1407
f 4984/4984/1407 4985/4986/1407 4986/4985/1407
s 6
f 4987/4987/1408 4988/4988/1409 4990/4989/1410
f 4988/4988/1409 4989/4990/1411 4990/4989/1410
s 5
f 4991/4991/1407 4992/4992/1407 4994/4993/1407
f 4992/4992/1407 4993/4994/1407 4994/4993/1407
s 2
f 4995/4995/1393 4961/4962/1393 4997/4996/1393
f 4961/4962/1393 4996/4997/1393 4997/4996/1393
s 6
f 4998/4998/1412 4999/4999/1413 5001/5000/1414
f 4999/4999/1413 5000/5001/1415 5001/5000/1414
s 2
f 4981/4981/1393 4980/4980/1393 5003/5002/1393
f 4980/4980/1393 5002/5003/1393 5003/5002/1393
s 5
f 4985/4986/1407 4984/4984/1407 5005/5004/1407
f 4984/4984/1407 5004/5005/1407 5005/5004/1407
s 6
f 5006/5006/1416 5007/5007/1417 4990/4989/1410
f 5007/5007/1417 4987/4987/1408 4990/4989/1410
s 3
f 4958/4957/1394 4957/4958/1394 5009/5008/1394
f 4957/4958/1394 5008/5009/1394 5009/5008/1394
s 4
f 5010/5010/1418 4964/4964/1400 5011/5011/1419
f 4964/4964/1400 4963/4963/1399 5011/5011/1419
s 2
f 4962/4961/1393 4961/4962/1393 5012/5012/1393
f 4961/4962/1393 4995/4995/1393 5012/5012/1393
s 5
f 4994/4993/1407 4993/4994/1407 5014/5013/1407
f 4993/4994/1407 5013/5014/1407 5014/5013/1407
s 6
f 5015/5015/1420 5016/5016/1421 4998/4998/1412
f 5016/5016/1421 4999/4999/1413 4998/4998/1412
s 2
f 4996/4997/1393 4961/4962/1393 5017/5017/1393
f 4996/4997/1393 5017/5017/1393 5018/5018/1393
f 4945/4945/1393 4944/4944/1393 4959/4959/1393
f 4944/4944/1393 4960/4960/1393 4959/4959/1393
s 4
f 4966/4966/1402 4965/4965/1401 4951/4951/1395
f 4966/4966/1402 4951/4951/1395 4954/4953/1397
s 3
f 4949/4950/1394 4948/4948/1394 4955/4955/1394
f 4948/4948/1394 4956/4956/1394 4955/4955/1394
s 6
f 4989/4990/1411 4988/4988/1409 5015/5015/1420
f 4988/4988/1409 5016/5016/1421 5015/5015/1420
s 2
f 5018/5018/1393 5017/5017/1393 4979/4979/1393
f 5018/5018/1393 4979/4979/1393 4982/4982/1393
s 5
f 5014/5013/1407 5013/5014/1407 4986/4985/1407
f 5013/5014/1407 4983/4983/1407 4986/4985/1407
s 2
f 5003/5002/1393 5002/5003/1393 5020/5019/1393
f 5002/5003/1393 5019/5020/1393 5020/5019/1393
s 5
f 5005/5004/1407 5004/5005/1407 5022/5021/1407
f 5004/5005/1407 5021/5022/1407 5022/5021/1407
s 6
f 5023/5023/1422 5024/5024/1423 5007/5007/1417
f 5023/5023/1422 5007/5007/1417 5006/5006/1416
s 3
f 4970/4969/1394 4969/4970/1394 4950/4949/1394
f 4969/4970/1394 4947/4947/1394 4950/4949/1394
s 4
f 4953/4954/1398 4952/4952/1396 4975/4975/1403
f 4952/4952/1396 4976/4976/1404 4975/4975/1403
s 2
f 4974/4974/1393 4973/4973/1393 4943/4943/1393
f 4974/4974/1393 4943/4943/1393 4946/4946/1393
o CHEOPS_LowPoly_polySurface15_polySurface17_Mesh.027
v -206.168457 -209.701111 -91.375427
v -203.634338 -198.797562 -91.247414
v -203.634338 -212.376877 -6.430364
v -206.168457 -223.841553 -3.053667
v -206.168457 -168.663452 -171.051605
v -203.634338 -159.388397 -167.761887
v -206.168457 -104.745773 -234.283020
v -203.634338 -98.007034 -228.484177
v -206.168457 -24.204865 -274.880035
v -203.634338 -20.662048 -267.470276
v -206.168457 65.075470 -288.868805
v -203.634338 65.075470 -280.903931
v -206.168457 154.355713 -274.880005
v -203.634460 150.812988 -267.470245
v -206.168396 234.896667 -234.282928
v -203.634338 228.157898 -228.484116
v -206.168457 298.814331 -171.051529
v -203.634338 289.539185 -167.761795
v -206.168457 339.851990 -91.375359
v -203.634338 328.948303 -91.247360
v -206.168457 353.992493 -3.053642
v -203.634338 342.527710 -6.430336
v -203.634338 342.527710 -6.430336
v -206.168457 339.851990 85.268028
v -203.634338 328.948303 78.386620
v -206.168457 298.814331 164.944244
v -203.634338 289.539185 154.901154
v -206.168396 234.896606 228.175583
v -203.634338 228.157867 215.623398
v -206.168457 154.355713 268.772614
v -203.634338 150.812988 254.609451
v -206.168457 65.075470 282.761353
v -203.634338 65.075470 268.043091
v -206.168457 -24.204834 268.772552
v -203.634338 -20.662033 254.609451
v -206.168457 -104.745712 228.175552
v -203.634338 -98.006989 215.623367
v -206.168457 -168.663300 164.944199
v -203.634338 -159.388214 154.901108
v -206.168457 -209.700958 85.267982
v -203.634338 -198.797455 78.386574
v -206.168457 -223.841553 -3.053667
v -203.634338 -212.376877 -6.430364
v -616.820435 -209.701111 -91.375427
v -616.820435 -168.663452 -171.051605
v -206.168457 -168.663452 -171.051605
v -206.168457 -209.701111 -91.375427
v -616.820435 -104.745773 -234.283020
v -206.168457 -104.745773 -234.283020
v -616.820435 -24.204865 -274.880035
v -206.168457 -24.204865 -274.880035
v -616.820435 65.075470 -288.868805
v -206.168457 65.075470 -288.868805
v -616.820435 154.355713 -274.880005
v -206.168457 154.355713 -274.880005
v -616.820435 234.896667 -234.282928
v -206.168396 234.896667 -234.282928
v -616.820435 298.814331 -171.051529
v -206.168457 298.814331 -171.051529
v -616.820435 339.851929 -91.375359
v -206.168457 339.851990 -91.375359
v -616.820435 353.992493 -3.053642
v -206.168457 353.992493 -3.053642
v -616.820435 339.851929 85.268028
v -206.168457 339.851990 85.268028
v -616.820435 298.814331 164.944244
v -206.168457 298.814331 164.944244
v -616.820435 234.896606 228.175583
v -206.168396 234.896606 228.175583
v -616.820435 154.355713 268.772614
v -206.168457 154.355713 268.772614
v -616.820435 65.075470 282.761353
v -206.168457 65.075470 282.761353
v -616.820435 -24.204834 268.772552
v -206.168457 -24.204834 268.772552
v -616.820435 -104.745712 228.175552
v -206.168457 -104.745712 228.175552
v -616.820435 -168.663300 164.944199
v -206.168457 -168.663300 164.944199
v -616.820435 -209.700958 85.267982
v -206.168457 -209.700958 85.267982
v -616.820435 -223.841553 -3.053667
v -206.168457 -223.841553 -3.053667
v -616.820435 -223.841553 -3.053667
v -206.168457 -223.841553 -3.053667
vt 0.121427 0.766607
vt 0.123849 0.762050
vt 0.084355 0.754653
vt 0.080792 0.759288
vt 0.161828 0.771522
vt 0.163680 0.767258
vt 0.202251 0.775447
vt 0.203598 0.771447
vt 0.242788 0.778828
vt 0.243601 0.774987
vt 0.283413 0.781816
vt 0.283660 0.778027
vt 0.323742 0.780462
vt 0.324048 0.784380
vt 0.363793 0.782391
vt 0.364608 0.786538
vt 0.403760 0.783602
vt 0.405042 0.788075
vt 0.443581 0.783700
vt 0.445385 0.788535
vt 0.482881 0.781571
vt 0.485759 0.786636
vt 0.485695 0.780972
vt 0.525456 0.783499
vt 0.526544 0.789324
vt 0.565755 0.783492
vt 0.566968 0.789705
vt 0.606323 0.782545
vt 0.607358 0.789068
vt 0.647086 0.781009
vt 0.647820 0.787736
vt 0.687956 0.778943
vt 0.688347 0.785835
vt 0.728872 0.783394
vt 0.728838 0.776628
vt 0.769316 0.780327
vt 0.769604 0.773732
vt 0.809657 0.776532
vt 0.810159 0.770224
vt 0.849928 0.771688
vt 0.850350 0.765785
vt 0.890125 0.764628
vt 0.889550 0.758992
vt 0.100629 0.954737
vt 0.142652 0.959790
vt 0.121427 0.766607
vt 0.161828 0.771522
vt 0.185094 0.964251
vt 0.202251 0.775447
vt 0.227796 0.968099
vt 0.242788 0.778828
vt 0.270652 0.971366
vt 0.283413 0.781816
vt 0.313568 0.974057
vt 0.324048 0.784380
vt 0.356455 0.976167
vt 0.364608 0.786538
vt 0.399262 0.977686
vt 0.405042 0.788075
vt 0.441946 0.978588
vt 0.445385 0.788535
vt 0.484417 0.978929
vt 0.485759 0.786636
vt 0.526393 0.979139
vt 0.526544 0.789324
vt 0.568990 0.979155
vt 0.566968 0.789705
vt 0.611876 0.978580
vt 0.607358 0.789068
vt 0.654920 0.977337
vt 0.647820 0.787736
vt 0.698012 0.975422
vt 0.688347 0.785835
vt 0.741042 0.972875
vt 0.728872 0.783394
vt 0.783905 0.969709
vt 0.769316 0.780327
vt 0.826492 0.965917
vt 0.809657 0.776532
vt 0.868713 0.961537
vt 0.849928 0.771688
vt 0.910465 0.956713
vt 0.890125 0.764628
vt 0.059402 0.949432
vt 0.080792 0.759288
vn 0.9721 -0.2252 -0.0657
vn 0.9711 -0.2247 -0.0807
vn 0.9761 -0.2174 -0.0057
vn 0.9768 -0.2139 0.0068
vn 0.9663 -0.2123 -0.1458
vn 0.9651 -0.2068 -0.1604
vn 0.9600 -0.1690 -0.2231
vn 0.9592 -0.1602 -0.2330
vn 0.9549 -0.0948 -0.2813
vn 0.9546 -0.0876 -0.2846
vn 0.9529 0.0000 -0.3032
vn 0.9547 0.0878 -0.2845
vn 0.9549 0.0948 -0.2812
vn 0.9592 0.1601 -0.2331
vn 0.9600 0.1690 -0.2231
vn 0.9651 0.2068 -0.1604
vn 0.9663 0.2123 -0.1458
vn 0.9711 0.2247 -0.0807
vn 0.9721 0.2252 -0.0657
vn 0.9761 0.2174 -0.0057
vn 0.9768 0.2139 0.0068
vn 0.9761 0.2174 -0.0056
vn 0.9799 0.1911 0.0581
vn 0.9803 0.1859 0.0665
vn 0.9825 0.1521 0.1075
vn 0.9828 0.1467 0.1124
vn 0.9842 0.1051 0.1423
vn 0.9843 0.1009 0.1445
vn 0.9852 0.0537 0.1628
vn 0.9852 0.0515 0.1634
vn 0.9855 -0.0000 0.1697
vn 0.9852 -0.0515 0.1634
vn 0.9852 -0.0534 0.1629
vn 0.9843 -0.1008 0.1446
vn 0.9842 -0.1049 0.1424
vn 0.9828 -0.1466 0.1126
vn 0.9825 -0.1520 0.1076
vn 0.9803 -0.1858 0.0666
vn 0.9799 -0.1911 0.0581
vn 0.9761 -0.2174 -0.0056
vn 0.0000 -0.9501 -0.3119
vn 0.0000 -0.8061 -0.5917
vn 0.0000 -0.5838 -0.8119
vn 0.0000 -0.3062 -0.9520
vn -0.0000 -0.3058 -0.9521
vn 0.0000 0.0000 -1.0000
vn 0.0000 0.3062 -0.9520
vn 0.0000 0.5834 -0.8122
vn 0.0000 0.8061 -0.5917
vn -0.0000 0.9501 -0.3119
vn -0.0000 1.0000 0.0000
vn -0.0000 0.9501 0.3119
vn -0.0000 0.8061 0.5917
vn 0.0000 0.5838 0.8119
vn 0.0000 0.3058 0.9521
vn 0.0000 -0.0000 1.0000
vn 0.0000 -0.3062 0.9520
vn -0.0000 -0.5835 0.8121
vn 0.0000 -0.5838 0.8119
vn 0.0000 -0.8061 0.5917
vn 0.0000 -0.9501 0.3119
vn 0.0000 -1.0000 -0.0000
usemtl Tapa-tubo.001
s 1
f 5025/5025/1424 5026/5026/1425 5027/5027/1426
f 5025/5025/1424 5027/5027/1426 5028/5028/1427
f 5026/5026/1425 5025/5025/1424 5029/5029/1428
f 5026/5026/1425 5029/5029/1428 5030/5030/1429
f 5030/5030/1429 5029/5029/1428 5031/5031/1430
f 5030/5030/1429 5031/5031/1430 5032/5032/1431
f 5032/5032/1431 5031/5031/1430 5033/5033/1432
f 5032/5032/1431 5033/5033/1432 5034/5034/1433
f 5034/5034/1433 5033/5033/1432 5035/5035/1434
f 5034/5034/1433 5035/5035/1434 5036/5036/1434
f 5036/5036/1434 5035/5035/1434 5038/5037/1435
f 5035/5035/1434 5037/5038/1436 5038/5037/1435
f 5038/5037/1435 5037/5038/1436 5040/5039/1437
f 5037/5038/1436 5039/5040/1438 5040/5039/1437
f 5040/5039/1437 5039/5040/1438 5042/5041/1439
f 5039/5040/1438 5041/5042/1440 5042/5041/1439
f 5042/5041/1439 5041/5042/1440 5044/5043/1441
f 5041/5042/1440 5043/5044/1442 5044/5043/1441
f 5044/5043/1441 5043/5044/1442 5046/5045/1443
f 5043/5044/1442 5045/5046/1444 5046/5045/1443
s 2
f 5047/5047/1445 5045/5046/1444 5049/5048/1446
f 5045/5046/1444 5048/5049/1447 5049/5048/1446
f 5049/5048/1446 5048/5049/1447 5051/5050/1448
f 5048/5049/1447 5050/5051/1449 5051/5050/1448
f 5051/5050/1448 5050/5051/1449 5053/5052/1450
f 5050/5051/1449 5052/5053/1451 5053/5052/1450
f 5053/5052/1450 5052/5053/1451 5055/5054/1452
f 5052/5053/1451 5054/5055/1453 5055/5054/1452
f 5055/5054/1452 5054/5055/1453 5057/5056/1454
f 5054/5055/1453 5056/5057/1454 5057/5056/1454
f 5057/5056/1454 5056/5057/1454 5058/5058/1455
f 5057/5056/1454 5058/5058/1455 5059/5059/1456
f 5059/5059/1456 5058/5058/1455 5060/5060/1457
f 5059/5059/1456 5060/5060/1457 5061/5061/1458
f 5061/5061/1458 5060/5060/1457 5062/5062/1459
f 5061/5061/1458 5062/5062/1459 5063/5063/1460
f 5063/5063/1460 5062/5062/1459 5064/5064/1461
f 5063/5063/1460 5064/5064/1461 5065/5065/1462
f 5065/5065/1462 5064/5064/1461 5066/5066/1427
f 5065/5065/1462 5066/5066/1427 5067/5067/1463
s 3
f 5068/5068/1464 5069/5069/1465 5071/5070/1464
f 5069/5069/1465 5070/5071/1465 5071/5070/1464
f 5069/5069/1465 5072/5072/1466 5070/5071/1465
f 5072/5072/1466 5073/5073/1466 5070/5071/1465
f 5072/5072/1466 5074/5074/1467 5073/5073/1466
f 5074/5074/1467 5075/5075/1468 5073/5073/1466
f 5074/5074/1467 5076/5076/1469 5075/5075/1468
f 5076/5076/1469 5077/5077/1469 5075/5075/1468
f 5076/5076/1469 5078/5078/1470 5077/5077/1469
f 5078/5078/1470 5079/5079/1470 5077/5077/1469
f 5078/5078/1470 5080/5080/1471 5079/5079/1470
f 5080/5080/1471 5081/5081/1471 5079/5079/1470
f 5080/5080/1471 5082/5082/1472 5081/5081/1471
f 5082/5082/1472 5083/5083/1472 5081/5081/1471
f 5082/5082/1472 5084/5084/1473 5083/5083/1472
f 5084/5084/1473 5085/5085/1473 5083/5083/1472
f 5084/5084/1473 5086/5086/1474 5085/5085/1473
f 5086/5086/1474 5087/5087/1474 5085/5085/1473
f 5086/5086/1474 5088/5088/1475 5087/5087/1474
f 5088/5088/1475 5089/5089/1475 5087/5087/1474
f 5088/5088/1475 5090/5090/1476 5089/5089/1475
f 5090/5090/1476 5091/5091/1476 5089/5089/1475
f 5090/5090/1476 5092/5092/1477 5091/5091/1476
f 5092/5092/1477 5093/5093/1477 5091/5091/1476
f 5092/5092/1477 5094/5094/1478 5093/5093/1477
f 5094/5094/1478 5095/5095/1478 5093/5093/1477
f 5094/5094/1478 5096/5096/1479 5095/5095/1478
f 5096/5096/1479 5097/5097/1479 5095/5095/1478
f 5096/5096/1479 5098/5098/1480 5097/5097/1479
f 5098/5098/1480 5099/5099/1480 5097/5097/1479
f 5098/5098/1480 5100/5100/1481 5099/5099/1480
f 5100/5100/1481 5101/5101/1482 5099/5099/1480
f 5100/5100/1481 5102/5102/1483 5101/5101/1482
f 5102/5102/1483 5103/5103/1483 5101/5101/1482
f 5102/5102/1483 5104/5104/1484 5103/5103/1483
f 5104/5104/1484 5105/5105/1484 5103/5103/1483
f 5104/5104/1484 5106/5106/1485 5105/5105/1484
f 5106/5106/1485 5107/5107/1485 5105/5105/1484
f 5108/5108/1485 5068/5068/1464 5109/5109/1485
f 5068/5068/1464 5071/5070/1464 5109/5109/1485
o CHEOPS_LowPoly_polySurface15_polySurface16_Mesh.028
v -416.802490 346.027954 -91.482208
v -416.802490 268.474060 -213.646973
v -416.802490 261.964172 -209.514282
v -416.802490 339.518066 -87.349525
v -288.494934 336.280334 -89.436432
v -288.494934 262.475098 -205.696259
v -288.494934 272.563110 -211.449661
v -288.494934 347.109863 -94.974541
v -303.429993 366.403931 -104.417458
v -303.429993 288.850037 -226.582214
v -399.680481 288.850037 -226.582214
v -399.680481 366.403931 -104.417458
v -395.723755 251.465088 -225.908401
v -302.573547 251.363525 -226.068420
v -300.620117 244.871094 -221.951553
v -396.870422 244.976074 -221.786224
v -303.429871 347.362732 -74.278305
v -399.680420 347.362732 -74.278320
v -399.680420 341.339722 -70.454735
v -303.429871 341.339722 -70.454720
v -399.680481 366.403931 -104.417458
v -399.680481 288.850037 -226.582214
v -399.680481 269.681396 -214.413406
v -399.680481 345.387085 -90.266968
v -399.680481 288.850037 -226.582214
v -303.429993 288.850037 -226.582214
v -303.429993 269.681396 -214.413406
v -399.680481 269.681396 -214.413406
v -303.429993 345.387085 -90.266968
v -303.429993 269.681396 -214.413406
v -303.429993 288.850037 -226.582214
v -303.429993 366.403931 -104.417458
v -303.429993 366.403931 -104.417458
v -399.680481 366.403931 -104.417458
v -399.680481 345.387085 -90.266968
v -303.429993 345.387085 -90.266968
v -399.680481 345.387085 -90.266968
v -399.680481 269.681396 -214.413406
v -416.802490 268.474060 -213.646973
v -416.802490 346.027954 -91.482208
v -399.680481 269.681396 -214.413406
v -399.680481 261.022400 -208.916382
v -416.802490 261.964172 -209.514282
v -416.802490 268.474060 -213.646973
v -399.680481 338.576233 -86.751633
v -399.680481 345.387085 -90.266968
v -416.802490 346.027954 -91.482208
v -416.802490 339.518066 -87.349525
v -303.429993 261.022400 -208.916382
v -303.429993 269.681396 -214.413406
v -288.494934 272.563110 -211.449661
v -288.494934 262.475098 -205.696259
v -303.429993 269.681396 -214.413406
v -303.429993 345.387085 -90.266968
v -288.494934 347.109863 -94.974541
v -288.494934 272.563110 -211.449661
v -303.429993 345.387085 -90.266968
v -303.429993 338.576233 -86.751633
v -288.494934 336.280334 -89.436432
v -288.494934 347.109863 -94.974541
v -399.680481 269.681396 -214.413406
v -303.429993 269.681396 -214.413406
v -302.573547 251.363525 -226.068420
v -395.723755 251.465088 -225.908401
v -303.429993 269.681396 -214.413406
v -303.429993 261.022400 -208.916382
v -300.620117 244.871094 -221.951553
v -302.573547 251.363525 -226.068420
v -399.680481 261.022400 -208.916382
v -399.680481 269.681396 -214.413406
v -395.723755 251.465088 -225.908401
v -396.870422 244.976074 -221.786224
v -303.429993 345.387085 -90.266968
v -399.680481 345.387085 -90.266968
v -399.680420 347.362732 -74.278320
v -303.429871 347.362732 -74.278305
v -399.680481 345.387085 -90.266968
v -399.680481 338.576233 -86.751633
v -399.680420 341.339722 -70.454735
v -399.680420 347.362732 -74.278320
v -303.429993 338.576233 -86.751633
v -303.429993 345.387085 -90.266968
v -303.429871 347.362732 -74.278305
v -303.429871 341.339722 -70.454720
v -401.157776 353.066284 23.639664
v -401.157776 353.066284 -36.524258
v -401.157776 343.047302 -36.524258
v -401.157776 343.047302 23.639664
v -326.568176 344.924011 23.639683
v -326.568176 344.924011 -36.524246
v -326.568176 351.300110 -36.524246
v -326.568176 351.300110 23.639683
v -335.653503 390.155151 22.833918
v -335.653503 390.155151 -31.016954
v -390.754150 390.155151 -31.016954
v -390.754150 390.155151 22.833918
v -393.818298 351.179871 -50.423500
v -335.216797 351.179871 -50.423500
v -333.987915 341.191162 -50.423500
v -394.539734 341.191162 -50.423500
v -333.987854 348.308655 44.368259
v -394.539612 348.308655 44.368256
v -394.539612 345.094910 44.368256
v -333.987854 345.094910 44.368259
v -390.754150 390.155151 22.833918
v -390.754150 390.155151 -31.016954
v -390.754150 354.565857 -31.016956
v -390.754150 354.565857 22.833916
v -390.754150 390.155151 -31.016954
v -335.653503 390.155151 -31.016954
v -335.653503 354.565857 -31.016956
v -390.754150 354.565857 -31.016956
v -335.653503 354.565857 22.833916
v -335.653503 354.565857 -31.016956
v -335.653503 390.155151 -31.016954
v -335.653503 390.155151 22.833918
v -335.653503 390.155151 22.833918
v -390.754150 390.155151 22.833918
v -390.754150 354.565857 22.833916
v -335.653503 354.565857 22.833916
v -390.754150 354.565857 22.833916
v -390.754150 354.565857 -31.016956
v -401.157776 353.066284 -36.524258
v -401.157776 353.066284 23.639664
v -390.754150 354.565857 -31.016956
v -394.539673 347.327454 -36.524246
v -401.157776 343.047302 -36.524258
v -401.157776 353.066284 -36.524258
v -394.539673 347.327454 23.639671
v -390.754150 354.565857 22.833916
v -401.157776 353.066284 23.639664
v -401.157776 343.047302 23.639664
v -333.987854 347.327454 -36.524246
v -335.653503 354.565857 -31.016956
v -326.568176 351.300110 -36.524246
v -326.568176 344.924011 -36.524246
v -335.653503 354.565857 -31.016956
v -335.653503 354.565857 22.833916
v -326.568176 351.300110 23.639683
v -326.568176 351.300110 -36.524246
v -335.653503 354.565857 22.833916
v -333.987854 347.327454 23.639671
v -326.568176 344.924011 23.639683
v -326.568176 351.300110 23.639683
v -390.754150 354.565857 -31.016956
v -335.653503 354.565857 -31.016956
v -335.216797 351.179871 -50.423500
v -393.818298 351.179871 -50.423500
v -335.653503 354.565857 -31.016956
v -333.987854 347.327454 -36.524246
v -333.987915 341.191162 -50.423500
v -335.216797 351.179871 -50.423500
v -394.539673 347.327454 -36.524246
v -390.754150 354.565857 -31.016956
v -393.818298 351.179871 -50.423500
v -394.539734 341.191162 -50.423500
v -335.653503 354.565857 22.833916
v -390.754150 354.565857 22.833916
v -394.539612 348.308655 44.368256
v -333.987854 348.308655 44.368259
v -390.754150 354.565857 22.833916
v -394.539673 347.327454 23.639671
v -394.539612 345.094910 44.368256
v -394.539612 348.308655 44.368256
v -333.987854 347.327454 23.639671
v -335.653503 354.565857 22.833916
v -333.987854 348.308655 44.368259
v -333.987854 345.094910 44.368259
vt 0.518957 0.274015
vt 0.520353 0.400116
vt 0.512237 0.274089
vt 0.513633 0.400191
vt 0.685842 0.278458
vt 0.681994 0.398410
vt 0.671905 0.397607
vt 0.675324 0.277137
vt 0.639856 0.274553
vt 0.638994 0.400659
vt 0.555975 0.273980
vt 0.555113 0.400086
vt 0.558297 0.438668
vt 0.639475 0.439373
vt 0.557240 0.445359
vt 0.641120 0.446087
vt 0.640103 0.238433
vt 0.556222 0.237860
vt 0.640145 0.232215
vt 0.556264 0.231642
vt 0.555975 0.273980
vt 0.555113 0.400086
vt 0.535326 0.399951
vt 0.533907 0.273234
vt 0.555113 0.400086
vt 0.638994 0.400659
vt 0.554978 0.419873
vt 0.638858 0.420447
vt 0.661932 0.274109
vt 0.658781 0.400794
vt 0.639856 0.274553
vt 0.638994 0.400659
vt 0.639856 0.274553
vt 0.555975 0.273980
vt 0.640007 0.252473
vt 0.556126 0.251899
vt 0.533907 0.273234
vt 0.535326 0.399951
vt 0.518957 0.274015
vt 0.520353 0.400116
vt 0.535326 0.399951
vt 0.534681 0.408866
vt 0.520353 0.400116
vt 0.519868 0.406819
vt 0.534008 0.266555
vt 0.533907 0.273234
vt 0.519073 0.267296
vt 0.518957 0.274015
vt 0.660407 0.409584
vt 0.658781 0.400794
vt 0.673631 0.407580
vt 0.671905 0.397607
vt 0.658781 0.400794
vt 0.661932 0.274109
vt 0.671905 0.397607
vt 0.675324 0.277137
vt 0.661932 0.274109
vt 0.661838 0.267430
vt 0.675183 0.266537
vt 0.675324 0.277137
vt 0.554978 0.419873
vt 0.638858 0.420447
vt 0.558297 0.438668
vt 0.639475 0.439373
vt 0.638858 0.420447
vt 0.647072 0.423973
vt 0.639475 0.439373
vt 0.645792 0.442181
vt 0.547648 0.424988
vt 0.554978 0.419873
vt 0.558297 0.438668
vt 0.552632 0.442381
vt 0.640007 0.252473
vt 0.556126 0.251899
vt 0.640103 0.238433
vt 0.556222 0.237860
vt 0.556126 0.251899
vt 0.549875 0.249544
vt 0.556222 0.237860
vt 0.550622 0.235158
vt 0.646289 0.250203
vt 0.640007 0.252473
vt 0.640103 0.238433
vt 0.645739 0.235808
vt 0.520790 0.057434
vt 0.519758 0.109857
vt 0.512060 0.057262
vt 0.511028 0.109685
vt 0.653949 0.060056
vt 0.652916 0.112479
vt 0.648393 0.059946
vt 0.647361 0.112369
vt 0.608957 0.059872
vt 0.608033 0.106794
vt 0.560946 0.058927
vt 0.560021 0.105849
vt 0.556403 0.153972
vt 0.607465 0.154977
vt 0.555603 0.162663
vt 0.608364 0.163702
vt 0.611403 0.009351
vt 0.558643 0.008312
vt 0.611459 0.006550
vt 0.558697 0.005511
vt 0.560946 0.058927
vt 0.560021 0.105849
vt 0.529935 0.058316
vt 0.529011 0.105238
vt 0.560021 0.105849
vt 0.608033 0.106794
vt 0.559411 0.136859
vt 0.607422 0.137805
vt 0.639967 0.060483
vt 0.639043 0.107405
vt 0.608957 0.059872
vt 0.608033 0.106794
vt 0.608957 0.059872
vt 0.560946 0.058927
vt 0.609568 0.028862
vt 0.561556 0.027916
vt 0.529935 0.058316
vt 0.529011 0.105238
vt 0.520790 0.057434
vt 0.519758 0.109857
vt 0.529011 0.105238
vt 0.526495 0.113447
vt 0.519758 0.109857
vt 0.521704 0.118369
vt 0.526303 0.052153
vt 0.529935 0.058316
vt 0.520790 0.057434
vt 0.520358 0.048713
vt 0.640638 0.115304
vt 0.639043 0.107405
vt 0.647361 0.112369
vt 0.646917 0.117908
vt 0.639043 0.107405
vt 0.639967 0.060483
vt 0.648393 0.059946
vt 0.647361 0.112369
vt 0.639967 0.060483
vt 0.643159 0.054808
vt 0.648393 0.059946
vt 0.649954 0.054613
vt 0.559411 0.136859
vt 0.607422 0.137805
vt 0.607465 0.154977
vt 0.556403 0.153972
vt 0.607422 0.137805
vt 0.612986 0.143634
vt 0.607465 0.154977
vt 0.616102 0.156503
vt 0.552531 0.141996
vt 0.559411 0.136859
vt 0.556403 0.153972
vt 0.547682 0.154318
vt 0.609568 0.028862
vt 0.561556 0.027916
vt 0.611403 0.009351
vt 0.558643 0.008312
vt 0.561556 0.027916
vt 0.554676 0.025957
vt 0.558643 0.008312
vt 0.555884 0.007827
vt 0.615776 0.026900
vt 0.609568 0.028862
vt 0.611403 0.009351
vt 0.614150 0.008803
vn -1.0000 0.0000 0.0000
vn 1.0000 -0.0000 0.0000
vn 0.0000 0.8442 -0.5360
vn -0.0020 -0.5360 -0.8442
vn 0.0000 0.5360 0.8442
vn 0.0000 -0.5360 -0.8442
vn 0.0000 0.5585 0.8295
vn -0.0071 0.8490 -0.5283
vn -0.0229 0.4978 0.8670
vn 0.2445 -0.4989 -0.8314
vn 0.2445 -0.4990 -0.8314
vn -0.1596 0.8373 -0.5229
vn 0.2232 0.4451 0.8672
vn 0.2230 0.4448 0.8674
vn -0.0004 0.5352 -0.8447
vn -0.0004 0.5353 -0.8447
vn 0.9929 0.1175 -0.0166
vn -0.9787 -0.0520 -0.1986
vn -0.9787 -0.0521 -0.1986
vn 0.0000 0.9925 -0.1226
vn 0.0000 1.0000 0.0000
vn 0.0000 0.0000 -1.0000
vn 0.0000 0.0000 1.0000
vn -0.1427 0.9898 0.0000
vn 0.2191 0.2527 -0.9424
vn 0.0337 0.0389 0.9987
vn 0.0340 0.0392 0.9987
vn 0.0339 0.0391 0.9987
vn -0.1867 0.3487 -0.9185
vn -0.1867 0.3487 -0.9184
vn 0.3383 0.9411 0.0000
vn -0.0297 0.0554 0.9980
vn -0.0297 0.0555 0.9980
vn 0.0000 0.9851 -0.1719
vn 0.9834 0.1773 -0.0378
vn -0.9687 0.2475 0.0183
vn -0.9687 0.2476 0.0184
vn -0.9687 0.2476 0.0183
vn 0.0000 0.9603 0.2790
vn -0.9405 0.3394 -0.0161
vn -0.9405 0.3394 -0.0160
vn 0.9876 0.1568 -0.0074
usemtl Tapa-tubo.002
s 1
f 5110/5110/1486 5111/5111/1486 5113/5112/1486
f 5111/5111/1486 5112/5113/1486 5113/5112/1486
s 2
f 5114/5114/1487 5115/5115/1487 5116/5116/1487
f 5114/5114/1487 5116/5116/1487 5117/5117/1487
s 3
f 5118/5118/1488 5119/5119/1488 5121/5120/1488
f 5119/5119/1488 5120/5121/1488 5121/5120/1488
s 4
f 5122/5122/1489 5123/5123/1489 5125/5124/1489
f 5123/5123/1489 5124/5125/1489 5125/5124/1489
s 5
f 5126/5126/1490 5127/5127/1490 5129/5128/1490
f 5127/5127/1490 5128/5129/1490 5129/5128/1490
s 6
f 5130/5130/1486 5131/5131/1486 5132/5132/1486
f 5130/5130/1486 5132/5132/1486 5133/5133/1486
s 7
f 5134/5134/1491 5135/5135/1491 5137/5136/1491
f 5135/5135/1491 5136/5137/1491 5137/5136/1491
s 8
f 5138/5138/1487 5139/5139/1487 5141/5140/1487
f 5139/5139/1487 5140/5141/1487 5141/5140/1487
s 9
f 5142/5142/1492 5143/5143/1492 5145/5144/1492
f 5143/5143/1492 5144/5145/1492 5145/5144/1492
s 10
f 5146/5146/1493 5147/5147/1493 5149/5148/1493
f 5147/5147/1493 5148/5149/1493 5149/5148/1493
s 11
f 5150/5150/1491 5151/5151/1491 5153/5152/1491
f 5151/5151/1491 5152/5153/1491 5153/5152/1491
s 12
f 5154/5154/1494 5155/5155/1494 5157/5156/1494
f 5155/5155/1494 5156/5157/1494 5157/5156/1494
s 13
f 5158/5158/1495 5159/5159/1496 5161/5160/1496
f 5159/5159/1496 5160/5161/1496 5161/5160/1496
s 14
f 5162/5162/1497 5163/5163/1497 5165/5164/1497
f 5163/5163/1497 5164/5165/1497 5165/5164/1497
s 15
f 5166/5166/1498 5167/5167/1498 5168/5168/1499
f 5166/5166/1498 5168/5168/1499 5169/5169/1498
s 16
f 5170/5170/1500 5171/5171/1500 5173/5172/1501
f 5171/5171/1500 5172/5173/1501 5173/5172/1501
s 17
f 5174/5174/1502 5175/5175/1502 5177/5176/1502
f 5175/5175/1502 5176/5177/1502 5177/5176/1502
s 18
f 5178/5178/1503 5179/5179/1503 5180/5180/1503
f 5178/5178/1503 5180/5180/1503 5181/5181/1504
s 19
f 5182/5182/1505 5183/5183/1505 5185/5184/1505
f 5183/5183/1505 5184/5185/1505 5185/5184/1505
s 20
f 5186/5186/1486 5187/5187/1486 5189/5188/1486
f 5187/5187/1486 5188/5189/1486 5189/5188/1486
s 21
f 5190/5190/1487 5191/5191/1487 5192/5192/1487
f 5190/5190/1487 5192/5192/1487 5193/5193/1487
s 22
f 5194/5194/1486 5195/5195/1486 5197/5196/1486
f 5195/5195/1486 5196/5197/1486 5197/5196/1486
s 23
f 5198/5198/1487 5199/5199/1487 5201/5200/1487
f 5199/5199/1487 5200/5201/1487 5201/5200/1487
s 24
f 5202/5202/1506 5203/5203/1506 5205/5204/1506
f 5203/5203/1506 5204/5205/1506 5205/5204/1506
s 25
f 5206/5206/1507 5207/5207/1507 5209/5208/1507
f 5207/5207/1507 5208/5209/1507 5209/5208/1507
s 26
f 5210/5210/1508 5211/5211/1508 5213/5212/1508
f 5211/5211/1508 5212/5213/1508 5213/5212/1508
s 27
f 5214/5214/1486 5215/5215/1486 5217/5216/1486
f 5215/5215/1486 5216/5217/1486 5217/5216/1486
s 28
f 5218/5218/1507 5219/5219/1507 5221/5220/1507
f 5219/5219/1507 5220/5221/1507 5221/5220/1507
s 29
f 5222/5222/1487 5223/5223/1487 5225/5224/1487
f 5223/5223/1487 5224/5225/1487 5225/5224/1487
s 30
f 5226/5226/1508 5227/5227/1508 5229/5228/1508
f 5227/5227/1508 5228/5229/1508 5229/5228/1508
s 31
f 5230/5230/1509 5231/5231/1509 5233/5232/1509
f 5231/5231/1509 5232/5233/1509 5233/5232/1509
s 32
f 5234/5234/1510 5235/5235/1510 5237/5236/1510
f 5235/5235/1510 5236/5237/1510 5237/5236/1510
s 33
f 5238/5238/1511 5239/5239/1512 5240/5240/1513
f 5238/5238/1511 5240/5240/1513 5241/5241/1512
s 34
f 5242/5242/1514 5243/5243/1514 5244/5244/1514
f 5242/5242/1514 5244/5244/1514 5245/5245/1515
s 35
f 5246/5246/1516 5247/5247/1516 5248/5248/1516
f 5246/5246/1516 5248/5248/1516 5249/5249/1516
s 36
f 5250/5250/1517 5251/5251/1518 5253/5252/1517
f 5251/5251/1518 5252/5253/1518 5253/5252/1517
s 37
f 5254/5254/1519 5255/5255/1519 5256/5256/1519
f 5254/5254/1519 5256/5256/1519 5257/5257/1519
s 38
f 5258/5258/1520 5259/5259/1520 5261/5260/1520
f 5259/5259/1520 5260/5261/1520 5261/5260/1520
s 39
f 5262/5262/1521 5263/5263/1522 5264/5264/1521
f 5262/5262/1521 5264/5264/1521 5265/5265/1523
s 40
f 5266/5266/1524 5267/5267/1524 5269/5268/1524
f 5267/5267/1524 5268/5269/1524 5269/5268/1524
s 41
f 5270/5270/1525 5271/5271/1525 5273/5272/1526
f 5271/5271/1525 5272/5273/1525 5273/5272/1526
s 42
f 5274/5274/1527 5275/5275/1527 5276/5276/1527
f 5274/5274/1527 5276/5276/1527 5277/5277/1527
o CHEOPS_LowPoly_polySurface11_group4_pCylinder39_Mesh.029
v -196.007385 -192.581146 531.831909
v -196.389343 -200.367096 529.032959
v -198.238953 -166.019394 462.345459
v -197.493652 -161.503265 466.185974
v -196.457581 -200.535324 541.018738
v -195.858337 -194.788727 542.940979
v -194.130737 -207.837265 614.411133
v -194.642151 -214.402313 614.773926
v -197.818176 -152.445892 458.122559
v -198.416260 -157.784241 454.248688
v -199.763428 -105.348160 400.597473
v -199.094910 -101.919144 405.887085
v -199.214417 -91.785721 400.205383
v -199.780945 -96.044449 394.169647
v -200.608948 -30.109512 358.324799
v -199.966370 -28.195633 365.041870
v -200.016479 -16.326584 362.749115
v -200.644592 -18.505264 355.846436
v -201.058899 55.639404 344.177032
v -200.424561 55.299988 351.018066
v -200.426086 66.737762 353.174255
v -201.107605 66.823242 346.234497
v -200.873352 141.027161 357.138092
v -200.140503 138.877289 362.214020
v -200.010193 149.674591 366.651825
v -200.741150 150.800140 362.352142
v -199.933899 219.135010 393.224915
v -199.149170 215.588196 397.353241
v -198.975586 223.627319 406.618622
v -199.770020 226.380219 402.383728
v -198.433167 281.184265 453.662354
v -197.712402 277.646606 455.192444
v -197.430481 283.626892 466.196960
v -198.192993 286.988525 463.353394
v -196.607239 322.516235 529.418579
v -196.038269 316.388184 531.045898
v -195.591736 320.340210 542.446777
v -196.075439 327.374329 540.323669
v -194.386902 339.565613 614.361023
v -194.005310 331.719482 614.189880
v -193.825134 329.576660 625.916260
v -194.131348 338.093384 626.251648
v -192.466370 326.358765 700.333740
v -192.248352 318.043884 697.632751
v -191.681030 316.129822 709.269531
v -192.279663 320.914124 710.582703
v -190.829712 286.629761 777.280334
v -190.190491 283.257629 774.039124
v -190.061279 274.484009 781.826477
v -190.399963 280.976624 787.045410
v -188.845825 229.825134 841.839417
v -188.873596 224.391693 834.786987
v -188.684082 214.195984 840.167908
v -189.040161 218.297424 845.976074
v -188.181335 152.058746 881.184021
v -188.025024 149.619843 873.452820
v -187.776428 138.845947 877.198486
v -188.060547 140.924805 883.888611
v -187.857239 66.980957 896.387390
v -187.518127 67.212280 889.380615
v -187.089783 55.063202 891.345032
v -187.194763 54.751587 900.691284
v -187.850891 -19.064041 886.200500
v -187.843079 -16.146500 878.328735
v -187.506897 -28.515488 876.680786
v -188.216309 -29.307770 880.477600
v -189.189270 -95.487244 845.157959
v -188.498962 -92.978683 843.080383
v -188.747009 -101.289032 834.364685
v -189.203735 -104.670685 839.155945
v -190.436707 -158.937408 787.286987
v -189.973145 -153.647919 783.905945
v -190.050964 -160.488953 774.117310
v -190.569702 -165.541412 777.856750
v -192.186401 -200.581909 711.536987
v -191.803223 -193.195816 709.253418
v -191.959045 -197.004089 698.014832
v -192.460022 -202.474136 699.952698
v -194.493958 -213.139984 625.731873
v -193.819458 -208.004883 626.288330
v -215.474426 -192.890793 538.149597
v -217.014038 -204.115662 534.538330
v -196.389343 -200.367096 529.032959
v -196.007385 -192.581146 531.831909
v -217.014038 -204.115662 534.538330
v -218.879028 -164.486359 456.783844
v -198.238953 -166.019394 462.345459
v -196.389343 -200.367096 529.032959
v -218.879028 -164.486359 456.783844
v -217.260498 -154.937897 463.684418
v -197.493652 -161.503265 466.185974
v -198.238953 -166.019394 462.345459
v -217.260498 -154.937897 463.684418
v -215.474426 -192.890793 538.149597
v -196.007385 -192.581146 531.831909
v -197.493652 -161.503265 466.185974
v -217.014038 -204.115662 534.538330
v -215.474426 -192.890793 538.149597
v -195.858337 -194.788727 542.940979
v -196.457581 -200.535324 541.018738
v -215.474426 -192.890793 538.149597
v -213.494568 -205.968338 620.695007
v -194.130737 -207.837265 614.411133
v -195.858337 -194.788727 542.940979
v -213.494568 -205.968338 620.695007
v -214.946533 -217.770782 620.729858
v -194.642151 -214.402313 614.773926
v -194.130737 -207.837265 614.411133
v -214.946533 -217.770782 620.729858
v -217.014038 -204.115662 534.538330
v -196.457581 -200.535324 541.018738
v -194.642151 -214.402313 614.773926
v -217.260498 -154.937897 463.684418
v -218.879028 -164.486359 456.783844
v -198.416260 -157.784241 454.248688
v -197.818176 -152.445892 458.122559
v -218.879028 -164.486359 456.783844
v -220.358948 -102.762299 395.077454
v -199.763428 -105.348160 400.597473
v -198.416260 -157.784241 454.248688
v -220.358948 -102.762299 395.077454
v -218.677917 -95.824860 404.588501
v -199.094910 -101.919144 405.887085
v -199.763428 -105.348160 400.597473
v -218.677917 -95.824860 404.588501
v -217.260498 -154.937897 463.684418
v -197.818176 -152.445892 458.122559
v -199.094910 -101.919144 405.887085
v -218.677917 -95.824860 404.588501
v -220.358948 -102.762299 395.077454
v -199.780945 -96.044449 394.169647
v -199.214417 -91.785721 400.205383
v -220.358948 -102.762299 395.077454
v -221.309204 -24.985397 355.459595
v -200.608948 -30.109512 358.324799
v -199.780945 -96.044449 394.169647
v -221.309204 -24.985397 355.459595
v -219.587952 -21.338181 366.646393
v -199.966370 -28.195633 365.041870
v -200.608948 -30.109512 358.324799
v -219.587952 -21.338181 366.646393
v -218.677917 -95.824860 404.588501
v -199.214417 -91.785721 400.205383
v -199.966370 -28.195633 365.041870
v -219.587952 -21.338181 366.646393
v -221.309204 -24.985397 355.459595
v -200.644592 -18.505264 355.846436
v -200.016479 -16.326584 362.749115
v -221.309204 -24.985397 355.459595
v -221.636597 61.231018 341.808197
v -201.058899 55.639404 344.177032
v -200.644592 -18.505264 355.846436
v -221.636597 61.231018 341.808197
v -219.901550 61.230988 353.572418
v -200.424561 55.299988 351.018066
v -201.058899 55.639404 344.177032
v -219.901550 61.230988 353.572418
v -219.587952 -21.338181 366.646393
v -200.016479 -16.326584 362.749115
v -200.424561 55.299988 351.018066
v -219.901550 61.230988 353.572418
v -221.636597 61.231018 341.808197
v -201.107605 66.823242 346.234497
v -200.426086 66.737762 353.174255
v -221.636597 61.231018 341.808197
v -221.309265 147.447296 355.459595
v -200.873352 141.027161 357.138092
v -201.107605 66.823242 346.234497
v -221.309265 147.447296 355.459595
v -219.587891 143.800079 366.646362
v -200.140503 138.877289 362.214020
v -200.873352 141.027161 357.138092
v -219.587891 143.800079 366.646362
v -219.901550 61.230988 353.572418
v -200.426086 66.737762 353.174255
v -200.140503 138.877289 362.214020
v -219.587891 143.800079 366.646362
v -221.309265 147.447296 355.459595
v -200.741150 150.800140 362.352142
v -200.010193 149.674591 366.651825
v -221.309265 147.447296 355.459595
v -220.358948 225.224091 395.077484
v -199.933899 219.135010 393.224915
v -200.741150 150.800140 362.352142
v -220.358948 225.224091 395.077484
v -218.677917 218.286774 404.588348
v -199.149170 215.588196 397.353241
v -199.933899 219.135010 393.224915
v -218.677917 218.286774 404.588348
v -219.587891 143.800079 366.646362
v -200.010193 149.674591 366.651825
v -199.149170 215.588196 397.353241
v -218.677917 218.286774 404.588348
v -220.358948 225.224091 395.077484
v -199.770020 226.380219 402.383728
v -198.975586 223.627319 406.618622
v -220.358948 225.224091 395.077484
v -218.878967 286.948242 456.783905
v -198.433167 281.184265 453.662354
v -199.770020 226.380219 402.383728
v -218.878967 286.948242 456.783905
v -217.260620 277.399780 463.684296
v -197.712402 277.646606 455.192444
v -198.433167 281.184265 453.662354
v -217.260620 277.399780 463.684296
v -218.677917 218.286774 404.588348
v -198.975586 223.627319 406.618622
v -197.712402 277.646606 455.192444
v -217.260620 277.399780 463.684296
v -218.878967 286.948242 456.783905
v -198.192993 286.988525 463.353394
v -197.430481 283.626892 466.196960
v -218.878967 286.948242 456.783905
v -217.014038 326.577209 534.538330
v -196.607239 322.516235 529.418579
v -198.192993 286.988525 463.353394
v -217.014038 326.577209 534.538330
v -215.474426 315.352600 538.149597
v -196.038269 316.388184 531.045898
v -196.607239 322.516235 529.418579
v -215.474426 315.352600 538.149597
v -217.260620 277.399780 463.684296
v -197.430481 283.626892 466.196960
v -196.038269 316.388184 531.045898
v -215.474426 315.352600 538.149597
v -217.014038 326.577209 534.538330
v -196.075439 327.374329 540.323669
v -195.591736 320.340210 542.446777
v -217.014038 326.577209 534.538330
v -214.946533 340.232849 620.729858
v -194.386902 339.565613 614.361023
v -196.075439 327.374329 540.323669
v -214.946533 340.232849 620.729858
v -213.494568 328.430176 620.695007
v -194.005310 331.719482 614.189880
v -194.386902 339.565613 614.361023
v -213.494568 328.430176 620.695007
v -215.474426 315.352600 538.149597
v -195.591736 320.340210 542.446777
v -194.005310 331.719482 614.189880
v -213.494568 328.430176 620.695007
v -214.946533 340.232849 620.729858
v -194.131348 338.093384 626.251648
v -193.825134 329.576660 625.916260
v -214.946533 340.232849 620.729858
v -212.879272 326.577148 706.921326
v -192.466370 326.358765 700.333740
v -194.131348 338.093384 626.251648
v -212.879272 326.577148 706.921326
v -211.514648 315.352417 703.240295
v -192.248352 318.043884 697.632751
v -192.466370 326.358765 700.333740
v -211.514648 315.352417 703.240295
v -213.494568 328.430176 620.695007
v -193.825134 329.576660 625.916260
v -192.248352 318.043884 697.632751
v -211.514648 315.352417 703.240295
v -212.879272 326.577148 706.921326
v -192.279663 320.914124 710.582703
v -191.681030 316.129822 709.269531
v -212.879272 326.577148 706.921326
v -211.014404 286.948059 784.675903
v -190.829712 286.629761 777.280334
v -192.279663 320.914124 710.582703
v -211.014404 286.948059 784.675903
v -209.728821 277.399658 777.705750
v -190.190491 283.257629 774.039124
v -190.829712 286.629761 777.280334
v -209.728821 277.399658 777.705750
v -211.514648 315.352417 703.240295
v -191.681030 316.129822 709.269531
v -190.190491 283.257629 774.039124
v -209.728821 277.399658 777.705750
v -211.014404 286.948059 784.675903
v -190.399963 280.976624 787.045410
v -190.061279 274.484009 781.826477
v -211.014404 286.948059 784.675903
v -209.534241 225.224091 846.382202
v -188.845825 229.825134 841.839417
v -190.399963 280.976624 787.045410
v -209.534241 225.224091 846.382202
v -208.311157 218.286682 836.801514
v -188.873596 224.391693 834.786987
v -188.845825 229.825134 841.839417
v -208.311157 218.286682 836.801514
v -209.728821 277.399658 777.705750
v -190.061279 274.484009 781.826477
v -188.873596 224.391693 834.786987
v -208.311157 218.286682 836.801514
v -209.534241 225.224091 846.382202
v -189.040161 218.297424 845.976074
v -188.684082 214.195984 840.167908
v -209.534241 225.224091 846.382202
v -208.584290 147.447296 886.000122
v -188.181335 152.058746 881.184021
v -189.040161 218.297424 845.976074
v -208.584290 147.447296 886.000122
v -207.401306 143.800079 874.743469
v -188.025024 149.619843 873.452820
v -188.181335 152.058746 881.184021
v -207.401306 143.800079 874.743469
v -208.311157 218.286682 836.801514
v -188.684082 214.195984 840.167908
v -188.025024 149.619843 873.452820
v -207.401306 143.800079 874.743469
v -208.584290 147.447296 886.000122
v -188.060547 140.924805 883.888611
v -187.776428 138.845947 877.198486
v -208.584290 147.447296 886.000122
v -208.256714 61.230988 899.651245
v -187.857239 66.980957 896.387390
v -188.060547 140.924805 883.888611
v -208.256714 61.230988 899.651245
v -207.087769 61.230988 887.817444
v -187.518127 67.212280 889.380615
v -187.857239 66.980957 896.387390
v -207.087769 61.230988 887.817444
v -207.401306 143.800079 874.743469
v -187.776428 138.845947 877.198486
v -187.518127 67.212280 889.380615
v -207.087769 61.230988 887.817444
v -208.256714 61.230988 899.651245
v -187.194763 54.751587 900.691284
v -187.089783 55.063202 891.345032
v -208.256714 61.230988 899.651245
v -208.584290 -24.985397 886.000122
v -187.850891 -19.064041 886.200500
v -187.194763 54.751587 900.691284
v -208.584290 -24.985397 886.000122
v -207.401306 -21.338211 874.743469
v -187.843079 -16.146500 878.328735
v -187.850891 -19.064041 886.200500
v -207.401306 -21.338211 874.743469
v -207.087769 61.230988 887.817444
v -187.089783 55.063202 891.345032
v -187.843079 -16.146500 878.328735
v -207.401306 -21.338211 874.743469
v -208.584290 -24.985397 886.000122
v -188.216309 -29.307770 880.477600
v -187.506897 -28.515488 876.680786
v -208.584290 -24.985397 886.000122
v -209.534241 -102.762207 846.382202
v -189.189270 -95.487244 845.157959
v -188.216309 -29.307770 880.477600
v -209.534241 -102.762207 846.382202
v -208.311157 -95.824799 836.801514
v -188.498962 -92.978683 843.080383
v -189.189270 -95.487244 845.157959
v -208.311157 -95.824799 836.801514
v -207.401306 -21.338211 874.743469
v -187.506897 -28.515488 876.680786
v -188.498962 -92.978683 843.080383
v -208.311157 -95.824799 836.801514
v -209.534241 -102.762207 846.382202
v -189.203735 -104.670685 839.155945
v -188.747009 -101.289032 834.364685
v -209.534241 -102.762207 846.382202
v -211.014343 -164.486206 784.675903
v -190.436707 -158.937408 787.286987
v -189.203735 -104.670685 839.155945
v -211.014343 -164.486206 784.675903
v -209.728760 -154.937759 777.705566
v -189.973145 -153.647919 783.905945
v -190.436707 -158.937408 787.286987
v -209.728760 -154.937759 777.705566
v -208.311157 -95.824799 836.801514
v -188.747009 -101.289032 834.364685
v -189.973145 -153.647919 783.905945
v -209.728760 -154.937759 777.705566
v -211.014343 -164.486206 784.675903
v -190.569702 -165.541412 777.856750
v -190.050964 -160.488953 774.117310
v -211.014343 -164.486206 784.675903
v -212.879333 -204.115509 706.921387
v -192.186401 -200.581909 711.536987
v -190.569702 -165.541412 777.856750
v -212.879333 -204.115509 706.921387
v -211.514587 -192.890808 703.240417
v -191.803223 -193.195816 709.253418
v -192.186401 -200.581909 711.536987
v -211.514587 -192.890808 703.240417
v -209.728760 -154.937759 777.705566
v -190.050964 -160.488953 774.117310
v -191.803223 -193.195816 709.253418
v -211.514587 -192.890808 703.240417
v -212.879333 -204.115509 706.921387
v -192.460022 -202.474136 699.952698
v -191.959045 -197.004089 698.014832
v -212.879333 -204.115509 706.921387
v -214.946533 -217.770782 620.729858
v -194.493958 -213.139984 625.731873
v -192.460022 -202.474136 699.952698
v -214.946533 -217.770782 620.729858
v -213.494568 -205.968338 620.695007
v -193.819458 -208.004883 626.288330
v -194.493958 -213.139984 625.731873
v -213.494568 -205.968338 620.695007
v -211.514587 -192.890808 703.240417
v -191.959045 -197.004089 698.014832
v -193.819458 -208.004883 626.288330
v -215.474426 -192.890793 538.149597
v -217.260498 -154.937897 463.684418
v -213.494629 61.230927 620.694946
v -213.494568 -205.968338 620.695007
v -215.474426 -192.890793 538.149597
v -213.494629 61.230927 620.694946
v -217.260498 -154.937897 463.684418
v -218.677917 -95.824860 404.588501
v -213.494629 61.230927 620.694946
v -218.677917 -95.824860 404.588501
v -219.587952 -21.338181 366.646393
v -213.494629 61.230927 620.694946
v -219.587952 -21.338181 366.646393
v -219.901550 61.230988 353.572418
v -213.494629 61.230927 620.694946
v -219.901550 61.230988 353.572418
v -219.587891 143.800079 366.646362
v -213.494629 61.230927 620.694946
v -219.587891 143.800079 366.646362
v -218.677917 218.286774 404.588348
v -213.494629 61.230927 620.694946
v -218.677917 218.286774 404.588348
v -217.260620 277.399780 463.684296
v -213.494629 61.230927 620.694946
v -217.260620 277.399780 463.684296
v -215.474426 315.352600 538.149597
v -213.494629 61.230927 620.694946
v -215.474426 315.352600 538.149597
v -213.494568 328.430176 620.695007
v -213.494629 61.230927 620.694946
v -213.494568 328.430176 620.695007
v -211.514648 315.352417 703.240295
v -213.494629 61.230927 620.694946
v -211.514648 315.352417 703.240295
v -209.728821 277.399658 777.705750
v -213.494629 61.230927 620.694946
v -209.728821 277.399658 777.705750
v -208.311157 218.286682 836.801514
v -213.494629 61.230927 620.694946
v -208.311157 218.286682 836.801514
v -207.401306 143.800079 874.743469
v -213.494629 61.230927 620.694946
v -207.401306 143.800079 874.743469
v -207.087769 61.230988 887.817444
v -213.494629 61.230927 620.694946
v -207.087769 61.230988 887.817444
v -207.401306 -21.338211 874.743469
v -213.494629 61.230927 620.694946
v -207.401306 -21.338211 874.743469
v -208.311157 -95.824799 836.801514
v -213.494629 61.230927 620.694946
v -208.311157 -95.824799 836.801514
v -209.728760 -154.937759 777.705566
v -213.494629 61.230927 620.694946
v -209.728760 -154.937759 777.705566
v -211.514587 -192.890808 703.240417
v -213.494629 61.230927 620.694946
v -211.514587 -192.890808 703.240417
v -213.494568 -205.968338 620.695007
v -213.494629 61.230927 620.694946
vt 0.778003 0.320031
vt 0.776369 0.324546
vt 0.739845 0.302035
vt 0.737599 0.304645
vt 0.783324 0.324624
vt 0.784455 0.321301
vt 0.825970 0.328817
vt 0.826164 0.332613
vt 0.735152 0.296777
vt 0.732891 0.299868
vt 0.704763 0.267454
vt 0.701678 0.269439
vt 0.701455 0.261569
vt 0.697938 0.264039
vt 0.680980 0.224626
vt 0.677065 0.225735
vt 0.679642 0.217727
vt 0.675619 0.218990
vt 0.672792 0.176078
vt 0.668804 0.175879
vt 0.674043 0.169425
vt 0.669997 0.169373
vt 0.679287 0.127462
vt 0.676323 0.126210
vt 0.681868 0.121181
vt 0.679356 0.120525
vt 0.699726 0.082832
vt 0.697311 0.080770
vt 0.705116 0.078155
vt 0.702640 0.076555
vt 0.733378 0.046731
vt 0.732474 0.044677
vt 0.739781 0.043253
vt 0.738112 0.041302
vt 0.777501 0.024210
vt 0.776541 0.020650
vt 0.784136 0.021913
vt 0.782890 0.017825
vt 0.825848 0.015318
vt 0.825936 0.010759
vt 0.832661 0.016569
vt 0.832846 0.011620
vt 0.874328 0.023299
vt 0.875888 0.018469
vt 0.881099 0.024413
vt 0.881838 0.021638
vt 0.918704 0.043539
vt 0.920556 0.041585
vt 0.923221 0.048640
vt 0.926232 0.044871
vt 0.953943 0.077753
vt 0.958029 0.074598
vt 0.957065 0.083676
vt 0.960412 0.081295
vt 0.976349 0.121180
vt 0.980816 0.119762
vt 0.978526 0.127436
vt 0.982383 0.126227
vt 0.985566 0.169020
vt 0.989603 0.169148
vt 0.986722 0.176074
vt 0.992123 0.176250
vt 0.979131 0.217401
vt 0.983683 0.219088
vt 0.978190 0.224585
vt 0.980351 0.225031
vt 0.958681 0.262003
vt 0.959850 0.263443
vt 0.953624 0.266829
vt 0.956374 0.268777
vt 0.924348 0.297241
vt 0.926284 0.300294
vt 0.918675 0.301221
vt 0.920817 0.304134
vt 0.881029 0.320244
vt 0.882336 0.324515
vt 0.874511 0.322466
vt 0.875614 0.325623
vt 0.832868 0.328905
vt 0.832523 0.331867
vt 0.781170 0.319672
vt 0.779040 0.326135
vt 0.776369 0.324546
vt 0.778003 0.320031
vt 0.779040 0.326135
vt 0.733961 0.303243
vt 0.776369 0.324546
vt 0.737599 0.304645
vt 0.733961 0.303243
vt 0.737990 0.297741
vt 0.737599 0.304645
vt 0.739845 0.302035
vt 0.737990 0.297741
vt 0.781170 0.319672
vt 0.739845 0.302035
vt 0.778003 0.320031
vt 0.779040 0.326135
vt 0.781170 0.319672
vt 0.783324 0.324624
vt 0.784455 0.321301
vt 0.781170 0.319672
vt 0.828999 0.327177
vt 0.784455 0.321301
vt 0.825970 0.328817
vt 0.828999 0.327177
vt 0.828974 0.333969
vt 0.826164 0.332613
vt 0.825970 0.328817
vt 0.828974 0.333969
vt 0.779040 0.326135
vt 0.826164 0.332613
vt 0.783324 0.324624
vt 0.737990 0.297741
vt 0.733961 0.303243
vt 0.732891 0.299868
vt 0.735152 0.296777
vt 0.733961 0.303243
vt 0.698155 0.267517
vt 0.732891 0.299868
vt 0.701678 0.269439
vt 0.698155 0.267517
vt 0.703694 0.263519
vt 0.701678 0.269439
vt 0.704763 0.267454
vt 0.703694 0.263519
vt 0.737990 0.297741
vt 0.704763 0.267454
vt 0.735152 0.296777
vt 0.703694 0.263519
vt 0.698155 0.267517
vt 0.697938 0.264039
vt 0.701455 0.261569
vt 0.698155 0.267517
vt 0.675142 0.222448
vt 0.697938 0.264039
vt 0.677065 0.225735
vt 0.675142 0.222448
vt 0.681653 0.220350
vt 0.677065 0.225735
vt 0.680980 0.224626
vt 0.681653 0.220350
vt 0.703694 0.263519
vt 0.680980 0.224626
vt 0.701455 0.261569
vt 0.681653 0.220350
vt 0.675142 0.222448
vt 0.675619 0.218990
vt 0.679642 0.217727
vt 0.675142 0.222448
vt 0.667191 0.172450
vt 0.675619 0.218990
vt 0.668804 0.175879
vt 0.667191 0.172450
vt 0.674039 0.172459
vt 0.668804 0.175879
vt 0.672792 0.176078
vt 0.674039 0.172459
vt 0.681653 0.220350
vt 0.672792 0.176078
vt 0.679642 0.217727
vt 0.674039 0.172459
vt 0.667191 0.172450
vt 0.669997 0.169373
vt 0.674043 0.169425
vt 0.667191 0.172450
vt 0.675093 0.122428
vt 0.669997 0.169373
vt 0.676323 0.126210
vt 0.675093 0.122428
vt 0.681609 0.124547
vt 0.676323 0.126210
vt 0.679287 0.127462
vt 0.681609 0.124547
vt 0.674039 0.172459
vt 0.679287 0.127462
vt 0.674043 0.169425
vt 0.681609 0.124547
vt 0.675093 0.122428
vt 0.679356 0.120525
vt 0.681868 0.121181
vt 0.675093 0.122428
vt 0.698076 0.077296
vt 0.679356 0.120525
vt 0.697311 0.080770
vt 0.698076 0.077296
vt 0.703623 0.081319
vt 0.697311 0.080770
vt 0.699726 0.082832
vt 0.703623 0.081319
vt 0.681609 0.124547
vt 0.699726 0.082832
vt 0.681868 0.121181
vt 0.703623 0.081319
vt 0.698076 0.077296
vt 0.702640 0.076555
vt 0.705116 0.078155
vt 0.698076 0.077296
vt 0.733884 0.041486
vt 0.702640 0.076555
vt 0.732474 0.044677
vt 0.733884 0.041486
vt 0.737920 0.047019
vt 0.732474 0.044677
vt 0.733378 0.046731
vt 0.737920 0.047019
vt 0.703623 0.081319
vt 0.733378 0.046731
vt 0.705116 0.078155
vt 0.737920 0.047019
vt 0.733884 0.041486
vt 0.738112 0.041302
vt 0.739781 0.043253
vt 0.733884 0.041486
vt 0.778996 0.018512
vt 0.738112 0.041302
vt 0.776541 0.020650
vt 0.778996 0.018512
vt 0.781129 0.025011
vt 0.776541 0.020650
vt 0.777501 0.024210
vt 0.781129 0.025011
vt 0.737920 0.047019
vt 0.777501 0.024210
vt 0.739781 0.043253
vt 0.781129 0.025011
vt 0.778996 0.018512
vt 0.782890 0.017825
vt 0.784136 0.021913
vt 0.778996 0.018512
vt 0.828980 0.010618
vt 0.782890 0.017825
vt 0.825936 0.010759
vt 0.828980 0.010618
vt 0.829005 0.017448
vt 0.825936 0.010759
vt 0.825848 0.015318
vt 0.829005 0.017448
vt 0.781129 0.025011
vt 0.825848 0.015318
vt 0.784136 0.021913
vt 0.829005 0.017448
vt 0.828980 0.010618
vt 0.832846 0.011620
vt 0.832661 0.016569
vt 0.828980 0.010618
vt 0.878931 0.018566
vt 0.832846 0.011620
vt 0.875888 0.018469
vt 0.878931 0.018566
vt 0.876852 0.025060
vt 0.875888 0.018469
vt 0.874328 0.023299
vt 0.876852 0.025060
vt 0.829005 0.017448
vt 0.874328 0.023299
vt 0.832661 0.016569
vt 0.876852 0.025060
vt 0.878931 0.018566
vt 0.881838 0.021638
vt 0.881099 0.024413
vt 0.878931 0.018566
vt 0.923958 0.041563
vt 0.881838 0.021638
vt 0.920556 0.041585
vt 0.923958 0.041563
vt 0.919983 0.047085
vt 0.920556 0.041585
vt 0.918704 0.043539
vt 0.919983 0.047085
vt 0.876852 0.025060
vt 0.918704 0.043539
vt 0.881099 0.024413
vt 0.919983 0.047085
vt 0.923958 0.041563
vt 0.926232 0.044871
vt 0.923221 0.048640
vt 0.923958 0.041563
vt 0.959660 0.077341
vt 0.926232 0.044871
vt 0.958029 0.074598
vt 0.959660 0.077341
vt 0.954184 0.081355
vt 0.958029 0.074598
vt 0.953943 0.077753
vt 0.954184 0.081355
vt 0.919983 0.047085
vt 0.953943 0.077753
vt 0.923221 0.048640
vt 0.954184 0.081355
vt 0.959660 0.077341
vt 0.960412 0.081295
vt 0.957065 0.083676
vt 0.959660 0.077341
vt 0.982558 0.122392
vt 0.960412 0.081295
vt 0.980816 0.119762
vt 0.982558 0.122392
vt 0.976119 0.124509
vt 0.980816 0.119762
vt 0.976349 0.121180
vt 0.976119 0.124509
vt 0.954184 0.081355
vt 0.976349 0.121180
vt 0.957065 0.083676
vt 0.976119 0.124509
vt 0.982558 0.122392
vt 0.982383 0.126227
vt 0.978526 0.127436
vt 0.982558 0.122392
vt 0.990426 0.172308
vt 0.982383 0.126227
vt 0.989603 0.169148
vt 0.990426 0.172308
vt 0.983657 0.172323
vt 0.989603 0.169148
vt 0.985566 0.169020
vt 0.983657 0.172323
vt 0.976119 0.124509
vt 0.985566 0.169020
vt 0.978526 0.127436
vt 0.983657 0.172323
vt 0.990426 0.172308
vt 0.986722 0.176074
vt 0.992123 0.176250
vt 0.990426 0.172308
vt 0.982506 0.222215
vt 0.992123 0.176250
vt 0.983683 0.219088
vt 0.982506 0.222215
vt 0.976071 0.220130
vt 0.983683 0.219088
vt 0.979131 0.217401
vt 0.976071 0.220130
vt 0.983657 0.172323
vt 0.979131 0.217401
vt 0.986722 0.176074
vt 0.976071 0.220130
vt 0.982506 0.222215
vt 0.980351 0.225031
vt 0.978190 0.224585
vt 0.982506 0.222215
vt 0.959576 0.267243
vt 0.980351 0.225031
vt 0.959850 0.263443
vt 0.959576 0.267243
vt 0.954106 0.263263
vt 0.959850 0.263443
vt 0.958681 0.262003
vt 0.954106 0.263263
vt 0.976071 0.220130
vt 0.958681 0.262003
vt 0.978190 0.224585
vt 0.954106 0.263263
vt 0.959576 0.267243
vt 0.956374 0.268777
vt 0.953624 0.266829
vt 0.959576 0.267243
vt 0.923872 0.303000
vt 0.956374 0.268777
vt 0.926284 0.300294
vt 0.923872 0.303000
vt 0.919904 0.297515
vt 0.926284 0.300294
vt 0.924348 0.297241
vt 0.919904 0.297515
vt 0.954106 0.263263
vt 0.924348 0.297241
vt 0.953624 0.266829
vt 0.919904 0.297515
vt 0.923872 0.303000
vt 0.920817 0.304134
vt 0.918675 0.301221
vt 0.923872 0.303000
vt 0.878875 0.325993
vt 0.920817 0.304134
vt 0.882336 0.324515
vt 0.878875 0.325993
vt 0.876800 0.319539
vt 0.882336 0.324515
vt 0.881029 0.320244
vt 0.876800 0.319539
vt 0.919904 0.297515
vt 0.881029 0.320244
vt 0.918675 0.301221
vt 0.876800 0.319539
vt 0.878875 0.325993
vt 0.875614 0.325623
vt 0.874511 0.322466
vt 0.878875 0.325993
vt 0.828974 0.333969
vt 0.875614 0.325623
vt 0.832523 0.331867
vt 0.828974 0.333969
vt 0.828999 0.327177
vt 0.832523 0.331867
vt 0.832868 0.328905
vt 0.828999 0.327177
vt 0.876800 0.319539
vt 0.832868 0.328905
vt 0.874511 0.322466
vt 0.781170 0.319672
vt 0.737990 0.297741
vt 0.829002 0.172391
vt 0.828999 0.327177
vt 0.781170 0.319672
vt 0.829002 0.172391
vt 0.737990 0.297741
vt 0.703694 0.263519
vt 0.829002 0.172391
vt 0.703694 0.263519
vt 0.681653 0.220350
vt 0.829002 0.172391
vt 0.681653 0.220350
vt 0.674039 0.172459
vt 0.829002 0.172391
vt 0.674039 0.172459
vt 0.681609 0.124547
vt 0.829002 0.172391
vt 0.681609 0.124547
vt 0.703623 0.081319
vt 0.829002 0.172391
vt 0.703623 0.081319
vt 0.737920 0.047019
vt 0.829002 0.172391
vt 0.737920 0.047019
vt 0.781129 0.025011
vt 0.829002 0.172391
vt 0.781129 0.025011
vt 0.829005 0.017448
vt 0.829002 0.172391
vt 0.829005 0.017448
vt 0.876852 0.025060
vt 0.829002 0.172391
vt 0.876852 0.025060
vt 0.919983 0.047085
vt 0.829002 0.172391
vt 0.919983 0.047085
vt 0.954184 0.081355
vt 0.829002 0.172391
vt 0.954184 0.081355
vt 0.976119 0.124509
vt 0.829002 0.172391
vt 0.976119 0.124509
vt 0.983657 0.172323
vt 0.829002 0.172391
vt 0.983657 0.172323
vt 0.976071 0.220130
vt 0.829002 0.172391
vt 0.976071 0.220130
vt 0.954106 0.263263
vt 0.829002 0.172391
vt 0.954106 0.263263
vt 0.919904 0.297515
vt 0.829002 0.172391
vt 0.919904 0.297515
vt 0.876800 0.319539
vt 0.829002 0.172391
vt 0.876800 0.319539
vt 0.828999 0.327177
vt 0.829002 0.172391
vn 0.9966 -0.0614 -0.0555
vn 0.9966 -0.0613 -0.0555
vn 0.9956 -0.0848 -0.0400
vn 0.9956 -0.0847 -0.0400
vn 0.9950 -0.0585 -0.0815
vn 0.9949 -0.0585 -0.0816
vn 0.9964 -0.0313 -0.0793
vn 0.9959 -0.0089 -0.0903
vn 0.9933 0.0121 -0.1147
vn 0.9876 0.0552 -0.1471
vn 0.9876 0.0552 -0.1470
vn 0.9841 0.1069 -0.1421
vn 0.9841 0.1068 -0.1421
vn 0.9917 0.1031 -0.0764
vn 0.9917 0.1032 -0.0764
vn 0.9981 0.0540 -0.0311
vn 0.9981 0.0539 -0.0311
vn 0.9993 0.0342 -0.0168
vn 0.9993 0.0341 -0.0168
vn 0.9910 0.1267 0.0425
vn 0.9910 0.1266 0.0425
vn 0.9996 0.0266 -0.0005
vn 0.9996 0.0265 -0.0005
vn 0.9994 0.0251 0.0257
vn 0.9994 0.0250 0.0257
vn 0.9990 0.0106 0.0440
vn 0.9990 0.0106 0.0441
vn 0.9999 -0.0106 0.0046
vn 0.9999 -0.0106 0.0045
vn 0.9791 -0.1063 0.1736
vn 0.9791 -0.1063 0.1735
vn 0.9969 -0.0648 0.0436
vn 0.9970 -0.0648 0.0435
vn 0.9970 -0.0647 0.0435
vn 0.9977 -0.0678 0.0094
vn 0.9937 -0.1114 -0.0100
vn 0.2976 -0.3319 0.8951
vn 0.2976 -0.3319 0.8952
vn 0.0483 -0.8885 -0.4563
vn 0.2684 0.5558 -0.7868
vn 0.1828 0.8836 0.4311
vn 0.2494 0.2716 -0.9295
vn 0.2494 0.2717 -0.9295
vn 0.1011 0.9813 0.1640
vn 0.2952 -0.0109 0.9554
vn 0.1673 -0.9709 -0.1711
vn 0.2889 -0.5891 0.7546
vn 0.2889 -0.5892 0.7546
vn 0.1215 -0.7040 -0.6997
vn 0.1214 -0.7040 -0.6997
vn 0.2649 0.7696 -0.5811
vn 0.2649 0.7696 -0.5810
vn 0.1410 0.7071 0.6929
vn 0.2845 -0.7970 0.5328
vn 0.0598 -0.4635 -0.8841
vn 0.2792 0.9060 -0.3182
vn 0.2791 0.9060 -0.3183
vn 0.2792 0.9060 -0.3183
vn 0.1668 0.4629 0.8706
vn 0.1667 0.4629 0.8706
vn 0.2861 -0.9223 0.2598
vn 0.2861 -0.9223 0.2599
vn 0.0692 -0.1553 -0.9854
vn 0.0691 -0.1553 -0.9854
vn 0.2763 0.9609 -0.0176
vn 0.2763 0.9609 -0.0177
vn 0.1646 0.1574 0.9737
vn 0.2708 -0.9618 -0.0393
vn 0.2708 -0.9618 -0.0394
vn 0.2709 -0.9618 -0.0392
vn 0.2708 -0.9618 -0.0395
vn 0.1487 0.1491 -0.9776
vn 0.2804 0.9168 0.2845
vn 0.1240 -0.1409 0.9822
vn 0.2643 -0.9091 -0.3220
vn 0.1384 0.4290 -0.8927
vn 0.1384 0.4290 -0.8926
vn 0.2966 0.7823 0.5477
vn 0.2967 0.7823 0.5477
vn 0.1978 -0.4326 0.8796
vn 0.1977 -0.4326 0.8796
vn 0.1979 -0.4322 0.8798
vn 0.1977 -0.4326 0.8797
vn 0.2597 -0.7666 -0.5872
vn 0.2597 -0.7667 -0.5872
vn 0.1497 0.6864 -0.7117
vn 0.1496 0.6864 -0.7117
vn 0.3017 0.5539 0.7760
vn 0.2124 -0.6763 0.7053
vn 0.2124 -0.6762 0.7055
vn 0.2628 -0.5499 -0.7928
vn 0.1025 0.8806 -0.4626
vn 0.3003 0.3089 0.9024
vn 0.2128 -0.8732 0.4384
vn 0.2662 -0.2619 -0.9276
vn 0.2663 -0.2619 -0.9276
vn 0.2662 -0.2618 -0.9277
vn 0.2662 -0.2617 -0.9277
vn -0.0053 0.9872 -0.1591
vn 0.3049 0.0185 0.9522
vn 0.2114 -0.9661 0.1483
vn 0.2111 -0.9661 0.1483
vn 0.2115 -0.9661 0.1482
vn 0.2572 0.0398 -0.9655
vn 0.2572 0.0399 -0.9655
vn 0.0603 0.9861 0.1548
vn 0.0605 0.9861 0.1548
vn 0.2981 -0.2745 0.9142
vn 0.2981 -0.2744 0.9142
vn 0.0953 -0.9827 -0.1590
vn 0.0952 -0.9827 -0.1589
vn 0.2571 0.3164 -0.9131
vn 0.1697 0.8789 0.4458
vn 0.2935 -0.5655 0.7708
vn 0.2935 -0.5654 0.7708
vn 0.1746 -0.8759 -0.4497
vn 0.1746 -0.8760 -0.4497
vn 0.2547 0.6013 -0.7574
vn 0.0603 0.7177 0.6938
vn 0.2970 -0.7558 0.5835
vn 0.2970 -0.7558 0.5836
vn 0.2970 -0.7559 0.5835
vn 0.0955 -0.7118 -0.6959
vn 0.2590 0.7974 -0.5450
vn 0.2592 0.7972 -0.5453
vn 0.2591 0.7972 -0.5452
vn 0.1381 0.4580 0.8782
vn 0.1380 0.4580 0.8782
vn 0.2854 -0.9066 0.3107
vn 0.2854 -0.9066 0.3108
vn 0.0674 -0.4542 -0.8883
vn 0.2665 0.9244 -0.2729
vn 0.2665 0.9243 -0.2731
vn 0.2666 0.9243 -0.2732
vn 0.2666 0.9243 -0.2731
vn 0.1315 0.1602 0.9783
vn 0.2820 -0.9593 0.0108
vn 0.1048 -0.1604 -0.9815
vn 0.2910 0.9562 0.0315
vn 0.2910 0.9562 0.0316
vn -0.0315 -0.1729 0.9844
vn 0.2797 -0.9133 -0.2960
vn 0.1785 0.1634 -0.9703
vn 0.2866 0.9086 0.3040
vn 0.1776 -0.4563 0.8719
vn 0.2670 -0.7697 -0.5799
vn 0.2670 -0.7697 -0.5798
vn 0.2670 -0.7698 -0.5798
vn 0.2277 0.4433 -0.8670
vn 0.2278 0.4433 -0.8670
vn 0.2819 0.7635 0.5811
vn 0.2818 0.7635 0.5811
vn 0.1414 -0.6943 0.7057
vn 0.2665 -0.5724 -0.7755
vn 0.1413 0.6922 -0.7077
vn 0.1412 0.6922 -0.7077
vn 0.2935 0.5416 0.7878
vn 0.2935 0.5415 0.7878
vn 0.0779 -0.8859 0.4573
vn 0.2649 -0.3168 -0.9108
vn 0.2649 -0.3167 -0.9108
vn 0.1584 0.8790 -0.4498
vn 0.1583 0.8790 -0.4498
vn 0.2960 0.2748 0.9148
vn 0.2961 0.2748 0.9148
vn 0.1569 -0.9770 0.1441
vn 0.2554 -0.0023 -0.9668
vn 0.1544 0.9756 -0.1561
vn 0.9997 0.0000 -0.0240
usemtl Tapa-tubo.003
s 1
f 5278/5278/1528 5279/5279/1528 5281/5280/1529
f 5279/5279/1528 5280/5281/1528 5281/5280/1529
s 2
f 5282/5282/1530 5283/5283/1530 5284/5284/1531
f 5282/5282/1530 5284/5284/1531 5285/5285/1531
s 3
f 5286/5286/1532 5287/5287/1532 5289/5288/1533
f 5287/5287/1532 5288/5289/1533 5289/5288/1533
s 4
f 5290/5290/1534 5291/5291/1534 5293/5292/1534
f 5291/5291/1534 5292/5293/1534 5293/5292/1534
s 5
f 5294/5294/1535 5295/5295/1535 5297/5296/1535
f 5295/5295/1535 5296/5297/1535 5297/5296/1535
s 6
f 5298/5298/1536 5299/5299/1536 5301/5300/1536
f 5299/5299/1536 5300/5301/1536 5301/5300/1536
s 7
f 5302/5302/1537 5303/5303/1538 5305/5304/1538
f 5303/5303/1538 5304/5305/1538 5305/5304/1538
s 8
f 5306/5306/1539 5307/5307/1540 5309/5308/1540
f 5307/5307/1540 5308/5309/1540 5309/5308/1540
s 9
f 5310/5310/1541 5311/5311/1541 5313/5312/1542
f 5311/5311/1541 5312/5313/1542 5313/5312/1542
s 10
f 5314/5314/1543 5315/5315/1543 5317/5316/1544
f 5315/5315/1543 5316/5317/1544 5317/5316/1544
s 11
f 5318/5318/1545 5319/5319/1545 5321/5320/1545
f 5319/5319/1545 5320/5321/1546 5321/5320/1545
s 12
f 5322/5322/1547 5323/5323/1547 5325/5324/1548
f 5323/5323/1547 5324/5325/1548 5325/5324/1548
s 13
f 5326/5326/1549 5327/5327/1549 5329/5328/1550
f 5327/5327/1549 5328/5329/1549 5329/5328/1550
s 14
f 5330/5330/1551 5331/5331/1551 5333/5332/1551
f 5331/5331/1551 5332/5333/1552 5333/5332/1551
s 15
f 5334/5334/1553 5335/5335/1553 5337/5336/1553
f 5335/5335/1553 5336/5337/1554 5337/5336/1553
s 16
f 5338/5338/1555 5339/5339/1555 5341/5340/1556
f 5339/5339/1555 5340/5341/1556 5341/5340/1556
s 17
f 5342/5342/1557 5343/5343/1557 5345/5344/1557
f 5343/5343/1557 5344/5345/1558 5345/5344/1557
s 18
f 5346/5346/1559 5347/5347/1559 5349/5348/1560
f 5347/5347/1559 5348/5349/1561 5349/5348/1560
s 19
f 5350/5350/1562 5351/5351/1562 5353/5352/1562
f 5351/5351/1562 5352/5353/1562 5353/5352/1562
s 20
f 5354/5354/1563 5355/5355/1563 5357/5356/1563
f 5355/5355/1563 5356/5357/1563 5357/5356/1563
s 21
f 5358/5358/1564 5359/5359/1565 5360/5360/1564
f 5358/5358/1564 5360/5360/1564 5361/5361/1564
s 22
f 5362/5362/1566 5363/5363/1566 5365/5364/1566
f 5363/5363/1566 5364/5365/1566 5365/5364/1566
s 23
f 5366/5366/1567 5367/5367/1567 5369/5368/1567
f 5367/5367/1567 5368/5369/1567 5369/5368/1567
s 24
f 5370/5370/1568 5371/5371/1568 5373/5372/1568
f 5371/5371/1568 5372/5373/1568 5373/5372/1568
s 25
f 5374/5374/1569 5375/5375/1569 5377/5376/1570
f 5375/5375/1569 5376/5377/1569 5377/5376/1570
s 26
f 5378/5378/1571 5379/5379/1571 5381/5380/1571
f 5379/5379/1571 5380/5381/1571 5381/5380/1571
s 27
f 5382/5382/1572 5383/5383/1572 5384/5384/1572
f 5382/5382/1572 5384/5384/1572 5385/5385/1572
s 28
f 5386/5386/1573 5387/5387/1573 5389/5388/1573
f 5387/5387/1573 5388/5389/1573 5389/5388/1573
s 29
f 5390/5390/1574 5391/5391/1575 5392/5392/1575
f 5390/5390/1574 5392/5392/1575 5393/5393/1574
s 30
f 5394/5394/1576 5395/5395/1576 5397/5396/1577
f 5395/5395/1576 5396/5397/1576 5397/5396/1577
s 31
f 5398/5398/1578 5399/5399/1578 5401/5400/1578
f 5399/5399/1578 5400/5401/1579 5401/5400/1578
s 32
f 5402/5402/1580 5403/5403/1580 5405/5404/1580
f 5403/5403/1580 5404/5405/1580 5405/5404/1580
s 33
f 5406/5406/1581 5407/5407/1581 5408/5408/1581
f 5406/5406/1581 5408/5408/1581 5409/5409/1581
s 34
f 5410/5410/1582 5411/5411/1582 5413/5412/1582
f 5411/5411/1582 5412/5413/1582 5413/5412/1582
s 35
f 5414/5414/1583 5415/5415/1584 5417/5416/1585
f 5415/5415/1584 5416/5417/1585 5417/5416/1585
s 36
f 5418/5418/1586 5419/5419/1586 5421/5420/1587
f 5419/5419/1586 5420/5421/1586 5421/5420/1587
s 37
f 5422/5422/1588 5423/5423/1588 5424/5424/1589
f 5422/5422/1588 5424/5424/1589 5425/5425/1589
s 38
f 5426/5426/1590 5427/5427/1591 5429/5428/1591
f 5427/5427/1591 5428/5429/1590 5429/5428/1591
s 39
f 5430/5430/1592 5431/5431/1593 5433/5432/1593
f 5431/5431/1593 5432/5433/1593 5433/5432/1593
s 40
f 5434/5434/1594 5435/5435/1594 5437/5436/1594
f 5435/5435/1594 5436/5437/1594 5437/5436/1594
s 41
f 5438/5438/1595 5439/5439/1596 5440/5440/1597
f 5438/5438/1595 5440/5440/1597 5441/5441/1598
s 42
f 5442/5442/1599 5443/5443/1599 5445/5444/1599
f 5443/5443/1599 5444/5445/1599 5445/5444/1599
s 43
f 5446/5446/1600 5447/5447/1600 5449/5448/1600
f 5447/5447/1600 5448/5449/1600 5449/5448/1600
s 44
f 5450/5450/1601 5451/5451/1601 5453/5452/1601
f 5451/5451/1601 5452/5453/1601 5453/5452/1601
s 45
f 5454/5454/1602 5455/5455/1602 5456/5456/1602
f 5454/5454/1602 5456/5456/1602 5457/5457/1602
s 46
f 5458/5458/1603 5459/5459/1604 5461/5460/1603
f 5459/5459/1604 5460/5461/1604 5461/5460/1603
s 47
f 5462/5462/1605 5463/5463/1606 5465/5464/1605
f 5463/5463/1606 5464/5465/1606 5465/5464/1605
s 48
f 5466/5466/1607 5467/5467/1608 5469/5468/1609
f 5467/5467/1608 5468/5469/1610 5469/5468/1609
s 49
f 5470/5470/1611 5471/5471/1611 5472/5472/1611
f 5470/5470/1611 5472/5472/1611 5473/5473/1612
s 50
f 5474/5474/1613 5475/5475/1613 5477/5476/1614
f 5475/5475/1613 5476/5477/1614 5477/5476/1614
s 51
f 5478/5478/1615 5479/5479/1615 5481/5480/1615
f 5479/5479/1615 5480/5481/1615 5481/5480/1615
s 52
f 5482/5482/1616 5483/5483/1616 5485/5484/1617
f 5483/5483/1616 5484/5485/1616 5485/5484/1617
s 53
f 5486/5486/1618 5487/5487/1618 5488/5488/1618
f 5486/5486/1618 5488/5488/1618 5489/5489/1618
s 54
f 5490/5490/1619 5491/5491/1619 5493/5492/1619
f 5491/5491/1619 5492/5493/1619 5493/5492/1619
s 55
f 5494/5494/1620 5495/5495/1620 5497/5496/1620
f 5495/5495/1620 5496/5497/1620 5497/5496/1620
s 56
f 5498/5498/1621 5499/5499/1621 5501/5500/1621
f 5499/5499/1621 5500/5501/1621 5501/5500/1621
s 57
f 5502/5502/1622 5503/5503/1623 5504/5504/1624
f 5502/5502/1622 5504/5504/1624 5505/5505/1625
s 58
f 5506/5506/1626 5507/5507/1626 5509/5508/1626
f 5507/5507/1626 5508/5509/1626 5509/5508/1626
s 59
f 5510/5510/1627 5511/5511/1627 5513/5512/1627
f 5511/5511/1627 5512/5513/1627 5513/5512/1627
s 60
f 5514/5514/1628 5515/5515/1629 5517/5516/1630
f 5515/5515/1629 5516/5517/1628 5517/5516/1630
s 61
f 5518/5518/1631 5519/5519/1631 5520/5520/1632
f 5518/5518/1631 5520/5520/1632 5521/5521/1632
s 62
f 5522/5522/1633 5523/5523/1634 5525/5524/1633
f 5523/5523/1634 5524/5525/1634 5525/5524/1633
s 63
f 5526/5526/1635 5527/5527/1636 5529/5528/1635
f 5527/5527/1636 5528/5529/1636 5529/5528/1635
s 64
f 5530/5530/1637 5531/5531/1637 5533/5532/1638
f 5531/5531/1637 5532/5533/1637 5533/5532/1638
s 65
f 5534/5534/1639 5535/5535/1639 5536/5536/1639
f 5534/5534/1639 5536/5536/1639 5537/5537/1639
s 66
f 5538/5538/1640 5539/5539/1640 5541/5540/1640
f 5539/5539/1640 5540/5541/1640 5541/5540/1640
s 67
f 5542/5542/1641 5543/5543/1641 5545/5544/1642
f 5543/5543/1641 5544/5545/1641 5545/5544/1642
s 68
f 5546/5546/1643 5547/5547/1644 5549/5548/1644
f 5547/5547/1644 5548/5549/1644 5549/5548/1644
s 69
f 5550/5550/1645 5551/5551/1645 5552/5552/1645
f 5550/5550/1645 5552/5552/1645 5553/5553/1645
s 70
f 5554/5554/1646 5555/5555/1646 5557/5556/1646
f 5555/5555/1646 5556/5557/1646 5557/5556/1646
s 71
f 5558/5558/1647 5559/5559/1648 5561/5560/1649
f 5559/5559/1648 5560/5561/1647 5561/5560/1649
s 72
f 5562/5562/1650 5563/5563/1650 5565/5564/1650
f 5563/5563/1650 5564/5565/1650 5565/5564/1650
s 73
f 5566/5566/1651 5567/5567/1652 5568/5568/1652
f 5566/5566/1651 5568/5568/1652 5569/5569/1653
s 74
f 5570/5570/1654 5571/5571/1655 5573/5572/1654
f 5571/5571/1655 5572/5573/1655 5573/5572/1654
s 75
f 5574/5574/1656 5575/5575/1657 5577/5576/1656
f 5575/5575/1657 5576/5577/1656 5577/5576/1656
s 76
f 5578/5578/1658 5579/5579/1658 5581/5580/1658
f 5579/5579/1658 5580/5581/1658 5581/5580/1658
s 77
f 5582/5582/1659 5583/5583/1660 5584/5584/1661
f 5582/5582/1659 5584/5584/1661 5585/5585/1662
s 78
f 5586/5586/1663 5587/5587/1663 5589/5588/1663
f 5587/5587/1663 5588/5589/1663 5589/5588/1663
s 79
f 5590/5590/1664 5591/5591/1664 5593/5592/1664
f 5591/5591/1664 5592/5593/1664 5593/5592/1664
s 80
f 5594/5594/1665 5595/5595/1665 5597/5596/1665
f 5595/5595/1665 5596/5597/1665 5597/5596/1665
s 81
f 5598/5598/1666 5599/5599/1667 5601/5600/1667
f 5599/5599/1667 5600/5601/1667 5601/5600/1667
s 82
f 5602/5602/1668 5603/5603/1668 5605/5604/1668
f 5603/5603/1668 5604/5605/1668 5605/5604/1668
s 83
f 5606/5606/1669 5607/5607/1669 5609/5608/1669
f 5607/5607/1669 5608/5609/1669 5609/5608/1669
s 84
f 5610/5610/1670 5611/5611/1670 5613/5612/1670
f 5611/5611/1670 5612/5613/1670 5613/5612/1670
s 85
f 5614/5614/1671 5615/5615/1671 5616/5616/1671
f 5614/5614/1671 5616/5616/1671 5617/5617/1671
s 86
f 5618/5618/1672 5619/5619/1672 5621/5620/1672
f 5619/5619/1672 5620/5621/1672 5621/5620/1672
s 87
f 5622/5622/1673 5623/5623/1673 5625/5624/1674
f 5623/5623/1673 5624/5625/1675 5625/5624/1674
s 88
f 5626/5626/1676 5627/5627/1676 5629/5628/1677
f 5627/5627/1676 5628/5629/1676 5629/5628/1677
s 89
f 5630/5630/1678 5631/5631/1678 5632/5632/1679
f 5630/5630/1678 5632/5632/1679 5633/5633/1679
s 90
f 5634/5634/1680 5635/5635/1680 5637/5636/1680
f 5635/5635/1680 5636/5637/1680 5637/5636/1680
s 91
f 5638/5638/1681 5639/5639/1681 5641/5640/1681
f 5639/5639/1681 5640/5641/1681 5641/5640/1681
s 92
f 5642/5642/1682 5643/5643/1683 5645/5644/1683
f 5643/5643/1683 5644/5645/1683 5645/5644/1683
s 93
f 5646/5646/1684 5647/5647/1685 5648/5648/1684
f 5646/5646/1684 5648/5648/1684 5649/5649/1684
s 94
f 5650/5650/1686 5651/5651/1686 5653/5652/1686
f 5651/5651/1686 5652/5653/1686 5653/5652/1686
s 95
f 5654/5654/1687 5655/5655/1687 5657/5656/1688
f 5655/5655/1687 5656/5657/1688 5657/5656/1688
s 96
f 5658/5658/1689 5659/5659/1689 5661/5660/1690
f 5659/5659/1689 5660/5661/1689 5661/5660/1690
s 97
f 5662/5662/1691 5663/5663/1692 5664/5664/1692
f 5662/5662/1691 5664/5664/1692 5665/5665/1691
s 98
f 5666/5666/1693 5667/5667/1693 5669/5668/1693
f 5667/5667/1693 5668/5669/1693 5669/5668/1693
s 99
f 5670/5670/1694 5671/5671/1694 5673/5672/1694
f 5671/5671/1694 5672/5673/1694 5673/5672/1694
s 100
f 5674/5674/1695 5675/5675/1695 5677/5676/1695
f 5675/5675/1695 5676/5677/1695 5677/5676/1695
s 101
f 5678/5678/1696 5679/5679/1696 5680/5680/1696
s 102
f 5681/5681/1696 5682/5682/1696 5683/5683/1696
s 103
f 5684/5684/1696 5685/5685/1696 5686/5686/1696
s 104
f 5687/5687/1696 5688/5688/1696 5689/5689/1696
s 105
f 5690/5690/1696 5691/5691/1696 5692/5692/1696
s 106
f 5693/5693/1696 5694/5694/1696 5695/5695/1696
s 107
f 5696/5696/1696 5697/5697/1696 5698/5698/1696
s 108
f 5699/5699/1696 5700/5700/1696 5701/5701/1696
s 109
f 5702/5702/1696 5703/5703/1696 5704/5704/1696
s 110
f 5705/5705/1696 5706/5706/1696 5707/5707/1696
s 111
f 5708/5708/1696 5709/5709/1696 5710/5710/1696
s 112
f 5711/5711/1696 5712/5712/1696 5713/5713/1696
s 113
f 5714/5714/1696 5715/5715/1696 5716/5716/1696
s 114
f 5717/5717/1696 5718/5718/1696 5719/5719/1696
s 115
f 5720/5720/1696 5721/5721/1696 5722/5722/1696
s 116
f 5723/5723/1696 5724/5724/1696 5725/5725/1696
s 117
f 5726/5726/1696 5727/5727/1696 5728/5728/1696
s 118
f 5729/5729/1696 5730/5730/1696 5731/5731/1696
s 119
f 5732/5732/1696 5733/5733/1696 5734/5734/1696
s 120
f 5735/5735/1696 5736/5736/1696 5737/5737/1696
o CHEOPS_LowPoly_group4_pCylinder39_polySurface12_Mesh.030
v -232.653442 -216.422882 530.913391
v -234.075439 -130.769730 558.785828
v -235.425049 -102.094620 502.523926
v -234.604797 -174.955475 449.552490
v -230.489990 -230.711365 621.102722
v -232.579651 -140.650223 621.152649
v -236.496033 -57.431900 457.874359
v -236.153564 -110.368576 384.984009
v -237.183594 -1.153687 429.207886
v -237.147705 -28.984268 343.528656
v -237.420532 61.230988 419.329926
v -237.490540 61.231018 329.244171
v -237.183472 123.615692 429.207489
v -237.147766 151.446167 343.528687
v -236.495911 179.894012 457.874146
v -236.153381 232.830444 384.984192
v -235.425171 224.556427 502.524017
v -234.604797 297.417419 449.552582
v -234.075562 253.231018 558.786255
v -232.653381 338.884644 530.913513
v -232.579834 263.111938 621.152588
v -230.490051 353.173340 621.102783
v -231.083801 253.231445 683.519775
v -228.326904 338.884583 711.291870
v -229.734497 224.556244 739.781433
v -226.375427 297.417297 792.652710
v -228.663452 179.893829 784.431274
v -224.827026 232.830353 857.221008
v -227.975891 123.615692 813.098206
v -223.832336 151.446136 898.676575
v -227.739075 61.230988 822.975464
v -223.489868 61.230988 912.961182
v -227.976013 -1.153687 813.097717
v -223.832397 -28.984268 898.676514
v -228.663452 -57.431808 784.431274
v -224.827026 -110.368484 857.221008
v -229.734497 -102.094406 739.781433
v -226.375427 -174.955322 792.652710
v -231.083801 -130.769470 683.519775
v -228.326965 -216.422791 711.291870
v -235.425049 -102.094620 502.523926
v -234.075439 -130.769730 558.785828
v -237.374207 61.230988 621.267761
v -236.496033 -57.431900 457.874359
v -237.183594 -1.153687 429.207886
v -237.420532 61.230988 419.329926
v -237.183472 123.615692 429.207489
v -236.495911 179.894012 457.874146
v -235.425171 224.556427 502.524017
v -234.075562 253.231018 558.786255
v -232.579834 263.111938 621.152588
v -231.083801 253.231445 683.519775
v -229.734497 224.556244 739.781433
v -228.663452 179.893829 784.431274
v -227.975891 123.615692 813.098206
v -227.739075 61.230988 822.975464
v -227.976013 -1.153687 813.097717
v -228.663452 -57.431808 784.431274
v -229.734497 -102.094406 739.781433
v -231.083801 -130.769470 683.519775
v -232.579651 -140.650223 621.152649
v -186.170898 -221.697235 521.378906
v -186.663879 -230.374649 518.261169
v -188.778625 -192.094269 443.939484
v -187.808472 -187.061035 448.216370
v -186.815918 -230.562164 531.621216
v -186.030029 -224.157593 533.760742
v -184.101624 -238.700104 613.413818
v -184.782776 -246.016876 613.820923
v -188.198181 -176.966629 439.230438
v -188.972717 -182.916168 434.915588
v -190.486877 -124.476364 375.121765
v -189.626282 -120.654739 381.014221
v -189.755981 -109.361130 374.681915
v -190.477234 -114.107407 367.957306
v -191.393250 -40.623184 328.008148
v -190.574463 -38.490143 335.491852
v -190.629333 -25.262177 332.936554
v -191.427917 -27.690277 325.245880
v -191.918396 54.943665 312.241150
v -191.111023 54.565491 319.862976
v -191.124084 67.312775 322.266296
v -191.993713 67.408020 314.534607
v -191.738464 150.108154 326.686798
v -190.790955 147.712036 332.340729
v -190.640686 159.745605 337.286621
v -191.589539 161.000031 332.497833
v -190.675598 237.158997 366.905029
v -189.654541 233.206055 371.502502
v -189.471497 242.165619 381.829102
v -190.504883 245.233826 377.112854
v -188.992249 306.312622 434.262054
v -188.042664 302.369995 435.963928
v -187.724792 309.035095 448.228271
v -188.722839 312.781433 445.062805
v -186.955322 352.377075 518.692078
v -186.207886 345.547302 520.503113
v -185.673157 349.951782 533.208496
v -186.304810 357.791260 530.844421
v -184.441589 371.378418 613.359314
v -183.933960 362.633850 613.166443
v -183.754700 360.245789 626.236145
v -184.163025 369.737732 626.611389
v -182.331482 356.659424 709.176147
v -182.028015 347.392517 706.164551
v -181.334290 345.259338 719.132263
v -182.136108 350.591492 720.598938
v -180.552063 312.381531 794.934204
v -179.686462 308.623413 791.317932
v -179.554871 298.845276 799.997192
v -180.031067 306.081238 805.816162
v -178.247864 249.073059 866.882446
v -178.248718 243.017578 859.021851
v -178.024597 231.654449 865.018738
v -178.527222 236.225494 871.494507
v -177.567139 162.402710 910.733704
v -177.319641 159.684601 902.114990
v -177.008911 147.677124 906.289124
v -177.420471 149.993988 913.747559
v -177.214539 67.583832 927.677734
v -176.728027 67.841644 919.865967
v -176.169312 54.301544 922.053528
v -176.356750 53.954193 932.471680
v -177.153870 -28.313034 916.323364
v -177.102966 -25.061447 907.549133
v -176.648254 -38.846634 905.710693
v -177.609680 -39.729660 909.946411
v -178.720764 -113.486420 870.583313
v -177.793762 -110.690628 868.263794
v -178.078613 -119.952499 858.550598
v -178.709412 -123.721344 863.893372
v -180.081421 -184.201401 806.085754
v -179.448364 -178.306305 802.314514
v -179.501526 -185.930634 791.404419
v -180.209717 -191.561569 795.575134
v -182.016907 -230.614044 721.662109
v -181.496582 -222.382263 719.114746
v -181.645752 -226.626587 706.588928
v -182.320923 -232.722931 708.751343
v -184.642029 -244.610031 626.033752
v -183.749207 -238.886932 626.650696
v -232.653442 -216.422882 530.913391
v -234.604797 -174.955475 449.552490
v -229.004456 -181.056793 444.984222
v -227.002502 -223.595367 528.446716
v -236.153564 -110.368576 384.984009
v -230.592957 -114.801407 378.747833
v -237.147705 -28.984268 343.528656
v -231.612854 -31.314743 336.221436
v -237.490540 61.231018 329.244171
v -231.964417 61.231018 321.567871
v -237.147766 151.446167 343.528687
v -231.612854 153.776672 336.221466
v -236.153381 232.830444 384.984192
v -230.592957 237.263184 378.747864
v -234.604797 297.417419 449.552582
v -229.004456 303.518677 444.984253
v -232.653381 338.884644 530.913513
v -227.002502 346.057007 528.446716
v -230.490051 353.173340 621.102783
v -224.783264 360.714966 620.965881
v -228.326904 338.884583 711.291870
v -222.564270 346.056946 713.484924
v -226.375427 297.417297 792.652710
v -220.562622 303.518433 796.947510
v -224.827026 232.830353 857.221008
v -218.973694 237.263184 863.183777
v -223.832336 151.446136 898.676575
v -217.953918 153.776642 905.710083
v -223.489868 61.230988 912.961182
v -217.602295 61.230988 920.363525
v -223.832397 -28.984268 898.676514
v -217.953918 -31.314713 905.710083
v -224.827026 -110.368484 857.221008
v -218.973694 -114.801315 863.183777
v -226.375427 -174.955322 792.652710
v -220.562439 -181.056610 796.947388
v -228.326965 -216.422791 711.291870
v -222.564392 -223.595184 713.484741
v -230.489990 -230.711365 621.102722
v -224.783264 -238.252930 620.965881
v -225.002686 -205.353149 534.327759
v -227.002502 -223.595367 528.446716
v -186.663879 -230.374649 518.261169
v -186.170898 -221.697235 521.378906
v -227.002502 -223.595367 528.446716
v -229.004456 -181.056793 444.984222
v -188.778625 -192.094269 443.939484
v -186.663879 -230.374649 518.261169
v -229.004456 -181.056793 444.984222
v -226.876404 -165.538986 456.210724
v -187.808472 -187.061035 448.216370
v -188.778625 -192.094269 443.939484
v -226.876404 -165.538986 456.210724
v -225.002686 -205.353149 534.327759
v -186.170898 -221.697235 521.378906
v -187.808472 -187.061035 448.216370
v -227.002502 -223.595367 528.446716
v -225.002686 -205.353149 534.327759
v -186.030029 -224.157593 533.760742
v -186.815918 -230.562164 531.621216
v -225.002686 -205.353149 534.327759
v -222.925659 -219.071991 620.921082
v -184.101624 -238.700104 613.413818
v -186.030029 -224.157593 533.760742
v -222.925659 -219.071991 620.921082
v -224.783264 -238.252930 620.965881
v -184.782776 -246.016876 613.820923
v -184.101624 -238.700104 613.413818
v -224.783264 -238.252930 620.965881
v -227.002502 -223.595367 528.446716
v -186.815918 -230.562164 531.621216
v -184.782776 -246.016876 613.820923
v -226.876404 -165.538986 456.210724
v -229.004456 -181.056793 444.984222
v -188.972717 -182.916168 434.915588
v -188.198181 -176.966629 439.230438
v -229.004456 -181.056793 444.984222
v -230.592957 -114.801407 378.747833
v -190.486877 -124.476364 375.121765
v -188.972717 -182.916168 434.915588
v -230.592957 -114.801407 378.747833
v -228.363281 -103.526978 394.216736
v -189.626282 -120.654739 381.014221
v -190.486877 -124.476364 375.121765
v -228.363281 -103.526978 394.216736
v -226.876404 -165.538986 456.210724
v -188.198181 -176.966629 439.230438
v -189.626282 -120.654739 381.014221
v -228.363281 -103.526978 394.216736
v -230.592957 -114.801407 378.747833
v -190.477234 -114.107407 367.957306
v -189.755981 -109.361130 374.681915
v -230.592957 -114.801407 378.747833
v -231.612854 -31.314743 336.221436
v -191.393250 -40.623184 328.008148
v -190.477234 -114.107407 367.957306
v -231.612854 -31.314743 336.221436
v -229.317932 -25.387405 354.413910
v -190.574463 -38.490143 335.491852
v -191.393250 -40.623184 328.008148
v -229.317932 -25.387405 354.413910
v -228.363281 -103.526978 394.216736
v -189.755981 -109.361130 374.681915
v -190.574463 -38.490143 335.491852
v -229.317932 -25.387405 354.413910
v -231.612854 -31.314743 336.221436
v -191.427917 -27.690277 325.245880
v -190.629333 -25.262177 332.936554
v -231.612854 -31.314743 336.221436
v -231.964417 61.231018 321.567871
v -191.918396 54.943665 312.241150
v -191.427917 -27.690277 325.245880
v -231.964417 61.231018 321.567871
v -229.646973 61.231018 340.698730
v -191.111023 54.565491 319.862976
v -191.918396 54.943665 312.241150
v -229.646973 61.231018 340.698730
v -229.317932 -25.387405 354.413910
v -190.629333 -25.262177 332.936554
v -191.111023 54.565491 319.862976
v -229.646973 61.231018 340.698730
v -231.964417 61.231018 321.567871
v -191.993713 67.408020 314.534607
v -191.124084 67.312775 322.266296
v -231.964417 61.231018 321.567871
v -231.612854 153.776672 336.221466
v -191.738464 150.108154 326.686798
v -191.993713 67.408020 314.534607
v -231.612854 153.776672 336.221466
v -229.317932 147.849365 354.413849
v -190.790955 147.712036 332.340729
v -191.738464 150.108154 326.686798
v -229.317932 147.849365 354.413849
v -229.646973 61.231018 340.698730
v -191.124084 67.312775 322.266296
v -190.790955 147.712036 332.340729
v -229.317932 147.849365 354.413849
v -231.612854 153.776672 336.221466
v -191.589539 161.000031 332.497833
v -190.640686 159.745605 337.286621
v -231.612854 153.776672 336.221466
v -230.592957 237.263184 378.747864
v -190.675598 237.158997 366.905029
v -191.589539 161.000031 332.497833
v -230.592957 237.263184 378.747864
v -228.363220 225.988892 394.216492
v -189.654541 233.206055 371.502502
v -190.675598 237.158997 366.905029
v -228.363220 225.988892 394.216492
v -229.317932 147.849365 354.413849
v -190.640686 159.745605 337.286621
v -189.654541 233.206055 371.502502
v -228.363220 225.988892 394.216492
v -230.592957 237.263184 378.747864
v -190.504883 245.233826 377.112854
v -189.471497 242.165619 381.829102
v -230.592957 237.263184 378.747864
v -229.004456 303.518677 444.984253
v -188.992249 306.312622 434.262054
v -190.504883 245.233826 377.112854
v -229.004456 303.518677 444.984253
v -226.876343 288.000854 456.210754
v -188.042664 302.369995 435.963928
v -188.992249 306.312622 434.262054
v -226.876343 288.000854 456.210754
v -228.363220 225.988892 394.216492
v -189.471497 242.165619 381.829102
v -188.042664 302.369995 435.963928
v -226.876343 288.000854 456.210754
v -229.004456 303.518677 444.984253
v -188.722839 312.781433 445.062805
v -187.724792 309.035095 448.228271
v -229.004456 303.518677 444.984253
v -227.002502 346.057007 528.446716
v -186.955322 352.377075 518.692078
v -188.722839 312.781433 445.062805
v -227.002502 346.057007 528.446716
v -225.002686 327.814941 534.327759
v -186.207886 345.547302 520.503113
v -186.955322 352.377075 518.692078
v -225.002686 327.814941 534.327759
v -226.876343 288.000854 456.210754
v -187.724792 309.035095 448.228271
v -186.207886 345.547302 520.503113
v -225.002686 327.814941 534.327759
v -227.002502 346.057007 528.446716
v -186.304810 357.791260 530.844421
v -185.673157 349.951782 533.208496
v -227.002502 346.057007 528.446716
v -224.783264 360.714966 620.965881
v -184.441589 371.378418 613.359314
v -186.304810 357.791260 530.844421
v -224.783264 360.714966 620.965881
v -222.925659 341.533813 620.921082
v -183.933960 362.633850 613.166443
v -184.441589 371.378418 613.359314
v -222.925659 341.533813 620.921082
v -225.002686 327.814941 534.327759
v -185.673157 349.951782 533.208496
v -183.933960 362.633850 613.166443
v -222.925659 341.533813 620.921082
v -224.783264 360.714966 620.965881
v -184.163025 369.737732 626.611389
v -183.754700 360.245789 626.236145
v -224.783264 360.714966 620.965881
v -222.564270 346.056946 713.484924
v -182.331482 356.659424 709.176147
v -184.163025 369.737732 626.611389
v -222.564270 346.056946 713.484924
v -220.848816 327.814758 707.514587
v -182.028015 347.392517 706.164551
v -182.331482 356.659424 709.176147
v -220.848816 327.814758 707.514587
v -222.925659 341.533813 620.921082
v -183.754700 360.245789 626.236145
v -182.028015 347.392517 706.164551
v -220.848816 327.814758 707.514587
v -222.564270 346.056946 713.484924
v -182.136108 350.591492 720.598938
v -181.334290 345.259338 719.132263
v -222.564270 346.056946 713.484924
v -220.562622 303.518433 796.947510
v -180.552063 312.381531 794.934204
v -182.136108 350.591492 720.598938
v -220.562622 303.518433 796.947510
v -218.975159 288.000671 785.631775
v -179.686462 308.623413 791.317932
v -180.552063 312.381531 794.934204
v -218.975159 288.000671 785.631775
v -220.848816 327.814758 707.514587
v -181.334290 345.259338 719.132263
v -179.686462 308.623413 791.317932
v -218.975159 288.000671 785.631775
v -220.562622 303.518433 796.947510
v -180.031067 306.081238 805.816162
v -179.554871 298.845276 799.997192
v -220.562622 303.518433 796.947510
v -218.973694 237.263184 863.183777
v -178.247864 249.073059 866.882446
v -180.031067 306.081238 805.816162
v -218.973694 237.263184 863.183777
v -217.488159 225.988800 847.625854
v -178.248718 243.017578 859.021851
v -178.247864 249.073059 866.882446
v -217.488159 225.988800 847.625854
v -218.975159 288.000671 785.631775
v -179.554871 298.845276 799.997192
v -178.248718 243.017578 859.021851
v -217.488159 225.988800 847.625854
v -218.973694 237.263184 863.183777
v -178.527222 236.225494 871.494507
v -178.024597 231.654449 865.018738
v -218.973694 237.263184 863.183777
v -217.953918 153.776642 905.710083
v -177.567139 162.402710 910.733704
v -178.527222 236.225494 871.494507
v -217.953918 153.776642 905.710083
v -216.533691 147.849365 887.428284
v -177.319641 159.684601 902.114990
v -177.567139 162.402710 910.733704
v -216.533691 147.849365 887.428284
v -217.488159 225.988800 847.625854
v -178.024597 231.654449 865.018738
v -177.319641 159.684601 902.114990
v -216.533691 147.849365 887.428284
v -217.953918 153.776642 905.710083
v -177.420471 149.993988 913.747559
v -177.008911 147.677124 906.289124
v -217.953918 153.776642 905.710083
v -217.602295 61.230988 920.363525
v -177.214539 67.583832 927.677734
v -177.420471 149.993988 913.747559
v -217.602295 61.230988 920.363525
v -216.204590 61.230988 901.143433
v -176.728027 67.841644 919.865967
v -177.214539 67.583832 927.677734
v -216.204590 61.230988 901.143433
v -216.533691 147.849365 887.428284
v -177.008911 147.677124 906.289124
v -176.728027 67.841644 919.865967
v -216.204590 61.230988 901.143433
v -217.602295 61.230988 920.363525
v -176.356750 53.954193 932.471680
v -176.169312 54.301544 922.053528
v -217.602295 61.230988 920.363525
v -217.953918 -31.314713 905.710083
v -177.153870 -28.313034 916.323364
v -176.356750 53.954193 932.471680
v -217.953918 -31.314713 905.710083
v -216.533691 -25.387436 887.428284
v -177.102966 -25.061447 907.549133
v -177.153870 -28.313034 916.323364
v -216.533691 -25.387436 887.428284
v -216.204590 61.230988 901.143433
v -176.169312 54.301544 922.053528
v -177.102966 -25.061447 907.549133
v -216.533691 -25.387436 887.428284
v -217.953918 -31.314713 905.710083
v -177.609680 -39.729660 909.946411
v -176.648254 -38.846634 905.710693
v -217.953918 -31.314713 905.710083
v -218.973694 -114.801315 863.183777
v -178.720764 -113.486420 870.583313
v -177.609680 -39.729660 909.946411
v -218.973694 -114.801315 863.183777
v -217.488159 -103.526932 847.625854
v -177.793762 -110.690628 868.263794
v -178.720764 -113.486420 870.583313
v -217.488159 -103.526932 847.625854
v -216.533691 -25.387436 887.428284
v -176.648254 -38.846634 905.710693
v -177.793762 -110.690628 868.263794
v -217.488159 -103.526932 847.625854
v -218.973694 -114.801315 863.183777
v -178.709412 -123.721344 863.893372
v -178.078613 -119.952499 858.550598
v -218.973694 -114.801315 863.183777
v -220.562439 -181.056610 796.947388
v -180.081421 -184.201401 806.085754
v -178.709412 -123.721344 863.893372
v -220.562439 -181.056610 796.947388
v -218.975159 -165.538849 785.631653
v -179.448364 -178.306305 802.314514
v -180.081421 -184.201401 806.085754
v -218.975159 -165.538849 785.631653
v -217.488159 -103.526932 847.625854
v -178.078613 -119.952499 858.550598
v -179.448364 -178.306305 802.314514
v -218.975159 -165.538849 785.631653
v -220.562439 -181.056610 796.947388
v -180.209717 -191.561569 795.575134
v -179.501526 -185.930634 791.404419
v -220.562439 -181.056610 796.947388
v -222.564392 -223.595184 713.484741
v -182.016907 -230.614044 721.662109
v -180.209717 -191.561569 795.575134
v -222.564392 -223.595184 713.484741
v -220.848877 -205.353165 707.514832
v -181.496582 -222.382263 719.114746
v -182.016907 -230.614044 721.662109
v -220.848877 -205.353165 707.514832
v -218.975159 -165.538849 785.631653
v -179.501526 -185.930634 791.404419
v -181.496582 -222.382263 719.114746
v -220.848877 -205.353165 707.514832
v -222.564392 -223.595184 713.484741
v -182.320923 -232.722931 708.751343
v -181.645752 -226.626587 706.588928
v -222.564392 -223.595184 713.484741
v -224.783264 -238.252930 620.965881
v -184.642029 -244.610031 626.033752
v -182.320923 -232.722931 708.751343
v -224.783264 -238.252930 620.965881
v -222.925659 -219.071991 620.921082
v -183.749207 -238.886932 626.650696
v -184.642029 -244.610031 626.033752
v -222.925659 -219.071991 620.921082
v -220.848877 -205.353165 707.514832
v -181.645752 -226.626587 706.588928
v -183.749207 -238.886932 626.650696
v -225.002686 -205.353149 534.327759
v -226.876404 -165.538986 456.210724
v -226.255981 -129.925537 482.077942
v -224.676453 -163.487030 547.926941
v -222.925659 -219.071991 620.921082
v -225.002686 -205.353149 534.327759
v -224.676453 -163.487030 547.926941
v -222.925659 -175.051361 620.921082
v -226.876404 -165.538986 456.210724
v -228.363281 -103.526978 394.216736
v -227.509338 -77.652313 429.819885
v -226.255981 -129.925537 482.077942
v -228.363281 -103.526978 394.216736
v -229.317932 -25.387405 354.413910
v -228.314148 -11.784302 396.267944
v -227.509338 -77.652313 429.819885
v -229.317932 -25.387405 354.413910
v -229.646973 61.231018 340.698730
v -228.591370 61.230988 384.706726
v -228.314148 -11.784302 396.267944
v -229.646973 61.231018 340.698730
v -229.317932 147.849365 354.413849
v -228.314087 134.246216 396.267914
v -228.591370 61.230988 384.706726
v -229.317932 147.849365 354.413849
v -228.363220 225.988892 394.216492
v -227.509338 200.114197 429.819672
v -228.314087 134.246216 396.267914
v -228.363220 225.988892 394.216492
v -226.876343 288.000854 456.210754
v -226.255981 252.387390 482.077972
v -227.509338 200.114197 429.819672
v -226.876343 288.000854 456.210754
v -225.002686 327.814941 534.327759
v -224.676453 285.948853 547.926941
v -226.255981 252.387390 482.077972
v -225.002686 327.814941 534.327759
v -222.925659 341.533813 620.921082
v -222.925659 297.513184 620.921082
v -224.676453 285.948853 547.926941
v -222.925659 341.533813 620.921082
v -220.848816 327.814758 707.514587
v -221.174927 285.948730 693.915466
v -222.925659 297.513184 620.921082
v -220.848816 327.814758 707.514587
v -218.975159 288.000671 785.631775
v -219.595642 252.387268 759.764526
v -221.174927 285.948730 693.915466
v -218.975159 288.000671 785.631775
v -217.488159 225.988800 847.625854
v -218.342102 200.114136 812.022522
v -219.595642 252.387268 759.764526
v -217.488159 225.988800 847.625854
v -216.533691 147.849365 887.428284
v -217.537476 134.246216 845.574219
v -218.342102 200.114136 812.022522
v -216.533691 147.849365 887.428284
v -216.204590 61.230988 901.143433
v -217.260193 61.230988 857.135620
v -217.537476 134.246216 845.574219
v -216.204590 61.230988 901.143433
v -216.533691 -25.387436 887.428284
v -217.537598 -11.784302 845.574097
v -217.260193 61.230988 857.135620
v -216.533691 -25.387436 887.428284
v -217.488159 -103.526932 847.625854
v -218.342102 -77.652267 812.022522
v -217.537598 -11.784302 845.574097
v -217.488159 -103.526932 847.625854
v -218.975159 -165.538849 785.631653
v -219.595581 -129.925430 759.764465
v -218.342102 -77.652267 812.022522
v -218.975159 -165.538849 785.631653
v -220.848877 -205.353165 707.514832
v -221.174988 -163.487030 693.915527
v -219.595581 -129.925430 759.764465
v -220.848877 -205.353165 707.514832
v -222.925659 -219.071991 620.921082
v -222.925659 -175.051361 620.921082
v -221.174988 -163.487030 693.915527
vt 0.856961 0.736359
vt 0.840450 0.685621
vt 0.905150 0.711794
vt 0.873767 0.668633
vt 0.803525 0.691476
vt 0.803557 0.744815
vt 0.943388 0.673529
vt 0.900205 0.642176
vt 0.967918 0.625323
vt 0.917170 0.608847
vt 0.976336 0.571913
vt 0.922999 0.571917
vt 0.967828 0.518545
vt 0.917127 0.535010
vt 0.943243 0.470451
vt 0.900137 0.501742
vt 0.905007 0.432337
vt 0.873700 0.475369
vt 0.856876 0.407918
vt 0.840411 0.458466
vt 0.803564 0.399567
vt 0.803530 0.452676
vt 0.750281 0.408083
vt 0.766662 0.458560
vt 0.702226 0.432625
vt 0.733409 0.475538
vt 0.664083 0.470793
vt 0.707017 0.501948
vt 0.639573 0.518866
vt 0.690061 0.535213
vt 0.631092 0.572156
vt 0.684202 0.572085
vt 0.639479 0.625463
vt 0.690016 0.608963
vt 0.663931 0.673579
vt 0.706943 0.642242
vt 0.702072 0.711791
vt 0.733334 0.668662
vt 0.750183 0.736344
vt 0.766614 0.685630
vt 0.873767 0.668633
vt 0.840450 0.685621
vt 0.803450 0.571926
vt 0.900205 0.642176
vt 0.917170 0.608847
vt 0.922999 0.571917
vt 0.917127 0.535010
vt 0.900137 0.501742
vt 0.873700 0.475369
vt 0.840411 0.458466
vt 0.803530 0.452676
vt 0.766662 0.458560
vt 0.733409 0.475538
vt 0.707017 0.501948
vt 0.690061 0.535213
vt 0.684202 0.572085
vt 0.690016 0.608963
vt 0.706943 0.642242
vt 0.733334 0.668662
vt 0.766614 0.685630
vt 0.803525 0.691476
vt 0.862378 0.739318
vt 0.864218 0.744434
vt 0.905479 0.718910
vt 0.908010 0.721878
vt 0.856349 0.744545
vt 0.855084 0.740767
vt 0.808170 0.749328
vt 0.807929 0.753643
vt 0.910774 0.712961
vt 0.913326 0.716468
vt 0.945067 0.679777
vt 0.948553 0.682026
vt 0.948795 0.673122
vt 0.952770 0.675915
vt 0.971861 0.631367
vt 0.976285 0.632616
vt 0.973360 0.623575
vt 0.977907 0.624997
vt 0.981027 0.576565
vt 0.985531 0.576330
vt 0.979605 0.569061
vt 0.984175 0.568990
vt 0.973625 0.521754
vt 0.976970 0.520323
vt 0.970705 0.514678
vt 0.973540 0.513918
vt 0.950514 0.471502
vt 0.953234 0.469149
vt 0.944431 0.466240
vt 0.947220 0.464407
vt 0.912540 0.430903
vt 0.913551 0.428556
vt 0.905321 0.426998
vt 0.907192 0.424764
vt 0.862796 0.405608
vt 0.863864 0.401570
vt 0.855322 0.403041
vt 0.856714 0.398415
vt 0.808314 0.395664
vt 0.808200 0.390512
vt 0.800632 0.397073
vt 0.800411 0.391486
vt 0.753663 0.404685
vt 0.751893 0.399236
vt 0.746048 0.405963
vt 0.745181 0.402805
vt 0.703642 0.427526
vt 0.701507 0.425292
vt 0.698541 0.433270
vt 0.695118 0.429008
vt 0.663860 0.466084
vt 0.659245 0.462529
vt 0.660336 0.472761
vt 0.656524 0.470064
vt 0.638517 0.515040
vt 0.633449 0.513438
vt 0.636065 0.522099
vt 0.631675 0.520730
vt 0.628049 0.569003
vt 0.623447 0.569147
vt 0.626768 0.576968
vt 0.620641 0.577169
vt 0.635231 0.623602
vt 0.630069 0.625514
vt 0.636314 0.631711
vt 0.633803 0.632222
vt 0.658276 0.673957
vt 0.656894 0.675598
vt 0.663980 0.679405
vt 0.660824 0.681621
vt 0.697019 0.713745
vt 0.694789 0.717216
vt 0.703436 0.718233
vt 0.700970 0.721550
vt 0.745950 0.739703
vt 0.744445 0.744553
vt 0.753322 0.742203
vt 0.752042 0.745797
vt 0.800376 0.749436
vt 0.800737 0.752813
vt 0.856961 0.736359
vt 0.905150 0.711794
vt 0.858398 0.740588
vt 0.907801 0.715405
vt 0.943388 0.673529
vt 0.947002 0.676176
vt 0.967918 0.625323
vt 0.972149 0.626755
vt 0.976336 0.571913
vt 0.980778 0.572000
vt 0.967828 0.518545
vt 0.972054 0.517288
vt 0.943243 0.470451
vt 0.946849 0.467985
vt 0.905007 0.432337
vt 0.907649 0.428913
vt 0.856876 0.407918
vt 0.858307 0.403882
vt 0.803564 0.399567
vt 0.803655 0.395322
vt 0.750281 0.408083
vt 0.749034 0.404053
vt 0.702226 0.432625
vt 0.699771 0.429212
vt 0.664083 0.470793
vt 0.660670 0.468340
vt 0.639573 0.518866
vt 0.635544 0.517620
vt 0.631092 0.572156
vt 0.626849 0.572248
vt 0.639479 0.625463
vt 0.635446 0.626896
vt 0.663931 0.673579
vt 0.660510 0.676223
vt 0.702072 0.711791
vt 0.699610 0.715397
vt 0.750183 0.736344
vt 0.748931 0.740569
vt 0.803557 0.744815
vt 0.803649 0.749255
vt 0.854906 0.729782
vt 0.858398 0.740588
vt 0.862378 0.739318
vt 0.864218 0.744434
vt 0.858398 0.740588
vt 0.907801 0.715405
vt 0.864218 0.744434
vt 0.908010 0.721878
vt 0.907801 0.715405
vt 0.901131 0.706218
vt 0.905479 0.718910
vt 0.908010 0.721878
vt 0.901131 0.706218
vt 0.854906 0.729782
vt 0.905479 0.718910
vt 0.862378 0.739318
vt 0.858398 0.740588
vt 0.854906 0.729782
vt 0.855084 0.740767
vt 0.856349 0.744545
vt 0.854906 0.729782
vt 0.803679 0.737895
vt 0.855084 0.740767
vt 0.808170 0.749328
vt 0.803679 0.737895
vt 0.803649 0.749255
vt 0.808170 0.749328
vt 0.807929 0.753643
vt 0.803649 0.749255
vt 0.858398 0.740588
vt 0.807929 0.753643
vt 0.856349 0.744545
vt 0.901131 0.706218
vt 0.907801 0.715405
vt 0.910774 0.712961
vt 0.913326 0.716468
vt 0.907801 0.715405
vt 0.947002 0.676176
vt 0.913326 0.716468
vt 0.948553 0.682026
vt 0.947002 0.676176
vt 0.937810 0.669512
vt 0.945067 0.679777
vt 0.948553 0.682026
vt 0.937810 0.669512
vt 0.901131 0.706218
vt 0.945067 0.679777
vt 0.910774 0.712961
vt 0.937810 0.669512
vt 0.947002 0.676176
vt 0.948795 0.673122
vt 0.952770 0.675915
vt 0.947002 0.676176
vt 0.972149 0.626755
vt 0.952770 0.675915
vt 0.976285 0.632616
vt 0.972149 0.626755
vt 0.961341 0.623270
vt 0.971861 0.631367
vt 0.976285 0.632616
vt 0.961341 0.623270
vt 0.937810 0.669512
vt 0.971861 0.631367
vt 0.948795 0.673122
vt 0.961341 0.623270
vt 0.972149 0.626755
vt 0.973360 0.623575
vt 0.977907 0.624997
vt 0.972149 0.626755
vt 0.980778 0.572000
vt 0.977907 0.624997
vt 0.985531 0.576330
vt 0.980778 0.572000
vt 0.969418 0.572037
vt 0.981027 0.576565
vt 0.985531 0.576330
vt 0.969418 0.572037
vt 0.961341 0.623270
vt 0.981027 0.576565
vt 0.973360 0.623575
vt 0.969418 0.572037
vt 0.980778 0.572000
vt 0.979605 0.569061
vt 0.984175 0.568990
vt 0.980778 0.572000
vt 0.972054 0.517288
vt 0.984175 0.568990
vt 0.976970 0.520323
vt 0.972054 0.517288
vt 0.961259 0.520843
vt 0.973625 0.521754
vt 0.976970 0.520323
vt 0.961259 0.520843
vt 0.969418 0.572037
vt 0.973625 0.521754
vt 0.979605 0.569061
vt 0.961259 0.520843
vt 0.972054 0.517288
vt 0.970705 0.514678
vt 0.973540 0.513918
vt 0.972054 0.517288
vt 0.946849 0.467985
vt 0.973540 0.513918
vt 0.953234 0.469149
vt 0.946849 0.467985
vt 0.937677 0.474706
vt 0.950514 0.471502
vt 0.953234 0.469149
vt 0.937677 0.474706
vt 0.961259 0.520843
vt 0.970705 0.514678
vt 0.950514 0.471502
vt 0.937677 0.474706
vt 0.946849 0.467985
vt 0.944431 0.466240
vt 0.947220 0.464407
vt 0.946849 0.467985
vt 0.907649 0.428913
vt 0.947220 0.464407
vt 0.913551 0.428556
vt 0.907649 0.428913
vt 0.900999 0.438141
vt 0.912540 0.430903
vt 0.913551 0.428556
vt 0.900999 0.438141
vt 0.937677 0.474706
vt 0.944431 0.466240
vt 0.912540 0.430903
vt 0.900999 0.438141
vt 0.907649 0.428913
vt 0.905321 0.426998
vt 0.907192 0.424764
vt 0.907649 0.428913
vt 0.858307 0.403882
vt 0.907192 0.424764
vt 0.863864 0.401570
vt 0.858307 0.403882
vt 0.854828 0.414714
vt 0.862796 0.405608
vt 0.863864 0.401570
vt 0.854828 0.414714
vt 0.900999 0.438141
vt 0.862796 0.405608
vt 0.905321 0.426998
vt 0.854828 0.414714
vt 0.858307 0.403882
vt 0.855322 0.403041
vt 0.856714 0.398415
vt 0.858307 0.403882
vt 0.803655 0.395322
vt 0.856714 0.398415
vt 0.808200 0.390512
vt 0.803655 0.395322
vt 0.803685 0.406700
vt 0.808314 0.395664
vt 0.808200 0.390512
vt 0.803685 0.406700
vt 0.854828 0.414714
vt 0.808314 0.395664
vt 0.855322 0.403041
vt 0.803685 0.406700
vt 0.803655 0.395322
vt 0.800632 0.397073
vt 0.800411 0.391486
vt 0.803655 0.395322
vt 0.749034 0.404053
vt 0.800411 0.391486
vt 0.751893 0.399236
vt 0.749034 0.404053
vt 0.752569 0.414869
vt 0.753663 0.404685
vt 0.751893 0.399236
vt 0.752569 0.414869
vt 0.803685 0.406700
vt 0.753663 0.404685
vt 0.800632 0.397073
vt 0.752569 0.414869
vt 0.749034 0.404053
vt 0.746048 0.405963
vt 0.745181 0.402805
vt 0.749034 0.404053
vt 0.699771 0.429212
vt 0.745181 0.402805
vt 0.701507 0.425292
vt 0.699771 0.429212
vt 0.706467 0.438412
vt 0.703642 0.427526
vt 0.701507 0.425292
vt 0.706467 0.438412
vt 0.752569 0.414869
vt 0.703642 0.427526
vt 0.746048 0.405963
vt 0.706467 0.438412
vt 0.699771 0.429212
vt 0.698541 0.433270
vt 0.695118 0.429008
vt 0.699771 0.429212
vt 0.660670 0.468340
vt 0.695118 0.429008
vt 0.659245 0.462529
vt 0.660670 0.468340
vt 0.669875 0.475029
vt 0.663860 0.466084
vt 0.659245 0.462529
vt 0.669875 0.475029
vt 0.706467 0.438412
vt 0.663860 0.466084
vt 0.698541 0.433270
vt 0.669875 0.475029
vt 0.660670 0.468340
vt 0.660336 0.472761
vt 0.656524 0.470064
vt 0.660670 0.468340
vt 0.635544 0.517620
vt 0.656524 0.470064
vt 0.633449 0.513438
vt 0.635544 0.517620
vt 0.646363 0.521147
vt 0.638517 0.515040
vt 0.633449 0.513438
vt 0.646363 0.521147
vt 0.669875 0.475029
vt 0.638517 0.515040
vt 0.660336 0.472761
vt 0.646363 0.521147
vt 0.635544 0.517620
vt 0.636065 0.522099
vt 0.631675 0.520730
vt 0.635544 0.517620
vt 0.626849 0.572248
vt 0.631675 0.520730
vt 0.623447 0.569147
vt 0.626849 0.572248
vt 0.638228 0.572270
vt 0.628049 0.569003
vt 0.623447 0.569147
vt 0.638228 0.572270
vt 0.646363 0.521147
vt 0.628049 0.569003
vt 0.636065 0.522099
vt 0.638228 0.572270
vt 0.626849 0.572248
vt 0.626768 0.576968
vt 0.620641 0.577169
vt 0.626849 0.572248
vt 0.635446 0.626896
vt 0.620641 0.577169
vt 0.630069 0.625514
vt 0.635446 0.626896
vt 0.646276 0.623409
vt 0.635231 0.623602
vt 0.630069 0.625514
vt 0.646276 0.623409
vt 0.638228 0.572270
vt 0.635231 0.623602
vt 0.626768 0.576968
vt 0.646276 0.623409
vt 0.635446 0.626896
vt 0.636314 0.631711
vt 0.633803 0.632222
vt 0.635446 0.626896
vt 0.660510 0.676223
vt 0.633803 0.632222
vt 0.656894 0.675598
vt 0.660510 0.676223
vt 0.669735 0.669565
vt 0.658276 0.673957
vt 0.656894 0.675598
vt 0.669735 0.669565
vt 0.646276 0.623409
vt 0.658276 0.673957
vt 0.636314 0.631711
vt 0.669735 0.669565
vt 0.660510 0.676223
vt 0.663980 0.679405
vt 0.660824 0.681621
vt 0.660510 0.676223
vt 0.699610 0.715397
vt 0.660824 0.681621
vt 0.694789 0.717216
vt 0.699610 0.715397
vt 0.706325 0.706220
vt 0.697019 0.713745
vt 0.694789 0.717216
vt 0.706325 0.706220
vt 0.669735 0.669565
vt 0.697019 0.713745
vt 0.663980 0.679405
vt 0.706325 0.706220
vt 0.699610 0.715397
vt 0.703436 0.718233
vt 0.700970 0.721550
vt 0.699610 0.715397
vt 0.748931 0.740569
vt 0.700970 0.721550
vt 0.744445 0.744553
vt 0.748931 0.740569
vt 0.752478 0.729770
vt 0.745950 0.739703
vt 0.744445 0.744553
vt 0.752478 0.729770
vt 0.706325 0.706220
vt 0.745950 0.739703
vt 0.703436 0.718233
vt 0.752478 0.729770
vt 0.748931 0.740569
vt 0.753322 0.742203
vt 0.752042 0.745797
vt 0.748931 0.740569
vt 0.803649 0.749255
vt 0.752042 0.745797
vt 0.800737 0.752813
vt 0.803649 0.749255
vt 0.803679 0.737895
vt 0.800376 0.749436
vt 0.800737 0.752813
vt 0.803679 0.737895
vt 0.752478 0.729770
vt 0.800376 0.749436
vt 0.753322 0.742203
vt 0.854906 0.729782
vt 0.901131 0.706218
vt 0.846854 0.705004
vt 0.885811 0.685142
vt 0.803679 0.737895
vt 0.854906 0.729782
vt 0.803679 0.711846
vt 0.846854 0.705004
vt 0.901131 0.706218
vt 0.937810 0.669512
vt 0.885811 0.685142
vt 0.916725 0.654206
vt 0.937810 0.669512
vt 0.961341 0.623270
vt 0.916725 0.654206
vt 0.936559 0.615235
vt 0.961341 0.623270
vt 0.969418 0.572037
vt 0.936559 0.615235
vt 0.943371 0.572055
vt 0.969418 0.572037
vt 0.961259 0.520843
vt 0.943371 0.572055
vt 0.936500 0.528904
vt 0.961259 0.520843
vt 0.937677 0.474706
vt 0.936500 0.528904
vt 0.916630 0.490012
vt 0.937677 0.474706
vt 0.900999 0.438141
vt 0.916630 0.490012
vt 0.885718 0.459184
vt 0.900999 0.438141
vt 0.854828 0.414714
vt 0.885718 0.459184
vt 0.846799 0.439428
vt 0.854828 0.414714
vt 0.803685 0.406700
vt 0.846799 0.439428
vt 0.803685 0.432665
vt 0.803685 0.406700
vt 0.752569 0.414869
vt 0.803685 0.432665
vt 0.760589 0.439547
vt 0.752569 0.414869
vt 0.706467 0.438412
vt 0.760589 0.439547
vt 0.721719 0.459394
vt 0.706467 0.438412
vt 0.669875 0.475029
vt 0.721719 0.459394
vt 0.690868 0.490267
vt 0.669875 0.475029
vt 0.646363 0.521147
vt 0.690868 0.490267
vt 0.671047 0.529150
vt 0.646363 0.521147
vt 0.638228 0.572270
vt 0.671047 0.529150
vt 0.664193 0.572251
vt 0.638228 0.572270
vt 0.646276 0.623409
vt 0.664193 0.572251
vt 0.670985 0.615363
vt 0.646276 0.623409
vt 0.669735 0.669565
vt 0.670985 0.615363
vt 0.690768 0.654270
vt 0.669735 0.669565
vt 0.706325 0.706220
vt 0.690768 0.654270
vt 0.721618 0.685161
vt 0.706325 0.706220
vt 0.752478 0.729770
vt 0.721618 0.685161
vt 0.760523 0.705005
vt 0.752478 0.729770
vt 0.803679 0.737895
vt 0.760523 0.705005
vt 0.803679 0.711846
vn -0.9996 -0.0221 0.0168
vn -0.9998 -0.0188 0.0103
vn -0.9994 -0.0232 0.0240
vn -0.9999 -0.0136 0.0052
vn -1.0000 -0.0072 0.0019
vn -1.0000 0.0000 0.0008
vn -1.0000 0.0072 0.0019
vn -0.9999 0.0136 0.0052
vn -0.9998 0.0188 0.0103
vn -0.9996 0.0221 0.0168
vn -0.9994 0.0232 0.0240
vn -0.9993 0.0221 0.0311
vn -0.9991 0.0188 0.0376
vn -0.9990 0.0136 0.0427
vn -0.9989 0.0072 0.0460
vn -0.9989 0.0000 0.0472
vn -0.9989 -0.0072 0.0460
vn -0.9990 -0.0136 0.0427
vn -0.9991 -0.0188 0.0376
vn -0.9993 -0.0221 0.0311
vn -0.9998 -0.0192 0.0100
vn -0.9996 -0.0226 0.0166
vn -0.9997 -0.0000 0.0240
vn -0.9999 -0.0140 0.0048
vn -1.0000 -0.0073 0.0014
vn -1.0000 0.0000 0.0002
vn -1.0000 0.0073 0.0014
vn -0.9999 0.0140 0.0048
vn -0.9998 0.0192 0.0100
vn -0.9996 0.0226 0.0166
vn -0.9994 0.0237 0.0240
vn -0.9993 0.0226 0.0313
vn -0.9991 0.0192 0.0379
vn -0.9990 0.0140 0.0432
vn -0.9989 0.0073 0.0466
vn -0.9989 0.0000 0.0477
vn -0.9989 -0.0073 0.0466
vn -0.9990 -0.0140 0.0432
vn -0.9991 -0.0192 0.0379
vn -0.9993 -0.0226 0.0313
vn -0.9994 -0.0237 0.0240
vn 0.9954 -0.0731 -0.0615
vn 0.9940 -0.1009 -0.0430
vn 0.9940 -0.1008 -0.0430
vn 0.9933 -0.0696 -0.0925
vn 0.9953 -0.0373 -0.0898
vn 0.9946 -0.0106 -0.1029
vn 0.9912 0.0144 -0.1319
vn 0.9833 0.0655 -0.1700
vn 0.9783 0.1267 -0.1639
vn 0.9887 0.1226 -0.0862
vn 0.9974 0.0643 -0.0325
vn 0.9991 0.0407 -0.0154
vn 0.9991 0.0406 -0.0154
vn 0.9871 0.1503 0.0550
vn 0.9995 0.0316 0.0040
vn 0.9989 0.0299 0.0352
vn 0.9989 0.0298 0.0352
vn 0.9983 0.0127 0.0570
vn 0.9999 -0.0126 0.0101
vn 0.9999 -0.0126 0.0100
vn 0.9698 -0.1253 0.2091
vn 0.9698 -0.1253 0.2090
vn 0.9954 -0.0770 0.0563
vn 0.9954 -0.0771 0.0564
vn 0.9966 -0.0807 0.0158
vn 0.9966 -0.0807 0.0157
vn 0.9912 -0.1324 -0.0073
vn 0.9912 -0.1325 -0.0073
vn -0.8016 -0.5740 -0.1673
vn -0.8056 -0.4883 -0.3355
vn -0.8088 -0.3548 -0.4690
vn -0.8109 -0.1865 -0.5547
vn -0.8116 0.0000 -0.5842
vn -0.8109 0.1865 -0.5547
vn -0.8088 0.3547 -0.4690
vn -0.8056 0.4883 -0.3355
vn -0.8016 0.5740 -0.1673
vn -0.7971 0.6035 0.0191
vn -0.7926 0.5740 0.2056
vn -0.7886 0.4883 0.3738
vn -0.7854 0.3547 0.5072
vn -0.7834 0.1865 0.5929
vn -0.7826 -0.0000 0.6225
vn -0.7834 -0.1865 0.5929
vn -0.7854 -0.3548 0.5073
vn -0.7886 -0.4883 0.3738
vn -0.7926 -0.5740 0.2056
vn -0.7971 -0.6035 0.0191
vn 0.1759 -0.3267 0.9286
vn -0.2519 -0.8640 -0.4360
vn -0.2518 -0.8640 -0.4360
vn -0.2519 -0.8640 -0.4359
vn 0.1475 0.5814 -0.8002
vn 0.1475 0.5814 -0.8001
vn 0.4849 0.7891 0.3771
vn 0.4850 0.7891 0.3771
vn 0.1269 0.2939 -0.9474
vn 0.1269 0.2940 -0.9474
vn 0.4502 0.8820 0.1391
vn 0.1825 -0.0007 0.9832
vn -0.1860 -0.9690 -0.1625
vn 0.1704 -0.5928 0.7871
vn 0.1704 -0.5929 0.7870
vn -0.2171 -0.6966 -0.6838
vn -0.2171 -0.6966 -0.6839
vn 0.1463 0.7978 -0.5849
vn 0.1463 0.7977 -0.5850
vn 0.4726 0.6338 0.6124
vn 0.4725 0.6338 0.6124
vn 0.1640 -0.8101 0.5630
vn 0.1640 -0.8101 0.5629
vn -0.2509 -0.4527 -0.8556
vn -0.2510 -0.4527 -0.8556
vn 0.1582 0.9364 -0.3132
vn 0.1582 0.9364 -0.3131
vn 0.4845 0.4142 0.7705
vn 0.1624 -0.9445 0.2855
vn -0.2473 -0.1523 -0.9569
vn -0.2470 -0.1522 -0.9570
vn -0.2471 -0.1522 -0.9570
vn -0.2472 -0.1523 -0.9569
vn 0.1608 0.9870 -0.0048
vn 0.4849 0.1413 0.8631
vn 0.1476 -0.9888 -0.0210
vn -0.2054 0.1487 -0.9673
vn 0.1682 0.9376 0.3044
vn 0.4692 -0.1264 0.8740
vn 0.4692 -0.1263 0.8740
vn 0.1449 -0.9384 -0.3137
vn -0.2093 0.4266 -0.8799
vn 0.1809 0.7973 0.5758
vn 0.1809 0.7974 0.5758
vn 0.4959 -0.3861 0.7778
vn 0.4958 -0.3861 0.7778
vn 0.4958 -0.3861 0.7779
vn 0.1390 -0.7965 -0.5884
vn 0.1390 -0.7965 -0.5885
vn -0.2001 0.6843 -0.7012
vn -0.2002 0.6843 -0.7012
vn 0.1928 0.5640 0.8030
vn 0.1926 0.5640 0.8030
vn 0.1927 0.5640 0.8030
vn 0.4985 -0.6034 0.6225
vn 0.1404 -0.5778 -0.8040
vn 0.1404 -0.5779 -0.8040
vn -0.2219 0.8663 -0.4476
vn -0.2220 0.8663 -0.4476
vn 0.1856 0.3067 0.9335
vn 0.1856 0.3068 0.9335
vn 0.4951 -0.7792 0.3843
vn 0.4950 -0.7792 0.3843
vn 0.1362 -0.2861 -0.9485
vn 0.1362 -0.2861 -0.9484
vn -0.2723 0.9509 -0.1471
vn 0.1872 0.0075 0.9823
vn 0.4903 -0.8625 0.1255
vn 0.4904 -0.8624 0.1254
vn 0.4904 -0.8624 0.1255
vn 0.1276 0.0246 -0.9915
vn -0.2354 0.9591 0.1574
vn -0.2356 0.9590 0.1573
vn -0.2352 0.9591 0.1575
vn -0.2355 0.9591 0.1573
vn 0.1792 -0.2935 0.9390
vn 0.1792 -0.2934 0.9390
vn 0.4418 -0.8843 -0.1512
vn 0.4415 -0.8845 -0.1510
vn 0.1349 0.3112 -0.9407
vn 0.1349 0.3111 -0.9407
vn -0.1744 0.8750 0.4517
vn -0.1743 0.8750 0.4517
vn 0.1820 -0.5876 0.7884
vn 0.4682 -0.7831 -0.4093
vn 0.4681 -0.7832 -0.4093
vn 0.1273 0.6040 -0.7867
vn -0.2284 0.6964 0.6803
vn -0.2284 0.6964 0.6804
vn 0.1718 -0.7867 0.5930
vn 0.1718 -0.7866 0.5930
vn 0.4344 -0.6403 -0.6335
vn 0.1365 0.8100 -0.5703
vn 0.1365 0.8101 -0.5702
vn -0.1863 0.4513 0.8727
vn 0.1636 -0.9362 0.3111
vn 0.1636 -0.9362 0.3110
vn 0.4211 -0.4098 -0.8091
vn 0.4211 -0.4099 -0.8091
vn 0.1449 0.9452 -0.2924
vn 0.1449 0.9453 -0.2924
vn -0.1889 0.1577 0.9692
vn -0.1889 0.1578 0.9692
vn -0.1889 0.1577 0.9693
vn 0.1597 -0.9872 0.0017
vn 0.4347 -0.1442 -0.8890
vn 0.4346 -0.1442 -0.8890
vn 0.1641 0.9862 0.0203
vn -0.2712 -0.1653 0.9482
vn 0.1575 -0.9378 -0.3095
vn 0.1575 -0.9377 -0.3096
vn 0.4634 0.1451 -0.8742
vn 0.1710 0.9379 0.3018
vn 0.1710 0.9379 0.3017
vn -0.1664 -0.4537 0.8755
vn 0.1523 -0.7865 -0.5985
vn 0.4842 0.3953 -0.7806
vn 0.1663 0.7923 0.5871
vn 0.1663 0.7922 0.5871
vn -0.1882 -0.6847 0.7041
vn 0.1435 -0.5799 -0.8020
vn 0.1435 -0.5799 -0.8019
vn 0.4533 0.6191 -0.6413
vn 0.4532 0.6191 -0.6413
vn 0.1760 0.5691 0.8032
vn -0.2250 -0.8628 0.4527
vn -0.2250 -0.8628 0.4528
vn 0.1381 -0.3139 -0.9394
vn 0.1381 -0.3138 -0.9394
vn 0.4633 0.7855 -0.4102
vn 0.1800 0.2958 0.9381
vn -0.1876 -0.9704 0.1519
vn 0.1373 0.0076 -0.9905
vn 0.4663 0.8722 -0.1478
vn 0.4664 0.8722 -0.1477
vn 0.9997 -0.0000 -0.0240
usemtl Tapa-tubo.004
s 1
f 5738/5738/1697 5739/5739/1697 5741/5740/1698
f 5739/5739/1697 5740/5741/1698 5741/5740/1698
f 5739/5739/1697 5738/5738/1697 5743/5742/1699
f 5738/5738/1697 5742/5743/1699 5743/5742/1699
f 5741/5740/1698 5740/5741/1698 5745/5744/1700
f 5740/5741/1698 5744/5745/1700 5745/5744/1700
f 5745/5744/1700 5744/5745/1700 5747/5746/1701
f 5744/5745/1700 5746/5747/1701 5747/5746/1701
f 5747/5746/1701 5746/5747/1701 5749/5748/1702
f 5746/5747/1701 5748/5749/1702 5749/5748/1702
f 5749/5748/1702 5748/5749/1702 5751/5750/1703
f 5748/5749/1702 5750/5751/1703 5751/5750/1703
f 5751/5750/1703 5750/5751/1703 5753/5752/1704
f 5750/5751/1703 5752/5753/1704 5753/5752/1704
f 5753/5752/1704 5752/5753/1704 5755/5754/1705
f 5752/5753/1704 5754/5755/1705 5755/5754/1705
f 5755/5754/1705 5754/5755/1705 5757/5756/1706
f 5754/5755/1705 5756/5757/1706 5757/5756/1706
f 5757/5756/1706 5756/5757/1706 5759/5758/1707
f 5756/5757/1706 5758/5759/1707 5759/5758/1707
f 5759/5758/1707 5758/5759/1707 5761/5760/1708
f 5758/5759/1707 5760/5761/1708 5761/5760/1708
f 5761/5760/1708 5760/5761/1708 5763/5762/1709
f 5760/5761/1708 5762/5763/1709 5763/5762/1709
f 5763/5762/1709 5762/5763/1709 5765/5764/1710
f 5762/5763/1709 5764/5765/1710 5765/5764/1710
f 5765/5764/1710 5764/5765/1710 5767/5766/1711
f 5764/5765/1710 5766/5767/1711 5767/5766/1711
f 5767/5766/1711 5766/5767/1711 5769/5768/1712
f 5766/5767/1711 5768/5769/1712 5769/5768/1712
f 5769/5768/1712 5768/5769/1712 5771/5770/1713
f 5768/5769/1712 5770/5771/1713 5771/5770/1713
f 5771/5770/1713 5770/5771/1713 5773/5772/1714
f 5770/5771/1713 5772/5773/1714 5773/5772/1714
f 5773/5772/1714 5772/5773/1714 5775/5774/1715
f 5772/5773/1714 5774/5775/1715 5775/5774/1715
f 5775/5774/1715 5774/5775/1715 5777/5776/1716
f 5774/5775/1715 5776/5777/1716 5777/5776/1716
f 5777/5776/1716 5776/5777/1716 5742/5743/1699
f 5776/5777/1716 5743/5742/1699 5742/5743/1699
s 2
f 5778/5778/1717 5779/5779/1718 5780/5780/1719
f 5781/5781/1720 5778/5778/1717 5780/5780/1719
f 5782/5782/1721 5781/5781/1720 5780/5780/1719
f 5783/5783/1722 5782/5782/1721 5780/5780/1719
f 5784/5784/1723 5783/5783/1722 5780/5780/1719
f 5785/5785/1724 5784/5784/1723 5780/5780/1719
f 5786/5786/1725 5785/5785/1724 5780/5780/1719
f 5787/5787/1726 5786/5786/1725 5780/5780/1719
f 5788/5788/1727 5787/5787/1726 5780/5780/1719
f 5789/5789/1728 5788/5788/1727 5780/5780/1719
f 5790/5790/1729 5789/5789/1728 5780/5780/1719
f 5791/5791/1730 5790/5790/1729 5780/5780/1719
f 5792/5792/1731 5791/5791/1730 5780/5780/1719
f 5793/5793/1732 5792/5792/1731 5780/5780/1719
f 5794/5794/1733 5793/5793/1732 5780/5780/1719
f 5795/5795/1734 5794/5794/1733 5780/5780/1719
f 5796/5796/1735 5795/5795/1734 5780/5780/1719
f 5797/5797/1736 5796/5796/1735 5780/5780/1719
f 5798/5798/1737 5797/5797/1736 5780/5780/1719
f 5779/5779/1718 5798/5798/1737 5780/5780/1719
s 3
f 5799/5799/1738 5800/5800/1738 5802/5801/1738
f 5800/5800/1738 5801/5802/1738 5802/5801/1738
s 4
f 5803/5803/1739 5804/5804/1739 5805/5805/1740
f 5803/5803/1739 5805/5805/1740 5806/5806/1740
s 5
f 5807/5807/1741 5808/5808/1741 5810/5809/1741
f 5808/5808/1741 5809/5810/1741 5810/5809/1741
s 6
f 5811/5811/1742 5812/5812/1742 5814/5813/1742
f 5812/5812/1742 5813/5814/1742 5814/5813/1742
s 7
f 5815/5815/1743 5816/5816/1743 5818/5817/1743
f 5816/5816/1743 5817/5818/1743 5818/5817/1743
s 8
f 5819/5819/1744 5820/5820/1744 5822/5821/1744
f 5820/5820/1744 5821/5822/1744 5822/5821/1744
s 9
f 5823/5823/1745 5824/5824/1745 5826/5825/1745
f 5824/5824/1745 5825/5826/1745 5826/5825/1745
s 10
f 5827/5827/1746 5828/5828/1746 5830/5829/1746
f 5828/5828/1746 5829/5830/1746 5830/5829/1746
s 11
f 5831/5831/1747 5832/5832/1747 5834/5833/1747
f 5832/5832/1747 5833/5834/1747 5834/5833/1747
s 12
f 5835/5835/1748 5836/5836/1748 5838/5837/1748
f 5836/5836/1748 5837/5838/1748 5838/5837/1748
s 13
f 5839/5839/1749 5840/5840/1749 5842/5841/1750
f 5840/5840/1749 5841/5842/1749 5842/5841/1750
s 14
f 5843/5843/1751 5844/5844/1751 5846/5845/1751
f 5844/5844/1751 5845/5846/1751 5846/5845/1751
s 15
f 5847/5847/1752 5848/5848/1752 5850/5849/1752
f 5848/5848/1752 5849/5850/1752 5850/5849/1752
s 16
f 5851/5851/1753 5852/5852/1753 5854/5853/1753
f 5852/5852/1753 5853/5854/1754 5854/5853/1753
s 17
f 5855/5855/1755 5856/5856/1755 5858/5857/1755
f 5856/5856/1755 5857/5858/1755 5858/5857/1755
s 18
f 5859/5859/1756 5860/5860/1756 5862/5861/1757
f 5860/5860/1756 5861/5862/1757 5862/5861/1757
s 19
f 5863/5863/1758 5864/5864/1758 5866/5865/1758
f 5864/5864/1758 5865/5866/1759 5866/5865/1758
s 20
f 5867/5867/1760 5868/5868/1761 5870/5869/1760
f 5868/5868/1761 5869/5870/1760 5870/5869/1760
s 21
f 5871/5871/1762 5872/5872/1762 5874/5873/1763
f 5872/5872/1762 5873/5874/1763 5874/5873/1763
s 22
f 5875/5875/1764 5876/5876/1764 5878/5877/1765
f 5876/5876/1764 5877/5878/1764 5878/5877/1765
s 23
f 5879/5879/1766 5880/5880/1767 5882/5881/1766
f 5880/5880/1767 5881/5882/1767 5882/5881/1766
f 5880/5880/1767 5883/5883/1768 5881/5882/1767
f 5883/5883/1768 5884/5884/1768 5881/5882/1767
f 5883/5883/1768 5885/5885/1769 5884/5884/1768
f 5885/5885/1769 5886/5886/1769 5884/5884/1768
f 5885/5885/1769 5887/5887/1770 5886/5886/1769
f 5887/5887/1770 5888/5888/1770 5886/5886/1769
f 5887/5887/1770 5889/5889/1771 5888/5888/1770
f 5889/5889/1771 5890/5890/1771 5888/5888/1770
f 5889/5889/1771 5891/5891/1772 5890/5890/1771
f 5891/5891/1772 5892/5892/1772 5890/5890/1771
f 5891/5891/1772 5893/5893/1773 5892/5892/1772
f 5893/5893/1773 5894/5894/1773 5892/5892/1772
f 5893/5893/1773 5895/5895/1774 5894/5894/1773
f 5895/5895/1774 5896/5896/1774 5894/5894/1773
f 5895/5895/1774 5897/5897/1775 5896/5896/1774
f 5897/5897/1775 5898/5898/1775 5896/5896/1774
f 5897/5897/1775 5899/5899/1776 5898/5898/1775
f 5899/5899/1776 5900/5900/1776 5898/5898/1775
f 5899/5899/1776 5901/5901/1777 5900/5900/1776
f 5901/5901/1777 5902/5902/1777 5900/5900/1776
f 5901/5901/1777 5903/5903/1778 5902/5902/1777
f 5903/5903/1778 5904/5904/1778 5902/5902/1777
f 5903/5903/1778 5905/5905/1779 5904/5904/1778
f 5905/5905/1779 5906/5906/1779 5904/5904/1778
f 5905/5905/1779 5907/5907/1780 5906/5906/1779
f 5907/5907/1780 5908/5908/1780 5906/5906/1779
f 5907/5907/1780 5909/5909/1781 5908/5908/1780
f 5909/5909/1781 5910/5910/1781 5908/5908/1780
f 5909/5909/1781 5911/5911/1782 5910/5910/1781
f 5911/5911/1782 5912/5912/1782 5910/5910/1781
f 5911/5911/1782 5913/5913/1783 5912/5912/1782
f 5913/5913/1783 5914/5914/1783 5912/5912/1782
f 5913/5913/1783 5915/5915/1784 5914/5914/1783
f 5915/5915/1784 5916/5916/1784 5914/5914/1783
f 5915/5915/1784 5917/5917/1785 5916/5916/1784
f 5917/5917/1785 5918/5918/1785 5916/5916/1784
f 5917/5917/1785 5879/5879/1766 5918/5918/1785
f 5879/5879/1766 5882/5881/1766 5918/5918/1785
s 24
f 5919/5919/1786 5920/5920/1786 5922/5921/1786
f 5920/5920/1786 5921/5922/1786 5922/5921/1786
s 25
f 5923/5923/1787 5924/5924/1788 5926/5925/1789
f 5924/5924/1788 5925/5926/1788 5926/5925/1789
s 26
f 5927/5927/1790 5928/5928/1790 5929/5929/1791
f 5927/5927/1790 5929/5929/1791 5930/5930/1790
s 27
f 5931/5931/1792 5932/5932/1792 5934/5933/1793
f 5932/5932/1792 5933/5934/1792 5934/5933/1793
s 28
f 5935/5935/1794 5936/5936/1794 5937/5937/1794
f 5935/5935/1794 5937/5937/1794 5938/5938/1795
s 29
f 5939/5939/1796 5940/5940/1796 5942/5941/1796
f 5940/5940/1796 5941/5942/1796 5942/5941/1796
s 30
f 5943/5943/1797 5944/5944/1797 5946/5945/1797
f 5944/5944/1797 5945/5946/1797 5946/5945/1797
s 31
f 5947/5947/1798 5948/5948/1798 5950/5949/1798
f 5948/5948/1798 5949/5950/1798 5950/5949/1798
s 32
f 5951/5951/1799 5952/5952/1799 5954/5953/1800
f 5952/5952/1799 5953/5954/1800 5954/5953/1800
s 33
f 5955/5955/1801 5956/5956/1801 5958/5957/1802
f 5956/5956/1801 5957/5958/1801 5958/5957/1802
s 34
f 5959/5959/1803 5960/5960/1804 5961/5961/1804
f 5959/5959/1803 5961/5961/1804 5962/5962/1804
s 35
f 5963/5963/1805 5964/5964/1805 5966/5965/1806
f 5964/5964/1805 5965/5966/1806 5966/5965/1806
s 36
f 5967/5967/1807 5968/5968/1808 5970/5969/1808
f 5968/5968/1808 5969/5970/1807 5970/5969/1808
s 37
f 5971/5971/1809 5972/5972/1809 5974/5973/1809
f 5972/5972/1809 5973/5974/1810 5974/5973/1809
s 38
f 5975/5975/1811 5976/5976/1812 5977/5977/1811
f 5975/5975/1811 5977/5977/1811 5978/5978/1811
s 39
f 5979/5979/1813 5980/5980/1813 5982/5981/1813
f 5980/5980/1813 5981/5982/1813 5982/5981/1813
s 40
f 5983/5983/1814 5984/5984/1814 5986/5985/1814
f 5984/5984/1814 5985/5986/1814 5986/5985/1814
s 41
f 5987/5987/1815 5988/5988/1816 5990/5989/1817
f 5988/5988/1816 5989/5990/1818 5990/5989/1817
s 42
f 5991/5991/1819 5992/5992/1819 5993/5993/1819
f 5991/5991/1819 5993/5993/1819 5994/5994/1819
s 43
f 5995/5995/1820 5996/5996/1820 5998/5997/1820
f 5996/5996/1820 5997/5998/1820 5998/5997/1820
s 44
f 5999/5999/1821 6000/6000/1821 6002/6001/1821
f 6000/6000/1821 6001/6002/1821 6002/6001/1821
s 45
f 6003/6003/1822 6004/6004/1822 6006/6005/1822
f 6004/6004/1822 6005/6006/1822 6006/6005/1822
s 46
f 6007/6007/1823 6008/6008/1823 6009/6009/1823
f 6007/6007/1823 6009/6009/1823 6010/6010/1823
s 47
f 6011/6011/1824 6012/6012/1825 6014/6013/1825
f 6012/6012/1825 6013/6014/1824 6014/6013/1825
s 48
f 6015/6015/1826 6016/6016/1826 6018/6017/1826
f 6016/6016/1826 6017/6018/1826 6018/6017/1826
s 49
f 6019/6019/1827 6020/6020/1827 6022/6021/1827
f 6020/6020/1827 6021/6022/1827 6022/6021/1827
s 50
f 6023/6023/1828 6024/6024/1828 6025/6025/1829
f 6023/6023/1828 6025/6025/1829 6026/6026/1828
s 51
f 6027/6027/1830 6028/6028/1831 6029/6029/1832
f 6027/6027/1830 6029/6029/1832 6030/6030/1831
s 52
f 6031/6031/1833 6032/6032/1833 6034/6033/1833
f 6032/6032/1833 6033/6034/1834 6034/6033/1833
s 53
f 6035/6035/1835 6036/6036/1835 6038/6037/1836
f 6036/6036/1835 6037/6038/1835 6038/6037/1836
s 54
f 6039/6039/1837 6040/6040/1838 6041/6041/1839
f 6039/6039/1837 6041/6041/1839 6042/6042/1838
s 55
f 6043/6043/1840 6044/6044/1840 6045/6045/1840
f 6043/6043/1840 6045/6045/1840 6046/6046/1840
s 56
f 6047/6047/1841 6048/6048/1841 6050/6049/1842
f 6048/6048/1841 6049/6050/1841 6050/6049/1842
s 57
f 6051/6051/1843 6052/6052/1844 6054/6053/1843
f 6052/6052/1844 6053/6054/1843 6054/6053/1843
s 58
f 6055/6055/1845 6056/6056/1845 6057/6057/1846
f 6055/6055/1845 6057/6057/1846 6058/6058/1846
s 59
f 6059/6059/1847 6060/6060/1847 6062/6061/1847
f 6060/6060/1847 6061/6062/1848 6062/6061/1847
s 60
f 6063/6063/1849 6064/6064/1850 6066/6065/1849
f 6064/6064/1850 6065/6066/1849 6066/6065/1849
s 61
f 6067/6067/1851 6068/6068/1851 6070/6069/1851
f 6068/6068/1851 6069/6070/1851 6070/6069/1851
s 62
f 6071/6071/1852 6072/6072/1852 6073/6073/1852
f 6071/6071/1852 6073/6073/1852 6074/6074/1852
s 63
f 6075/6075/1853 6076/6076/1854 6078/6077/1854
f 6076/6076/1854 6077/6078/1855 6078/6077/1854
s 64
f 6079/6079/1856 6080/6080/1856 6082/6081/1856
f 6080/6080/1856 6081/6082/1856 6082/6081/1856
s 65
f 6083/6083/1857 6084/6084/1858 6086/6085/1859
f 6084/6084/1858 6085/6086/1860 6086/6085/1859
s 66
f 6087/6087/1861 6088/6088/1862 6089/6089/1862
f 6087/6087/1861 6089/6089/1862 6090/6090/1861
s 67
f 6091/6091/1863 6092/6092/1863 6094/6093/1864
f 6092/6092/1863 6093/6094/1863 6094/6093/1864
s 68
f 6095/6095/1865 6096/6096/1865 6098/6097/1866
f 6096/6096/1865 6097/6098/1865 6098/6097/1866
s 69
f 6099/6099/1867 6100/6100/1868 6102/6101/1867
f 6100/6100/1868 6101/6102/1867 6102/6101/1867
s 70
f 6103/6103/1869 6104/6104/1869 6105/6105/1869
f 6103/6103/1869 6105/6105/1869 6106/6106/1869
s 71
f 6107/6107/1870 6108/6108/1871 6110/6109/1871
f 6108/6108/1871 6109/6110/1870 6110/6109/1871
s 72
f 6111/6111/1872 6112/6112/1872 6114/6113/1872
f 6112/6112/1872 6113/6114/1872 6114/6113/1872
s 73
f 6115/6115/1873 6116/6116/1873 6118/6117/1874
f 6116/6116/1873 6117/6118/1873 6118/6117/1874
s 74
f 6119/6119/1875 6120/6120/1875 6121/6121/1875
f 6119/6119/1875 6121/6121/1875 6122/6122/1876
s 75
f 6123/6123/1877 6124/6124/1877 6126/6125/1877
f 6124/6124/1877 6125/6126/1877 6126/6125/1877
s 76
f 6127/6127/1878 6128/6128/1878 6130/6129/1879
f 6128/6128/1878 6129/6130/1879 6130/6129/1879
s 77
f 6131/6131/1880 6132/6132/1880 6134/6133/1880
f 6132/6132/1880 6133/6134/1880 6134/6133/1880
s 78
f 6135/6135/1881 6136/6136/1882 6137/6137/1882
f 6135/6135/1881 6137/6137/1882 6138/6138/1882
s 79
f 6139/6139/1883 6140/6140/1884 6142/6141/1883
f 6140/6140/1884 6141/6142/1884 6142/6141/1883
s 80
f 6143/6143/1885 6144/6144/1885 6146/6145/1886
f 6144/6144/1885 6145/6146/1885 6146/6145/1886
s 81
f 6147/6147/1887 6148/6148/1888 6150/6149/1889
f 6148/6148/1888 6149/6150/1888 6150/6149/1889
s 82
f 6151/6151/1890 6152/6152/1890 6153/6153/1890
f 6151/6151/1890 6153/6153/1890 6154/6154/1890
s 83
f 6155/6155/1891 6156/6156/1892 6158/6157/1891
f 6156/6156/1892 6157/6158/1891 6158/6157/1891
s 84
f 6159/6159/1893 6160/6160/1893 6162/6161/1893
f 6160/6160/1893 6161/6162/1893 6162/6161/1893
s 85
f 6163/6163/1894 6164/6164/1894 6166/6165/1894
f 6164/6164/1894 6165/6166/1894 6166/6165/1894
s 86
f 6167/6167/1895 6168/6168/1896 6169/6169/1896
f 6167/6167/1895 6169/6169/1896 6170/6170/1896
s 87
f 6171/6171/1897 6172/6172/1897 6174/6173/1897
f 6172/6172/1897 6173/6174/1897 6174/6173/1897
s 88
f 6175/6175/1898 6176/6176/1898 6178/6177/1899
f 6176/6176/1898 6177/6178/1898 6178/6177/1899
s 89
f 6179/6179/1900 6180/6180/1900 6182/6181/1900
f 6180/6180/1900 6181/6182/1900 6182/6181/1900
s 90
f 6183/6183/1901 6184/6184/1901 6185/6185/1901
f 6183/6183/1901 6185/6185/1901 6186/6186/1901
s 91
f 6187/6187/1902 6188/6188/1902 6190/6189/1902
f 6188/6188/1902 6189/6190/1902 6190/6189/1902
s 92
f 6191/6191/1903 6192/6192/1903 6194/6193/1904
f 6192/6192/1903 6193/6194/1903 6194/6193/1904
s 93
f 6195/6195/1905 6196/6196/1905 6198/6197/1905
f 6196/6196/1905 6197/6198/1905 6198/6197/1905
s 94
f 6199/6199/1906 6200/6200/1907 6201/6201/1907
f 6199/6199/1906 6201/6201/1907 6202/6202/1907
s 95
f 6203/6203/1908 6204/6204/1909 6206/6205/1909
f 6204/6204/1909 6205/6206/1908 6206/6205/1909
s 96
f 6207/6207/1910 6208/6208/1910 6210/6209/1910
f 6208/6208/1910 6209/6210/1910 6210/6209/1910
s 97
f 6211/6211/1911 6212/6212/1912 6214/6213/1912
f 6212/6212/1912 6213/6214/1912 6214/6213/1912
s 98
f 6215/6215/1913 6216/6216/1913 6217/6217/1914
f 6215/6215/1913 6217/6217/1914 6218/6218/1913
s 99
f 6219/6219/1915 6220/6220/1915 6222/6221/1915
f 6220/6220/1915 6221/6222/1915 6222/6221/1915
s 100
f 6223/6223/1916 6224/6224/1916 6226/6225/1916
f 6224/6224/1916 6225/6226/1916 6226/6225/1916
s 101
f 6227/6227/1917 6228/6228/1917 6230/6229/1917
f 6228/6228/1917 6229/6230/1917 6230/6229/1917
s 102
f 6231/6231/1918 6232/6232/1918 6233/6233/1918
f 6231/6231/1918 6233/6233/1918 6234/6234/1918
s 103
f 6235/6235/1919 6236/6236/1920 6238/6237/1919
f 6236/6236/1920 6237/6238/1919 6238/6237/1919
s 104
f 6239/6239/1921 6240/6240/1921 6242/6241/1921
f 6240/6240/1921 6241/6242/1921 6242/6241/1921
s 105
f 6243/6243/1921 6244/6244/1921 6246/6245/1921
f 6244/6244/1921 6245/6246/1921 6246/6245/1921
s 106
f 6247/6247/1921 6248/6248/1921 6250/6249/1921
f 6248/6248/1921 6249/6250/1921 6250/6249/1921
s 107
f 6251/6251/1921 6252/6252/1921 6254/6253/1921
f 6252/6252/1921 6253/6254/1921 6254/6253/1921
s 108
f 6255/6255/1921 6256/6256/1921 6258/6257/1921
f 6256/6256/1921 6257/6258/1921 6258/6257/1921
s 109
f 6259/6259/1921 6260/6260/1921 6262/6261/1921
f 6260/6260/1921 6261/6262/1921 6262/6261/1921
s 110
f 6263/6263/1921 6264/6264/1921 6266/6265/1921
f 6264/6264/1921 6265/6266/1921 6266/6265/1921
s 111
f 6267/6267/1921 6268/6268/1921 6270/6269/1921
f 6268/6268/1921 6269/6270/1921 6270/6269/1921
s 112
f 6271/6271/1921 6272/6272/1921 6274/6273/1921
f 6272/6272/1921 6273/6274/1921 6274/6273/1921
s 113
f 6275/6275/1921 6276/6276/1921 6278/6277/1921
f 6276/6276/1921 6277/6278/1921 6278/6277/1921
s 114
f 6279/6279/1921 6280/6280/1921 6282/6281/1921
f 6280/6280/1921 6281/6282/1921 6282/6281/1921
s 115
f 6283/6283/1921 6284/6284/1921 6286/6285/1921
f 6284/6284/1921 6285/6286/1921 6286/6285/1921
s 116
f 6287/6287/1921 6288/6288/1921 6290/6289/1921
f 6288/6288/1921 6289/6290/1921 6290/6289/1921
s 117
f 6291/6291/1921 6292/6292/1921 6294/6293/1921
f 6292/6292/1921 6293/6294/1921 6294/6293/1921
s 118
f 6295/6295/1921 6296/6296/1921 6298/6297/1921
f 6296/6296/1921 6297/6298/1921 6298/6297/1921
s 119
f 6299/6299/1921 6300/6300/1921 6302/6301/1921
f 6300/6300/1921 6301/6302/1921 6302/6301/1921
s 120
f 6303/6303/1921 6304/6304/1921 6306/6305/1921
f 6304/6304/1921 6305/6306/1921 6306/6305/1921
s 121
f 6307/6307/1921 6308/6308/1921 6310/6309/1921
f 6308/6308/1921 6309/6310/1921 6310/6309/1921
s 122
f 6311/6311/1921 6312/6312/1921 6314/6313/1921
f 6312/6312/1921 6313/6314/1921 6314/6313/1921
s 123
f 6315/6315/1921 6316/6316/1921 6318/6317/1921
f 6316/6316/1921 6317/6318/1921 6318/6317/1921
